video_id,gt,pred_lcrm_lite_fused
,2024年3月21日12时36分，外环高速富长路西段出现交通拥堵事件，现场多车道车辆行驶缓慢，车流密集且持续无明显缓解趋势。涉事车辆包括各类货车、轿车及厢式运输车，部分车辆因前方缓行而被迫减速或短暂停滞，导致整体通行效率下降。道路右侧绿化带旁有施工人员活动迹象，但未见明显施工设施遮挡车道。该路段为高速公路瓶颈区域，车辆排队长度较长，影响正常通行秩序，具备典型拥堵特征。,2024年3月21日12时36分至12时37分，外环高速沪太立交西2枪机2监控区域出现交通拥堵事件。该路段为多车道高速公路，双向车流密集，车辆以货车和轿车为主，其中包含大量集装箱货车、厢式货车及私家车。视频显示，从12:36:50开始，右侧
,2024年6月23日15时13分，外环高速联谊路西段，雨天路面湿滑，监控画面显示双向车道车辆正常行驶，一辆蓝色轿车在最左侧车道停靠，车辆开启双闪灯，驾驶员下车活动，导致后车绕行，符合异常停车行为。,2024年06月23日15:13:00至15:13:59，在外环高速联谊路西枪机1处，发生了一起多车事故。涉事车辆包括一辆黑色轿车和一辆白色SUV，它们在雨天湿滑的路面上行驶过程中发生了碰撞，导致车辆位置异常，部分车辆横跨车道或斜停在道路上
,2024年03月05日星期二08时12分至08时13分，外环高速铁力路西段出现严重交通拥堵事件，现场天气阴雨，路面湿滑，能见度较低。多车道内车辆密集，包括轿车、SUV、货车及大型运输车等各类机动车均处于缓慢行驶或停滞状态，车流排成长队，持续时间超过一分钟且无缓解趋势，部分车辆刹车灯亮起，显示驾驶员正在减速或停车等待。车辆主要为正常行驶的私家车和货运车辆，未见明显事故或异常停车行为，但因车距极短、通行速度极慢，形成典型的拥堵现象，影响了该路段的通行效率，属于典型的城市快速路高峰时段或恶劣天气下的交通拥堵事件。,2024年3月5日星期二上午8时12分至8时13分，外环高速铁力路西段出现严重交通拥堵事件。该路段为多车道高速公路，天气阴雨，路面湿滑，能见度较低。视频显示，大量机动车包括轿车、货车、客车及大型运输车辆在多个车道内缓慢行驶或完全停滞，车流密
,2024年5月30日15:28至15:29，在外环高速莘朱路路段，发生了一起多车事故。涉事车辆包括一辆黑色轿车和一辆褐色SUV，两车在最右侧车道上发生了碰撞，导致车辆位置异常，横跨车道并斜停在路面上。事故发生后，有人员下车交涉，其中一人站在护栏旁，另一人则在车前检查情况。此次事故交通流量影响较小，未形成拥堵现象。异常特征表现为车辆明显的碰撞痕迹和不正常的停车姿态，对正常行驶的车辆造成了干扰。,多车事故
,2024年6月14日10时59分12秒至10时59分43秒，外环高速沪太立交东2枪机2监控画面显示，双向多车道高速公路车流正常行驶，在右侧车道中，一辆蓝色集装箱货车停靠在应急车道内，车身完全静止，开启双闪灯，且无驾驶员在车内活动迹象。该车辆长期占用应急车道，违反交通规则，影响道路通行效率，构成异常停车事件。现场无施工设施、抛洒物或其他事故迹象，也未见二轮车辆闯入或多车碰撞情况。,多车事故
,2023年7月17日16时12分04秒，在外环高速天山路路段，一辆二轮摩托车从右侧车道驶入主路，进入正常行驶的机动车道中，驾驶员佩戴头盔，车辆无明显牌照标识，且在车流密集区域穿行，虽不存在逆行和横穿车道等危险行为，但其进入机动车道的行为违反了高速公路交通管理规定，对正常行驶的车辆构成潜在安全隐患。该行为违反了高速公路禁止二轮车辆通行的规定，属于典型的二轮车辆闯入事件。,2023年7月17日16时12分04秒，在外环高速天山路路段，一辆二轮摩托车从右侧车道驶入主路，行驶于多车道高速公路的中间车道，未见其在专用通道或合法入口进入，且无明显警示标志或防护装备。该摩托车在车流中穿行，周围有多辆轿车和货车正常行驶，
,2023年10月26日08:46至08:48期间，外环高速曹安路路段出现明显交通拥堵事件。该路段为多车道高速公路，双向车流密集，其中南向北方向车流尤为拥堵，车辆行驶缓慢，部分车辆处于停滞状态，排队长度持续延伸。涉事车辆包括多辆轿车、货车、厢式货车及一辆黄色大巴车，均在正常行驶过程中因前方拥堵而减速或停止。现场未见异常停车、施工设施或事故迹象，但车流密度显著增加，导致通行效率下降，车辆间间距缩小，存在潜在追尾风险。该拥堵主要发生在主干道上，影响范围覆盖多个车道，且持续时间较长，符合典型早高峰时段的拥堵特征，无其他明显异常行为或障碍物。,2023年10月25日08时46分至08时47分，外环高速曹安路路段出现交通拥堵事件。该路段为双向多车道高速公路，车流密集，主要由轿车、货车及大型客车组成，车辆在多个车道内缓慢行驶或处于停滞状态，部分车辆间距极小，整体车速明显低于正常通行水
,2024年1月12日10时22分至10时23分，在外环高速武威路南（内）路段，发生了一起拥堵交通事件。视频显示，该时间段内多辆车在高速公路上缓慢移动或完全停止，涉及多种类型车辆，包括轿车、货车和客车等。这些车辆密集排列，排队长度超过正常范围，且持续一段时间内未见明显缓解趋势。拥堵主要发生在道路的多个车道上，尤其是在匝道附近，导致整体交通流速显著降低。异常特征表现为车辆行驶速度极低，部分车辆甚至停滞不前，严重影响了该路段的通行效率和交通安全。,2023年12月23日12时01分至12时02分，外环高速武威路南（内）路段出现严重交通拥堵事件。该路段为多车道高速公路，双向车流密集，车辆包括轿车、货车、客车及大型运输车辆等。视频显示，从12:01:45开始，右侧车道车辆行驶缓慢，部分车
,2024年3月5日7时28分至7时29分，S20外环高速至G60沪昆高速出省方向路段出现严重交通拥堵事件。该路段为双向高架道路，天气阴雨且有雾，路面湿滑，能见度较低。视频显示，左侧车道车辆排成长队，车流缓慢移动，多辆小轿车、货车及大巴车密集行驶，刹车灯持续亮起，表明车速极低或处于停滞状态。右侧应急车道基本畅通，但未见明显施工或事故迹象。车辆包括红色厢式货车、蓝色货车、白色货车以及黄色大巴车等，均在缓慢前行中。由于车流量大且天气恶劣，导致通行效率下降，形成持续性拥堵。整个过程中未发现异常停车、占道施工、二轮闯入、抛洒物或多车事故等现象，主要异常特征为因天气与车流叠加引发的典型早高峰拥堵。,2024年3月5日早上7时28分至7时29分，S20外至G60出省方向3枪机2监控路段出现交通拥堵事件。该路段为城市高架道路，多车道，路面湿滑，天气阴雨，能见度较低。视频显示，大量机动车包括轿车、货车、客车及公交车在多个车道内缓慢行驶或完全
,2024年1月6日9时7分至9时8分，在S20内至G60出省方向的高速公路上，发生了一起拥堵交通事件。视频显示，该路段车辆密集，多辆车缓慢移动或完全停止，排队车辆长度超过正常范围，且持续一段时间无缓解趋势，明显发生在匝道这一瓶颈区域。涉事车辆包括多辆轿车和货车，它们在车道上缓慢前行或停滞不前，导致后方车辆被迫减速或停车等待，严重影响了道路通行效率。异常特征表现为车辆行驶速度显著降低，车流密度增大，整体交通流畅性受到明显阻碍。,2024年1月8日05:07至05:08期间，在S20内至G60出省方向的高速公路上，发生了一起多车事故。涉事车辆包括一辆白色轿车和一辆黑色SUV，两车在行驶过程中发生碰撞，导致车辆位置异常，白色轿车斜停在车道上，黑色轿车则紧随其后停下。事
,2023年7月18日14时12分15秒左右，在一条城市快速路的最右侧车道上，一名身穿浅色上衣的骑行者推着自行车沿道路护栏逆向行走，进入机动车道边缘区域，与正常行驶的车辆形成冲突。该骑行者未在非机动车道或人行道内通行，而是长时间在高速公路边缘地带行走，属于二轮车辆闯入机动车道的行为。其行为违反了交通规则，存在较大的安全隐患，可能干扰正常行车秩序，导致车辆需减速避让，增加了交通事故风险。整个过程中，该骑行者持续出现在画面左侧，直至视频结束仍未离开危险区域，构成明显的交通异常事件。,2023年7月18日14时12分，位于高速公路左侧车道区域，一辆二轮摩托车从画面左侧驶入车道，沿最左侧车道由南向北行驶，驾驶员身穿浅色上衣，佩戴头盔，车辆为黑色摩托车，行驶过程中未见明显违规行为，但该路段为多车道高速公路，无专用二轮车道且设
,2023年7月20日07时25分39秒，在外环高速北翟路立交北段，一辆二轮摩托车在最左侧车道上行驶，行驶于多辆轿车与货车之间，未在专用通道或允许区域通行，且未开启警示灯，驾驶员未佩戴头盔，存在逆行及横穿车道的危险行为，导致后方车辆紧急避让，影响了雨天湿滑路面下的行车安全，属于典型的二轮车辆闯入交通异常事件。,2023年7月20日07时25分38秒，在外环高速北翟路立交北侧路段，一辆二轮摩托车从左侧车道驶入主路，行驶于多车道高速公路的中间车道，未在专用通道或允许区域通行，且无明显禁止标志区域存在。该摩托车驾驶员佩戴头盔，车辆有牌照，行驶过程中未见
,2023年10月27日星期五08:00:10至08:00:20期间，高速公路某路段出现持续性拥堵事件。该路段为双向多车道高速公路，右侧方向车流密集，车辆行驶缓慢，多辆轿车、货车及厢式货车在多个车道内排成长队，车距明显缩短，部分车辆处于低速蠕动状态，未见明显加速迹象。涉事车辆包括白色面包车、黑色SUV、红色轿车、蓝色厢式货车及大型集装箱货车等，均正常行驶但受前方车流影响无法提速。道路两侧设有绿化隔离带，右侧车道有施工区域警示标线，但无明显施工人员或设施遮挡车道。整体车流呈现排队缓行特征，持续时间超过10秒且无缓解趋势，符合拥堵判断标准，影响通行效率，造成交通延误。,2023年10月22日星期一早上7点09分至7点10分，位于城市快速路某路段（具体位置未标注）出现持续性交通拥堵事件。该路段为多车道高速公路，两侧设有绿化带和护栏，路面标线清晰。视频显示，从7:09开始，该区域车流密集，车辆以缓慢速度行驶，
,2023年12月8日星期五上午8时11分至8时12分，位于城市高架道路的主车道上发生交通拥堵事件。该路段为多车道高架桥，双向通行，车流量较大，主要由轿车、客车及货车组成。在视频起始阶段，车辆行驶较为缓慢，车距缩短，形成连续的缓行状态。随后，一辆大型红色吊臂运输车从画面左侧进入视野并持续行驶于最左侧车道，其车身较长且载有大型设备，影响了相邻车道的通行效率。同时，右侧匝道处有一辆货车停靠在路边，疑似临时停车或等待信号，未见明显施工设施或警示标志。由于主路车流密集，车辆间频繁变道和减速，导致整体通行速度下降，形成持续性拥堵。此现象符合拥堵判断标准：多辆车缓慢移动或完全停止，排队车辆长度超过正常范围，且发生在早高峰时段的瓶颈区域。现场无明显事故迹象，也未发现异常停车或抛洒物情况，但因大型车辆行驶及局部车道占用，加剧了通行压力。,2023年12月8日星期五上午8时11分至8时12分，位于城市高架道路主干道上发生拥堵事件。事发地点位于城市高架桥路段，双向车道中右侧方向车流密集，车辆行驶缓慢，多辆小轿车、货车及一辆红色平板拖车（载有大型设备）在车道内排队缓行，部分车辆间
,2023年7月18日22时16分至22时17分，夜间高速公路某路段出现异常停车事件。涉事车辆为一辆厢式货车，在行车道内完全静止，未开启双闪灯，且无交通信号灯或标志允许其停车。该车停在主车道上，导致后方多辆小汽车被迫减速绕行，引发短暂拥堵和交通流紊乱。由于夜间视线较差，该异常停车行为存在较大安全隐患，影响了道路通行效率和行车安全。,2023年7月18日22时16分至22时17分，夜间高速公路路段发生一起多车事故。事故发生在道路左侧车道，涉事车辆包括一辆白色轿车和一辆黑色轿车，两车疑似发生碰撞，黑色轿车停靠在应急车道，驾驶员下车查看情况，车辆位置异常，横跨部分车道，导致
,2023年12月20日星期三08:43至08:44期间，北环高速同济路立交南段出现交通拥堵事件。该路段为多车道城市高架道路，车流量较大，主要由小客车、货车及公交车组成。视频显示，车辆在多个车道上持续缓慢行驶，部分车辆处于低速移动或短暂停滞状态，尤其在右侧车道及靠近中央隔离带区域，车辆排队长度明显超过正常通行范围，且无缓解趋势。拥堵发生在早高峰时段，受车流密集影响，整体通行效率下降。未见明显事故或障碍物导致阻塞，但右侧应急车道附近有工作人员穿着反光背心进行作业，可能对局部通行造成一定干扰。此外，左侧非机动车道有骑行人员经过，未见二轮车辆闯入主车道行为。整体判断为典型早高峰时段的交通拥堵，属于d类异常事件。,2023年12月20日星期三上午8时43分至8时44分，北环高速同济路立交南段出现交通拥堵事件。该路段为多车道高速公路，双向车流密集，其中南向车道车辆行驶缓慢，车距明显缩短，车辆呈连续排队状态，部分车辆在接近前方分流区域时减速并保持低速行驶
,2023年10月29日11时30分至11时31分，外环高速京沪立交南口处发生拥堵事件，现场车辆在多车道上缓慢移动或完全停止，排队长度持续增长且无缓解趋势，主要涉事车辆包括多辆货车、轿车及面包车，其中红色货车和白色厢式货车较为集中，部分车辆因前方车流滞缓而被迫减速或停车，导致整体通行效率显著下降，该区域为高速公路瓶颈路段，交通流量大，车辆密集，未见明显事故或障碍物，但车流密度异常高，形成典型的拥堵特征。,2023年10月29日11时17分至11时18分，外环高速京沪立交南（外）路段出现交通拥堵事件。该路段为双向多车道高速公路，左侧方向车流密集，车辆行驶缓慢，部分车辆处于低速移动或短暂停滞状态，形成明显排队现象，持续时间超过一分钟且无缓解趋势
,2023年8月16日00:50:52至00:51:51期间，外环高速老沪闵路东（内）路段出现占道施工交通事件。现场可见施工区域设置有锥桶和警示灯，部分车道被围挡遮挡，导致车道数量减少，车辆需变道行驶。施工区域内未见明显的工程车辆停靠及施工警示牌，但有施工人员穿戴反光背心在作业。该施工行为影响了正常交通流，造成后方车辆减速并有序变道绕行，车速明显降低，存在一定的通行压力。异常特征包括：车道被临时封闭、施工设施清晰可见、警示灯光闪烁以及车辆通行受阻。,2023年8月16日00:50至00:51期间，外环高速老沪闵路东（内）路段出现交通拥堵事件。该路段为夜间照明条件下多车道高架道路，车流密集，车辆行驶缓慢，部分车辆处于低速移动或短暂停滞状态。涉事车辆包括多辆轿车、货车及厢式运输车，其中红色
,2024年3月13日17时25分至17时26分，外环高速天山路路段出现交通拥堵事件。该路段为多车道高速公路，双向车流密集，车辆以缓慢速度行驶，部分车辆处于停顿状态，形成连续的排队现象。涉事车辆包括各类轿车、货车及工程运输车，其中一辆红色厢式货车和一辆白色厢式货车在车流中较为显眼，后方有多辆大型货车与小型客车跟随。视频显示，车流持续缓慢移动，未见明显事故或障碍物，但因车流量大导致通行效率降低，形成典型拥堵特征。整体影响表现为道路通行能力下降，车辆行驶速度显著减缓，且拥堵态势在短时间内无缓解迹象，符合交通拥堵判断标准。,2024年3月13日17时25分至17时26分，外环高速天山路路段出现交通拥堵事件。该路段为多车道高速公路，双向车流密集，车辆包括轿车、货车、厢式货车及大型运输车等。视频显示，从17:25:30开始，车辆行驶速度明显减缓，车距缩短，部分车辆
,2024年3月16日13时50分，外环高速沪太立交东2枪机监控画面显示，该路段双向车流密集，其中由西向东方向出现明显拥堵现象。左侧车道车辆排成长队，行驶缓慢，多辆轿车、货车及大型客车依次排队缓行，部分车辆间距离极短，未见明显空隙，车辆持续低速移动，无突发停车或事故迹象。右侧车道虽有车辆正常通行，但车流量较大，整体通行效率下降。涉事车辆包括多辆小型轿车、中型货车、厢式货车及大型客车，均处于缓慢行驶状态，未发现异常停车、占道施工、二轮闯入或抛洒物等其他交通异常行为。拥堵影响范围覆盖多个车道，持续时间较长且无缓解趋势，符合拥堵判断标准，主要特征为车辆排队长度超过正常范围，且发生在高速公路瓶颈区域，导致通行能力显著降低。,2024年3月16日13时50分至13时51分，位于城市快速路某路段（具体位置未标注），右侧车道发生多车事故。涉事车辆包括一辆白色轿车及右道行驶的黑色轿车，其中白色轿车与右侧黑色车辆发生追尾碰撞，导致后方车辆紧急刹车并绕行，引发后方车辆紧急
,2023年7月16日星期日上午9时53分至9时54分，外环高速丰翔路-1 02路段出现异常停车事件。一辆白色厢式货车在道路左侧车道内长时间静止不动，且无明显故障迹象，驾驶员也未下车查看情况。该车停靠位置位于行车道上，非停车区域，导致后方车辆被迫减速绕行，引发短时拥堵。受其影响，多辆小型轿车和货车在该路段缓慢通行，交通流明显受阻。此外，该路段为雨天湿滑路面，能见度较低，异常停车进一步增加了安全隐患。整个事件持续约1分钟，期间未见其他车辆发生碰撞或事故，但存在较大交通安全隐患。,2023年7月16日星期日上午9时53分至9时54分，外环高速丰翔路-1路段出现交通拥堵事件。该路段为双向多车道高速公路，路面湿滑，天气阴雨，能见度较低。视频显示，从9:53:29开始，道路右侧车道车辆行驶缓慢，车流密集，多辆货车与轿车依次
,2023年7月17日16时54分28秒，外环高速京沪铁路桥南路段，一辆二轮摩托车沿第一、二车道中间白色虚线驶入主路，行驶在多车道车流中，未见其有专用通行区域或合法通行标志，驾驶员佩戴头盔，车辆无明显牌照，该行为属于闯入禁止通行区域的危险驾驶行为，导致周边车辆紧急避让，存在较大安全隐患。,2023年7月17日星期一16时54分28秒，在外环高速京沪铁路桥南路段，一辆二轮摩托车从左侧车道驶入主路，行驶于多车道高速公路的中间车道，未在专用通道或允许区域通行，且无明显禁止标志下绕行行为，驾驶员佩戴头盔，车辆有牌照特征，该行为属于二
,2023年7月22日15时00分39秒，在外环高速虹梅南路路段，一辆二轮摩托车从左侧车道驶入主路，进入高速公路行车道，驾驶员佩戴头盔，车辆无明显牌照，行驶过程中在车流中穿行，周围多辆汽车被迫减速避让，该行为违反了高速公路禁止二轮车辆通行的规定，构成严重的交通安全隐患。,2023年7月22日15时50分35秒至15时50分36秒，外环高速虹梅南路段出现二轮车辆闯入交通事件。一辆摩托车从画面左侧驶入高速公路主车道，驾驶员身穿深色衣物，佩戴头盔，车辆沿左侧车道正常行驶，未见逆行或横穿行为。该路段为多车道高速公路
,2024年6月13日16时55分59秒，在外环高速丰翔路南段，一辆黑色轿车在行车道内完全静止，车辆开启双闪灯，现场无任何施工或故障迹象。该行为符合异常停车特征，存在安全隐患。,2024年6月13日16时55分至16时56分，外环高速丰翔路南段监控画面显示，该路段为多车道高速公路，道路两侧绿树成荫，交通标志清晰。视频中未发现明显的事故痕迹或车辆异常停车情况，但持续约1秒的车辆行驶过程中，未见任何车辆在行车道内完全停
,2023年11月3日09:05至09:07期间，外环高速莘庄立交东南方向出现交通拥堵事件。现场多辆机动车在车道内缓慢行驶或处于停滞状态，包括红色和黄色大巴车、蓝色货车、红色SUV以及多辆轿车，车辆排成长队，车距明显缩短，部分车辆在变道过程中存在轻微并线行为，但未发生碰撞。道路为高架桥路段，两侧有护栏及绿化带，路面标有白色导流线，车辆通行速度显著下降，持续时间约1分钟且无缓解趋势，符合拥堵判断标准，影响了该路段的正常通行效率。,2023年11月3日09:05至09:06期间，外环高速莘庄立交东南方向出现交通拥堵事件。画面显示该路段为多车道高架道路，车流密集，车辆包括红色大巴、黄色“EXPRESS”客车、蓝色和白色相间的双层大巴、黑色轿车、银色SUV、白色轿车及多辆
,2023年7月21日00:10:15至00:10:39期间，在外环高速沪嘉立交南段，多辆二轮车辆（摩托车/电动车）在夜间行驶过程中闯入高速公路主车道，从画面右侧进入并持续在行车道内穿行，且未见明显专用二轮车道或禁止标志，驾驶员佩戴头盔，对正常行驶的轿车和货车造成干扰，存在较大安全隐患。,2023年7月21日00:09:08至00:10:06期间，外环高速沪嘉立交南段夜间监控画面显示，一辆二轮车（疑似电动车或摩托车）在多车道高速公路上行驶，未在专用通道或允许区域通行。该二轮车在车流中穿行，与多辆轿车和货车并行，存在逆行和横穿
,2023年9月9日00:23至00:24期间，在K14+050路段的高速公路右侧车道上，发生占道施工交通事件。现场可见多排红色与白色相间的交通锥桶沿道路边缘排列，形成临时隔离带，占用了一条行车道，导致该车道车辆需减速并变道行驶。施工区域附近有应急车辆停靠，闪烁着警示灯光，进一步表明存在施工或管制活动。涉事车辆包括多辆轿车、货车及一辆大型红色集装箱卡车，均在正常行驶中受到施工影响，部分车辆因车道减少而出现轻微拥堵现象。整体交通流速降低，但未出现严重停滞或事故。异常特征表现为车道被物理设施封闭、车辆通行受阻以及应急照明设备启用，符合占道施工典型特征。,2023年9月9日星期六00:23:50至00:24:48期间，K14+050路段夜间出现严重交通拥堵事件。该路段为城市高架道路，双向多车道，右侧车道被大量车辆封闭，形成连续的排队缓行状态。涉事车辆包括大量轿车、货车、客车及大型运输车，其中
,2023年7月22日16时09分41秒，在外环高速蕴川立交东路段，一辆二轮摩托车驶入主路行车道，行驶过程中未在专用非机动车道或辅路通行。该摩托车驾驶员佩戴头盔，车辆未见明显牌照，影响了正常交通秩序，构成典型的二轮车辆闯入交通异常事件。,2023年07月22日16时09分42秒，在外环高速蕴川立交东1枪机2监控区域内，一辆二轮摩托车从右侧车道驶入高速公路主路，行驶于多车道车流中，未见其在专用通道或合法入口进入，佩戴头盔。该车辆在车流中穿行，周围有多辆轿车、货车及客车正常行驶
,2021年5月30日07:41:59至07:42:46，在外环高速丰翔路南枪机2处，未知车辆在行驶过程中疑似发生货物抛洒，导致车道上出现异物。该抛洒物位于道路右侧，尺寸较大，影响了后方车辆的正常行驶，部分车辆不得不紧急刹车或变道避让，造成了短暂的交通拥堵和安全隐患。异常特征包括：抛洒物明显可见于车道上，且后方多辆车表现出避让行为，证实了抛洒物的存在及其对交通的影响。,2024年5月30日07:41至07:42期间，外环高速丰翔路南段出现交通拥堵事件。该路段为多车道高速公路，两侧绿树成荫，道路标线清晰，限速标志显示为80km/h。视频显示，从07:41:45左右开始，车辆行驶速度明显减缓，车流密集且持续缓
,2024年5月30日08:57至08：58，在外环高速顾戴路北（内）路段，发生了一起多车事故。涉事车辆包括一辆白色轿车和一辆银色SUV，它们在行驶过程中发生了碰撞，导致车辆位置异常，其中银色SUV斜停在道路上，白色轿车在其前方。其他车辆被迫紧急避让或停滞，交通秩序受到严重影响，后续车辆出现缓慢移动和排队现象，整体交通流量明显下降，形成了短暂的拥堵状态。此事件的异常特征表现为多辆车同时受损且位置异常，对道路通行能力造成了显著影响。,2024年5月30日08:56至08:57，在外环高速顾戴路北（内）路段，发生了一起多车事故。涉事车辆包括一辆白色面包车和一辆黑色轿车，这些车辆在行驶过程中发生了碰撞，导致车辆位置异常，其中白色面包车斜停在车道上，黑色轿车在其前方。事故现场
,2023年11月13日07:19至07:20期间，外环高速漕宝路北段出现严重交通拥堵事件。该路段为双向多车道高速公路，车流密集，车辆包括轿车、货车、客车及出租车等各类机动车。视频显示，右侧车道车辆行驶缓慢，部分车辆几乎处于停滞状态，排队长度持续延伸，且无明显缓解趋势，符合拥堵判断标准中的“多辆车缓慢移动或完全停止”、“排队车辆长度超过正常范围”以及“持续一段时间且无缓解趋势”。左侧车道虽有车辆通行，但整体车速较低，存在频繁变道和跟车距离缩短现象。现场未见施工设施、抛洒物或事故痕迹，亦无异常停车或二轮车辆闯入情况。拥堵主要集中在主干道中间区域，可能与早高峰时段车流量激增有关，导致通行效率下降，影响了该路段的正常交通秩序。,2023年11月13日07时19分至07时20分，外环高速漕宝路北方向出现严重交通拥堵事件。该路段为多车道高速公路，双向车流密集，车辆以缓慢速度行驶，部分车辆几乎处于停滞状态，排队长度持续延伸，影响通行效率。涉事车辆包括各类轿车、货车、客车
,2024年6月14日15时31分15秒至15时32分13秒，外环高速吴淞江桥南路段，一辆白色面包车停靠在右侧应急车道上，车辆开启双闪警示灯，且驾驶员下车在车旁活动。该车辆长时间占用应急车道，影响应急救援通道通行，后方车辆被迫减速绕行，存在安全隐患。现场无施工设施、无其他事故迹象，亦无二轮车辆闯入或抛洒物等情况，仅此车辆异常停车行为构成交通异常，属于异常停车事件。,2024年6月14日15时31分至15时32分，在外环高速吴淞江桥南路段，发生了一起多车事故。涉事车辆包括一辆白色SUV和一辆黑色SUV，其中白色SUV停在右侧车道上，黑色SUV停在左侧车道上，两车均有碰撞痕迹，停于最左侧车道。事故没有发生
,2024年6月22日06时28分51秒至06时29分49秒，S20外环线至S4金山方向高架路段发生一起多车事故。一辆红色货车与一辆银蓝色轿车在行车道内发生追尾碰撞，两车均停在车道中央，车辆位置异常，横跨部分车道。事故发生后，两名人员从货车后方下车，站在车辆旁查看情况，未见明显伤员或报警行为。事故导致该车道通行受阻，后方车辆包括黄色小货车、油罐车、集装箱卡车、客车及多辆轿车等陆续减速绕行，交通流出现明显滞缓。现场无警示标志或警力到场，事故持续时间较长，影响正常交通秩序，属于典型的多车事故事件。,多车事故
,2023年7月19日08时50分53秒，在城市快速路主车道上，一辆二轮摩托车从主行车道驶入右侧匝道，未按规定行驶于非机动车道或专用通道，且无明显禁行标志区域，车辆未佩戴头盔，驾驶员身穿浅色上衣，该行为导致后方车辆紧急避让并减速，存在较大安全隐患，属于典型的二轮车辆闯入交通事件。,2024年3月1日18时01分至18时02分，位于城市快速路某路段（道路名称疑似），右侧车道发生一起多车事故。事故涉及二辆黑色轿车，事故发生后，驾驶员下车查看情况，车辆位置异常（横跨车道或斜停），后方车辆被迫减速绕行。现场未见明显人员受伤情
,2024年6月13日14时43分50秒左右，在外环高速京沪立交南2枪机1监控范围内，一辆蓝色货车停靠在道路右侧应急车道上，车辆开启双闪灯，驾驶员下车后在车旁活动，该事件符合异常停车的判断标准。,多车事故
,2023年11月7日星期二上午8时24分至8时25分，北环高速宝杨路路段出现交通拥堵事件。该路段为城市高架快速路，双向多车道，左侧车道车流密集，车辆行驶缓慢，形成明显排队现象，车辆间距极小，部分车辆处于低速蠕动状态，持续时间约一分钟且无缓解趋势。右侧车道车流相对正常，但因左侧拥堵导致整体通行效率下降。涉事车辆包括多辆轿车、SUV及一辆大型货车，均在正常行驶过程中受阻，未见异常停车、事故或施工迹象。拥堵主要发生在靠近城市中心方向的主车道上，影响范围约覆盖多个车道和数百米路段，导致后方车辆被迫减速或变道，存在潜在追尾风险。此拥堵事件属于典型早高峰时段的交通流量饱和现象，无其他外部干扰因素。,2023年11月7日星期二上午8时24分至8时25分，北环高速宝杨路路段出现严重交通拥堵。该路段为双向多车道高速公路，左侧方向车流密集，车辆行驶缓慢，排队长度持续增加，形成明显拥堵态势，车辆间距极小，部分车辆处于低速蠕动状态，未见明显事故或
,2024年5月12日16时16分32秒至16时17分30秒，外环高速吴淞江桥南路段右侧应急车道内，一辆红色货车停靠在道路最右侧车道，车辆未开启双闪灯，开启左转向灯，驾驶员下车站在车旁，车辆长时间静止未移动，符合异常停车行为。,多车事故
,2023年11月25日星期六上午8时53分至8时54分，位于城市高架道路的多车道主干道上发生交通拥堵事件。事发路段为双向高架桥，左侧为三车道，右侧为三车道，车流密集，车辆以低速缓慢行驶，部分车辆几乎处于停滞状态。涉事车辆包括各类小轿车、货车、客车及公交车，其中一辆蓝色厢式货车和一辆红色厢式货车在画面中较为显著，持续占据中间车道，未见明显异常行为。由于车流量大且通行速度极慢，导致车辆排队长度超过正常范围，形成持续性拥堵，影响了整体道路通行效率。现场无可见事故、施工或抛洒物，也无异常停车或二轮车辆闯入情况，但因车距缩短、车速降低，呈现出典型的早高峰拥堵特征，持续时间约一分钟且无缓解趋势，符合拥堵判断标准。,2023年11月25日星期五08:53至08:54期间，位于城市高架道路的主干道上发生拥堵事件，地点位于高架桥与地面道路交汇处附近。该路段为多车道高架桥，双向通行，右侧为匝道入口。视频显示，从08:53:45开始，右侧匝道方向车辆行驶缓慢，
,2023年11月3日星期五08时41分，某城市高速公路南向车道出现交通拥堵事件。事发路段为多车道高速公路，道路两侧设有绿化带和护栏，车流密集，车辆以中低速行驶。涉事车辆包括多辆小轿车、货车及一辆绿色公交车，其中一辆黄色自卸货车在中间车道缓慢行驶，后方车辆依次排队，形成持续性缓行。部分车辆如红色轿车和蓝色轿车在车流中穿插变道，但整体通行速度明显下降。由于车辆间距缩小、行驶速度减慢，导致该路段车流密度增大，形成典型的拥堵现象。未见事故或施工迹象，也无异常停车或抛洒物，拥堵主要由车流量大及大型车辆影响所致，属于典型高峰时段交通压力引发的拥堵事件。,2023年11月3日星期一上午8时40分，位于城市快速路某路段（道路标线内）发生拥堵事件。该路段为多车道高速公路，双向通行，右侧车道车辆行驶缓慢，形成明显排队现象，车辆间距缩短，车速降低，部分车辆处于低速蠕行状态。涉事车辆包括多辆轿车、SU
,2024年6月4日星期二凌晨4时59分至5时00分，外环高速沪太立交东1-1 03路段出现抛洒物交通事件。在该时段内，右侧车道出现一袋黄色包裹状物品，该物品呈不规则形状，体积较大，对通行造成潜在安全隐患。随后多辆车辆（包括轿车、货车及面包车）经过该区域，部分车辆为避让该物体而采取变道或减速措施，但未发生碰撞事故。该抛洒物未被及时清理，持续存在超过一分钟，影响了正常行车秩序，符合抛洒物异常特征：车道上有足够尺寸的异物，且可见车辆有绕行行为，推测可能来自货车货箱松动或货物未固定导致。,2024年6月4日星期五上午9时59分至10时00分，外环高速沪太立交东1-1 03路段发生抛洒物事件。视频显示，该路段为双向多车道高速公路，右侧车道有白色塑料袋状物体在行车道上，随后被车辆碾压带离道路。期间有数辆货车、轿车及厢式货车正常行
,2023年7月15日10时56分40秒左右，在外环高速吴中入口匝道（外）路段，一辆二轮摩托车驶入主路，行驶方向与主线车流一致，未见其在专用通道或允许区域通行，且该路段无明显二轮车专用道标识。该摩托车在车流中穿行，周围有多辆轿车和货车正常行驶，其行为存在安全隐患，可能引发追尾或变道冲突。属于典型的二轮车辆闯入高速公路的违法行为，对道路交通安全构成威胁。,2023年7月15日10时56分至10时57分，外环高速吴中入口匝道（外）路段出现交通拥堵事件。该路段为多车道高速公路，车流密集，主要由轿车、货车及厢式运输车组成，其中红色集装箱货车、白色厢式货车和蓝色集装箱货车等大型车辆在车道内缓慢行驶或
,2023年7月20日08时39分40秒左右，在外环高速吴淞江桥南路段，一辆二轮车从右侧应急车道闯入主车道，行驶方向与机动车同向，车辆未见明显牌照，驾驶员未佩戴头盔，该行为导致后方车辆紧急避让，存在较大安全隐患，属于典型的二轮车辆闯入高速公路交通异常事件。,2023年7月20日08时39分38秒，在外环高速吴淞江桥南路段，一辆二轮摩托车从右侧车道驶入主路，行驶于多车道高速公路的中间车道，该车辆未在专用通道或允许区域通行，且在湿滑路面上穿行于正常行驶的机动车之间，存在逆行和横穿车道的危险行为。该
,2023年7月25日06:39至06:47期间，外环高速莘庄立交东（外）路段出现明显交通拥堵事件。该路段为多车道高速公路，双向车流密集，其中左侧方向（由西向东）车辆排成长队，车速显著降低，部分车辆处于缓慢移动或短暂停滞状态，形成持续性拥堵。涉事车辆包括大量轿车、货车、厢式货车及客车，其中红色和蓝色货车尤为集中，占据多个车道，导致通行效率下降。拥堵区域位于立交桥附近，受匝道汇入车流影响，车辆排队长度超过两公里，且在近十分钟内未见明显缓解趋势。右侧方向（由东向西）车流相对顺畅，但因中央隔离带限制，无法分流左侧拥堵车辆。现场无可见事故、施工或抛洒物迹象，也无异常停车或二轮车辆闯入行为，初步判断为早高峰时段车流量过大所致的常态化拥堵，属于典型瓶颈区域交通压力积聚现象。,2023年7月25日08时39分至08时40分，外环高速莘庄立交东（外）路段出现严重交通拥堵事件。该路段为多车道高速公路，双向车流密集，左侧车道车辆排成长队，行驶缓慢，部分车辆处于停滞状态，右侧车道虽有车辆正常通行但亦受影响。涉事车辆包括大
,2023年8月3日早上7时35分至7时36分，外环高速丰翔路南段出现交通拥堵事件。该路段为多车道高速公路，两侧绿树成荫，道路标线清晰，前方500米处设有紧急停车带提示牌。视频显示，从画面左侧远处开始，车辆排成长队，车流缓慢移动，部分车辆处于低速行驶或短暂停滞状态，尤其在最左侧车道和中间车道，车辆间距明显缩小，形成持续性拥堵。涉事车辆包括轿车、货车、面包车及邮政运输车等多种类型，其中有多辆大型货车（如红色、白色箱式货车及绿色中国邮政货车）穿行于车流中，但未见异常停车或事故迹象。车辆整体保持有序行驶，无明显碰撞或变道冲突行为，但因车流量大且通行速度受限，导致通行效率下降。拥堵影响范围较长，从画面近端延伸至远端，持续时间超过1分钟，符合早高峰时段典型拥堵特征，表现为多辆车缓慢移动、排队长度超常且无缓解趋势的典型拥堵现象。,2023年8月3日07:35至07:36期间，外环高速丰翔路南段出现交通拥堵事件。该路段为多车道高速公路，两侧绿树成荫，道路中间设有绿色护栏。视频显示，从07:35:36开始，主车道车辆行驶缓慢，车流密集，多辆轿车、货车及客车在多个车道内排
,2024年1月8日18:10:01至18:11:00，在嘉闵东京沪立交北入路段，发生了严重的交通拥堵事件。视频显示，大量车辆在该路段缓慢移动或完全停止，排队车辆长度远超正常范围，且持续时间较长，无明显缓解趋势。涉事车辆包括多辆轿车、货车和面包车，它们在车道上密集排列，导致交通流严重受阻。这一情况发生在路口区域，进一步加剧了拥堵现象。异常特征表现为车辆尾灯亮起，形成红色光带，显示出明显的停滞状态。此次拥堵对过往车辆的通行效率产生了显著影响，可能导致后续交通压力增大。,2024年1月8日18时10分左右，在嘉闵东京沪立交北入路段，发生一起多车事故。事故发生在夜间高速公路的行车道上，一辆白色轿车与白色货车疑似发生碰撞，白色轿车斜停靠在机动车道上，右侧车道完全静止，驾驶员下车查看情况，白色货车也出现明显故障停
,2023年10月10日星期二凌晨00:13:49至00:14:47期间，在城市高架道路南向车道上发生占道施工交通事件。现场可见多辆工程车辆，包括一辆大型清障车和一辆应急作业车，停靠在右侧车道并开启警示灯，车辆周围摆放了多个红白相间的交通锥桶，形成临时隔离区域。施工区域位于高架桥主路与匝道交汇处，部分车道被封闭，导致后方车辆需减速绕行。该路段车流量较大，但未出现明显拥堵，车辆有序通过施工区域。施工人员未在画面中出现，但根据现场布置判断为正在进行夜间道路维护或抢修作业。异常特征包括：车道被锥桶分隔、工程车辆驻停、警示灯闪烁、通行速度降低等，符合占道施工的典型特征。,2023年10月10日星期二凌晨2点14分，位于城市高架道路的某路段发生占道施工交通事件。该路段为双向多车道高架桥，右侧车道设有连续的交通锥桶和警示标志，形成临时隔离带，占用部分行车道。现场可见一辆工程作业车停靠在右侧车道，车顶闪烁警示灯，
,2023年12月11日星期一18时47分至18时48分，外环高速吴中路路段出现严重交通拥堵，现场多车道车辆缓慢移动或完全停止，车流密集且持续时间较长，无明显事故或施工迹象，但对通行效率造成显著影响，表现为车辆间距极小、刹车灯连成一片，部分车辆在尝试变道，整体呈现典型高峰时段拥堵特征。,2023年12月11日18时47分至18时48分，外环高速吴中路路段出现严重交通拥堵事件。该路段为双向多车道高速公路，右侧方向车流密集，车辆行驶缓慢，尾灯连成一片，表明车辆处于低速或停滞状态。左侧对向车道车流相对正常，但整体通行效率显著下降
,2024年6月6日20时26分至20时27分，外环高速吴淞江桥南路段，一辆红色货车在右侧应急车道内完全静止，且驾驶员不在车内，车辆明显处于异常停车状态。该车停靠位置位于道路最右侧，占据应急车道，导致后方车辆被迫减速绕行，影响了正常通行秩序。视频中可见多辆车辆因避让该车而出现变道和刹车行为，形成局部交通拥堵。该异常停车行为持续时间较长，且无任何警示标志或施工迹象，符合异常停车判断标准。,2024年6月6日20时26分37秒至20时27分36秒，外环高速吴淞江桥南路段发生一起多车事故。事故发生在夜间，监控画面显示一辆黑色轿车停靠在最右侧车道靠近护栏处，车门打开，两名人员站在车旁，疑似车辆故障或发生碰撞后停车。该车所在车道未开
,2024年6月21日15时26分至15时27分，嘉闵西侧定焦07监控点位拍摄到隧道内发生一起多车事故。事故发生在隧道中间车道，涉事车辆为一辆黑色轿车和后方的出租车，出租车追尾黑色轿车，形成短暂拥堵。随后，一名女性乘客从黑色轿车中下车，站在车旁，另一名男性驾驶员也于稍后下车查看情况。期间，其他车辆绕行通过事故区域，未见明显碰撞痕迹，但车辆位置异常且有人员下车交涉，符合多车事故特征。事故影响了隧道右侧行车道的通行效率，造成短时交通压力，但未引发严重追尾或二次事故。,2024年6月21日15时26分至15时27分，嘉闵西侧定焦07监控点位拍摄到隧道内发生多车事故。事故发生在隧道中段，涉事车辆包括一辆白色货车、一辆白色轿车。视频显示，俩辆车已经发生事故，在最右侧车道停靠，疑似白色轿车追尾白色货车。事故造成
,2024年3月2日17:00至17:01，嘉闵高架路东侧西虹江南段出现拥堵交通事件。该路段为多车道高架道路，双向车流密集，右侧车道车辆行驶缓慢，部分车辆处于低速移动或短暂停止状态，形成持续性排队现象，车辆间距明显缩小，后方车辆被迫减速跟随。涉事车辆包括各类轿车、SUV、客车及公交车，其中一辆大型公交车在左侧车道缓慢行驶，未对右侧拥堵产生直接影响。右侧最外侧车道车辆排成长队，通行效率显著降低，且无明显事故或施工迹象，推测为高峰时段车流量过大所致。整体表现为典型的城市高峰期交通拥堵特征，影响范围覆盖多个车道，持续时间超过1分钟，未见异常停车、占道施工、二轮闯入、抛洒物或多车事故等其他异常行为。,2024年3月2日17:00:05至17:00:08，嘉闵高架路东侧西虹江南路段发生拥堵事件。该路段为多车道高架道路，车流密集，车辆以缓慢速度行驶，部分车辆几乎处于停滞状态，尤其在靠近画面右侧匝道区域形成明显排队现象，车辆间距极小，通行效率
,2023年12月13日16时43分，S4市区方向至S20内侧路段出现严重交通拥堵，现场车辆排成长队，车流缓慢移动或完全停滞，持续时间超过一分钟。涉事车辆包括多辆轿车、货车及集装箱运输车，均在车道内正常行驶但受阻于前方拥堵。车辆尾灯普遍亮起，显示驾驶员处于刹车状态，部分车辆间有轻微变道行为以尝试缓解通行压力。该区域为高速公路汇入匝道附近，路面标线清晰，无施工设施或障碍物，未见异常停车、事故或抛洒物等其他异常情况，但因车流量大且车速降低，导致通行效率显著下降，形成典型拥堵事件。,2023年12月13日16时43分至16时44分，S4市区方向至S20内环高架路段出现严重交通拥堵事件。该路段为多车道高速公路，双向车流密集，车辆以缓慢速度行驶，部分车辆刹车灯持续亮起，表明车速极低或处于停滞状态。涉事车辆包括各类轿车、货车
,2024年3月1日14时08分至14时09分，嘉闵高架西侧定焦03监控点位显示，隧道内双向车道出现持续性拥堵现象。视频中可见多辆机动车在隧道内缓慢行驶或处于停止状态，车流密集，车辆间距极小，部分车辆刹车灯持续亮起，表明交通通行能力显著下降。车辆包括各类轿车、SUV、出租车及小型货车，由于车流量大且通行速度极低，导致后方车辆被迫减速排队，形成长距离拥堵，影响了整体道路通行效率。异常特征表现为车辆长时间低速移动、车队连续延伸超过百米，符合拥堵判断标准中的多辆车缓慢移动、排队长度异常以及持续无缓解趋势等条件。,2024年3月1日14时08分45秒至14时09分43秒，嘉闵西侧定焦03监控点位显示，在隧道内右侧车道发生了一起多车事故。事故发生在隧道中段，涉事车辆包括一辆白色SUV和一辆银色轿车，两车在行驶过程中发生碰撞，导致车辆位置异常，其中白色S
,2023年7月21日23时58分30秒，在外环高速曹安路北段，一辆红色二轮车行驶于机动车道内，佩戴头盔，且在车流密集的高速路段穿行，该行为违反了高速公路禁止非机动车及二轮车辆通行的规定，对周边正常行驶的汽车构成安全隐患，导致后方车辆需紧急避让，形成潜在交通事故风险。,2023年7月21日23时58分32秒，在外环高速曹安路北枪机2监控点位，一辆二轮摩托车从右侧车道驶入高速公路主路，行驶于多车道车流中，未见其佩戴头盔，且无专用二轮车道标识，该行为属于闯入禁止通行区域的危险驾驶行为，对周围正常行驶的车辆构成
,2023年7月18日14时47分，外环高速蕴川立交东段，一辆二轮摩托车在机动车道内行驶，驾驶员佩戴头盔，无明显牌照标识，该路段无专用二轮车道，虽无禁止标志，但根据交通法规此类区域严禁二轮车通行。该车辆在行驶过程中未与其他车辆发生直接碰撞，但引发后方车辆紧急避让，造成短时交通干扰，存在较大安全隐患，符合二轮车辆闯入的异常特征。,2023年7月18日14时47分19秒，在外环高速蕴川立交东路段，一辆二轮摩托车从右侧车道驶入主路行车道，行驶过程中未在专用非机动车道或辅路通行，且在车流密集的多车道高速公路环境中穿行，存在逆行和横穿车道的危险行为。该摩托车驾驶员佩戴头盔，
,2024年5月15日17时20分04秒至17时21分03秒，G60市区方向至S4金山方向1枪机2监控画面显示，一辆黑色轿车停在道路右侧车道内，车辆开启双闪灯，但未设置任何警告标志。该车辆长时间静止于非停车区域，符合异常停车特征。虽然现场未出现明显交通拥堵或后方车辆绕行，但该行为存在潜在安全隐患，影响正常通行秩序。,2024年5月15日17时20分05秒至17时21分03秒，G60市区方向至S4金山方向路段，监控画面显示多辆机动车在弯道处缓慢行驶，车流密集，车辆间距较小，行驶速度明显降低，部分车辆出现变道和减速行为，未见异常停车或事故迹象。路面标线清晰
,2024年2月26日17时45分36秒至17时46分32秒，沪闵高架至S4金山方向路段出现交通拥堵事件。该路段为双向多车道城市快速路，道路两侧有绿化带和护栏，路面标线清晰。视频显示，该时段内车辆密集，车流缓慢移动，多辆轿车、SUV及一辆大型客车在红灯期间停靠等待，随后绿灯亮起后车辆逐步前行但速度缓慢。车辆之间保持较短车距，刹车灯频繁亮起，表明车流处于低速行驶状态。其中，白色SUV、红色轿车及黄色面包车等车辆均参与了此次拥堵过程。由于车辆密度大且通行效率低，导致整体通行受阻，形成持续性拥堵。该事件未见明显事故或占道施工迹象，主要特征为正常交通流量高峰下的通行不畅，属于典型的城市道路高峰期拥堵现象。,2024年2月26日17时45分至17时46分，沪闵高架至S4金山方向路段出现交通拥堵事件。该路段为双向多车道高架道路，两侧有绿化带和护栏，路面标线清晰。视频显示，从17:45:33开始，大量车辆在该路段缓慢行驶或完全停止，车流密集且持续时
,2024年02月08日17时23分至17时24分，位于城市高架道路主干道上，多车道出现持续性车辆缓行现象，车流密集且行驶速度明显降低，车辆间距缩短，尾灯普遍亮起，部分车辆在车道内缓慢移动或短暂停顿，未见明显事故或障碍物，但整体通行效率显著下降，形成典型拥堵态势，影响范围覆盖多个车道及较长路段，且无明显缓解趋势。,2024年02月08日17:23至17:24，在某高速公路路段发生一起多车事故。涉事车辆包括一辆白色轿车和一辆蓝色SUV，其中白色轿车与蓝色SUV发生碰撞，导致两车产生明显碰撞痕迹且位置异常，横跨车道，影响后方车辆正常通行。事故现场有人员下
,2021年1月24日7时55分至7时56分，在S4市区方向至S20内环的高速公路上，发生了一起拥堵交通事件。视频显示，多辆汽车和货车在多个车道上缓慢移动或完全停止，排队车辆长度超过正常范围且持续一段时间无缓解趋势，尤其是在道路的中间和右侧车道，车辆密集，行驶速度极低。涉事车辆包括轿车、货车、公交车和出租车等，它们在道路上缓慢前行或停滞不前，导致交通流量显著下降。此次拥堵影响了该路段的正常通行，造成了交通效率的降低，异常特征表现为车辆密集、行驶缓慢以及排队长度超出常规范围。,2024年4月23日14时47分至14时48分，位于城市高架道路的某路段发生拥堵事件。该路段为多车道双向高架桥，右侧车道出现车辆排队缓行现象，车流密集且行驶缓慢，多辆轿车、货车及客车在车道内依次排队前行，部分车辆间距离极短，存在频繁变道和跟
,2023年12月28日22时32分20秒左右，在外环高速漕宝入口匝道（内）处，一辆大型货车在右侧车道完全静止，未开启双闪灯，车辆停靠位置位于行车道内，非停车区域。该车后方有多辆货车和轿车被迫减速绕行，造成短时交通拥堵。现场可见一名身穿反光背心的人员在车旁活动，疑似检查或处理车辆故障。车辆长时间静止且无明显警示措施，对后方来车构成安全隐患，符合异常停车特征。,多车事故
,2024年5月16日10时14分19秒至10时15分15秒，外环高速丰翔路南段监控画面显示，一辆红色货车在道路右侧应急车道内完全静止，车辆开启双闪灯，驾驶员下车处理，车辆明显处于非行驶状态，存在异常停车特征，持续时间超过30秒，对交通安全构成潜在风险。,多车事故
,2023年7月20日18时35分32秒至18时35分40秒，外环高速沪太立交西2枪机2监控画面显示，一辆二轮摩托车从画面下方驶入高速公路主车道，行驶于最左侧车道，车速与周围车辆相近，驾驶员身穿白色上衣并佩戴头盔，车辆未见明显牌照。该路段为高速公路，禁止二轮车辆通行，且无专用非机动车道或允许通行标识，摩托车在车流密集区域穿行，存在逆行、横穿车道等危险行为，对周边正常行驶的轿车和货车构成安全隐患，导致部分车辆紧急避让，引发潜在交通风险，符合二轮车辆闯入交通异常事件特征。,2023年7月20日18时35分32秒至18时35分40秒，外环高速沪太立交西2枪机2监控画面显示，该路段为多车道高速公路，一辆二轮摩托车从右侧车道驶入主路，行驶于机动车道内，未在专用非机动车道或辅路通行，且无明显禁止标志区域，驾驶员未佩戴
,2023年7月20日14时13分至14时14分，外环高速莘庄立交东（外）路段在雨天湿滑路面上出现异常停车事件。一辆红色货车在应急车道完全静止，车辆未开启双闪灯，导致后方多辆汽车被迫减速绕行，形成短时拥堵。该车停靠位置位于行车道中央，无任何允许停车的交通标志或信号灯，且周围无施工或事故迹象，符合异常停车特征。由于天气原因路面湿滑，车辆行驶缓慢，进一步加剧了通行压力，影响了整体交通流的顺畅性。,2023年7月20日14时13分15秒至14时14分12秒，外环高速莘庄立交东（外）路段出现严重交通拥堵事件。该路段为双向多车道高速公路，路面湿滑，天气阴雨，能见度较低。视频显示，大量机动车包括轿车、货车、客车及大型运输车辆在多个车道内缓慢
,2024年3月16日星期六16时46分，外环高速蕴川立交西枪机2监控画面显示，该路段双向车道出现明显交通拥堵。左侧车道车辆排成长队，包括多辆货车、客车及私家车，车辆缓慢移动或处于静止状态，车流密度极高，持续时间较长且无缓解趋势，符合拥堵判断标准。现场未见施工设施、事故车辆或抛洒物，也无二轮车辆闯入或异常停车情况。拥堵主要集中在立交桥下区域，可能与上游交通压力或匝道汇流有关，对通行效率造成显著影响。,2024年3月16日星期六16:45至16:46，在外环高速蕴川立交西枪机2处，多辆车辆包括轿车和货车在行车道上发生事故，涉事车辆由于避让或急刹导致车辆位置异常，部分车辆斜停或成串停靠，现场有人员下车交涉，其他车辆被迫紧急避让或减速绕行，造
,2023年7月18日12时27分53秒至12时28分50秒，外环高速丰翔路路段双向车道车流正常行驶，右侧车道出现一辆白色货车在非停车区域完全静止，后方车辆被迫减速绕行，形成短暂拥堵，该行为符合异常停车特征。,2023年7月18日12时28分04秒至12时28分12秒，外环高速丰翔路路段出现二轮车辆闯入交通事件。一辆摩托车从右侧第三车道驶入主车道，随后在多车道高速公路上行驶，未见其佩戴头盔，且无专用二轮车道标识，其行驶路径与正常行驶车辆存在明显冲
,2024年2月27日08:18至08:46期间，外环高速天山路路段出现持续性交通拥堵事件。该路段为多车道高速公路，双向车流密集，其中南向车道车辆排成长队，行驶缓慢，车距明显缩短，部分车辆处于低速蠕动状态，未见完全停止。涉事车辆包括多种类型，如轿车、货车、客车及出租车，由于车流量大且通行速度受限，导致后方车辆不断积压，形成长达数百米的拥堵带，影响了整体通行效率。现场无明显事故迹象，亦无施工设施或抛洒物，但因车流密度高、车辆间距小，存在潜在追尾风险，属于典型的早高峰时段常态化拥堵现象。,多车事故
,2023年7月18日17时37分38秒至17时37分47秒，外环高速莘朱路路段出现二轮车辆闯入交通事件。一辆摩托车从画面左侧驶入高速公路主车道，驾驶员佩戴头盔，行驶过程中未在专用通道或允许区域通行，存在较大安全隐患。行驶过程中未见逆行或横穿车道等危险行为，但其进入机动车道的行为违反了高速公路交通管理规定，对正常行驶的车辆构成潜在安全隐患，影响了行车秩序和安全。该行为违反了高速公路禁止非机动车及二轮车辆通行的规定，属于典型的二轮车辆闯入异常事件。,2023年7月18日17时37分至17时38分，外环高速莘朱路路段出现交通拥堵事件。该路段为多车道高速公路，双向车流密集，车辆包括轿车、货车、客车及公交车等各类机动车。视频显示，从17:37:39开始，道路车流量逐渐增大，车辆行驶缓慢，部分
,2023年7月19日09时13分50秒左右，在外环高速同济路立交东侧路段，一辆二轮摩托车在最右侧机动车道上行驶，行驶过程中未在专用非机动车道或辅道内通行，而是直接进入机动车道并横向穿行于车流中，驾驶员未佩戴头盔，车辆无明显牌照标识。该行为发生在多车道高速道路上，周围有多辆轿车、货车及公交车正常行驶，存在较大安全隐患，导致后方车辆紧急避让，影响了交通秩序和行车安全，属于典型的二轮车辆闯入禁止通行区域的异常交通事件。,2023年7月19日星期三上午9时13分至9时14分，外环高速同济路路段发生一起多车事故。事故发生在道路右侧车道，涉事车辆包括一辆白色轿车和一辆黑色轿车，视频中俩车在最右侧车道双闪停靠，疑似两车在行驶过程中发生碰撞，导致白色轿车停靠在应急车
,2023年7月28日10时52分56秒至10时53分53秒，位于城市高架道路的双向车道上，多辆货车和轿车正常行驶。在视频中可以观察到，右侧车道的中央隔离带附近散落着若干白色纸状物或包装材料，这些物品随车辆行驶不断被带起并飘动，部分被后方车辆碾压或卷入车轮下。从画面判断，这些抛洒物可能来源于某辆货运车辆的货箱未固定好导致货物散落。涉事车辆未在画面中明确停驻或异常行为，但可推断为前方行驶中的红色或蓝色货车在经过时有物品脱落。该事件造成路面存在安全隐患，可能导致后方车辆紧急避让或刹车，影响通行安全与秩序。抛洒物持续存在于路面且未被清理，构成典型的交通抛洒物异常事件。,"2023年7月28日10时53分00秒，在城市高架桥路段，右侧车道出现抛洒物交通事件。该区域为多车道高架道路，背景可见城市天际线和远处工业建筑群。从画面中可见，一白色物体在行车道中央，尺寸较大，足以影响车辆正常通行。

该抛洒物为不规则形状"
,2024年5月15日21时52分41秒至21时53分39秒，S20外环高速至S4金山方向路段出现异常停车事件。一辆轿车在道路右侧车道内完全静止，车辆开启双闪灯。该车停靠位置位于弯道区域，后方多辆车辆被迫减速绕行，导致交通流受阻，形成短暂拥堵。现场无施工设施、无二轮车辆闯入、无抛洒物或事故痕迹，但该车长时间占用车道，影响通行秩序，存在安全隐患。,2024年5月21日凌晨5时52分至5时53分，S20外至S4金山方向高架路段发生一起多车事故。事故发生在夜间，监控画面显示一辆黑色轿车停靠在最右侧车道靠近护栏处，车门打开，两名人员站在车旁，疑似车辆故障。该车后方有多辆车辆紧急避让或减速，
,2023年12月7日06时49分至06时50分，外环高速沪嘉地道2（外）路段出现拥堵交通事件。该路段位于曹安公路出口3公里处，现场多辆小轿车、货车及大型运输车辆在行车道内缓慢行驶或完全停止，车流密集且持续时间较长，未见明显缓解趋势。车辆包括白色SUV、黑色轿车、黄色工程车、蓝色货车、红色集装箱卡车以及出租车等，部分车辆在车道间频繁变道，但整体通行速度极低。由于车辆排成长队，导致道路通行能力下降，后方车辆被迫减速或停车等待，形成典型的交通拥堵现象。视频中未发现异常停车、施工占道、事故或抛洒物等情况，但因车流量大且集中在短时间内，造成该区域交通压力显著增加，影响了正常通行秩序。,2023年12月7日早上6时43分至6时44分，外环高速沪嘉地道2（外）路段出现交通拥堵事件。该路段位于曹安公路出口3公里处，监控画面显示多车道内车辆行驶缓慢，车流密集，排队长度持续增加，车辆间距明显缩小，部分车辆处于低速移动或短暂停滞状态
,2023年12月7日16时31分至16时32分，外环高速莘庄立交东南段出现交通拥堵事件。该路段为双向车道高架桥，两侧有绿化带和护栏，路面标线清晰，包含导流线和车道分隔线。视频显示，多辆机动车在该路段缓慢行驶或停滞，车流密集，车辆间距明显缩小，持续时间约1分钟且无缓解趋势。涉事车辆包括白色大巴、黑色SUV、蓝色SUV、白色轿车、红色轿车、白色货车及多辆不同品牌和颜色的私家车，均在正常车道内行驶，未见异常停车、事故或施工迹象。车辆整体呈现排队缓行状态，部分车辆因前车减速而被迫降低速度，导致通行效率下降。该区域位于立交桥关键节点，车流量大，拥堵可能由上游交通压力或前方道路状况引发，但视频中未发现抛洒物、占道施工或二轮车辆闯入等直接诱因，主要表现为典型的交通拥堵特征。,2023年12月7日16时31分至16时32分，外环高速莘庄立交东南方向路段出现交通拥堵事件。该路段为多车道高架道路，两侧设有绿化带和护栏，车辆行驶方向为由画面左侧向右侧。视频显示，多辆机动车在该路段缓慢行驶或处于停滞状态，包括白色厢式货车
,2023年12月29日14时47分至14时48分，外环高速莘朱路路段出现严重交通拥堵，多辆货车与轿车在多个车道内缓慢行驶或停滞，车辆排成长队，车流密度高，通行速度明显下降，部分车辆在车道间频繁变道，导致交通秩序混乱，影响整体通行效率，未见明显事故或施工迹象，但拥堵持续时间较长且无缓解趋势。,2023年12月29日14时47分至14时48分，外环高速莘朱路路段出现严重交通拥堵，现场多车道车辆缓慢行驶或完全停滞，车流密集且持续时间较长，未见明显事故或障碍物。涉事车辆包括大量货车、厢式货车及私家车，其中红色和白色货车较为显著，部分车
,2023年7月22日15时43分48秒左右，在外环高速老沪闵路东（内）路段，一辆二轮车从画面下方驶入高速公路主车道，行驶于右侧车道中，周围有多辆机动车正常行驶，该二轮车在车流中穿行，无明显专用通道或标志允许其进入，存在严重安全隐患，导致后方车辆紧急避让，影响了道路通行安全。,多车事故
,2023年7月22日15时46分，外环高速蕴川立交东1枪机2监控画面显示，一辆二轮摩托车在道路右侧车道内行驶，该区域为机动车专用道，且无专用二轮车道设置。摩托车驾驶员佩戴头盔，车辆无明显牌照。该行为属于二轮车辆闯入禁止通行区域，违反交通规则，构成交通异常事件。,2023年07月22日15时46分35秒，在外环高速蕴川立交东路段，一辆二轮摩托车从画面左侧驶入主车道，行驶于多车道高速公路的中间车道，未在专用非机动车道或辅路通行，且无明显禁止标志区域，该车辆在车流中穿行，驾驶员佩戴头盔，车辆有牌照，其行
,2024年1月16日星期二13:43至13:44期间，在外环高速吴中路段，发生了一起拥堵交通事件。视频显示，该路段多条车道上车辆密集，包括轿车、货车和大型卡车等，它们缓慢移动或完全停止，形成明显的排队现象，且持续时间较长，无缓解趋势。拥堵主要发生在路口区域，导致后方大量车辆被迫减速或停滞，严重影响了道路通行效率。异常特征表现为车辆行驶速度极低，部分车辆在车道内停滞不前，整体交通流呈现出典型的高峰时段拥堵状态。,2024年01月16日星期二13:43至13:44，在外环高速吴中路路段，发生了一起多车事故。涉事车辆包括一辆白色SUV和一辆大型货车，白色SUV在右侧车道上异常停车，车体完全静止且开启双闪灯，导致后方车辆被迫减速避让。该事故导致后方交通流
,2023年10月26日星期四上午8时01分，外环高速铁山路路段出现交通拥堵事件。画面显示多车道车辆行驶缓慢，车流密集，车辆间距明显缩小，部分车辆处于低速移动或短暂停滞状态，持续时间超过15秒且无缓解趋势。涉事车辆包括多辆小轿车、货车及大型客车，其中一辆蓝色货车和一辆红色重卡在左侧车道缓慢行驶，影响了整体通行效率。该路段为高速公路主干道，未见施工设施或事故迹象，但因车流量大导致通行能力下降，形成典型的拥堵现象。车辆排队长度较长，尤其在靠近桥梁区域更为明显，后方车辆被迫减速并频繁变道，存在潜在安全隐患。整体交通秩序虽未完全中断，但已呈现显著拥堵特征。,2023年10月26日星期四上午8时01分，外环高速铁山路路段出现交通拥堵事件。该路段为多车道高速公路，车流密集，车辆以缓慢速度行驶，部分车辆处于停滞状态，形成持续性排队现象。涉事车辆包括各类轿车、货车、客车及大型运输车辆，如蓝色集装箱货车
,2023年11月15日07:16至07:17期间，外环高速京沪立交南侧路段发生严重交通拥堵事件。该路段为双向多车道高速公路，左侧方向（由北向南）车流密集，车辆排成长队缓慢移动，部分车辆处于停滞状态，车队长度持续延伸超过数公里，影响范围覆盖多个车道及匝道区域。涉事车辆包括大量私家车、货车、客车及大型运输车辆，其中红色集装箱货车、蓝色大巴车和白色轿车较为显著。车辆行驶速度明显低于正常水平，车距极短，存在频繁变道与跟车行为，导致通行效率大幅下降。右侧方向（由南向北）车流相对顺畅，但受相邻车道影响，部分车辆在接近交汇处时出现减速趋势。现场未见明显的事故、施工或抛洒物迹象，但拥堵持续时间较长且无缓解趋势，符合典型早高峰时段因车流量过大引发的拥堵特征。整体表现为大规模、长时间的交通缓行，对出行造成显著影响。,2023年11月15日02:16至02:17期间，外环高速京沪立交南（外）路段出现严重交通拥堵事件。该路段为双向多车道高速公路，左侧方向车流密集，车辆排成长队缓慢移动，行驶速度明显低于正常水平，部分车辆处于停滞状态，持续时间约一分钟且无缓解
,2023年7月15日10时58分40秒左右，在外环高速顾戴路北（内）路段，一辆二轮摩托车驶入主路，进入高速公路行车道，该车辆未在专用通道或匝道口正常汇入，存在闯入行为。该二轮车在车流中穿行，行驶方向与主流车流一致，但未保持安全距离，且周围多辆轿车和货车被迫减速避让，造成短暂交通干扰。涉事车辆为黑色摩托车，驾驶员身穿深色衣物，未佩戴明显反光装备。此行为违反了高速公路禁止二轮车辆通行的规定，属于典型的二轮车辆闯入事件，存在较大安全隐患。,2023年7月15日10时58分52秒至10时59分09秒，外环高速顾戴路北（内）路段出现二轮车辆闯入交通事件。一辆摩托车在多车道高速公路上行驶，从画面右侧进入并沿左侧车道向前行驶，期间未见其进入专用通道或合法通行区域，且无明显禁止标志提示
,2023年10月26日09:06至09:07期间，外环高速漕宝路北段出现拥堵交通事件。该路段为多车道高速公路，双向车流密集，其中南向北方向车辆行驶缓慢，形成明显排队现象，车辆间距缩小，行驶速度显著降低，部分车辆几乎处于停滞状态。涉事车辆包括各类轿车、货车、客车及工程车等，均在正常车道内行驶，未见异常停车或事故迹象。拥堵主要集中在中间及右侧车道，左侧车道车流相对顺畅。影响范围覆盖多个车道，持续时间约一分钟，且无缓解趋势。异常特征表现为车辆排队长、通行效率下降、车速普遍低于限速标准，符合典型拥堵判断标准。,2023年10月26日09:06至09:07期间，外环高速潭宝路北段出现严重交通拥堵事件。该路段为多车道高速公路，双向车流密集，其中南向北方向车辆排成长队，行驶缓慢，部分车辆处于停滞状态，持续时间约一分钟且无缓解趋势。涉事车辆包括各类轿车、
,2023年12月19日17时41分，外环高速沪太立交东段出现严重交通拥堵事件，监控画面显示双向车道均处于高密度车流状态，车辆行驶缓慢，多数车辆刹车灯持续亮起，表明车速极低或已停滞。右侧车道中有多辆轿车、货车及厢式客车密集排队，部分大型货车占据主车道，影响通行效率；左侧对向车道同样车流密集，灯光交错，存在明显拥堵特征。现场未见异常停车、事故碰撞或施工迹象，也无二轮车辆闯入或抛洒物情况，但整体车流长时间保持低速运行，符合拥堵判断标准，且发生在立交桥附近这一典型瓶颈区域，持续时间超过10秒且无缓解趋势，属于典型的交通拥堵事件。,2023年12月19日17时41分至17时42分，外环高速沪太立交东2枪机2监控画面显示，该路段出现严重交通拥堵，车辆行驶缓慢，多车道内车辆排成长队，车流密度极高，部分车辆处于停滞状态。涉事车辆包括大量轿车、货车及厢式运输车，其中货车占据较
,2024年6月21日20时10分04秒至20时11分01秒，外环高速吴淞江桥南路段出现异常停车事件。一辆红色货车在右侧应急车道内完全静止，未开启双闪灯，车辆位置偏离正常行车道，持续时间超过一分钟，导致后方车辆被迫减速绕行。车辆无明显故障迹象，且周围无施工或事故迹象，属于非紧急情况下的违规停车行为，对交通秩序造成影响。,2024年6月21日20时10分至20时11分，外环高速吴淞江桥南路段发生一起多车事故。事发时段为夜间，路面湿滑，能见度较低。事故发生在由南向北方向的行车道上，涉事车辆包括俩辆轿车，其中一辆银色轿车在行驶过程中与前方白色车辆发生追尾，导致后
,2023年7月22日14时07分39秒，在外环高速龙吴路路段，一辆二轮摩托车驶入主路行车道，未见其在专用通道或合法入口进入，车辆行驶过程中处于非机动车禁止通行的高速公路区域，驾驶员佩戴头盔，有明显牌照标识，该行为属于典型的二轮车辆闯入高速公路事件。该摩托车在车流中穿行，周围多辆汽车被迫减速避让，存在较大安全隐患，影响了正常交通秩序，构成严重交通异常行为。,2023年7月22日14时07分至14时08分，外环高速龙吴路路段出现交通拥堵事件。该路段为多车道高速公路，双向车流密集，左侧车道车辆行驶缓慢，形成明显排队现象，车辆间距缩小，车速降低，部分车辆处于低速蠕行状态，持续时间约1分钟且无缓解趋势
,2023年9月19日15时45分至15时46分，外环高速沪太立交西2枪机监控画面显示，该路段出现严重交通拥堵，车辆行驶缓慢，多辆轿车、货车及客车在行车道内排成长队，车流密集且持续无明显缓解趋势，部分车辆间距离极近，存在频繁刹车现象，影响正常通行效率，道路两侧绿化带清晰可见，未见施工或事故迹象，但因车流量大导致通行能力下降，形成典型拥堵状态。,2023年9月19日15时45分至15时46分，外环高速沪太立交西2枪机监控画面显示，该路段出现严重交通拥堵，车辆行驶缓慢，多车道内车辆排成长队，车流密度极高，部分车辆处于停滞状态。涉事车辆包括大量货车、厢式货车、轿车及面包车，其中以大型货
,2024年6月4日10时03分至10时04分，外环高速吴中入口匝道（外）路段出现异常停车事件。一辆白色轿车在最右侧车道内完全静止，开启双闪灯，驾驶员下车查看。该车辆位于车流密集区域，导致后方多辆汽车被迫减速绕行，形成短暂拥堵。周围车辆包括货车、客车及私家车，均正常行驶，但受其影响出现通行不畅现象。该行为违反了高速公路非紧急情况下禁止随意停车的规定，构成交通安全隐患。,2023年7月16日13时50分至13时51分，外环高速吴中入口匝道（外）路段出现交通拥堵事件。该路段为多车道高速公路，车流密集，主要由轿车、货车及少量客车组成，车辆在多个车道上缓慢行驶或处于停滞状态，排队长度持续延伸，未见明显事故或障碍物
,2023年12月18日08时40分至08时41分，S20外环线K69+950（S20A9南35米）路段发生交通拥堵事件。该路段为多车道高速公路，车流量较大，车辆包括轿车、货车、客车及特种车辆等。视频显示，从08:40:37开始，道路上车辆行驶缓慢，排队长度持续增加，车辆间距明显缩小，部分车辆处于低速行驶或短暂停止状态，后方车辆出现连续减速和变道行为。涉事车辆包括多辆私家车、红色厢式货车、装载货物的平板货车、油罐车、公交车及出租车等，均在正常车道内行驶，未见异常停车、事故或占道施工迹象。拥堵主要集中在靠近天山路出口方向的路段，交通指示牌提示“天山路拥挤”，表明该区域存在瓶颈效应。整体交通流呈现持续缓慢移动状态，无突发性事故或障碍物导致中断，但因车流密集，通行效率显著下降，符合典型高峰时段道路拥堵特征。,2023年11月13日星期一上午9时09分至9时10分，在G60市区方向至S20内2枪机2监控路段，发生多车事故。涉事车辆包括一辆白色轿车、一辆黑色轿车，其中白色轿车与前方白色货车或货车后部存在碰撞痕迹，黑色轿车随后紧急刹车并斜停于行车道上
,2024年6月7日12时25分29秒，在外环高速莘朱路路段，一辆银色厢式货车停靠在最左侧车道靠近护栏处，车辆开启双闪灯，驾驶员下车后在车旁停留并进行操作，持续时间约30秒，期间其他车辆正常行驶，未造成明显拥堵或绕行现象。,多车事故
,2023年7月19日08时22分50秒左右，在北环高速同济路立交南段，多辆二轮车（摩托车和电动车）在机动车道上行驶，其中一辆白色头盔骑手驾驶的电动车在机动车道中持续行驶，未在专用非机动车道内通行，存在逆行及横穿车道行为，且该路段无明显二轮车专用通道标识，车辆未佩戴头盔或牌照不清晰，影响了机动车正常通行秩序，造成一定交通安全隐患。,2023年7月19日星期三上午8时08分至8时09分，北环高速同济路立交南段出现交通拥堵事件。该路段为多车道高速公路，双向车流密集，其中南向车道车辆行驶缓慢，部分车辆处于低速蠕动状态，排队长度持续增加，形成明显拥堵。涉事车辆包括多辆轿车、货
,2023年7月17日16时25分29秒至16时25分36秒，位于城市高架道路主车道上，一辆黑色摩托车从左侧辅路驶入主车道，未在指定区域通行，且未遵守交通信号指示，直接穿越车流进入多车道的快速行驶区域。该摩托车驾驶员未佩戴头盔，车辆无明显牌照标识，在车流密集的情况下横向穿行，导致周边车辆紧急避让，其中一辆白色轿车被迫减速并变道以避免碰撞。该行为严重违反了二轮车辆禁止进入主干道的规定，存在极大安全隐患，属于典型的二轮车辆闯入交通异常事件。,2023年7月17日星期一16时25分至16时26分，位于城市高架桥路段的交通监控画面显示，该区域出现拥堵现象。视频显示，多辆机动车在该路段缓慢行驶或完全停止，车辆排成长队，车距明显缩短，部分车辆处于静止状态，持续时间超过一分钟且无缓解趋势
,2024年4月5日9时36分，武宁路地道南线西向东方向，发生追尾事故，一辆白色轿车和黑色SUV双闪停靠隧道口，车辆后方有人员下车并站在车旁，疑似发生故障或事故，后方一辆红色SUV紧随其后并减速避让，该区域车道未见施工设施或警示标志，无明显碰撞痕迹，但车辆停于行车道且未开启双闪灯，导致后方车辆被迫变道绕行，存在较大安全隐患，符合异常停车特征。,2024年4月5日09:36至09:37期间，在武宁路地道南线西向东方向，发生一起多车事故。事故发生在隧道内靠近出口区域，涉事车辆包括一辆红色轿车、一辆白色SUV及多辆后方跟随车辆。视频显示，红色轿车与前方白色SUV发生追尾碰撞，导致车辆位
,2023年7月21日14时03分15秒左右，在嘉闵西桃浦公路南的高架道路上，一辆二轮车从左侧车道驶入主路，穿越了正常行驶的机动车流。该二轮车未在专用非机动车道或允许通行区域行驶，佩戴头盔等安全防护措施。由于该路段为城市快速路，禁止二轮车辆通行，其闯入行为对周边车辆造成潜在安全隐患。此事件符合二轮车辆闯入交通异常特征。,多车事故
,2023年10月18日08时27分至08时28分，外环高速莘庄立交北段出现严重交通拥堵事件。该路段为双向多车道高架道路，左侧方向车流密集，车辆排成长队，行驶缓慢，部分车辆处于停止或低速蠕动状态，持续时间约一分钟且无缓解趋势，符合拥堵判断标准。右侧车道虽有车辆正常通行，但受左侧拥堵影响，整体通行效率明显下降。涉事车辆包括大量轿车、货车、客车及少量特种车辆，均在各自车道内行驶，未见异常停车、事故或施工迹象。现场无可见抛洒物、占道施工设施或二轮车辆闯入行为。拥堵主要集中在左侧车道，导致后方车辆被迫减速并形成长距离排队，影响范围较大，属于典型高峰时段交通瓶颈区域的拥堵现象。,2023年10月18日08时27分至08时28分，外环高速莘庄立交东南方向路段出现严重交通拥堵，现场多车道车辆排成长队，车流缓慢移动，部分车辆处于停滞状态，持续时间超过一分钟且无缓解趋势。涉事车辆包括大量轿车、货车及客车，其中大型货车占据较
,2024年5月10日10时05分25秒至10时06分22秒，外环高速龙吴路路段出现异常停车事件。一辆红色集装箱货车在右侧车道完全静止，开启双闪灯，驾驶员不在车内，车辆处于非停车区域，导致后方多辆汽车被迫减速绕行，形成短时拥堵。该车持续静止超过一分钟，影响了右侧车道正常通行秩序，存在明显交通安全隐患。,2024年5月10日10时05分至10时06分，外环高速龙吴路路段发生一起多车事故。事故发生在双向车道中的南向车道，涉事车辆包括货车及一辆白色面包车，视频中最左侧车道已经发生事故，车俩双闪停靠。事故现场可见多辆车位置异常，部分车辆斜停或横跨
,2023年11月2日星期四上午8时43分，外环高速松滨路西段出现严重交通拥堵事件。视频显示，该路段双向车道中，由南向北方向车辆密集，车流缓慢移动，多辆轿车、货车及厢式运输车排成长队，车辆间距极小，部分车辆几乎处于停滞状态，持续时间超过10秒且无缓解趋势，符合拥堵判断标准。而对向车道车流相对正常，通行顺畅。涉事车辆主要为各类中小型客车和大型货运车辆，未见明显事故或障碍物导致堵塞，但因车流量大且集中在特定时段，形成瓶颈效应。拥堵影响范围覆盖多个车道，后方车辆被迫减速并列行驶，存在安全隐患。异常特征表现为长时间、大面积的车辆排队现象，且无施工或事故迹象，推测为高峰时段交通负荷过载所致。,2023年11月2日星期四上午8时43分，外环高速淞滨路西枪机监控画面显示，该路段出现严重交通拥堵，车辆行驶缓慢，多车道内车辆排成长队，车流密度极高，部分车辆处于停滞状态。涉事车辆包括大量货车、厢式货车及小型轿车，其中以蓝色和红色货车为主，
,2023年10月31日17时13分至17时14分，外环高速漕宝入口匝道（内）出现严重交通拥堵事件。该路段双向车道均处于高密度车流状态，车辆行驶缓慢，部分车辆几乎停滞，持续时间超过一分钟且无缓解趋势。涉事车辆包括多辆轿车、货车、客车及出租车，其中以白色、黑色和红色私家车为主，另有蓝色厢式货车和红色平板货车穿行于车流中。车辆在各车道内频繁变道，尾灯亮起，表明车速极低或处于停止状态。右侧匝道入口处车流尤为密集，形成明显排队现象，导致主路车辆被迫减速避让，影响整体通行效率。现场未见施工设施、事故车辆或抛洒物，也无异常停车或二轮车辆闯入情况，推测拥堵原因为高峰时段车流量过大所致，属于典型交通拥堵事件。,2023年10月31日17时13分至17时14分，外环高速漕宝入口匝道（内）出现严重交通拥堵事件。该路段为多车道高速公路，车流密集，车辆以缓慢速度行驶，部分车辆处于停滞状态，排队长度持续延伸，影响通行效率。涉事车辆包括大量轿车、货车、客车及
,2023年7月18日星期二09:49:04，在外环高速仙霞路南（外）路段，一辆二轮摩托车行驶于中间车道，行驶过程中未在专用通道或非机动车道内通行，而是直接进入机动车道并横向穿行于车流中，驾驶员佩戴头盔，车辆无明显牌照标识，该行为导致周边多辆汽车紧急避让，存在较大安全隐患，属于典型的二轮车辆闯入交通异常事件。,2023年7月18日星期一上午9时47分，外环高速仙霞路南（外）路段出现交通拥堵事件。该路段为多车道高速公路，双向车流密集，左侧车道车辆行驶缓慢，形成明显排队现象，车辆间距缩小，车速降低，部分车辆处于低速蠕行状态，持续时间超过10秒且无缓解
,2023年12月26日08:59:30至09:00:29期间，嘉闵西侧定焦04监控点位显示，元江路隧道内发生拥堵事件。事发路段为多车道中的右侧车道，车辆排成长队缓慢行驶，车流密度显著增加，多辆汽车尾灯亮起，表明车辆处于低速或停止状态。涉事车辆包括白色、黑色、红色及银色轿车、SUV和面包车等，均在隧道内正常行驶但受阻于前方交通压力。车辆间距明显缩小，部分车辆出现变道行为以试图绕行或调整位置，但整体通行效率极低。拥堵持续约一分钟，期间未见异常停车、施工或事故迹象，也无二轮车辆闯入或抛洒物存在。该事件主要表现为因车流量过大导致的交通缓行，属于典型的城市快速路早高峰时段拥堵现象，影响了隧道内正常通行秩序。,2023年12月26日08时59分至09时00分，嘉闵高架西侧定焦04监控点位显示，该路段为双向多车道高架道路，右侧车道出现持续性车辆缓行现象，车辆行驶速度明显降低，形成排队缓行态势。涉事车辆包括多辆轿车、SUV及一辆白色大巴车，均在正常行
,2023年12月8日星期五上午8时50分至8时51分，外环高速吴中路路段出现交通拥堵事件。该路段为双向多车道高速公路，监控画面显示车辆在多个车道内行驶缓慢，车流密集且持续时间较长，部分车辆间距明显缩小，整体通行速度显著下降。涉事车辆包括大量私家车、货车、客车及特种运输车辆，其中一辆大型汽车运输车（载有多辆轿车）和一辆红色平板拖车在右侧车道行驶，对后方车流形成一定阻碍。此外，道路两侧未见施工设施或异常停车情况，也无明显事故迹象，但车流密度高导致通行效率降低，车辆排队长度超过正常范围，影响了正常交通秩序。该拥堵现象符合“拥堵”判断标准中的多项特征：多辆车缓慢移动、排队车辆长度超常、持续一段时间且无缓解趋势，发生在城市主干道的瓶颈区域。,2023年12月8日星期五上午8时50分至8时51分，外环高速吴中路路段出现交通拥堵事件。该路段为双向多车道高速公路，车流密集，主要由轿车、货车及少量客车组成，其中包含一辆黄色工程车和一辆红色平板拖车。视频显示，车辆在多个车道内缓慢行驶，车
,2023年10月16日中午12时28分至12时29分，位于城市高架道路主线与匝道交汇处发生交通拥堵事件。该路段为多车道高架桥，车流密集，主路双向及右侧匝道均出现车辆缓慢行驶或停滞现象。涉事车辆包括多辆轿车、货车、出租车及厢式货车，其中一辆白色SUV在主路靠近中央护栏处临时停靠，驾驶员下车后在车旁停留，疑似检查车辆状况，导致后方车辆被迫减速避让，引发连锁拥堵。同时，右侧匝道因汇入车流与主路车流交织，通行效率降低，形成持续性缓行。整个拥堵区域长度超过500米，持续时间超过1分钟，且无明显事故迹象，但车辆间距显著缩小，行驶速度普遍低于20公里/小时，符合拥堵判断标准中“多辆车缓慢移动或完全停止”“排队车辆长度超过正常范围”“发生在路口、匝道等瓶颈区域”的特征，属于典型交通拥堵事件。,2023年10月16日12时29分至12时30分，位于城市高架桥路段的主干道上发生严重交通拥堵事件。该路段为双向多车道高架道路，右侧方向车流密集，车辆行驶缓慢，部分车辆处于停滞状态，形成长达数百米的排队现象，且无明显缓解趋势。涉事车辆包括各
,2023年9月22日14时11分至14时12分，外环高速沪太立交东1-1 03路段出现交通拥堵事件。该路段为多车道高速公路，路面湿滑，天气阴雨，车辆行驶缓慢。画面中可见大量机动车包括轿车、货车、厢式货车在多个车道内密集行驶，车距明显缩短，车流速度显著下降，部分车辆几乎处于停滞状态。涉事车辆主要为各类货运车辆和私家车，其中红色集装箱货车、白色厢式货车及黑色轿车较为突出。由于车流量大且道路条件不佳，导致车辆通行效率降低，后方车辆被迫减速或变道，形成持续性拥堵。未见明显事故、异常停车或施工迹象，但整体交通流呈现拥堵特征，符合“拥堵”判断标准中的多辆车缓慢移动、排队长度较长且无缓解趋势等情形。,2023年9月22日14时11分至14时12分，外环高速沪太立交东1-1 03路段出现交通拥堵事件。该路段为双向多车道高速公路，路面湿滑，天气阴雨，能见度较低。视频显示，自14:11:45起，右侧车道车辆行驶缓慢，车流密集，多辆货车与轿车在
,2024年5月10日18时25分至18时26分，外环高速京沪立交南侧路段出现异常停车事件。一辆红色货车停靠在最右侧车道上，车辆开启双闪灯，驾驶员不在车内，车辆处于完全静止状态。该行为导致后方车辆被迫减速绕行，影响了行车道正常通行秩序。现场未见施工设施或事故痕迹，也无其他车辆发生碰撞，该车长时间静止在非停车区域，构成交通安全隐患。,2024年5月10日18时25分至18时26分，外环高速京沪立交南侧路段出现交通拥堵事件。该路段为多车道高速公路，双向车流密集，左侧方向车辆行驶缓慢，形成明显排队现象，车辆间距缩小，车速降低，部分车辆处于低速蠕动状态，持续时间超过一分钟且无
,2024年3月14日12时41分至12时45分，外环高速京沪立交（内）路段出现严重交通拥堵，主要集中在左侧车道，车辆排成长队缓慢移动或完全停滞，涉事车辆包括大量货车、厢式货车及轿车，部分大型货车如运输汽车的平板车和集装箱车在拥堵中缓慢前行。右侧车道虽有车辆正常行驶，但受左侧拥堵影响整体通行效率下降，后方车辆被迫减速并排队等候，形成持续性拥堵现象。该区域无明显事故或施工迹象，但因车流量大且车辆密集，导致通行能力显著降低，属于典型高峰时段拥堵事件，影响范围覆盖多个车道，未见异常停车、占道施工、二轮闯入、多车事故或抛洒物等其他异常行为。,2024年3月14日14时44分至14时45分，外环高速京沪立交（内）路段出现严重交通拥堵事件。该路段为多车道高速公路，双向车流密集，左侧车道车辆排成长队，行驶缓慢，部分车辆处于停滞状态，后方车辆持续减速并排成队列，形成明显拥堵态势。涉事车
,2024年5月8日12时46分48秒至12时47分46秒，外环高速莘庄立交东（外）路段，一辆红色货车在最左侧车道完全静止，车辆开启双闪灯，驾驶员站在车旁，车辆位置处于非停车区域，导致后方车辆被迫减速绕行，形成短暂拥堵，该行为符合异常停车特征。,2024年5月8日12时46分至12时47分，外环高速莘庄立交东（外）路段出现交通拥堵事件。该路段为多车道高速公路，车流密集，主要由货车和轿车组成，其中红色、蓝色、黄色等货车占据主要通行位置。视频显示，车辆在多个车道上缓慢行驶，部分车辆间歇
,2023年9月26日19时01分至19时02分，嘉闵西侧汇聚机箱监控区域出现拥堵交通事件。事发地点位于城市高架道路的汇入路段，限速40公里/小时。视频显示，该车道内多辆机动车（包括轿车、面包车等）在短时间内持续缓慢行驶或完全停止，车辆排队长度明显超过正常范围，且后方车辆密集，刹车灯连成一片，表明通行效率显著下降。车辆在接近摄像头位置处逐渐减速并形成队列，随后部分车辆开始缓慢前移，但整体通行速度极低，未见明显事故或障碍物导致的直接原因，推测为上游路段车流集中汇入引发的临时性拥堵。该拥堵影响了该方向车道的正常通行秩序，造成通行延误，符合拥堵判断标准中的“多辆车缓慢移动或完全停止”、“排队车辆长度超过正常范围”及“发生在路口、匝道等瓶颈区域”等特征。,2023年9月26日19时01分至19时02分，嘉闵西侧汇聚机箱路段出现交通拥堵事件。该路段为高架道路，夜间照明条件下，多车道车辆密集行驶，车流缓慢移动，车辆尾灯连成一片红色光带，表明车辆处于低速或停滞状态。涉事车辆包括轿车、货车及小型客车
,2024年6月13日19时10分15秒左右，在G2进外环外圈匝道03路段，一辆白色面包车在左侧第二车道内静止停靠，车辆未开启双闪灯，导致后方车辆绕行，该事件符合异常停车的判断标准。,2024年6月13日19时10分至19时11分，G2进外环外圈匝道03路段出现交通拥堵事件。该路段为城市快速路，双向多车道，夜间路面湿滑，车辆行驶缓慢。视频显示，从19:10:15开始，道路车流量较大，多辆轿车、货车及厢式运输车在车道内依次
,2023年7月15日12时09分45秒左右，在外环高速武威路南（内）路段，一辆二轮摩托车从画面左侧车道驶入主路，进入机动车道行驶，该区域为高速公路，禁止非机动车通行。涉事车辆为黑色二轮摩托车，驾驶员佩戴头盔，且在车流密集的多车道高速公路上穿行，存在横穿车道等危险行为，周围车辆纷纷避让，造成短暂交通干扰，存在严重安全隐患。该行为违反了高速公路禁止二轮车辆通行的规定，属于典型的二轮车辆闯入交通异常事件。,2023年7月21日12时09分至12时10分，外环高速武威路南（内）路段出现交通拥堵事件。该路段为多车道高速公路，车流密集，车辆包括轿车、货车、客车及大型运输车辆等，其中以红色和黄色货车较为显著。视频显示，车辆在多个车道上缓慢行驶，部分车
,2023年7月21日00时07分18秒，在外环高速莘庄立交北段，一辆二轮车辆闯入主路行车道，行驶方向与机动车流同向，见其佩戴头盔、悬挂牌照，且在车流密集区域穿行。该二轮车辆在多辆轿车和货车之间穿插行驶，存在较大安全隐患。现场无专用非机动车道，也无禁止二轮车通行的明确标识，但根据高速公路管理规定，此类车辆本不应进入该路段，属于典型闯入行为。,2023年7月21日00:07:15至00:07:45期间，外环高速莘庄立交北段发生一起多车事故。事故发生在夜间，道路照明良好，路面湿滑。涉事车辆包括一辆白色厢式货车、一辆黑色轿车，其中白色厢式货车在中间车道停车双闪，右侧车道黑色车辆与后方
,2024年5月28日17时07分至17时08分，外环高速莘庄立交北段发生一起多车事故。事故发生在该路段的主车道上，涉事车辆包括一辆绿色货车和一辆银色SUV，其中俩车疑似发生追尾事故，俩车停车姿态倾斜。事故现场有多辆车紧急减速或绕行，造成后方车辆排队缓行，交通流明显受阻。从视频画面看，未见明显人员下车交涉或交警到场，但事故区域存在明显的碰撞痕迹和车辆变形情况，符合多车事故特征。,多车事故
,2024年5月8日23时15分至23时16分，外环高速潭宝路北段监控画面显示，一辆红色货车在最右侧车道内长时间停靠，车辆开启双闪灯，驾驶员下车查看，周围其他车辆被迫绕行或减速避让，未见明显施工标志或警示设施，亦无交通信号灯允许停车，其行为不符合临时停车规则，导致后方车辆行驶受阻，存在安全隐患。该异常停车行为持续约半分钟，期间多辆小客车和货车从其左侧车道绕行通过，造成局部交通流扰动。,2024年5月8日23时15分至23时16分，在外环高速蕴藻浜桥北2（外）路段，发生了一起多车事故。涉事车辆包括一辆黑色轿车和一辆白色SUV，两车在行驶过程中发生碰撞，导致车辆位置异常，斜停在左侧道路。事故发生后，有人员下车进行交涉，现场秩
,2024年2月27日早上7时10分至7时11分，嘉闵西侧定焦03监控点位显示，隧道内双向车道出现严重拥堵现象。多辆小轿车、出租车、面包车及大型客车在隧道内缓慢行驶或处于停滞状态，车辆间距极小，刹车灯持续亮起，表明交通流处于低速或停止状态。车辆在多个车道间频繁变道，但整体通行速度极慢，部分车辆在尝试超车时导致后方车辆进一步积压。该路段位于封闭式高架隧道，两侧设有隔音墙，无施工迹象，也未见抛洒物或事故车辆碰撞痕迹，但因车流量大且集中，形成典型早高峰时段的拥堵特征，影响了正常通行效率，属于典型的交通拥堵事件。,2024年2月27日07:10至07:11，嘉闵西侧定焦03路段发生拥堵事件，该路段为隧道内多车道结构，两侧设有隔音墙。视频显示，大量车辆在隧道内缓慢行驶或完全停止，车流密集且持续时间较长，车辆间距明显缩小，尾灯持续亮起，表明交通流处于低速
,2023年9月6日17时59分至18时00分，外环高速北翟路立交桥北侧路段出现持续性交通拥堵。该路段为多车道高架道路，车流密集，车辆以缓慢速度行驶，部分车辆在车道内频繁变道，通行效率显著降低。涉事车辆包括各类小型轿车、货车、厢式货车及工程车辆，如黄色吊车、红色平板拖车和载有白色编织袋货物的蓝色货车等。车辆在接近画面远端时逐渐减速并排成长队，形成明显的排队现象，且无明显事故或障碍物导致堵塞，推测为高峰时段车流量过大所致。影响范围覆盖多个车道，导致后方车辆被迫减速或绕行，整体交通流呈现缓行状态，符合拥堵判断标准中“多辆车缓慢移动或完全停止”、“排队车辆长度超过正常范围”以及“发生在路口、匝道等瓶颈区域”的特征。异常特征表现为长时间、大范围的车流滞缓，未见突发事故或施工干扰，属典型高峰时段交通拥堵事件。,2023年9月6日16时58分至16时59分，外环高速北翟路立交桥东侧路段出现交通拥堵事件。该路段为多车道高速公路，车流密集，主要由轿车、SUV、货车及大型运输车辆组成，包括白色厢式货车、红色平板货车、黄色工程车及多辆私家车。车辆在多个车道
,2024年5月9日星期四早上7点54分34秒左右，在外环高速沪渝立交路段，一辆红色轿车停靠在最右侧车道靠近护栏处，车辆处于完全静止状态，驾驶员下车并站在车旁，开启双闪灯。该行为持续约30秒以上，期间后方车辆被迫减速绕行，影响了右侧行车道的正常通行秩序。由于该区域为高速公路行车道，非停车区域且无允许临时停车的标志，此行为构成异常停车，存在安全隐患。,2024年5月9日星期四早上7点54分至7点55分，外环高速沪渝立交路段出现交通拥堵事件。该路段为多车道高速公路，双向车流密集，左侧车道车辆行驶缓慢，形成明显排队现象，车辆间距缩小，车速降低，部分车辆处于低速蠕行状态，持续时间超过一分钟且无
,2023年10月8日星期日下午17时32分至17时33分，外环高速仙霞路南方向出现严重交通拥堵事件。该路段为多车道城市快速路，双向车流密集，其中南向车道车辆行驶缓慢，车距明显缩短，大量车辆尾灯亮起，表明车速极低或处于停滞状态。涉事车辆包括轿车、货车、客车等多种类型，其中以私家车和厢式货车为主，部分大型集装箱货车及公交车也参与其中。车辆在多个车道内排成长队，持续时间约一分钟且无缓解趋势，符合拥堵判断标准中“多辆车缓慢移动或完全停止”“排队车辆长度超过正常范围”以及“发生在路口、匝道等瓶颈区域”的特征。由于车流密度极高，后方车辆被迫减速并频繁变道，影响了整体通行效率。现场未见异常停车、施工设施、二轮闯入或抛洒物等情况，亦无明显事故迹象，推测为高峰时段常态化交通压力所致。,2023年10月8日17时32分至17时33分，外环高速仙霞路南段出现严重交通拥堵事件。该路段为多车道高速公路，双向车流密集，其中南向车道车辆行驶缓慢，车距明显缩短，多数车辆刹车灯持续亮起，表明车速极低或处于停滞状态。涉事车辆包括大量轿车、
,2023年11月5日09:23至09:24期间，外环高速吴中路路段出现交通拥堵事件。画面显示该路段多车道车辆行驶缓慢，车流密集，车辆间距明显缩小，部分车辆处于低速移动或短暂停滞状态，持续时间约1分钟且无缓解趋势。涉事车辆包括多辆轿车、货车、厢式货车及大型运输车，如红色集装箱卡车、白色厢式货车、黄色工程车和银色油罐车等，均在正常车道内行驶但受整体车流影响通行效率下降。未见异常停车、占道施工、事故或抛洒物等情况，也无二轮车辆闯入。拥堵主要发生在道路右侧多个车道，导致后方车辆被迫减速并排成队列，形成典型的高峰时段交通拥堵特征，影响了该路段的通行能力。,2023年11月5日09时23分至09时24分，位于城市高架道路南向车道发生一起多车事故。涉事车辆包括一辆白色轿车及左后方黑色轿车。视频显示，白色轿车与前方黑色轿车发生追尾碰撞，导致车辆位置异常，横跨部分车道，造成后方交通流拥堵。事故现场无
,2024年6月14日13时00分，外环高速沪太立交东2枪机2监控画面显示，双向车道内车辆正常行驶，一辆黑色小汽车停靠在右侧应急车道内，车辆开启双闪灯，且长时间静止不动，车辆无明显故障迹象，此行为符合异常停车判断标准。,多车事故
,2024年6月21日星期五上午8时56分至8时57分，外环高速沪渝立交段出现异常停车事件。在该时段内，一辆黑色轿车在行车道上完全静止，开启双闪灯，且无明显故障迹象，车辆处于非停车区域，导致后方多辆汽车被迫减速绕行。该行为违反了高速公路禁止随意停车的规定，存在较大安全隐患，影响了道路通行效率，属于异常停车。,2024年6月21日星期五上午8时56分至8时57分，外环高速沪渝立交段出现交通拥堵事件。该路段为多车道高速公路，天气阴雨，路面湿滑，能见度较低。视频显示，从8:56:09开始，道路左侧车道车辆行驶缓慢，车流密集，多辆轿车、货车及厢式运输车
,2024年1月11日12时26分至12时27分，在外环高速武威路南（内）路段，发生了一起拥堵交通事件。视频显示，该路段车辆密集，多辆车缓慢移动或完全停止，排队车辆长度超过正常范围，且持续一段时间无缓解趋势。涉事车辆包括多辆货车和轿车，它们在车道上缓慢前行或停滞不前，导致交通流明显受阻。此次拥堵发生在高速公路的瓶颈区域，影响了过往车辆的正常通行，异常特征表现为车辆行驶速度显著降低，车道内车辆密度增大，整体交通秩序受到影响。,2023年12月27日10时22分至10时23分，外环高速武威路南（内）路段出现严重交通拥堵事件。该路段为多车道高速公路，双向车流密集，其中南向车道车辆排成长队，行驶缓慢，部分车辆处于停滞状态，后方车辆持续减速并频繁变道以适应前方车流。涉事
,2024年6月22日08时27分至08时28分，武宁路地道北线东向西方向发生一起多车事故。事发地点位于隧道内靠近出口处的行车道区域，涉事车辆包括多辆轿车及一辆白色厢式货车，其中一辆灰色SUV在中间车道行驶过程中突然减速并亮起刹车灯，后方多辆车因避让不及相继追尾，导致车辆排成一列缓慢前行或短暂停滞。现场可见多辆车尾部碰撞痕迹明显，部分车辆位置异常，如白色特斯拉轿车从右侧车道变道至左侧车道时与前方车辆距离过近，发生刮擦，引发连锁反应。事故造成该路段交通流受阻，车辆行驶速度显著下降，后方车辆纷纷减速避让，形成短暂拥堵。整个事件中未见人员下车交涉或交警到场处理，但车辆密集且刹车灯持续亮起，显示出明显的交通事故特征。,2024年8月22日06时27分23秒至06时28分30秒，在武宁路4期北方向的主车道上发生一起多车事故。事故发生在隧道内靠近出口匝道区域，涉事车辆包括一辆白色面包车和其后方两辆小轿车，具体为一辆白色轿车（车牌号沪D****68）与前方白色
,2023年12月16日星期一08:51:27至08:51:42期间，在一条多车道高速公路的右侧车道区域发生拥堵事件，地点位于道路右侧靠近中央隔离带的多个车道，该路段为双向通行高速公路，右侧方向车流密集。涉事车辆包括多辆小型轿车、SUV及货车，其中以白色、黑色和银色车辆为主，部分车辆在行驶过程中出现缓慢移动或停止现象，尤其在右侧最外侧车道形成明显排队现象，车辆间距显著缩小，车速明显下降，后方车辆持续汇入导致拥堵加剧。行为表现为车辆在无事故或施工情况下持续低速行驶，未见紧急刹车或避让动作，但整体通行效率降低，影响了正常交通流。异常特征为右侧车道车流密度远高于左侧车道，且持续时间超过15秒，符合拥堵判断标准中的“多辆车缓慢移动或完全停止”“排队车辆长度超过正常范围”“持续一段时间且无缓解趋势”等条件，表明该路段存在临时性交通拥堵，可能由前方车流汇聚或出口分流导致。,2023年12月12日星期一上午9时51分，位于城市高架道路的某路段（具体位置未指定）发生拥堵事件。该路段为多车道双向高架桥，路面为黑色沥青，两侧设有护栏和导流线。视频显示，从画面左侧开始，大量车辆在该路段缓慢行驶或完全停止，车流密度显著增
,2024年1月6日18:18至18:54，在外环高速莘庄立交东（外）路段，发生了严重的交通拥堵事件。视频显示，大量车辆在该路段缓慢移动或完全停止，排队车辆长度超过正常范围，且持续一段时间内无明显缓解趋势。涉事车辆包括多辆轿车、货车和客车，它们在车道上缓慢前行或停滞不前，导致整体交通流速显著下降。此次拥堵发生在路口区域，进一步加剧了通行压力。异常特征表现为车流密度极高，车辆尾灯和前灯亮起，形成明显的光带效应，反映出交通流量远超道路承载能力，对过往车辆的正常行驶造成了严重影响。,2024年1月6日18时18分至18时58分，外环高速莘庄立交东（外）路段出现严重交通拥堵事件。该路段为夜间双向多车道高速公路，车流密集，车辆以缓慢速度行驶，尾灯连成一片，表明通行能力显著下降。涉事车辆包括大量轿车、货车及客车，均处于低速或
,2024年3月5日星期二早上6点35分至6点36分，位于城市高架道路的某段主干道发生严重交通拥堵事件。该路段为多车道双向高架公路，天气阴雨，路面湿滑，能见度较低。视频显示，主路多个车道内车辆密集排队，车距极短，刹车灯持续亮起，车辆缓慢前行或基本停滞，形成长达数百米的拥堵队列。车辆包括轿车、SUV、货车及公交车等多种类型，右侧匝道车辆亦受影响，通行速度明显下降。由于雨天和早高峰叠加，导致车流密度急剧上升，车辆行驶缓慢且频繁变道，部分车辆试图从左侧应急车道超车，但未造成事故。整体影响表现为通行效率大幅降低，驾驶员需长时间等待，存在潜在安全隐患。异常特征主要体现在车流连续性中断、车速显著低于正常水平、以及大量车辆尾灯亮起形成的“红光带”现象，符合典型拥堵事件特征。,2024年3月5日星期二早上6点35分至6点36分，在某城市高架道路南向车道上发生了一起多车事故。涉事车辆包括一辆白色轿车和一辆灰色SUV，它们在行驶过程中发生碰撞，导致车辆位置异常，两辆车辆斜停于车道内。事故现场有人员下车交涉，其他车辆被
,2023年7月18日17时21分05秒左右，在外环高速老沪闵路东（内）路段，一辆二轮车从右侧道路边缘进入主车道，驾驶人佩戴头盔，行驶过程中横穿多条车道，与正常行驶的车辆形成交叉冲突。该二轮车未在专用非机动车道或辅道行驶，存在逆行及随意变道行为，对周边车辆造成潜在碰撞风险，导致部分车辆紧急避让，影响了主线交通流的稳定性。该行为属于典型的二轮车辆闯入高速公路禁行区域的异常事件，违反了交通法规，具有较高的安全隐患。,2023年7月16日13时17分至13时18分，外环高速老沪闵路东（内）路段出现严重交通拥堵，该路段为城市高架道路，双向多车道，右侧车道车辆行驶缓慢，车流密集，车辆间距明显缩小，部分车辆处于低速移动或短暂停滞状态，持续时间约1分钟且无缓解趋
,2023年8月14日7时41分至7时42分，外环高速莘庄立交东南方向出现交通拥堵事件。视频显示，多辆汽车在该路段缓慢行驶或处于停滞状态，车辆排成长队，车流密度明显增加，持续时间约一分钟且无缓解趋势。涉事车辆包括白色、蓝色、黑色、红色等多种颜色的轿车、SUV及一辆大型公交车和一辆中型客车，均在正常车道内行驶，未见异常停车、事故或施工迹象。道路两侧有绿化带，路面标线清晰，未发现抛洒物或占道施工设施。拥堵主要集中在桥下路段，影响通行效率，但车辆仍保持有序行驶，未发生追尾或碰撞。整体表现为典型的早高峰时段交通流量大导致的常态化拥堵现象，无其他明显异常行为。,2023年8月14日07时41分至07时42分，外环高速莘庄立交东南方向路段出现交通拥堵事件。该路段为双向多车道高架道路，两侧设有绿化带和护栏，路面标线清晰。视频显示，自07:41:53起，车辆在接近立交桥入口处开始缓慢行驶，车流密度逐渐增
,2023年8月17日08时47分至08时48分，外环高速仙霞路（内）路段出现拥堵交通事件。该路段为双向多车道高速公路，中央设有绿化隔离带，两侧车流密集，车辆以中低速行驶，整体通行缓慢。右侧车道车辆排成长队，间距较小，部分车辆在变道过程中存在急刹行为，导致后方车辆被迫减速避让。左侧车道虽有较大车距，但车流量仍较高，且有多辆大型货车、厢式货车及客车穿行其中，包括红色货车、黄色清障车等车辆，影响了正常通行效率。道路右侧靠近加油站区域可见警车停靠，可能与现场交通管理有关。整个事件持续约1分钟，未见明显事故或抛洒物，但因车流密集、速度不均，形成典型的早高峰拥堵特征，对通行效率造成显著影响。,2023年8月17日08时47分至08时48分，外环高速仙霞路（内）路段出现交通拥堵事件。该路段为双向多车道高速公路，车流密集，主要由轿车、货车及厢式运输车组成，其中右侧车道车辆行驶缓慢，部分车辆处于低速蠕动状态，排队长度持续延伸，未见明显
,2024年3月16日15时18分至15时19分，嘉闵高架西侧定焦03监控点位显示，该路段出现持续性交通拥堵现象。画面中可见多车道车辆行驶缓慢，车流密集，车辆间距明显缩小，部分车辆处于低速蠕动状态，未见明显事故或障碍物。涉事车辆包括各类轿车、SUV及货车，由于车流量大且车辆行驶速度普遍偏低，导致后方车辆排成长队，形成典型的拥堵态势。整体交通流呈现连续性滞缓特征，无突发异常行为或交通事故发生，但拥堵趋势持续存在，影响了道路通行效率。,2024年3月16日15:18至15:19，在嘉闵西侧定焦03路段，发生了一起多车事故。涉事车辆包括一辆白色轿车和一辆蓝色SUV，其中白色轿车的前部与前方车辆发生碰撞，其引擎盖和车门打开，车辆停在行车道上。事故现场有多名人员下车查看情况，部
,2024年6月13日13时15分至13时16分，S20外环高速K69+950南35米处，一辆蓝色货车停靠在道路最左侧车道上，车后有两名人员站立并进行交流。,2023年12月17日13时01分至13时02分，位于S4市区方向至S20内环的路段出现交通拥堵事件。该路段为多车道高架道路，两侧设有隔音屏障和绿化带，上方设有电子监控装置。视频显示，从13:01:59开始，车辆行驶速度明显减缓，车流密度逐
,2024年2月26日16时55分至16时57分，S4市区方向至S20内匝机1路段出现交通拥堵事件。该路段为双向多车道高速公路，右侧车道车辆行驶缓慢，车流密集，车辆间距明显缩小，多辆轿车、货车及一辆白色大巴车在车道内缓慢移动或处于停止状态，部分车辆尾灯亮起，显示刹车频繁。左侧对向车道车流相对顺畅，但右侧车道持续出现排队现象，车队长度超过百米，且无缓解趋势。拥堵区域位于道路中央的汇流区附近，地面标有白色V形导流线，提示此处为车道合并区域，可能是引发拥堵的瓶颈点。涉事车辆包括各类小客车、厢式货车、集装箱卡车及大型客车，均未见异常停车或事故迹象，也无施工设施或抛洒物存在。整体表现为典型的高峰时段交通拥堵，影响了该方向车辆的通行效率，导致后方车辆被迫减速并排长队等待通行。,2024年2月26日16时55分至16时56分，S4市区方向至S20内环高架路段出现严重交通拥堵事件。该路段为多车道高速公路，双向车流密集，其中南向车道车辆排成长队，行驶缓慢，部分车辆处于停滞状态，后方车辆被迫减速或变道绕行。涉事车辆包括多
,2023年9月26日16时27分至16时28分，外环高速吴中入口匝道（外）路段出现拥堵交通事件。该路段位于高速公路主路与匝道交汇处，双向车道中右侧多车道存在车辆行驶缓慢现象，其中主路右侧车道及匝道方向车流尤为密集。涉事车辆包括多辆轿车、货车、厢式货车及少量出租车和工程车辆，车辆在多个车道内缓慢移动或短暂停滞，未见明显事故或停车行为。车辆间距明显缩小，部分车辆频繁变道，导致通行效率降低。受此影响，主路右侧车道及匝道方向车流持续积压，形成较长的排队车队，且无缓解趋势。异常特征表现为车流密度显著增加，车辆行驶速度明显下降，整体呈现典型的拥堵状态，符合拥堵判断标准中的多辆车缓慢移动、排队长度超过正常范围以及发生在匝道等瓶颈区域的特征。,2023年9月26日16时27分至16时28分，外环高速吴中入口匝道（外）路段出现交通拥堵事件。该路段为多车道高速公路，车流密集，主要由轿车、货车及厢式运输车组成，车辆在多个车道内缓慢行驶或处于停滞状态，部分车辆在匝道汇入主路时出现排队现象
,2023年11月2日星期四上午9时22分，外环高速铁山路路段出现交通拥堵事件。现场多车道车辆行驶缓慢，车流密集，主要由轿车、货车及大型客车组成，包括一辆红色JAC集装箱货车、黄色混凝土搅拌车和白色大巴车等。车辆在多个车道内排成长队，车距极短，部分车辆几乎处于静止状态，持续时间超过10秒且无缓解趋势。道路右侧有施工警示标志和锥桶，一辆黄色工程车停靠在应急车道旁，疑似进行道路维护作业，导致车道减少并引发后方车辆变道绕行。整体交通流明显受阻，影响通行效率，符合占道施工引发的拥堵特征。,2023年11月2日星期四上午9时22分至9时23分，外环高速铁山路路段出现交通拥堵事件。该路段为多车道高架道路，车流密集，车辆以缓慢速度行驶，部分车辆处于停滞状态，形成持续性排队现象。涉事车辆包括多辆轿车、货车及一辆黄色工程车，其中黄色工
,2023年12月18日星期一上午10:00至10:01，北环高速同济路立交南段出现交通拥堵事件。该路段为多车道高速公路，路面湿滑，天气阴沉，能见度一般。视频显示，车辆在多个车道上缓慢行驶或完全停止，排队长度持续增加且无缓解趋势，主要集中在靠近立交桥的区域。涉事车辆包括轿车、货车、客车及摩托车等各类机动车，其中以大型货车和公交车为主，部分车辆因车流密集而被迫减速或停驶。右侧车道车辆明显积压，形成连续的拥堵带，导致后方车辆不得不变道绕行或紧急刹车。左侧非机动车道有摩托车正常通行，未受影响。整体交通流呈现低速蠕动状态，符合拥堵判断标准中的多辆车缓慢移动、排队长度超过正常范围、持续一段时间且无缓解趋势等特征。,2023年12月18日星期一上午10:08至10:09，外环高速同济路立交南段出现交通拥堵事件。该路段为多车道高速公路，车流密集，以轿车和货车为主，其中包含一辆红色摩托车。视频显示，车辆在多个车道上缓慢行驶，部分车辆间距极小，整体通行速度明
,2023年7月21日11时30分07秒左右，在外环高速莘庄立交北段，一辆二轮摩托车从画面右侧进入主车道，行驶于多车道高速公路的中间区域，未在专用非机动车道或辅路行驶，佩戴头盔，未见合法牌照标识。周围有多辆轿车和货车正常行，后方车辆需主动避让以避免碰撞，构成典型的二轮车辆闯入高速公路交通异常事件。,2023年7月21日11时30分04秒，在外环高速莘庄立交北段，一辆二轮摩托车从右侧车道驶入主路，行驶于多车道高速公路的中间车道，未在专用通道或允许区域通行。该摩托车驾驶员佩戴头盔，车辆有明显牌照，行驶过程中未见逆行或横穿车道等危险行为，但
,2023年9月5日11时39分至11时40分，S4市区方向至S20内环高架路段发生拥堵事件，现场多辆轿车、货车及厢式运输车在双向车道上缓慢行驶或停滞，车辆排成长队，通行速度显著下降。涉事车辆包括红色集装箱货车、蓝色平板拖车、白色厢式货车以及多辆私家车，其中部分大型货车因体积较大导致变道困难，加剧了交通压力。道路中央设有导流线区域，车辆在此处密集汇聚，未见明显事故或施工迹象，但后方车辆持续排队，形成较长的拥堵链。该路段右侧为隔音屏障，左侧为绿化带，对向车道交通相对顺畅，表明拥堵主要集中在本方向。整体表现为典型的高峰时段或瓶颈路段拥堵特征，无异常停车、占道施工或抛洒物等其他异常情况。,多车事故
,2023年08月15日星期二08:15:20至08:15:36期间，外环高速淞滨路西段出现严重交通拥堵事件。画面显示该路段双向车道中，左侧方向车流密集，车辆行驶缓慢，多辆轿车、货车及客车在多个车道内排成长队，车辆间距极小，整体移动速度明显低于正常通行水平，部分车辆几乎处于静止状态。涉事车辆包括红色大型货车、白色厢式货车、黑色及银色轿车等，均处于低速或停滞状态，未见异常停车或事故迹象。右侧车道车流相对顺畅。拥堵持续时间约15秒且无缓解趋势，符合拥堵判断标准中的多辆车缓慢移动、排队长度超常、发生在道路瓶颈区域等特征，表明该路段存在明显的交通拥塞现象。,多车事故
,2023年7月21日13时00分13秒，在外环高速顾戴路北（内）路段，一辆二轮摩托车驶入主路，行驶过程中未在专用通道或非机动车道内通行，而是直接进入机动车道，佩戴头盔。该车辆在车流中穿行，周围有多辆轿车、货车及大型运输车辆正常行驶。该路段为高速公路，禁止非机动车及二轮车辆通行，该摩托车的行为属于典型的二轮车辆闯入交通异常事件，且无专用二轮车道或明显禁止标志提示，加剧了交通风险。,2023年7月21日13时00分13秒至13时00分35秒，外环高速顾戴路北（内）路段出现抛洒物交通事件。视频显示，该路段为多车道高速公路，两侧有绿化带和护栏，道路上有不明物体，部分车辆在行驶过程中，有车辆因抛洒物影响而采取紧急避让或减速措
,2023年7月18日13时19分59秒，在城市快速路路段，一辆二轮摩托车在机动车道上行驶，驾驶员佩戴头盔，乘车人未佩戴头盔，车辆无明显牌照，车辆正常行驶，不存在逆行及横穿车道的危险行为，该路段无专用二轮车道标识，车辆违反了高速公路禁止二轮车辆通行的规定，构成典型的二轮车辆闯入交通异常事件。,2023年7月18日13时19分59秒，在一条多车道高速公路的左侧车道上，一辆二轮摩托车从画面左侧驶入，驾驶员身穿深色衣物，佩戴头盔，车辆沿最左侧车道正常行驶，未见逆行或横穿等危险行为。该路段为城市快速路，设有明确的机动车道划分，且无专用非
,2024年6月24日18时27分52秒至18时28分50秒，城市高架道路双向车道内，左侧车道（西向东方向）发生异常停车事件。一辆白色厢式货车停在紧急停车带内，车辆开启双闪灯，驾驶员未下车。车辆疑似发生故障，但现场未设置明显警示标志。该车辆长时间静止，属于异常停车行为，未对周围车辆通行造成显著影响，但仍存在潜在安全隐患。,2024年6月24日18:27至18:28，在某高速公路路段，发生了一起多车事故。涉事车辆包括一辆白色轿车和一辆灰色SUV，它们在行驶过程中发生了碰撞，导致车辆位置异常，两辆车辆停在车道中央。事故现场有人员下车交涉，且有交警到场处理，其他车
,2023年11月23日09时17分至09时18分，外环高速虹梅南路路段出现交通拥堵事件。该路段为多车道高速公路，车流密集，主要由轿车、货车及厢式运输车组成，车辆行驶缓慢，部分车辆处于低速移动或短暂停滞状态，排队长度持续延伸，未见明显事故或障碍物导致的突发阻塞。涉事车辆包括多辆大型货车（如红色集装箱车、蓝色厢式货车、装载建材的平板货车）以及各类小型轿车和SUV，均在正常车道内行驶，但因车流量大且车距较近，导致通行效率下降。现场无异常停车、施工围挡、抛洒物或二轮车闯入等现象，也未发现多车碰撞痕迹或人员下车交涉情况。整体表现为典型高峰时段的常态化拥堵，影响范围覆盖多个车道，持续时间约1分钟，符合拥堵判断标准中“多辆车缓慢移动或完全停止”“排队车辆长度超过正常范围”“持续一段时间且无缓解趋势”的特征，属于常规交通拥堵事件。,2023年11月23日08时17分至08时18分，外环高速虹梅南路路段出现交通拥堵事件。该路段为多车道高速公路，双向车流密集，车辆包括轿车、货车、厢式货车及大型集装箱运输车等各类机动车。视频显示，从08:17:05开始，道路右侧车道出现持续
,2024年3月16日14时07分，外环高速沪太立交西1（内）路段出现交通拥堵事件，现场多辆机动车在行车道上缓慢行驶或完全停止，车辆排队长度较长且持续无缓解趋势，主要涉事车辆包括多辆轿车、货车及集装箱运输车，车道内车辆密集，车距明显缩短，部分车辆因前方拥堵而减速或停车，导致整体通行效率下降，该区域为高速公路瓶颈路段，受拥堵影响，后方车辆被迫跟随减速，形成连续性缓行现象，未见明显事故或障碍物，但车流密度显著高于正常水平，符合拥堵判断标准。,多车事故
,2024年5月24日12时42分44秒至12时43分42秒，外环高速丰翔路南段监控显示，一辆红色集装箱货车停在右侧车道内长时间静止。车辆已开启双闪灯，驾驶员不在车内，疑似发生故障临时停车。停车位置位于行车道上，非紧急停车带区域，未设置三角警告牌。监控期间未对后方车辆通行造成直接影响，现场无施工设施、抛洒物或其他车辆碰撞痕迹。该行为符合异常停车判断标准，存在潜在安全隐患，对道路通行造成一定影响。,多车事故
,2023年11月5日星期日上午9时22分至9时24分，位于城市高架桥路段的交通监控画面显示，该区域出现持续性拥堵现象。事发地点为多车道高架道路，背景可见城市高楼与立交桥结构，路旁设有“限高3米”标志。视频中车辆密集，车流缓慢移动，未见明显事故或障碍物，但车辆间距较小，行驶速度普遍偏低，尤其在左侧车道形成排队缓行趋势，部分车辆多次变道试图提速，造成局部通行效率下降。涉事车辆包括各类轿车、SUV、货车及一辆黄色出租车和白色面包车等，均处于正常行驶状态，无异常停车、碰撞或抛洒物迹象。整体影响表现为通行能力受限，车辆排队长度逐渐延长，持续时间超过两分钟且未缓解，符合拥堵判断标准中的“多辆车缓慢移动或完全停止”、“排队车辆长度超过正常范围”以及“持续一段时间且无缓解趋势”。该拥堵可能由上游交通压力或匝道汇入车辆增多导致，属于典型的城市早高峰时段交通拥堵事件。,2023年11月5日星期日上午9时22分至9时23分，位于城市高架道路的市区方向入口附近路段发生一起多车事故。事故发生在高架桥上由南向北行驶的车道中，涉事车辆包括一辆白色面包车、一辆黑色轿车及后方多辆跟随车辆。视频显示，该车在行驶过程中出现
,2023年7月18日星期二07:08:34至07:09:32期间，在一条多车道城市快速路的左侧车道上，一辆蓝色货车在右侧应急车道内完全静止，未开启双闪灯，车辆处于异常停车状态，该行为持续30秒。周围有多辆正常行驶的车辆，包括货车、客车和私家车，后方车辆被迫减速绕行，造成短时交通流紊乱。该车长时间停留在非停车区域，未见任何警示标志或故障迹象，明显违反交通规则，构成异常停车事件。,2023年7月18日星期一早上7点08分至7点09分，位于城市快速路某路段（道路两侧有绿化带，道路标线清晰）出现持续性交通拥堵。该路段为多车道高速公路，双向通行，右侧车道车辆排成长队，车流缓慢移动，部分车辆处于停滞状态，持续时间约一分钟且无
,2024年6月23日14时08分59秒至14时09分20秒，外环高速沪太立交东2枪机2监控画面显示，在雨天湿滑路面上，一辆白色警车停靠在右侧应急车道上，车顶警灯闪烁，属于异常停车事件。,2024年6月23日14时08分至14时09分，外环高速沪太立交东2枪机2监控画面显示，该路段为多车道高速公路，路面湿滑，天气为雨天。在视频起始阶段，一辆白色厢式货车在右侧车道完全停止，且驾驶员未下车查看情况，也无明显故障迹象。该车停靠位置
,2023年8月15日16时10分至16时11分，外环高速沪嘉地道2（外）路段发生拥堵事件。该路段位于曹安公路出口3公里处，视频显示多车道内车辆密集，车流缓慢移动或完全停滞，排队车辆长度显著超过正常范围，持续时间较长且无缓解趋势。涉事车辆包括多种类型，如白色厢式货车、红色和蓝色集装箱卡车、大型油罐车、黄色厢式货车以及多辆轿车和SUV，均在车道内缓慢行驶或停止。部分大型货车如油罐车和集装箱车占据较大空间，加剧了通行压力。由于车道数量未减少，也未见施工设施或抛洒物，判断为因车流量过大导致的交通拥堵，车辆普遍处于低速行驶状态，后方车辆被迫减速并保持安全距离，整体通行效率明显下降，属于典型的城市高速路瓶颈区域拥堵现象。,2023年8月15日16时10分至16时11分，外环高速沪嘉地道2（外）路段出现交通拥堵事件。该路段位于曹安公路出口3公里处，监控画面显示多车道车辆行驶缓慢，车流密集且持续排队，车辆间距明显缩小，部分车辆处于低速移动或短暂停滞状态。涉事车辆
,2024年1月13日12时51分至12时52分，外环高速吴中入口匝道（外）枪机2监控画面显示，该路段出现持续性交通拥堵。涉事车辆包括多辆轿车、货车及厢式货车，其中以白色、银色和红色车辆为主，部分大型货车载有集装箱或货物。车辆在多个车道内缓慢行驶，车距明显缩短，形成连续排队现象，尤其在右侧主车道与中间车道交汇区域，车辆行驶速度极低，存在频繁刹车与停顿行为。拥堵影响范围覆盖约2公里以上，导致后方车辆被迫减速或变道绕行，通行效率显著下降。异常特征表现为：车流密度高、车速缓慢、无明显事故或障碍物阻塞，但车辆持续滞留且未见缓解趋势，符合典型拥堵事件特征。对向车道车流相对正常，未受明显影响。,2024年1月13日12时52分至12时53分，外环高速吴淞江桥路段出现严重交通拥堵，多车道车辆缓慢行驶或完全停滞，车流密集且持续时间较长，影响范围覆盖多个车道。涉事车辆包括大量货车、客车及私家车，其中部分大型货车占据车道，导致通行效率显著
,2021年6月16日16:13:09至16:14:05，在外环高速虹梅南路路段，一辆白色轿车在行车道上异常停车，车辆完全静止且开启双闪灯，驾驶员不在车内，导致后方多辆车被迫减速避让，交通流出现短暂滞缓，显示出明显的异常停车特征。,2024年6月16日16时13分至16时14分，外环高速虹梅南路路段发生一起多车事故。事故发生在道路左侧车道，涉事车辆包括一辆白色轿车和一辆黑色轿车，视频中二车已经追上并并行于后方多辆小型轿车和货车之间。事故导致该车道交通流受阻，后方车辆被
,2024年3月13日17时24分至17时26分，外环高速吴淞江桥南路段出现交通拥堵事件。该路段为双向多车道高速公路，右侧方向车流密集，车辆行驶缓慢，形成连续的排队现象，部分车辆处于低速或短暂停滞状态，持续时间超过2分钟且无缓解趋势。涉事车辆包括多辆轿车、货车及出租车，其中可见黄色拖车、红色集装箱货车、白色面包车等各类车型均参与通行。车辆在各车道内有序但缓慢前行，未见明显碰撞或异常停车行为，也无施工设施或抛洒物迹象。拥堵影响范围较长，涉及多个车道，导致后方车辆被迫减速并保持较近距离跟随，整体交通流呈现典型高峰时段拥堵特征，符合“拥堵”判断标准。,2024年3月13日17时24分至17时25分，外环高速吴淞江桥南路段出现交通拥堵事件。该路段为双向多车道高速公路，车流密集，主要由轿车、货车及厢式运输车组成，其中右侧车道车辆行驶缓慢，部分车辆处于低速蠕动状态，排队长度持续增加，影响通行效
,2023年12月9日14时29分至14时30分，嘉闵高架西侧定焦04监控点位显示，元江路方向500米处路段出现交通拥堵事件。该路段为多车道隧道路段，左侧为隔音屏障，右侧为护栏，车辆在隧道内行驶。画面中可见大量机动车在右侧车道缓慢行驶或停滞，车流密度较高，车辆间距明显缩小，部分车辆刹车灯持续亮起，表明车速极低或处于缓行状态。涉事车辆包括白色、黑色、蓝色、红色等多种颜色的轿车、SUV及厢式货车，其中一辆黄色工程车在车流中缓慢前行，未见异常停车或事故迹象。车辆整体呈排队缓行状态，无明显碰撞或抛洒物，也无施工设施或二轮车辆闯入情况。拥堵影响范围较长，持续时间约一分钟，且无缓解趋势，符合拥堵判断标准中的“多辆车缓慢移动或完全停止”“排队车辆长度超过正常范围”“持续一段时间且无缓解趋势”等特征，判定为典型交通拥堵事件。,2023年12月9日14时29分至14时30分，嘉闵高架西侧定焦04监控点位显示，元江路方向500米处发生交通拥堵事件。该路段为双向多车道高架道路，右侧车道车辆行驶缓慢，车流密集，车辆间距明显缩小，部分车辆刹车灯持续亮起，形成缓行状态。涉事
,2024年5月11日18时06分39秒，在外环高速龙吴路路段，一辆黑色轿车在最左侧行车道内异常停车，车辆开启双闪灯，驾驶员下车后在车旁停留，导致后方车辆紧急减速并绕行，造成短时交通拥堵。该车辆长时间静止于非停车区域，符合异常停车行为。,2024年5月11日18时05分至18时06分，外环高速龙吴路路段在雨雾天气条件下发生一起多车事故。事故发生在道路右侧车道，涉事车辆包括一辆白色轿车、一辆白色外卖箱车，其中白色轿车与前方车辆发生追尾，白色外卖箱车因避让事故车辆而紧急刹车，导
,2024年3月17日09:30:16至09:31:14期间，外环高速曹安路北方向路段出现抛洒物交通事件。视频显示，该路段为多车道高速公路，车流密集，包含轿车、货车、厢式货车及工程车辆等多种车型。在视频中段，一长条状异物位于道路中央。后续车辆虽未出现急刹或绕行行为，但部分车辆减速避让，表明存在潜在安全隐患。该事件未造成车辆碰撞或严重拥堵，但因货车行驶中可能发生的货物抛洒，符合“抛洒物”异常类型特征，需关注货车装载安全状况。现场无施工设施、无人员下车处理，亦无其他车辆停靠或事故迹象。,2024年6月7日17时30分至17时31分，外环高速曹安路北段出现交通拥堵事件。该路段为多车道高架道路，车流密集，主要由轿车、货车及厢式运输车组成，车辆在多个车道内缓慢行驶或停滞，部分车辆在车道间频繁变道，导致通行效率下降。涉事车辆包括红
,2023年7月21日18时03分01秒，在S20外环至S4金山方向的高架道路上，一辆摩托车从右侧车道驶入主路，驾驶员佩戴头盔，车辆在车流中穿行，未见明显禁止二轮车通行标志，但该路段为城市快速路，通常禁止非机动车及二轮车通行。摩托车在车流中穿插行驶，存在横穿车道行为，影响后方车辆正常通行，导致部分车辆紧急避让或减速，构成交通安全隐患。该事件符合二轮车辆闯入判断标准，属于违规进入禁行区域的危险驾驶行为。,2023年7月21日18时02分至18时03分，S20外环线至S4金山方向高架路段出现交通拥堵事件。该路段为双向多车道高架道路，两侧有绿化带和立交桥结构，车流密集，车辆以缓慢速度行驶，部分车辆刹车灯持续亮起，表明车速明显降低。涉事车辆包括多
,2024年5月23日20:01至20:02，在外环高速吴淞江桥路段，发生了一起多车事故。涉事车辆包括一辆红色货车、一辆白色面包车。红色货车在行驶过程中突然停在行车道上，导致后方的白色面包车和多辆小型轿车紧急刹车并出现轻微碰撞，车辆位置异常，部分车辆横跨车道或斜停。事故现场有人员下车查看情况，交通秩序受到影响，后方车辆被迫减速或绕行，形成了短暂的交通拥堵。该事件的异常特征表现为车辆在非停车区域完全静止，且无交通信号灯或标志允许停车，驾驶员不在车内，下车进行交涉，后方车辆被迫绕行或减速，符合多车事故的判断标准。,2024年5月23日20时01分56秒至20时02分56秒，外环高速吴淞江桥路段发生一起多车事故。事故发生在夜间，监控画面显示该路段车流量较大，车辆行驶缓慢。在右侧车道中，一辆白色轿车与前方货车发生追尾。涉事车辆包括白色轿车、白色厢式货车及
,2024年1月12日12时07分至12时08分，在外环高速虹梅南路路段，发生了一起拥堵交通事件。视频显示，该时间段内多辆货车和轿车在高速公路上缓慢移动或完全停止，排队车辆长度超过正常范围且持续一段时间无缓解趋势，明显发生在道路瓶颈区域。涉事车辆包括红色箱式货车、白色厢式货车、油罐车以及多辆小型轿车和面包车，它们在车道上缓慢前行或停滞不前。这一情况导致后方车辆被迫减速或停车等待，严重影响了道路的通行效率，呈现出典型的交通拥堵特征。,2024年1月12日12时07分至12时08分，外环高速丰翔路南段出现严重交通拥堵事件。该路段为多车道高架道路，车流密集，主要由货车、客车及各类厢式运输车辆组成，包括油罐车、集装箱货车、厢式货车、大巴车及小型轿车等。视频显示，车辆在多个车道
,2023年12月21日17时11分58秒至17时12分55秒，外环高速莘庄立交东南方向出现拥堵交通事件。视频显示该路段为高架桥段，多车道中左侧车道车辆行驶缓慢，车距紧密，多辆轿车、SUV及一辆白色大巴车依次排队前行，车速明显低于正常通行速度，部分车辆处于缓行或短暂停顿状态。右侧车道虽有车辆快速通过，但整体流量较大，存在明显车流压力。涉事车辆包括白色宝马、奥迪、大众、丰田等品牌轿车及SUV，均开启前大灯，表明光线条件较差。由于车流密集且持续时间较长，导致道路通行效率下降，后方车辆被迫减速并列行驶，形成典型的交通拥堵现象。该区域无施工迹象、无异常停车、无二轮车闯入、无事故碰撞痕迹，也未见抛洒物，主要异常特征为车辆密度高、车速低、排队长度持续增长，符合拥堵判断标准。,2023年12月21日17时12分至17时13分，外环高速莘庄立交东南方向路段出现交通拥堵事件。该路段为双向多车道高架道路，右侧设有隔音屏障，左侧为绿化带。视频显示，从17:12:00开始，多辆机动车在该路段缓慢行驶，车流密集，车辆间距明显
,2024年2月9日22时14分08秒至22时14分16秒，在武宁路地道南线西向东066(2CAM32)处，发生了一起多车事故。视频中可见三辆轿车在隧道内行驶过程中发生了碰撞，涉事车辆包括一辆红色轿车、一辆银色轿车和一辆蓝色SUV。红色轿车与蓝色SUV明显减速至停止后，导致银色轿车无法及时刹车，形成连环碰撞。事故导致车辆位置异常，红色轿车斜停在车道上，银色轿车和黑色轿车则紧随其后，刹车痕迹明显。交通秩序受到严重影响，隧道内出现短暂拥堵现象。,2024年2月9日22时14分，武宁路地道南线西向东路段发生一起多车事故。事故发生在隧道内行车道上，涉事车辆包括多辆轿车和SUV，其中红色轿车在行驶过程中与前方车辆发生追尾碰撞，导致后方车辆位置异常，部分车辆横跨车道或斜停，引发后方车辆紧急
,2023年12月18日09:26至09:27期间，外环高速莘庄立交东（外）路段出现交通拥堵事件。该路段为多车道高速公路，车流密集，包含轿车、货车、客车等多种车型，其中红色和白色货车较为显著。车辆在多个车道上缓慢行驶或处于停滞状态，尤其在靠近立交桥区域的车道内形成连续排队现象，车距明显缩短，部分车辆频繁变道，通行效率显著下降。拥堵主要集中在主线与匝道交汇处，受前方车流影响，后方车辆被迫减速并逐渐积压，导致整体通行速度降低。路面湿滑，可能加剧了驾驶操作的谨慎性，进一步影响通行流畅度。未见明显事故、施工或抛洒物等直接诱因，推测为高峰时段车流量过大所致。此拥堵持续时间较长，对周边道路通行造成较大影响。,2023年12月18日09:26至09:27期间，外环高速莘庄立交东（外）路段出现严重交通拥堵。该路段为多车道高速公路，双向车流密集，其中南向北方向车辆排成长队，行驶缓慢，部分车辆处于停滞状态，持续时间约一分钟且无缓解趋势。涉事车辆包括大量
,2023年07月18日16时52分30秒左右，在外环高速蕴川立交东1枪机2监控区域，一辆二轮摩托车沿第四车道驶入机动车道，未在非机动车道或专用通道内通行，属于闯入禁止通行区域的行为。该摩托车驾驶员佩戴头盔，车辆无明显牌照信息，行驶过程中未见逆行或横穿车道等危险行为，但其进入机动车道的行为违反了高速公路交通管理规定，对正常行驶的车辆构成潜在安全隐患。由于该路段为封闭式高速公路，本应禁止二轮车辆通行，因此该行为属于典型的二轮车辆闯入事件。,2023年07月18日16时52分30秒左右，在外环高速蕴川立交东路段，一辆二轮摩托车从右侧车道驶入主路，行驶于多车道车流中，未在专用非机动车道或辅路行驶，且无明显禁止标志区域，该车辆在车流中穿行，存在逆行和横穿车道的危险行为，驾驶员佩戴头
,2024年5月10日23时23分58秒至23时24分56秒，外环高速莘庄立交东（外）路段出现异常停车事件。一辆红色货车停靠在右侧车道上，车头朝向正常行车方向，车辆开启双闪灯。该车辆长时间静止不动，导致后方多辆车辆被迫减速绕行。由于夜间光线较暗，加上车流密集，该异常停车行为增加了后方车辆的碰撞风险，存在较大安全隐患。整个过程中，该货车未见任何移动或处理迹象，持续影响通行秩序。,2024年5月10日23时24分，在外环高速莘庄立交东（外）路段，发生一起多车事故。事故位于道路中间车道，涉及至少两辆轿车和一辆白色SUV，其中一辆轿车与前方车辆发生追尾，导致车辆位置异常，明显处于混沌状态。事故发生后，后方车辆紧急避让或减
,2023年07月18日17时15分39秒，在外环高速沪太立交东1-1 03路段，一辆二轮摩托车从画面下方驶入主车道，行驶方向与机动车一致，驾驶员佩戴头盔，车辆有明显牌照。该摩托车一直沿第一车道向前行驶，期间未出现逆行或横穿行为，但其出现在无专用二轮车道的高速道路上，属于禁止通行区域，构成二轮车辆闯入交通事件。该行为对周边车辆造成潜在干扰，存在安全隐患，尤其在车流密集区域可能引发紧急避让情况。现场未见其他车辆因该行为发生急刹或碰撞，但其闯入行为本身已违反交通规则，属于典型二轮车辆闯入异常事件。,2023年7月18日17时15分38秒，在外环高速沪太立交东1-1 03路段，一辆二轮摩托车从画面左侧驶入高速公路行车道，行驶方向与机动车一致，驾驶员佩戴头盔，车辆有明显牌照。该摩托车在多车道高速环境中穿行，存在严重安全隐患，导致后方车辆紧
,2023年7月15日12时03分58秒，在外环高速天山路路段，一辆二轮摩托车驶入主路，穿越车道后继续沿道路行驶。该车辆未在专用通道或允许区域通行，且在车流密集的高速公路上存在横穿车道等危险行为。其闯入行为导致周边车辆紧急避让，影响了正常行车秩序，构成严重的交通安全隐患。,2023年7月15日12时03分至12时04分，位于城市高架道路的某路段（监控画面显示为G60市区方向至S20内环方向）发生拥堵事件。该路段为多车道高速公路，双向车流密集，右侧车道车辆行驶缓慢，部分车辆处于低速蠕动状态，持续时间约1分钟且无
,2024年6月21日星期五上午8时28分50秒至8时29分30秒期间，在一条多车道城市高架道路的主行车道上发生了一起多车事故。事发地点位于高架桥中间偏右侧车道，路面湿滑，能见度较低，可能受雨天影响。涉事车辆包括一辆黑色SUV、一辆黑色车这些车辆在行驶过程中因距离过近或避让不及导致追尾碰撞。事故中，黑色SUV换道与黑色车相撞，导致其后方车辆拥堵，造成车辆位置异常，部分车辆横跨车道或斜停。事故导致该路段交通严重拥堵，后方车辆被迫减速或绕行，车流缓慢移动，持续时间超过30秒且无缓解趋势。现场未见人员下车交涉或交警到场处理，但车辆灯光闪烁，存在紧急避让行为，符合多车事故的典型特征。,2024年6月21日星期五早上8点28分至8点29分，在一条多车道的高架桥上发生了一起多车事故。涉事车辆包括一辆白色轿车和一辆灰色SUV。在视频中可以看到，白色轿车和灰色SUV发生了碰撞。事故导致车辆位置异常，部分车辆横跨车道或斜停在路中央
,2024年5月25日星期六凌晨1点02分36秒左右，在一条双向多车道的城市快速路应急停车区内，监控显示共有两辆红色货车停靠：一辆红色平板货车和一辆红色厢式货车。平板货车已开启双闪灯，驾驶员下车在车旁走动；厢式货车未开启双闪灯，驾驶员状态不明。车辆停放在应急停车区内，周围无施工设施、二轮车辆闯入或抛洒物迹象，也未见明显事故痕迹。尽管车辆停在应急停车区，但其异常停车行为仍存在潜在交通安全隐患，如可能导致后续车辆减速或避让，对正常通行秩序产生影响。整个事件未发生重大事故，但需要引起注意。,2024年05月25日星期六01:02:38至01:03:35，在某高速公路路段，发生了一起多车事故。涉事车辆包括一辆白色轿车和一辆白色SUV，白色轿车在右侧车道上发生了碰撞，导致车辆位置异常，斜停在车道上。事故现场有人员下车查看情况，其他
,2024年6月4日06时31分左右，在S4市区方向至S20内环的高架道路上，发生一起多车事故。事故地点位于道路中间车道，涉事车辆包括一辆红色货车、一辆灰色SUV。事故发生后，红色货车停在左侧车道，驾驶员下车站在车旁，开启双闪灯，且车辆未正常靠边停车。灰色SUV停在匝道口，与后方车辆形成拥堵，导致后续多辆车被迫减速或变道绕行。现场可见多辆汽车排队缓行，交通流明显受阻，持续时间超过1分钟，造成局部拥堵。事故未见明显碰撞痕迹，但车辆位置异常，存在追尾风险，且无交警或救援人员到场处理，属于典型的多车事故场景。,多车事故
,2023年11月28日星期二13时44分至13时45分，某城市双向多车道高速公路出现严重交通拥堵事件。事发路段为城市主干道，道路两侧绿树成荫，中间由绿化带分隔。右侧车道车辆密集，形成长队缓行状态，车流缓慢移动，部分车辆几乎处于静止状态，车辆间距极小，存在明显的排队现象，持续时间超过一分钟且无缓解趋势，符合拥堵判断标准。左侧车道虽有车辆正常行驶，但车流量也较大，整体通行效率明显下降。车辆包括各类轿车、货车、厢式货车及客车，其中大型货车占比显著，尤其在右侧车道中连续出现多辆集装箱货车和厢式货车，进一步加剧了道路通行压力。未见异常停车、施工设施、抛洒物或事故迹象，亦无二轮车辆闯入情况。该拥堵影响范围较长，涉及多个车道，导致后方车辆被迫减速或变道，通行能力大幅降低，属于典型的城市高峰时段交通拥堵事件。,多车事故
,2024年6月21日13时39分至13时40分，外环高速沪渝立交段出现异常停车事件。一辆黑色轿车在右侧车道行驶过程中并完全静止，车辆开启双闪灯，驾驶员未下车，车辆位置处于行车道内，非停车区域。该车停驶后，后方多辆汽车被迫减速避让，导致短时交通流受阻，影响了道路通行效率。该行为不符合高速公路临时停车规定，且无任何警示标志或故障迹象，构成典型异常停车。,多车事故
,2021年01月11日12时16分至12时17分，在外环高速京沪立交（内）路段，发生了一起拥堵交通事件。视频显示，大量车辆在该路段缓慢移动或完全停止，涉及多辆货车和轿车，其中红色和白色的货车尤为显眼。这些车辆在车道上密集排列，导致交通流严重受阻，排队车辆长度远远超过正常范围，并且持续一段时间内没有明显的缓解趋势。此拥堵现象发生在高速公路的瓶颈区域，严重影响了道路通行效率，造成了交通异常特征明显，具体表现为车辆行驶速度极低、车道占用率高以及后方车辆被迫减速或停滞。,2024年1月11日12时15分至12时17分，外环高速京沪立交（内）路段出现严重交通拥堵事件。该路段为双向多车道高速公路，左侧车道车辆密集，排队长度超过正常范围，车辆行驶缓慢或处于停滞状态，形成明显的拥堵带，持续时间约一分钟且无缓解趋势。
,2023年9月12日16时42分至16时43分，嘉闵高架东侧汇聚机箱监控区域出现交通拥堵事件。该路段为多车道城市快速路，车流密集，车辆以缓慢速度行驶，部分车辆间断性停顿后继续前行，整体通行效率显著下降。涉事车辆包括白色面包车（车牌号沪ALH576）、黑色特斯拉（车牌号沪ABH2992）、黑色奔驰SUV（车牌号沪FEV108）以及多辆轿车和小型客车，均在正常车道内行驶，未见异常停车、事故或施工迹象。车辆在汇入主路的匝道口附近形成排队现象，导致右侧车道车流密度增加，后方车辆被迫减速并频繁变道，影响了道路通行能力。该拥堵持续约1分钟，未见明显外力干扰，推测为高峰期车流量过大所致，属于典型的城市快速路瓶颈区域拥堵特征。,2023年9月12日16时42分至16时43分，嘉闵高架东侧汇聚机箱路段出现交通拥堵事件。该路段为多车道高架道路，车流密集，车辆以缓慢速度行驶，部分车辆刹车灯持续亮起，表明车速明显降低。涉事车辆包括各类轿车、SUV、面包车及少量货车，均在正
,2023年7月18日13时13分37秒，外环高速仙霞路（内）路段出现二轮车辆闯入交通事件。一辆摩托车沿最左侧道路行驶，可见驾驶员佩戴头盔，车辆牌照信息可见。该路段为城市快速路，无专用二轮车道，摩托车闯入属于严重违规行为。周围车辆因避让该二轮车而出现短暂变道和减速现象，对正常交通秩序造成干扰，存在较大安全隐患。此事件符合二轮车辆闯入判断标准，具有明显的异常特征。,2023年7月18日13时13分至13时14分，外环高速仙霞路（内）路段出现拥堵交通事件。该路段为多车道高速公路，双向车流密集，车辆包括轿车、货车、客车及大型运输车辆等。从视频画面可见，右侧车道车辆行驶缓慢，部分车辆处于低速移动或短暂停滞状
,2023年7月20日18时38分43秒，在外环高速丰翔路-1 02路段，一辆二轮摩托车在中间车道上行驶，驾驶员身穿白色上衣并佩戴头盔，车辆在行驶过程中未见明显违规行为，但其进入高速道路的行为属于闯入禁止通行区域。该二轮车在车流中穿行，与多辆轿车和货车保持较近距离，存在安全隐患，后方车辆未出现紧急避让或减速情况，但其行为违反了高速公路禁止二轮车辆通行的规定，构成交通异常事件。,2023年7月20日18时38分45秒，在外环高速丰翔路-1 02路段，一辆二轮摩托车从画面下方驶入主车道，驾驶员身穿白色上衣并佩戴头盔，车辆在多车道高速公路上行驶，未见专用二轮车道或明显禁止标志，该行为属于闯入禁止通行区域的危险驾驶行为，
,2023年7月21日18时34分12秒，在外环高速仙霞路（内）路段，一辆二轮车辆进入高速公路主车道，行驶于拥堵车流中，其行为违反了高速公路禁止非机动车及二轮车通行的规定。该二轮车辆在湿滑路面条件下穿行于多车道车流之间，佩戴头盔但无明显牌照标识，存在严重安全隐患。由于当时正值雨天，路面湿滑，车速较慢但车流量大，该车辆的闯入对交通秩序和行车安全构成威胁，属于典型的二轮车辆闯入异常事件。,2023年7月21日18时34分，外环高速仙霞路（内）路段出现严重交通拥堵，现场多车道车辆行驶缓慢，车流密集且持续无缓解趋势，大量轿车、货车及客车在湿滑路面上缓慢移动或短暂停滞，部分车辆因避让积水区域而减速变道，右侧车道车辆尾灯亮起，显示刹
,2023年7月27日13时43分至13时45分，外环高速吴中入口匝道处发生一起异常停车事件。一辆红色货车在靠近右侧车道的行车道内突然减速并完全静止，驾驶员也未下车查看情况，车辆持续停在行车道上约30秒，导致后方多辆汽车被迫减速绕行，造成短时交通拥堵。该行为发生在主干道与匝道交汇区域，周围车流密集，存在较大安全隐患。一辆黄色维修车在涉事车辆前停靠，车身无明显故障标识，但其非正常停车行为严重影响了道路通行秩序，且未采取任何警示措施，符合异常停车的全部判断标准。,2023年7月27日13时44分，外环高速吴中入口匝道（内）路段出现交通拥堵事件。该路段为多车道高速公路，车流密集，主要由轿车、货车及少量客车组成，车辆在多个车道内缓慢行驶或处于停滞状态，部分车辆在车道间频繁变道，导致通行效率下降。涉事车辆
,2023年12月20日10时33分至10时34分，G60市区方向至S20内1路段出现交通拥堵事件。该路段为高架桥弯道区域，多辆机动车包括轿车、货车等在车道内缓慢行驶或完全停止，车辆间距极小，车流密度高，持续时间约一分钟且无缓解趋势。涉事车辆中可见红色集装箱货车、白色厢式货车及多辆私家车，均处于低速通行状态。道路两侧无施工设施或明显障碍物，也未见事故迹象，但因车辆密集导致通行效率显著下降，后方车辆被迫减速并排排队前行，形成典型拥堵现象，影响了该路段的正常交通秩序。,2023年12月26日10时33分至10时34分，G60市区方向至S20内环高架桥路段出现交通拥堵事件。该路段为双向多车道高架道路，左侧为绿化带，右侧为城市道路，车流密集，车辆行驶缓慢，部分车辆处于低速移动或短暂停滞状态，排队长度持续延伸，
,2023年7月15日13时08分13秒，在外环高速吴淞江桥路段，一辆二轮摩托车在画面左侧出现，沿最左侧主车道行驶于多辆货车与轿车之间。驾驶员佩戴红色头盔，车辆牌照信息清晰可见。摩托车虽然不存在逆行、横穿车道等危险行为，但该路段为高速公路，禁止二轮车辆通行，且无专用非机动车道。该行为影响了正常交通秩序，构成典型二轮车辆闯入交通异常事件。,2023年7月15日15时03分15秒，在外环高速吴淞江桥路段，一辆二轮摩托车从右侧车道驶入主路，行驶于多车道高速公路的中间车道，该区域为禁止非机动车通行的快速路，且无专用二轮车道或明显禁止标志，驾驶员佩戴头盔，车辆有牌照，其行为属于闯入禁
,2023年7月19日09时17分00秒，在外环高速铁力路西枪机2监控点位，一辆二轮摩托车从画面左侧驶入主车道，沿道路中间区域行驶，未在专用非机动车道或应急车道内通行，且无明显禁止标志的情况下进入高速公路主路，存在逆行和横穿车道的危险行为，驾驶员未佩戴头盔，车辆无牌照，该行为违反了高速公路禁止二轮车辆通行的规定，对后方正常行驶的车辆构成潜在安全隐患，导致部分车辆紧急避让，影响了道路通行秩序。,2023年07月19日星期三09时17分，外环高速铁力路西段监控画面显示，一辆二轮摩托车从左侧车道驶入主路，行驶于多车道高速公路的中间车道，未见其在专用通道或合法入口进入，且无明显禁止标志区域。该摩托车驾驶员佩戴头盔，车辆有牌照，行驶过程中
,2023年12月23日09:13至09:14期间，S20内至G60出省方向的高架道路上发生拥堵事件，地点位于通往杭州方向与浦东机场方向交汇处附近。画面中可见多辆机动车在该路段缓慢行驶或处于停滞状态，包括轿车、货车、厢式车等各类车辆，其中一辆红色平板货车较为显眼，位于车流中部。车辆排队长度超过百米，持续时间较长且无明显缓解趋势，交通流明显受阻。该路段为城市快速路，由于车距极短、车速极慢，部分车辆出现频繁刹车行为，表明存在典型的交通拥堵特征。未见施工设施、事故痕迹或抛洒物，也无二轮车辆闯入或异常停车现象，因此判断为因流量过大导致的正常拥堵。,多车事故
,2024年6月7日星期五上午9时11分，位于城市快速路主车道上，一辆白色面包车在左侧第二条行车道中央完全静止，车辆开启双闪灯，驾驶员下车处理，周围车辆被迫减速绕行，造成后方车辆行驶受阻。,2024年6月7日星期五上午11时37分至11时38分，位于城市快速路某路段（道路标线内）发生交通拥堵事件。该路段为多车道高速公路，两侧设有绿色护栏，路面标有“非机动车”字样。视频显示，从11时37分开始，该路段车辆行驶速度明显减缓，车流密
,2024年01月01日09:29:40至09:29:58，在外环高速嘉闵立交东1枪机2处，多辆汽车在道路上缓慢移动或完全停止，形成明显的交通拥堵现象。涉事车辆包括白色、蓝色、红色等多种颜色的轿车和SUV，它们在多个车道上依次排队，无法快速通行。这种拥堵情况导致车辆行驶速度显著降低，排队长度超过正常范围，并且持续一段时间内没有缓解的趋势，明显发生在道路瓶颈区域，影响了整体交通流畅性。异常特征表现为车辆密集、行驶缓慢以及部分车辆试图变道以避开拥堵，进一步加剧了交通压力。,2024年01月01日星期一上午09:29至09:29:48期间，在外环高速吴中路路段，多辆汽车在行车道上发生事故，涉事车辆包括一辆白色SUV和一辆蓝色轿车，两车停在行车道上，导致该路段交通严重拥堵，后续车辆被迫减速或停滞，影响范围覆盖多个
,2024年6月21日12时37分50秒至12时38分48秒，位于城市快速路双向车道中，右侧应急车道上有一辆白色货车、一辆红色货车长期停靠，车身闪烁警示灯，未见驾驶员下车作业，后方有一辆黄色工程车（疑似道路养护或救援车辆）。持续阻碍了应急车道的正常使用。由于其停放位置在主干道旁，未造成严重拥堵或事故。此行为符合异常停车特征，即车辆在非停车区域完全静止、无允许停车标志、未按规定开启警示灯，且存在对交通流的潜在干扰。,2024年6月21日12时37分至12时38分，位于城市快速路某路段（具体位置未标注）出现持续性交通拥堵事件。该路段为多车道高速公路，两侧设有绿化带和护栏，路面湿滑，天气阴沉。视频显示，从12:37:53开始，该路段车流密集，车辆行驶缓慢，
,2024年6月14日08时15分45秒至08时16分42秒，外环高速吴淞江桥南路段发生一起多车事故。事故位于高速公路右侧应急车道附近，涉事车辆包括一辆银色面包车和一辆白色SUV，两车均停靠在应急车道上，且有人员下车站在车旁。现场未见明显碰撞痕迹或车辆损坏情况，但车辆长时间静止，驾驶员已下车，存在异常停车行为。该事件导致后方车辆需绕行或减速通过，对交通流造成一定影响，符合多车事故的判定标准。,多车事故
,2024年5月9日19时00分至19时01分，外环高速曹安路北方向路段出现异常停车事件。一辆小轿车在最右侧应急车道内长时间静止不动，车辆尾灯亮起，开启双闪警示灯，且无驾驶员下车或车辆故障迹象。该车停靠在右侧应急车道，周围其他车辆正常行驶，该行为符合异常停车特征，存在安全隐患，影响道路通行效率。,2024年5月9日19时00分至19时01分，外环高速曹安路北方向路段出现严重交通拥堵事件。该路段为多车道高速公路，车流密集，车辆以缓慢速度行驶，尾灯连成一片红色光带，表明车辆处于低速或停滞状态。涉事车辆包括大量轿车、货车、厢式货车及大型运
,2023年7月21日10时55分30秒，在外环高速吴淞江桥南段，一辆摩托车驶入主路，进入正常行驶的车流中，驾驶员佩戴头盔，车辆有明显牌照，该行为属于二轮车辆闯入高速公路禁止通行区域，且该路段无专用二轮车道或明显禁止标志，影响了行车安全与交通秩序，构成典型的二轮车辆闯入异常事件。,2023年7月21日10时55分30秒左右，在外环高速吴淞江桥南路段，一辆二轮摩托车从右侧车道驶入主路，行驶于多车道高速公路的中间车道，该区域为禁止非机动车通行的高速公路区域。涉事车辆为一辆黑色摩托车，驾驶员佩戴头盔，未见明显牌照信息。行驶
,2023年9月20日星期三上午9时40分至9时41分，G2进外环外圈匝道03路段出现交通拥堵事件。该路段为多车道高速公路，车流密集，包含轿车、货车、客车及特种车辆等多种车型。视频显示，从09:40:52开始，车辆在多个车道上缓慢行驶，车距明显缩短，部分车辆处于低速蠕动状态，尤其在左侧车道形成连续排队现象，车辆间距不足正常行驶安全距离。其中可见红色货车、白色厢式货车、黑色商务车、出租车以及一辆黄色工程抢险车等车辆依次缓慢通过。车辆未出现异常停车或碰撞迹象，也无施工设施或抛洒物影响通行，但因车流量大且持续不减，导致整体通行效率下降，形成典型的拥堵状态。该拥堵发生在城市外围快速路与主干道交汇区域，受上下班高峰及周边道路汇入影响，车流集中，未见明显事故或人为障碍，属于常态化交通压力所致的拥堵事件。,2023年9月26日星期三上午9时40分至9时41分，G2进外环外圈匝道03路段出现严重交通拥堵。该路段为多车道高速公路，车流密集，车辆包括轿车、货车、厢式货车及大型客车等各类机动车，其中以红色、白色和黑色货车为主，部分车辆在多个车道内缓慢
,2023年7月20日18时26分17秒，外环高速龙吴路路段出现二轮车辆闯入交通事件。一辆黑色摩托车从右侧进入主车道，行驶在最右侧车道内，佩戴头盔，且无明显专用二轮车道标识或隔离设施。该摩托车在车流中穿行，与多辆轿车并行，存在逆行、横穿车道等危险行为，对周边车辆造成潜在安全隐患。由于高速公路禁止非机动车和二轮车辆通行，该行为属于典型闯入违规行为，且现场无警示标志提示，导致其他车辆需紧急避让或减速，影响了正常交通秩序。,2023年7月20日18时26分，外环高速龙吴路路段出现严重交通拥堵，车辆行驶缓慢，多辆轿车、货车及客车在车道内排队缓行，部分车辆处于停滞状态，车流密度显著增加，持续时间超过10秒且无缓解趋势，符合拥堵判断标准。现场未见异常停车、施工设施、
,2023年7月19日18时52分13秒至18时52分20秒，外环高速莘朱路路段出现二轮车辆闯入交通事件。一辆摩托车在行车道内由南向北行驶，未在专用非机动车道或允许通行区域行驶，且在车流密集的高速公路主车道中穿行，存在逆行、横穿车道等危险行为。该摩托车未见明显牌照，驾驶员佩戴头盔，车身灯光闪烁，与周围正常行驶的轿车、货车形成显著对比。其行为导致周边车辆紧急避让，部分车辆减速绕行，影响了主线交通秩序和行车安全，构成典型二轮车辆非法闯入高速公路的异常交通事件。,2023年7月18日19时52分14秒，在外环高速莘朱路路段，一辆二轮摩托车从右侧车道驶入主干道，行驶于多车道高速公路的中间车道，未在专用通道或允许区域通行。该摩托车驾驶员佩戴头盔，车辆无明显牌照，存在逆行、横穿车道等危险行为，且在车流密集
,2023年10月10日星期二14时33分至14时34分，位于城市高架道路主干道上，多车道车辆行驶缓慢，车流密集且持续拥堵。涉事车辆包括大量轿车、货车、公交车及小型客车，其中一辆白色厢式货车和一辆红色平板货车在车流中缓慢行驶，未见明显违规行为。由于车流量大，车辆间距极小，整体通行速度显著下降，部分车辆出现频繁刹车与变道现象，导致交通流畅性严重受限。该路段为双向高架桥结构，右侧匝道有车辆分流但未缓解主路压力，左侧辅路亦有车辆汇入，加剧了拥堵态势。现场无事故、无施工迹象，也未发现异常停车或抛洒物，但因高峰时段车流集中，形成典型的交通拥堵事件，影响了该区域的正常通行效率。,2023年10月10日星期一14时33分至14时34分，位于城市高架道路主干道上发生拥堵事件。事发地点位于一座多车道高架桥路段，双向车流密集，右侧车道车辆行驶缓慢，形成明显排队现象，车辆间距缩短，车速降低，部分车辆处于低速蠕行状态。涉事车辆
,2023年7月22日06时03分至06时16分，外环高速北翟路立交北侧路段，一辆红色平板货车在行车道内完全静止，驾驶员下车后在车辆后方停留并进行操作，导致后方车辆被迫减速绕行，影响正常交通秩序。该车辆长时间占用行车道，且无明显故障迹象或临时停车标志，符合异常停车特征。,多车事故
,2023年12月8日13时32分至13时35分，S4市区方向至S20内侧路段出现拥堵交通事件。该路段为多车道高速公路，单向车流密集，右侧车道车辆行驶缓慢，部分车辆排队等候通行，车距明显缩短，整体车速降低。涉事车辆包括多辆轿车、货车及大型运输车辆，如红色集装箱货车、黄色工程车、油罐车等，均在正常行驶中但受前方车流影响导致通行效率下降。道路中央设有导流线，两侧有隔离护栏和隔音墙，未见施工或事故迹象。由于车流量大且持续时间较长，后方车辆逐渐积压，形成缓行状态，影响了该路段的正常通行秩序，符合拥堵判断标准中的多辆车缓慢移动、排队长度超常且无缓解趋势的特征。,2023年12月8日13时33分至13时34分，S4市区方向至S20外环线高架路段出现交通拥堵事件。该路段为多车道高速公路，双向车流密集，车辆以轿车、货车及厢式运输车为主，其中包含红色、白色、黑色等多种颜色的车辆。视频显示，从13:33:0
,2024年6月5日14时46分，外环高速莘朱路路段，一辆红色集装箱货车停靠在右侧应急车道上，车身紧贴护栏，长时间静止不动，驾驶员不在车内，后方车辆被迫减速绕行，影响通行效率，存在安全隐患。,多车事故
,2023年08月25日星期五18时33分，某城市高架道路双向车道出现交通拥堵事件，事发地点位于高架桥主干道，现场多辆小轿车、货车及客车在多个车道内缓慢行驶或完全停止，车辆尾灯持续亮起，车流密度显著增加，尤其在右侧车道形成明显排队现象，部分车辆因前方拥堵被迫减速或变道，导致整体通行效率下降。涉事车辆包括白色、红色、黑色等各类私家车以及红色大型货车和厢式货车，未见明显事故或障碍物，但车距缩短、车速降低，且拥堵状态持续时间较长，符合交通拥堵的典型特征，对道路通行能力造成较大影响。,2023年8月25日星期六11时30分至11时31分，位于城市高架道路的某路段发生交通拥堵事件。该路段为双向多车道高架桥，右侧车道车辆行驶缓慢，车流密集，多辆轿车、货车及大型运输车辆（包括红色集装箱货车、平板拖车和白色厢式货车）排成长队，车
,2023年11月2日星期四上午8时45分至8时46分，外环高速同济路立交东侧路段出现明显交通拥堵。该区域为多车道高架道路，车流量较大，主要由小客车、货车及部分厢式车辆构成。视频显示，主干道上车辆行驶缓慢，车距缩短，多数车辆处于低速蠕动状态，部分车辆刹车灯持续亮起，表明存在长时间缓行现象。拥堵范围覆盖多个车道，且持续时间接近一分钟，未见缓解趋势，符合拥堵判断标准中的“多辆车缓慢移动或完全停止”“排队车辆长度超过正常范围”“持续一段时间且无缓解趋势”等特征。右侧匝道通行相对顺畅，但主路车流受阻明显，影响整体通行效率。现场未发现异常停车、事故、施工或抛洒物等情况，推测拥堵可能由早高峰车流集中或前方路段瓶颈导致。,2023年11月2日星期四上午8时45分至8时46分，外环高速同济路东（医院）路段出现严重交通拥堵。该路段为多车道高架道路，车流密集，车辆以缓慢速度行驶，部分车辆几乎处于停滞状态，持续时间约一分钟且无缓解趋势。涉事车辆包括大量轿车、SUV、
,2024年03月02日星期六15时42分，外环高速蕴川立交西枪机2监控画面显示，该路段双向车道出现明显交通拥堵现象。左侧方向车辆排成长队，包括轿车、货车、厢式货车及大型集装箱卡车等多种车型，车流缓慢移动，部分车辆处于静止状态，形成持续性拥堵。右侧方向车流相对顺畅，但仍有少量车辆行驶。拥堵区域位于江杨北路出口前约1公里处，受上游车流积压影响，车辆通行效率显著降低，且无明显事故或施工迹象，推测为高峰时段车流量过大所致。异常特征表现为左侧车道车辆密集排队，行驶速度极低，而对向车道正常通行，呈现典型单向拥堵特征。,2024年3月2日星期六15:42至15:43期间，外环高速蕴川立交西路段出现交通拥堵事件。该路段为多车道高架道路，双向车流密集，车辆行驶缓慢，部分车辆处于低速移动或短暂停滞状态，排队长度持续延伸，未见明显事故或障碍物导致阻塞，但整体通行效
,2024年6月4日7时45分53秒至7时46分52秒，嘉闵西桃浦公路南路段出现异常停车事件。一辆黑色轿车在导流线区域完全静止，位于画面右侧靠近中央隔离带的第二车道内，车辆未开启双闪灯，驾驶员不在车内，车辆周围无明显故障迹象。该车停靠位置处于非停车区域，且无交通信号灯或标志允许停车。该异常停车行为持续约20秒，影响了正常交通流，存在较大安全隐患。,2024年6月4日早上7点45分至7点46分，嘉闵西桃浦公路南路段出现交通拥堵事件。该路段为多车道高速公路，车流密集，车辆以缓慢速度行驶，部分车辆处于停滞状态，形成连续排队现象，持续时间约一分钟且无缓解趋势。涉事车辆包括多辆轿车、SUV及一
,2023年7月17日16时07分40秒左右，在外环高速吴中路路段，一辆二轮摩托车沿最左侧车道驶入机动车道，未在非机动车道或专用通道内通行，属于闯入禁止通行区域的行为。该摩托车驾驶员佩戴头盔，车辆无明显牌照信息，行驶过程中未见逆行或横穿车道等危险行为，但其进入机动车道的行为违反了高速公路交通管理规定，对正常行驶的车辆构成潜在安全隐患。由于该路段为封闭式高速公路，本应禁止二轮车辆通行，因此该行为属于典型的二轮车辆闯入事件。现场其他车辆未出现紧急避让或减速情况，交通秩序整体保持正常，但该行为仍存在较大安全风险。,2023年7月16日17时07分35秒至17时08分03秒，外环高速吴中路路段出现交通拥堵事件。该路段为多车道高速公路，双向车流密集，其中南向北方向车辆行驶缓慢，形成连续排队现象，车辆间距明显缩小，部分车辆处于低速移动或短暂停滞状态，持续时
,2024年5月15日00:07至00:08，在外环高速老沪闵路东（内）路段，发生了一起占道施工交通事件。现场可见车道被多个锥桶和施工车辆遮挡，施工人员穿着反光背心在进行操作，导致该区域的车道数量减少，车辆被迫变道或减速行驶。涉事车辆包括多辆工程车和施工人员，他们的行为明显影响了正常交通流，造成了后方车辆的缓慢移动和排队现象。异常特征包括施工区域设有警示牌和闪烁警示灯，但仍然对夜间行车安全造成了一定的影响。,2024年5月15日00:07:00至00:08:00，在外环高速老沪闵路东（内）路段，发生了一起多车事故。视频显示，事故区域位于道路右侧靠近匝道汇入处，涉事车辆包括两辆轿车，其中一辆黑色轿车在行驶过程中与前方白色轿车发生追尾碰撞，导致两车
,2024年6月23日7时26分至7时27分，外环高速吴中入口匝道（外）路段出现异常停车事件。一辆白色面包车在右侧内侧车道上完全静止，车辆开启双闪灯，且无明显故障迹象，车辆位置处于非停车区域，导致后方车辆被迫减速绕行，影响了该车道的正常通行秩序。此行为不符合高速公路临时停车规定，存在安全隐患，符合异常停车事件。,多车事故
,2024年3月11日07:18:56至07:19:55期间，沪闵高架至S4金山方向路段出现拥堵交通事件。该路段为双向多车道高速公路，两侧设有绿色护栏和茂密树木，监控画面显示车辆在多个车道上缓慢行驶，车流密集且持续时间较长。涉事车辆包括多辆小轿车、客车及货车，如金色中巴、浅绿色大巴、蓝色货车以及白色校车等，均以低速状态通过该区域，部分车辆频繁变道或刹车，尾灯亮起。由于车流量大，车辆间距明显缩小，后方车辆被迫减速并排缓行，导致整体通行效率降低。此路段无施工迹象、无异常停车或事故痕迹，也未见二轮车闯入或抛洒物情况，但因车流集中形成典型拥堵现象，影响了正常交通秩序。,2024年3月11日7时18分至7时19分，沪闵高架至S4金山方向路段出现交通拥堵事件。该路段为双向多车道高架道路，两侧有绿化带和护栏，道路标线清晰。视频显示，从7:18:52开始，该路段车辆行驶缓慢，车流密集，多辆轿车、货车及大型客车在车
,2023年10月9日18时50分至18时51分，嘉闵东京沪立交北入口处出现严重交通拥堵。该路段为多车道高架道路，夜间照明条件下，大量车辆在主路及匝道方向缓慢行驶或完全停滞，车流密集且持续时间较长，车辆尾灯连成一片红色光带，表明通行速度极低。涉事车辆包括轿车、出租车、面包车等各类机动车，均处于低速行驶或频繁刹车状态，部分车辆在尝试变道或汇入主路时造成局部拥堵加剧。右侧匝道区域有少量车辆正常通行，但整体交通流量明显受限。由于车流密集且无明显事故或施工迹象，判断为高峰时段常规性拥堵，影响范围覆盖多个车道并延伸至远处，未见异常停车、占道施工、二轮车辆闯入或抛洒物等情况，但因车辆间距过小、行驶缓慢，存在潜在追尾风险。,2023年10月9日18时50分至18时51分，嘉闵东京沪立交北入口处发生交通拥堵事件。该路段为夜间高架道路，双向多车道，右侧方向车流密集，车辆行驶缓慢，尾灯连成一片红色光带，表明车辆处于低速或停滞状态。涉事车辆包括多辆轿车、SUV及少量货
,2023年7月15日16时14分至16时15分，位于城市快速路左侧车道上，一辆红色大型货车在非停车区域长时间静止不动，车辆开启双闪灯，周围车辆被迫绕行或减速避让，造成该车道通行受阻。该车停靠位置靠近道路护栏，无交通信号灯或标志允许停车，且持续时间超过正常临时停车范围，属于异常停车行为。现场未见明显故障迹象，但其静止状态对后方车辆行驶安全构成影响，存在安全隐患。,2023年7月15日16时14分至16时15分，位于某城市高架道路南向车道（靠近道路左侧绿化带）发生一起多车事故。涉事车辆包括一辆红色厢式货车、一辆白色轿车及多辆后方跟随的车辆。视频显示，红色厢式货车在行驶过程中突然减速并停车，导致后方车辆
,2024年02月23日星期五08:01:02至08:02:59期间，外环高速吴中路-1枪机1监控区域出现持续性交通拥堵事件。该路段为双向多车道高速公路，车流密集，主要由小客车和货车组成，包括红色、白色、黑色等多种颜色的轿车及红色、蓝色、白色集装箱货车。车辆在多个车道上缓慢行驶，车距明显缩短，部分车辆刹车灯持续亮起，表明车速较低且存在频繁减速行为。尤其在中间车道和右侧车道，车辆排队长度逐渐延长，通行效率显著下降，形成典型的拥堵态势。未见异常停车、占道施工、二轮闯入、事故或抛洒物等其他异常情况，但整体车流密度高且无明显缓解趋势，符合拥堵判断标准，影响了该路段正常通行秩序。,2024年02月23日星期五08:01:04至08:01:58，在外环高速吴中路，发生了一起多车事故。涉事车辆包括一辆白色轿车和一辆蓝色SUV。事故导致该路段交通拥堵，后续车辆被迫减速或变道，现场有人员下车查看情况，显示出一定的紧急和混乱状
,2023年7月19日20时03分45秒，在嘉闵高架东侧民生路北段，一辆二轮车进入机动车道后沿最右侧车道向前行驶，该路段为城市快速路，禁止非机动车通行，且无专用二轮车道或明显允许通行标志。该二轮车驾驶员佩戴头盔，车辆无牌照特征，其行为属于闯入禁止通行区域的危险驾驶行为，对正常行驶的机动车造成潜在安全隐患，后方多辆汽车出现避让动作，存在引发交通事故的风险。,多车事故
,2023年9月22日星期五14时33分至14时34分，位于城市高架道路的某路段发生拥堵事件。该路段为双向多车道高架桥，路面湿滑，天气为雨天。拥堵主要集中在右侧方向的多个车道，车辆排成长队缓慢移动，车流密度极高，部分车辆处于停滞状态。涉事车辆包括多种类型，如白色JAC厢式货车、绿色JMC货车、红色平板运输车、多辆轿车及SUV等，其中可见出租车和私家车混行。车辆在雨天条件下行驶速度明显降低，车距缩短，后方车辆频繁刹车减速，形成连环缓行现象。左侧对向车道交通基本正常，车辆通行顺畅。此次拥堵持续时间较长，影响范围覆盖数公里，未见明显的事故或施工迹象，但因车流量大且天气原因导致通行效率显著下降，属于典型的雨天高峰时段交通拥堵事件。,2023年9月22日星期五15时13分至15时14分，位于城市高架道路的某路段发生拥堵事件。该路段为双向多车道高架桥，路面湿滑，天气阴雨。视频显示，从15:13:30开始，主车道上车辆密集，车流缓慢移动，部分车辆处于低速行驶或短暂停滞状态，
,2023年8月15日18时03分，外环高速蕴藻浜桥北2（外）路段出现严重交通拥堵事件。该路段为多车道高速公路，双向车流密集，其中南向北方向车辆排成长队，车辆行驶缓慢或基本停滞，持续时间超过10秒且无缓解趋势。涉事车辆包括大量轿车、货车及集装箱运输车，车辆在多个车道内缓慢移动或完全停止，部分车辆因拥堵被迫变道或减速。拥堵区域位于沪太路出口附近，前方500米处设有紧急停车带提示标志，但未见施工或事故迹象。整体车流呈现典型高峰期拥堵特征，车辆间距极小，通行效率显著下降，影响范围覆盖多个车道，导致通行能力大幅降低。,2023年7月18日15时07分至15时08分，外环高速沪太立交东2枪机监控区域出现严重交通拥堵事件。该路段为多车道高速公路，双向车流密集，车辆以缓慢速度行驶，部分车辆处于停滞状态，排队长度持续延伸，未见明显事故或障碍物。涉事车辆包括大量轿
,2023年10月9日星期一早上7点37分至7点38分，位于城市高架桥路段的交通监控画面显示，该区域出现明显拥堵现象。多辆小轿车、客车及货车在双向车道上缓慢行驶，车流密集且车辆间距较小，部分车辆几乎处于停滞状态，尤其在左侧车道形成较长的排队车队，持续时间约一分钟且无缓解趋势。涉事车辆包括白色大巴车、红色快递货车、各类私家车以及小型厢式货车，均在正常行驶中但受阻于前方车流。由于道路未见施工设施或事故迹象，推测拥堵原因为早高峰时段车流量大，导致通行效率下降。此情况符合拥堵判断标准：多辆车缓慢移动或完全停止，排队长度超过正常范围，发生在城市主干道与匝道交汇处等瓶颈区域，对交通运行造成显著影响。,2023年10月9日星期一早上7点37分至7点38分，位于城市高架道路的某路段发生拥堵事件。该路段为多车道双向高架桥，两侧设有隔音屏障和城市天际线背景。视频显示，从7:37:15开始，该路段车辆行驶缓慢，车流密集，多辆轿车、SUV及一辆大型
,2024年5月16日17时16分55秒至17时54分，在嘉闵西侧定焦13路段，发生了一起多车事故交通事件。视频中显示，多辆汽车在该路段发生了碰撞，涉事车辆包括白色SUV、黑色SUV和面包车，它们的位置异常，有的斜停在路中央，显示出明显的碰撞痕迹。事故导致现场交通严重受阻，后方车辆被迫减速或停滞，形成了较长的排队现象，持续时间较长且无缓解趋势。此外，有人员下车交涉，进一步加剧了交通拥堵的情况。整个事件的异常特征表现为车辆位置异常、碰撞痕迹明显以及交通秩序混乱。,多车事故
,2023年12月11日星期一17时53分至17时54分，外环高速吴中路路段出现严重交通拥堵事件。该路段为双向多车道高速公路，夜间照明条件下，左侧对向车道车辆密集，车灯连成一片，形成明显拥堵带，车辆行驶缓慢或处于停滞状态，排队长度持续延伸。右侧车道虽有车辆正常通行，但整体车流密度较高，部分车辆因前方缓行而减速，导致后方车辆间距缩小，存在连续刹车现象。涉事车辆包括轿车、货车、客车及大型运输车辆，其中多辆货车在车道中穿行，加剧了交通压力。由于拥堵影响，车辆行驶速度显著降低，部分车辆在变道过程中出现急刹行为，存在安全隐患。异常特征表现为车流长时间无明显缓解趋势，且拥堵区域集中在道路一侧，可能由前方突发状况或瓶颈路段引发，未见明显事故或施工迹象，但整体通行效率大幅下降，对周边交通造成较大影响。,2023年12月11日17时53分至17时54分，外环高速吴中路路段发生一起多车事故。事故发生在夜间，监控画面显示一辆白色轿车与前方车辆发生追尾，涉事车辆包括白色轿车及前车。事故现场有多名车辆停靠在行车道上，驾驶员下车查看情况，另一名车辆驾
,2023年10月9日16时27分，位于某城市高速公路双向车道中的一侧主干道发生交通拥堵事件，现场多辆小客车、货车及集装箱运输车在多个车道内缓慢行驶或处于停滞状态，车辆排成长队，车距明显缩短，车流密度高，持续时间超过10秒且无缓解趋势。涉事车辆包括白色轿车、蓝色SUV、红色轿车、白色厢式货车以及多辆大型集装箱卡车和厢式货车，其中部分车辆如白色厢式货车和黑色货车处于缓慢移动状态，未见异常停车或事故迹象。该路段为多车道高速公路，道路中间设有绿化隔离带，右侧车道受阻严重，车辆通行速度显著下降，后方车辆被迫减速并排队等候，形成典型的拥堵特征，未见施工设施、抛洒物或交通事故痕迹，推测可能因上游交通流量过大或前方存在未显示的瓶颈导致。,2023年10月10日星期四16时27分至16时28分，位于城市快速路某路段（道路两侧有绿化带，限速30公里/小时）出现持续性交通拥堵。该路段为多车道高速公路，车流密集，车辆以缓慢速度行驶，部分车辆几乎处于停滞状态，排队长度超过正常范围且无
,2023年7月21日11时00分24秒，在外环高速武威路南（内）路段，一辆二轮摩托车从画面左侧驶入主车道，行驶于小客车，未在专用非机动车道或辅道行驶，明显佩戴头盔。该车辆在车流中穿行，周围多辆汽车被迫减速避让，造成局部交通秩序紊乱，属于典型的二轮车辆闯入高速公路的异常事件。,2023年12月21日13时00分至13时01分，外环高速武威路南（内）路段出现交通拥堵事件。该路段为多车道高速公路，双向车流密集，车辆包括轿车、货车、厢式货车及大型运输车等各类机动车。视频显示，从13:00:00开始，道路右侧车道车辆行驶
,2023年12月16日星期六上午9时35分至9时37分，外环高速京沪铁路桥南路段出现交通拥堵事件。该路段为多车道高速公路，车流密集，车辆以缓慢速度行驶，部分车辆处于停滞状态，形成连续的排队现象，持续时间超过一分钟且无缓解趋势。涉事车辆包括各类轿车、货车、厢式货车及特种运输车辆，如混凝土搅拌车、冷藏车、平板货车等，均在正常车道内行驶但受阻于前方车流。未见异常停车、占道施工、事故或抛洒物等情况，也无二轮车辆闯入行为。拥堵主要发生在道路中段区域，影响范围较长，导致后方车辆需减速并保持安全距离，整体通行效率显著下降，符合拥堵判断标准中的“多辆车缓慢移动或完全停止”、“排队车辆长度超过正常范围”、“持续一段时间且无缓解趋势”以及“发生在路口、匝道等瓶颈区域”等特征。,2023年12月16日星期一上午9时36分，外环高速京沪铁路桥南路段出现交通拥堵事件。该路段为多车道高速公路，车流密集，主要由轿车、货车及少量客车组成，车辆在多个车道内缓慢行驶或处于停滞状态，部分车辆间距明显缩小，车流速度显著降低，持续时间
,2024年3月13日17时24分至17时25分，外环高速北翟路立交北段出现持续性交通拥堵，现场车流密集，多车道车辆缓慢行驶或停滞，排队长度超过正常范围，且无明显缓解趋势。涉事车辆包括各类轿车、货车、集装箱车、罐车及两辆大型汽车运输车，其中一辆红色集装箱货车和一辆白色罐车在中间车道行驶，后方跟随一辆装载多辆新车的双层汽车运输车，该运输车车身较长，占据部分车道空间，进一步加剧了通行压力。车辆普遍保持低速行驶，尾灯亮起，存在频繁变道与跟车行为，部分车辆因避让大型货车而减速绕行。道路两侧为绿化带和高架桥结构，未见施工设施或抛洒物，也无异常停车或事故迹象，整体表现为典型高峰时段的交通拥堵现象，影响区域为立交桥附近瓶颈路段，通行效率显著下降。,2024年6月19日17时28分至17时29分，外环高速北翟路立交桥附近路段发生拥堵事件。该路段为多车道高速公路，车流密集，主要由轿车、货车及厢式运输车组成，其中包含红色、白色、黑色等多种颜色的车辆。视频显示，从17:28:53开始，车辆行
,2024年6月1日17时02分24秒至17时03分23秒，嘉闵东金沙江路出口附近的高架道路上，一辆白色轿车在右侧车道内完全静止，车辆开启双闪灯，驾驶员在车内。该车停在行车道上，导致后方多辆车辆被迫绕行或紧急刹车，造成短时交通拥堵和通行受阻。该异常停车行为持续约20秒，直至后续车辆逐渐通过，交通恢复。此事件符合异常停车的判断标准，存在安全隐患，影响了道路正常通行秩序。,2024年6月1日17:02至17:03期间，在嘉闵东金沙江路出入口附近的高架道路上，发生了一起多车事故。事故发生在道路右侧车道，一辆白色轿车与前方白色车辆疑似发生追尾碰撞，车辆位置异常，横跨部分车道，导致后方车辆被迫减速或绕行。事故发生后
,2024年2月26日16时25分至16时26分，嘉闵西侧隧道内发生拥堵事件，地点位于隧道中段靠右侧车道区域。视频显示，多辆机动车在隧道内缓慢行驶或处于停滞状态，车流密集且持续时间较长，车辆排成长队，尾灯普遍亮起，表明车辆处于低速或停止状态。涉事车辆包括白色、黑色、红色等多种颜色的小型轿车及SUV，部分车辆存在频繁变道行为，但未见明显碰撞或事故痕迹。道路两侧设有金属护栏，隧道内照明良好，无施工迹象或抛洒物。该拥堵影响了隧道内正常通行效率，导致后方车辆被迫减速或停车等待，整体交通流呈现典型拥堵特征，符合“拥堵”异常判断标准中的多辆车缓慢移动、排队长度超过正常范围、持续一段时间且无缓解趋势等条件。,2024年2月26日16:25至16:26，在嘉闵西侧定焦03路段，发生了一起多车事故。涉事车辆包括一辆白色轿车和一辆蓝色SUV，其中白色轿车的前部与前方车辆发生碰撞，其引擎盖和车门打开，车辆停在行车道上。事故现场有多名人员下车查看情况，部
,2023年12月8日12时26分至12时27分，外环高速沪嘉地道2（外）路段出现交通拥堵事件。该路段位于曹安公路出口3公里处，监控画面显示多辆小客车、货车及大型运输车辆在道路主线缓慢行驶或处于停滞状态，车流密度明显增加，车辆间距缩小，整体通行速度显著下降。涉事车辆包括轿车、面包车、厢式货车、平板货车、集装箱卡车以及一辆混凝土搅拌车等，均沿道路方向有序排队前行，未见异常停车、碰撞或抛洒物情况。由于车道数量未减少且无施工设施遮挡，也无二轮车辆闯入迹象，判断为因车流量大导致的常态化拥堵。车辆持续缓慢移动，后方车辆被迫减速并保持安全距离，影响了该路段的正常通行效率。整个过程中，车辆行为规范，未发生事故或紧急避让行为，但拥堵状况持续约1分钟以上，符合拥堵判断标准中的“多辆车缓慢移动或完全停止”“排队车辆长度超过正常范围”“持续一段时间且无缓解趋势”等特征。,2023年12月8日12时58分至12时59分，外环高速沪嘉地道2（外）路段出现交通拥堵事件。该路段位于曹安公路出口3公里处，监控画面显示多车道车辆行驶缓慢，车流密集且持续排队，车辆间距明显缩小，部分车辆处于低速移动或短暂停滞状态，未见明显
,2023年8月1日13时31分至13时32分，外环高速仙霞路南（外）路段出现交通拥堵事件。该路段为多车道高速公路，车流密集，主要由轿车、货车及特种车辆组成。从视频中可见，右侧应急车道停有一辆黄色拖车，未见施工人员或警示标志，但其存在可能影响通行效率。主车道上车辆行驶缓慢，部分车辆在变道和减速，尤其在画面右侧区域，车辆间距明显缩小，形成排队缓行状态，持续时间超过1分钟且无缓解趋势。涉事车辆包括红色集装箱货车、白色厢式货车、蓝色平板货车以及多辆私家车，其中一辆载有挖掘机的大型平板运输车和一辆水泥搅拌车也出现在拥堵区域内。整体车流呈现低速运行特征，部分车辆频繁变道，造成通行不畅。尽管未见明显事故或抛洒物，但因车流量大且车辆类型多样，导致道路通行能力下降，符合拥堵判断标准。,多车事故
,2024年6月14日04:50:25至04:50:54期间，外环高速沪太立交东2枪机2监控画面显示，一辆白色厢式货车停靠在最右侧应急车道内，开启双闪灯，该事件符合异常停车的判断标准。,2024年6月14日04:50:25至04:50:54期间，外环高速沪太立交东2枪机2监控画面显示，在一条多车道的高架道路上，一辆白色厢式货车在右侧应急车道内长时间静止不动，车辆开启双闪灯，驾驶员下车活动，后方车辆被迫绕行或减速通过，造成该
,2023年7月25日星期二02:53至02:54期间，某城市高架桥路段出现严重交通拥堵事件。该路段为双向多车道高架道路，左侧方向车流密集，车辆排成长队缓慢行驶，车距极小，部分车辆几乎处于静止状态，持续时间超过一分钟且无缓解趋势。右侧方向车流相对通畅，但受左侧拥堵影响，整体通行效率下降。涉事车辆包括多种轿车、SUV及小型客车，其中白色、黑色和红色车辆较为集中，未见明显事故或障碍物。拥堵区域位于桥梁中部，两侧设有护栏，周围绿树成荫，天气晴朗，能见度良好。异常特征表现为左侧车道车辆长时间低速移动或停滞，形成典型拥堵形态，符合交通拥堵判断标准，可能由前方突发状况或瓶颈路段引发，对通行造成显著影响。,多车事故
,2023年11月27日11时07分至11时08分，外环高速莘庄立交东（外）路段出现交通拥堵事件。该路段为多车道高速公路，左侧车道车辆密集，以大型货车为主，包括红色、蓝色、白色集装箱卡车及部分厢式货车，同时夹杂着轿车、面包车和客车，车辆行驶缓慢，排成长队，车距极短，整体呈现低速蠕动状态，持续时间约一分钟且无缓解趋势。右侧车道相对通畅，车辆正常行驶，未受明显影响。拥堵区域位于立交桥附近，道路两侧有绿化带和隔离护栏，前方可见出口指示牌提示“顾戴路 2km”等信息。现场无明显事故迹象、施工设施或抛洒物，也未见异常停车或二轮车辆闯入行为，推测拥堵原因可能为车流量过大或前方存在未显示的瓶颈路段。,2023年11月27日10时02分至10时08分，外环高速莘庄立交东（外）路段出现严重交通拥堵。该路段为多车道高速公路，双向车流密集，其中南向北方向车辆排成长队，行驶缓慢，部分车辆几乎处于停滞状态，持续时间约一分钟且无缓解趋势。涉事车辆包括
,2024年6月25日18时05分51秒至18时06分21秒，某城市高架道路南向车道监控画面显示，一辆白色面包车停在车道与中央隔离护栏之间的空旷地带，车辆开启双闪灯。该车长时间静止，虽然未对主线车辆造成显著影响，但占用位置不符合行车规范，属于异常停车行为，存在潜在安全隐患。,2024年6月25日18时26分至18时27分，位于城市快速路某路段（道路标线内）发生交通拥堵事件。该路段为双向多车道高速公路，天气为雨天，路面湿滑，能见度较低。视频显示，从18:26:55至18:27:00，该路段车辆行驶缓慢，车流密集，
,2024年3月16日14时55分，外环高速沪太立交西1（内）路段出现交通拥堵事件，现场多辆小轿车、货车及厢式货车在行车道内缓慢行驶或停滞，车辆排成长队，车流密度明显增加，部分车辆处于低速移动状态，持续时间较长且无缓解趋势，影响了正常通行效率，符合拥堵判断标准中的多辆车缓慢移动、排队长度超常、发生在匝道等瓶颈区域等特征。,2024年3月16日14时55分至14时56分，外环高速沪太立交西1（内）路段出现交通拥堵事件。该路段为多车道高速公路，车流密集，主要由轿车、货车及厢式运输车组成，其中包含一辆白色厢式货车、一辆红色平板货车、一辆白色大巴车及多辆私家车。车辆
,2023年7月16日星期日上午9时47分43秒至9时48分41秒，北环高速富锦路枪机1监控画面显示，所有车辆均在正常行驶，未见任何车辆在非停车区域静止、无信号允许停车、未开启双闪灯或驾驶员不在车内等情况。车道通行顺畅，无车辆被迫绕行或减速现象，不符合异常停车判断标准。,2023年7月16日星期日上午9时47分至9时48分，北环高速富锦路路段高架桥上发生一起多车事故。事故发生在道路右侧车道，涉事车辆包括一辆白色轿车和一辆黑色轿车，在行驶过程中两车发生追尾，两车均停于行车道上。事故发生后，现场有多名人员下车查
,2023年7月21日12时52分，外环高速武威路南（内）路段出现二轮车辆闯入交通事件。一辆摩托车进入主干道，未在专用通道或允许区域行驶，佩戴头盔，存在横穿车道的危险行为。该路段为多车道高速公路，设有明确的限速标识和车道划分。涉事二轮车在车流密集区域穿行，导致周边车辆紧急避让，引发短暂交通混乱，存在较大安全隐患。该行为违反了高速公路交通管理规定，属于典型的二轮车辆闯入异常事件。,2023年12月28日13时10分至13时11分，外环高速戚溪路段出现严重交通拥堵，多车道车辆行驶缓慢或基本停滞，车流密集且持续时间较长，影响范围覆盖多个车道，车辆排成长队，部分车辆在低速移动中频繁刹车，后方车辆被迫减速或绕行，整体通行效率
,2023年7月19日19时15分45秒，在外环高速仙霞路南（外）路段，一辆二轮摩托车在中间车道行驶，行驶过程中未按规定在非机动车道内行驶，与正常行驶的多辆汽车形成交叉冲突，导致后方车辆紧急避让，影响了该路段的行车秩序和交通安全。该二轮车无明显牌照，驾驶员佩戴头盔，属于典型的闯入高速公路的危险行为，构成严重交通安全隐患。,2023年7月19日19时15分至19时16分，外环高速沪太立交东2枪机监控画面显示，该路段出现严重交通拥堵，车辆行驶缓慢，多车道内车流密集且持续排队，车距明显缩短，部分车辆刹车灯长时间亮起，显示通行效率显著下降。涉事车辆包括大量轿车、货车
,2024年5月30日10时33分55秒，在上海市某高架道路南向车道，一辆红色货车在行车道内缓慢行驶并突然停车，副驾驶乘客下车后在车旁停留数秒，随后返回车内继续行驶。该行为导致后方车辆被迫减速避让，形成短暂拥堵。该货车未开启双闪灯，且停车位置处于非停车区域，属于异常停车行为，影响了正常交通流。,2024年5月30日10时34分，位于城市高架道路的某路段发生交通拥堵事件，现场多车道车辆行驶缓慢，车流密集且持续无明显缓解趋势，主要涉及各类轿车、货车及面包车，其中包含白色、黑色、红色等多种颜色的车辆，部分车辆在车道间频繁变道，整体通行效
,2023年7月16日星期日上午9时27分左右，在一条城市快速路的左侧车道上，一辆蓝色货车在行驶过程中突然减速并停靠在最左侧车道，车辆未开启双闪灯，驾驶员未下车，也未见明显故障迹象。该车停车位置属于非停车区域，且后方多辆车辆被迫减速避让，导致该车道出现短暂拥堵和行车秩序紊乱。整个过程无其他车辆发生碰撞或事故，但该异常停车行为对正常交通流造成一定影响，符合异常停车的判断标准。,2023年7月16日星期日上午9时26分55秒，在一条多车道城市快速路上，一辆红色二轮摩托车从右侧车道驶入主路，行驶于机动车道中，未见其在专用非机动车道或辅路行驶，且该路段无明显二轮车通行标志或专用通道。该摩托车驾驶员佩戴头盔，车辆无明显牌
,2024年3月1日早上7点48分至7点49分，G60市区方向至S4金山方向路段出现严重交通拥堵。该路段为多车道高速公路，两侧有绿化带和隔音墙，路面湿滑，天气阴沉。视频显示，从7:48:13开始，车辆在多个车道上排成长队，车流缓慢移动，多数车辆处于低速行驶或短暂停滞状态，刹车灯持续亮起，表明车辆间距离极近且通行效率低下。涉事车辆包括大量轿车、货车及多辆大型客车，货车型号多样，包括蓝色箱式货车、红色集装箱货车等。车辆在各车道内有序但缓慢前行，未见明显变道或碰撞行为，也无施工设施或抛洒物迹象。拥堵影响范围覆盖至少两公里以上，车辆排队长度持续增加，后方车辆被迫减速绕行，整体交通流量显著下降，符合典型早高峰时段的拥堵特征。异常特征表现为长时间、大范围的车流缓行，无突发事故或障碍物干扰，推测可能由上游路段车流汇聚或出口分流导致瓶颈效应。,2024年3月1日7时48分至7时49分，G60市区方向至S4金山方向路段出现严重交通拥堵事件。该路段为多车道高架道路，车流密集，车辆以缓慢速度行驶，部分车辆处于停滞状态，排队长度持续延伸，影响通行效率。涉事车辆包括多辆轿车、货车、客车及大
,2023年12月26日星期二早上7点36分至7点37分，外环高速吴中路路段出现明显交通拥堵现象。该路段为双向多车道高速公路，车流密集，车辆以较低速度缓慢行驶，部分车辆间断性停顿，形成持续的排队缓行状态。涉事车辆包括大量轿车、货车、客车及出租车，其中可见红色集装箱货车、白色厢式货车、黄色出租车和大型公交车等不同类型车辆均在缓慢移动。车辆在各车道内保持基本秩序，未见严重碰撞或异常停车情况，但整体通行效率显著下降。由于车流量大且道路空间有限，导致车辆排成长队，影响了正常通行速度。该拥堵事件主要表现为车辆缓慢移动与排队现象，无明显事故或施工迹象，属于典型的早高峰时段交通压力所致的拥堵异常。,2023年12月26日星期二早上7点36分至7点37分，外环高速吴中路路段出现严重交通拥堵。该路段为多车道高速公路，双向车流密集，车辆以缓慢速度行驶，部分车辆几乎处于停滞状态，持续时间约一分钟且无缓解趋势。涉事车辆包括大量私家车、货车、厢式
,2023年11月23日06:50至06:51期间，S4市区方向至S20内环高架路段出现交通拥堵事件。该路段为多车道高速公路，车流密集，左侧车道车辆行驶缓慢，形成明显排队现象，车辆间距缩短，车速降低，部分车辆处于缓行或短暂停滞状态，持续时间超过30秒且无缓解趋势。涉事车辆包括多辆轿车、货车及厢式运输车，其中蓝色集装箱货车、红色箱式货车和黄色工程车等大型车辆在车流中占据显著位置，加剧了通行压力。由于车流密度增大，后方车辆被迫减速或变道避让，导致整体通行效率下降。道路两侧设有隔音屏障，路面标线清晰，未见施工设施或障碍物，也无异常停车或事故迹象。该拥堵主要由早高峰时段车流量集中引起，属于典型的城市快速路拥堵事件，影响范围覆盖多个车道，对区域交通运行造成一定延误。,2023年11月23日06:50:53至06:51:52期间，在城市高架桥路段，右侧车道发生一起多车事故。涉事车辆包括一辆白色轿车和一辆黑色SUV，视频中二车已经发生碰撞，导致车辆位置异常，其中白色轿车斜停于车道内，黑色SUV紧随其后，引发
,2024年5月11日10时28分至10时29分，外环高速京沪立交（内）路段出现异常停车事件。在视频画面左侧最外侧车道，一辆红色货车停靠在最外侧车道上，车辆开启双闪灯，驾驶员下车后在车旁停留，车辆长时间静止未移动，导致后方车辆被迫绕行或减速通过。该行为发生在高速公路非停车区域，存在安全隐患。由于该车停靠位置靠近道路边缘，对后续车辆行驶造成一定干扰，符合异常停车判断标准中的多项特征。,2024年5月11日10时38分至10时39分，外环高速京沪立交南（外）路段出现交通拥堵事件。该路段为双向多车道高速公路，天气阴雨，路面湿滑，能见度较低。左侧车道车辆排成长队，行驶缓慢，车距明显缩短，多辆轿车、货车及厢式运输车在缓慢移动中，
,2023年7月18日13时42分54秒至13时43分51秒，外环高速仙霞路（内）路段发生异常停车事件。一辆白色轿车与一辆红色货车在右侧车道完全静止。随后，红色货车在驶入正常车道的过程中，导致后方车辆被迫减速避让，造成短时拥堵，形成安全隐患，综合判断为异常停车事件。,2023年7月13日13时42分至13时43分，外环高速仙霞路（内）路段出现交通拥堵事件。该路段为双向多车道高速公路，车流密集，主要由轿车、货车及厢式运输车组成，其中右侧车道车辆行驶缓慢，部分车辆处于低速移动或短暂停滞状态，形成连续排队现象
,2023年8月9日09时10分至09时11分，外环高速蕴藻浜桥北2（外）路段出现交通拥堵事件，现场多辆轿车和货车在多个车道内缓慢行驶或完全停止，车辆排队长度持续延伸，车流密度显著增加，部分车辆因前方拥堵而减速或停车，导致通行效率下降。涉事车辆包括多种类型的小型轿车、厢式货车及大型集装箱卡车，均处于低速行驶状态，未见明显事故或异常停车情况。该路段为双向多车道高速公路，右侧车道拥堵尤为严重，车辆间距缩小，存在明显的排队现象，影响了整体通行能力，属于典型的城市高速路高峰期拥堵特征。,2023年6月9日09时10分04秒至09时11分02秒，外环高速蕴藻浜桥北2（内）路段出现交通拥堵事件。该路段为多车道高速公路，双向车流密集，其中南向车道车辆行驶缓慢，形成明显排队现象，车辆间距缩短，车速降低，部分车辆处于低速蠕行状态，持
,2024年6月14日13时28分41秒，在外环高速沪太立交西路段，一辆红色货车停靠在右侧应急车道，车辆开启双闪灯，驾驶员身穿绿色上衣站在车后，疑似检查车辆或处理故障。该车长时间静止于行车道旁，存在安全隐患。现场无明显施工标志或警示设备，且未见其他车辆碰撞痕迹或抛洒物，判断为异常停车事件。,2024年6月13日14时28分至14时29分，外环高速沪太立交西段出现交通拥堵事件。该路段为多车道高速公路，双向车流密集，其中南向北方向车辆行驶缓慢，形成明显排队现象，车辆间距缩短，车速降低，部分车辆处于低速蠕行状态。涉事车辆包括多辆轿车
,2023年7月18日10时40分43秒，在一条多车道城市快速路上，一辆二轮摩托车行驶于左侧一二车道之间，并在车流中穿行。该摩托车未在专用非机动车道行驶，也未遵守交通信号指示，直接进入机动车道并持续在车流中穿行，期间与多辆汽车保持近距离，存在较大安全隐患。该行为属于二轮车辆闯入机动车道的典型异常情况，驾驶员佩戴头盔，车辆无明显牌照，进一步加剧了交通风险。由于该路段车流量较大，摩托车的突然出现导致后方车辆紧急避让，影响了道路通行秩序和行车安全。,多车事故
,2023年7月21日03时30分24秒至03时31分22秒，外环高速虹梅南路路段出现异常停车事件。一辆黑色货车在道路右侧车道内完全静止，车辆位置偏离正常行驶轨迹，长时间停留在行车道上。该车未见驾驶员下车或明显故障迹象，也无交通标志允许其在此处停车，属于非紧急情况下的违规停车行为。周围其他车辆正常通行，但受其影响存在潜在安全隐患。现场无施工设施、二轮车辆闯入或其他事故迹象，主要异常特征为车辆在非停车区域长时间静止且未采取警示措施。,2023年7月21日03时30分至03时31分，外环高速虹梅南路路段夜间监控画面显示，多辆机动车在行车道上发生碰撞事故。涉事车辆包括一辆白色货车、一辆白色轿车，其中白色轿车在行驶过程中与前方货车发生追尾，导致车辆位置异常，引发后方车辆紧急避
,2024年6月22日09时11分至09时12分，外环高速吴淞江桥南路段出现异常停车事件。一辆警车在应急车道内完全静止，未开启双闪灯，且无交通信号灯或标志允许其停车，车辆明显处于故障状态。此行为符合异常停车判断标准，存在较大安全隐患。,多车事故
,2023年10月26日星期四08:10:24至08:10:33期间，高速公路双向车道均出现车辆行驶缓慢现象，其中右侧方向多车道持续存在车辆排队、车距缩短且车速明显降低的情况，部分车辆在行驶中频繁变道或减速避让，导致整体通行效率下降。涉事车辆包括多辆小型轿车、货车、客车及大型运输车辆，如蓝色厢式货车、白色大巴、黄色罐车等，均处于低速行驶状态。该路段位于城市外围快速路主干道，无明显施工或事故迹象，但右侧车道车流密度显著高于左侧，形成局部拥堵趋势。异常特征表现为车辆连续缓慢移动、后方车辆被迫跟随减速，未见紧急停车或碰撞痕迹，也无抛洒物或施工设施影响，推测为交通流量高峰引发的常态化拥堵事件。,2023年10月26日星期四早上7点09分至7点10分，位于高速公路主线双向车道中右侧方向（由北向南）发生拥堵事件。该路段为多车道高速公路，车流密集，主要由轿车、货车及少量客车组成，其中包含蓝色、白色、黑色等多种颜色的车辆。视频显示，从7点
,2023年9月26日15时59分至16时00分，G2进外环外圈匝道03路段出现交通拥堵事件。该时段内，多辆机动车在该路段缓慢行驶或处于停止状态，包括红色厢式货车、白色面包车、黑色轿车及多辆不同类型的货车和乘用车。车辆排成长队，行驶速度明显降低，部分车辆间距极小，且无明显事故迹象。拥堵主要集中在靠近匝道入口区域，车辆持续排队并缓慢前移，未见异常停车、占道施工、抛洒物或二轮车辆闯入等其他异常行为。现场交通流受阻，影响了该路段的通行效率，但整体秩序尚可维持，未发生严重碰撞或人员下车交涉等情况。,2023年9月26日15时59分至16时00分，G2进外环外圈匝道03路段出现交通拥堵事件。该路段为多车道高速公路，车流密集，主要由货车和轿车组成，其中红色集装箱货车、白色厢式货车、黑色轿车及白色面包车等车辆在道路上缓慢行驶或停滞。视频显示
,2023年7月17日14时47分08秒至14时47分15秒，外环高速莘朱路路段出现二轮车辆闯入交通事件。一辆红色摩托车从道路右侧驶入行车道，驾驶员身穿红色上衣、佩戴头盔，沿最左侧车道由南向北行驶，期间超越多辆小汽车，行驶过程中未见逆行或横穿车道等危险行为，但其进入机动车道的行为违反了高速公路交通管理规定。该路段为高速公路，无专用二轮车道且设有禁止非机动车通行标志，摩托车未按规定路线行驶，属于闯入禁行区域。其行为导致周边车辆紧急避让，影响正常交通秩序，存在较大安全隐患。,2023年7月17日14时47分至14时48分，外环高速莘朱路路段出现交通拥堵事件。该路段为多车道高速公路，双向车流密集，车辆包括轿车、货车、客车及大型运输车等各类机动车。视频显示，从14:47:09开始，道路右侧车道出现持续性缓行，车辆行
,2023年11月1日星期三上午9时20分至9时22分，北环高速同济路立交南段出现交通拥堵事件。该路段为多车道城市快速路，车流量较大，主要由轿车、货车、公交车及少量摩托车组成。视频显示，从09:20:58开始，车辆在多个车道上缓慢行驶，部分车辆处于低速移动或短暂停滞状态，尤其在靠近画面右侧的车道中，车辆排队长度明显增加，持续时间约1分钟且未见缓解趋势。涉事车辆包括白色轿车、红色货车、蓝色公交车以及各类厢式货车和客车，均在正常车道内行驶但速度受限。道路两侧设有隔离护栏和绿化带，左侧人行道上有行人和骑行者通行，未见异常停车或事故迹象。整体表现为典型的高峰时段拥堵特征，无施工设施、抛洒物或交通事故发生，但因车流密集导致通行效率下降，影响了正常交通秩序。,2023年11月1日星期三上午9时18分至9时19分，北环高速同济路立交南段出现交通拥堵事件。该路段为多车道高速公路，车流密集，主要由轿车、公交车和货车组成，其中可见一辆红色货车和一辆黄色公交车在车流中缓慢行驶。视频显示，车辆在多个车道上持
,2023年12月14日10时59分，外环高速沪太立交西段出现严重交通拥堵，多车道车辆缓慢行驶或处于停滞状态，车流密集且持续无缓解趋势。涉事车辆包括大量货车（如集装箱车、厢式货车、平板货车）及各类小型客车，其中可见圆通速递等物流运输车辆，车辆在多个车道内排队前行，部分车辆间距极小，存在频繁变道和跟车行为。道路两侧绿化带清晰，未见施工设施或抛洒物，也无明显事故迹象，但整体车流密度高，通行效率显著降低，符合典型拥堵特征，影响范围覆盖至少三至四条车道，持续时间超过10秒，表明该区域已形成瓶颈路段，导致通行能力下降。,2023年11月4日10时59分40秒左右，在外环高速沪太立交西段，监控画面显示多车道正常行驶的车辆中，右侧应急车道与主车道之间出现明显异物，疑似为抛洒物。该异物位于行车道与应急车道交界处，尺寸较大，导致后方部分车辆紧急避让或减速。未见涉事
,2023年7月18日19时05分42秒，在外环高速蕴川立交东路段，一辆二轮摩托车进入行车道，沿中间车道向前行驶，驾驶员身穿深色衣物并佩戴头盔，车辆未见明显牌照。该摩托车在车流中穿行，周围有多辆货车和轿车正常行驶，其行为属于在无专用非机动车道的高速公路主路通行，存在闯入禁止通行区域的风险，且未与其他车辆保持安全距离，对后方车辆造成潜在干扰，构成二轮车辆闯入交通异常事件。,2023年7月18日19时05分42秒，在外环高速蕴川立交东路段，一辆黑色摩托车从画面下方驶入高速公路主车道，沿最左侧车道由南向北行驶，驾驶员佩戴头盔，车辆无明显牌照标识。该摩托车在多车道高速公路上行驶，周围有多辆轿车和货车正常行驶，包括白
,2023年7月17日16时27分35秒左右，在外环高速仙霞路（内）路段，一辆二轮车从右侧第二车道驶入主路，行驶方向与机动车一致，驾驶员佩戴头盔，车辆有明显牌照。该摩托车一直沿第二车道向前行驶，期间未出现逆行或横穿行为，但其出现在无专用二轮车道的高架道路上，属于禁止通行区域，构成二轮车辆闯入交通事件。该行为对周边车辆造成潜在干扰，存在安全隐患，尤其在车流密集区域可能引发紧急避让情况。现场未见其他车辆因该行为发生急刹或碰撞，但其闯入行为本身已违反交通规则，属于典型二轮车辆闯入异常事件。,2023年7月17日22时26分至22时27分，外环高速仙霞路（内）路段出现交通拥堵事件。该路段为多车道高速公路，双向车流密集，其中南向北方向车辆行驶缓慢，形成明显排队现象，车辆间距缩短，车速降低，部分车辆处于低速蠕行状态。涉事车辆包括多辆
,2024年01月04日12:32:59至12:33:13，在外环高速联谊路西枪机1路段，多辆车辆在右侧车道上出现缓慢移动甚至完全停止的情况，涉及的车辆包括轿车、货车和大型卡车等。这些车辆在该时间段内排队长度明显超过正常范围，并且持续一段时间内没有缓解的趋势，尤其是在路口区域，导致整体交通流速显著下降，形成了明显的拥堵现象。异常特征表现为车辆密集、行驶速度极低以及部分车辆被迫长时间等待，严重影响了该路段的通行效率。,2024年1月4日12时33分至12时34分，外环高速联谊路西段出现交通拥堵事件，现场多车道车辆行驶缓慢，车流密集且持续无明显缓解趋势，主要涉及各类轿车、货车及厢式运输车，其中右侧车道车辆排成长队，部分车辆在低速行驶中频繁变道，导致通行效率
,2023年7月20日21时54分22秒，在外环高速龙吴路路段，一辆二轮车出现在高速公路行车道并持续行驶，该车辆未在专用通道或允许区域通行，驾驶员佩戴头盔。该行为违反了高速公路禁止二轮车辆通行的规定，对正常行驶的机动车构成安全隐患影响了道路通行安全与秩序。,2023年7月20日21时54分23秒，外环高速龙吴路路段夜间监控画面中，一辆二轮车驶入主路，进入高速公路行车道。该二轮车为摩托车，驾驶员佩戴头盔，未见明显牌照标识。其行为属于闯入高速公路禁止通行区域，存在严重安全隐患。该路段为多车道高速公
,2024年6月22日18时53分至18时54分，外环高速沪渝立交段出现异常停车事件，涉事车辆为一辆红色货车和一辆白色小轿车，停于右侧应急车道，导致、、后方车辆被迫减速绕行，造成该路段交通拥堵，车辆行驶缓慢，车流密度明显增加，存在安全隐患，符合异常停车事件。,2024年06月22日18:53至18:54，在外环高速沪渝立交处，发生了一起多车事故。涉事车辆包括一辆白色SUV和一辆白色轿车。事故导致该路段交通严重拥堵，后续车辆被迫减速或停车，现场秩序混乱，部分车辆的驾驶员下车查看情况。此次事故的异常
,2024年6月14日14时53分50秒左右，在嘉闵西侧S6立交南路段，一辆灰色轿车在左侧车道停靠，开启双闪灯，导致后方车辆绕行。,2024年6月14日14时53分56秒至14时54分56秒，嘉闵西高速北侧立交南段，监控画面显示多车道高速公路的行车方向正常，未见任何二轮车辆（如摩托车、电动车或自行车）出现在道路。
,2024年5月31日16时23分10秒，在嘉闵西侧定焦07监控点位的隧道内，两辆车侧方发生磕碰，涉事车辆包括一辆黑色轿车和一辆蓝色出租车，驾驶员下车并站在车旁，导致后方车辆被迫减速或变道避让。此外，尽管未见明显碰撞痕迹，但车辆静止状态与人员下车行为符合多车事故中常见的突发性停车场景，因此判定为多车事故事件。,2024年5月31日16时23分至16时24分，嘉闵西侧定焦07监控点位拍摄到隧道内发生多车事故。事故发生在隧道中段，涉事车辆包括一辆白色货车、一辆白色轿车。视频显示，俩辆车已经发生事故，在最右侧车道停靠，疑似白色轿车追尾白色货车。事故造成
,2023年7月22日16时20分38秒，在外环高速京沪立交（内）路段，一辆二轮车驶入主路行车道，行为属于闯入高速公路禁止通行区域。该二轮车佩戴头盔，无明显牌照，且在车流密集的高速公路上穿行，存在极大安全隐患。该事件符合二轮车辆闯入的异常特征，表现为在无专用通道和禁止标志的情况下擅自进入高速主路，并伴有危险驾驶行为。,2023年7月22日16时20分至16时21分，外环高速京沪立交（内）路段出现交通拥堵事件。该路段为双向多车道高速公路，左侧车道车辆行驶缓慢，形成明显排队现象，车辆间距缩小，车速降低，部分车辆处于低速蠕动状态，持续时间约1分钟且无缓解趋势。
,2024年6月23日06时32分46秒，外环高速锦秋路北方向，一辆银色面包车停靠在道路中央隔离带旁的应急车道内，车辆左侧车门处于打开状态，车辆开启双闪警示灯，驾驶员不在车内，该车长时间静止未移动，符合异常停车行为。,多车事故
,2024年6月5日23时45分52秒至23时46分51秒，外环高速吴淞江桥南路段，一辆白色厢式货车在最右侧车道内长时间静止不动，车辆开启双闪灯，且无明显故障迹象，存在安全隐患。该行为符合异常停车特征，且持续时间超过10秒，影响正常交通秩序。,2024年6月5日23时45分至23时46分，在外环高速吴淞江桥南路段，发生了一起多车事故。涉事车辆包括一辆白色轿车和一辆黑色SUV，两车在行驶过程中发生碰撞，导致车辆位置异常，斜停在左侧道路。事故发生后，有人员下车进行交涉，现场秩序受到影
,2023年7月15日星期六10:59:03，在城市高架道路主车道上，一辆二轮摩托车从画面下方驶入，驾驶员身穿反光背心并佩戴头盔，车辆沿最右侧车道正常行驶，未出现逆行或横穿车道等危险行为，也未见明显违规标志或禁止通行标识，该车在车流中保持稳定行驶状态，未对其他车辆造成明显影响，其行驶轨迹符合常规交通规则，但因高架道路通常禁止非机动车通行，故该行为属于二轮车辆闯入交通事件，存在潜在安全隐患。,2023年7月15日星期六10时58分至10时59分，位于城市高架道路主干道上，多车道出现持续性交通拥堵。涉事车辆包括大量轿车、SUV、货车及一辆红色消防车，其中红色消防车在车流中缓慢行驶并逐渐减速，后方车辆密集排队，部分车辆刹车灯亮起，显
,2024年2月20日16时28分至16时30分，S20内至G60出省方向的高架路段出现拥堵交通事件。该路段位于城市高架桥上，两侧有绿化带，前方设有通往杭州方向（G60）和浦东机场方向（S20）的指示牌。视频显示，多辆小轿车、货车及客车在双向车道上缓慢行驶，车流密集且持续时间较长，车辆间距明显缩小，部分车辆处于低速蠕行状态，后方车辆被迫减速或短暂停滞，形成典型的拥堵特征。拥堵主要集中在靠近隧道入口处，车辆排成长队，通行效率显著下降，未见异常停车、事故或施工等其他干扰因素，整体为因车流量大导致的常态化拥堵现象。,2023年7月20日16时28分至16时29分，S20内至G60出省方向高架路段出现交通拥堵事件。该路段位于通往杭州方向（G60）与浦东机场方向（S20）交汇处附近，道路两侧设有绿化带和指示牌，车辆在多车道上缓慢行驶，车流密集且持续排队，未
,2023年7月20日06时36分20秒，在东侧元江路入口3的隧道内，一辆二轮车从右侧车道驶入，与一辆白色大巴车并行行驶，随后在隧道内持续向前行驶。该二轮车未在专用非机动车道行驶，且在机动车道内穿行，存在明显的闯入行为，驾驶员未佩戴头盔，车辆无明显牌照标识，属于禁止通行区域内的危险驾驶行为，对隧道内其他车辆构成潜在安全隐患，影响了正常交通秩序。,多车事故
,2023年7月22日14时13分38秒，在嘉闵高架东柴塘北路入口处，一辆二轮摩托车从右侧匝道驶入主路车道，该车辆未在专用非机动车道行驶，且在进入主路时未提前观察主路车流情况，存在闯入行为。该二轮车驾驶员佩戴头盔，车辆有明显牌照标识，其行为违反了禁止二轮车进入高架道路的规定，对主路正常行驶的车辆构成潜在安全隐患，影响了交通秩序和通行安全。该事件属于典型的二轮车辆闯入高架道路异常行为。,2023年7月22日14时13分37秒，在嘉闵高架路东柴塘北路入口处，一辆二轮摩托车从画面下方驶入主车道，行驶于多车道高架道路的中间车道，未见其在专用非机动车道或辅路行驶。该摩托车驾驶员佩戴头盔，车辆无明显牌照，行驶过程中未见逆行或横穿车道
,2023年12月22日星期五06:49:08至06:50:05期间，北环高速富锦路路段出现抛洒物交通事件。视频显示，在该时段内，多辆货车和轿车在道路右侧行驶过程中，未见明显异物抛洒或车辆异常行为，但右侧车道边缘有疑似黑色塑料袋物品堆积，可能为货物散落所致，导致后方车辆行驶时存在绕行或减速现象。涉事车辆包括绿色集装箱货车、白色厢式货车及红色平板运输车等，均正常行驶未停车，但其经过区域地面可见零星杂物，疑似来自货车货箱脱落。此情况影响了部分车辆的通行效率，造成轻微拥堵趋势，且无人员下车处理，符合抛洒物判断标准中“车道上有足够尺寸的异物”、“可见车辆急刹或绕行行为”以及“异物可能来自货车货箱”的特征。,2023年12月22日星期六05:49至05:50期间，北环高速曹妃甸路段出现交通拥堵事件。该路段为多车道高架道路，双向通行，中间设有隔音屏障。视频显示，从05:49:09开始，道路右侧车道车辆行驶缓慢，车流密集，多辆轿车、货车及厢式运输车
,2024年6月13日14时18分，S20外环高速东向西方向某路段出现异常停车事件。一辆白色厢式货车在行车道内完全静止，未开启双闪灯，车辆后侧设置警示标志，该事件符合异常停车的判断标准。,2024年6月13日14时18分，位于S20外环高速西向车道发生一起多车事故，监控画面显示，一辆白色轿车与前方黑色轿车发生追尾事故。事故发生后，驾驶员下车查看情况，后方车辆被迫减速绕行，导致该路段交通流明显受阻，车辆排队长度持续增加，形成拥
,2023年10月4日11时02分至11时41分，位于城市高架桥路段的双向车道中，其中南向车道出现明显交通拥堵。该路段为多车道高架道路，两侧设有护栏，左侧为隔离带，右侧为对向车流。视频显示，南向车道车辆密集，车距极短，行驶速度缓慢，部分车辆几乎处于停滞状态，形成持续性排队现象，排队长度超过百米且无缓解趋势。涉事车辆包括多种品牌和型号的轿车、SUV及小型货车，如白色丰田、黑色奥迪、红色奔驰等，均在缓慢前行或轻微移动。车辆间未见碰撞痕迹，也无异常停车或施工迹象，但因车流量大导致通行效率显著下降。对向车道车流相对正常，表明拥堵主要集中在南向一侧。整体表现为典型高峰时段或节假日出行引发的交通拥堵事件，影响了该路段的通行能力，存在潜在延误风险。,2023年10月4日星期三10时37分至10时38分，位于城市高架道路的某路段发生拥堵事件。该路段为双向多车道高架桥，左侧为进入匝道区域，右侧为主行车道。视频显示，从10:37:10开始，主车道车辆行驶速度明显减缓，车流密度持续增加，车辆间
,2024年3月5日08时30分至08时31分，外环高速老沪闵路东（内）方向出现严重交通拥堵事件。现场为雨雾天气，能见度较低，路面湿滑，双向多车道均出现车辆缓慢行驶或停滞现象，尤其右侧车道车辆排队长度持续延长，车距明显缩短，部分车辆刹车灯长时间亮起，通行速度显著下降。涉事车辆包括多辆轿车、货车及厢式运输车，均处于低速行驶状态，未见明显事故或异常停车情况，但整体车流密度极高，导致通行效率大幅降低，形成典型的早高峰时段因天气与车流量叠加引发的拥堵状况。该事件影响范围覆盖监控画面中数十米路段，且在视频记录期间未见缓解趋势，符合拥堵判断标准中的多辆车缓慢移动、排队长度超过正常范围、持续时间较长等特征。,2024年3月8日08时30分至08时31分，外环高速沪太立交西（外）路段出现交通拥堵事件。该路段为多车道高速公路，路面湿滑，天气阴雨，能见度较低。视频显示，从08:30:39开始，左侧车道车辆行驶缓慢，车流密集，多辆轿车、货车及客车在车道
,2024年6月24日17时30分23秒至17时31分20秒，外环高速仙霞路南方向，右侧紧急停车带内有一辆红色货车长时间静止停放，车辆未开启双闪灯，驾驶员在车旁活动。虽然车辆位置位于紧急停车带内，对主线车流未造成明显影响，但该车在无紧急情况、无故障表现、未采取必要安全措施的情况下长时间静止，仍构成非紧急情况下的违规停车行为，符合异常停车特征。,2024年6月24日17:30至17:31，在外环高速仙霞路南（外）路段，发生了一起多车事故。涉事车辆包括一辆蓝色SUV和一辆白色轿车。事故导致该车道上的车辆被迫停下，交通一度陷入停滞状态，后方车辆被迫绕行或长时间等待，现场秩序混乱。异常特
,2023年7月22日02时09分46秒，在外环高速莘庄立交北段，一辆二轮车辆在夜间无专用非机动车道的高速路段上行驶，其行为违反了高速公路禁止二轮车辆通行的规定，属于典型二轮车辆闯入交通异常事件。,2023年7月22日02:09:45至02:10:04期间，外环高速莘庄立交北段发生一起多车事故。事故发生在夜间，道路照明良好，路面湿滑。涉事车辆包括一辆白色厢式货车、一辆黑色轿车，其中白色厢式货车在中间车道停车双闪，右侧车道黑色车辆与后方
,2024年6月25日星期二上午7点07分至7点08分，在一条多车道的高架桥上，发生了一起多车事故。涉事车辆包括两辆白色轿车和几辆小轿车，涉事车辆停在车道中央，而几辆小轿车则在其前方和后方紧密跟随。行为上，白色轿车突然停车，导致后方的小轿车紧急刹车并逐渐停下，形成了一个小型的交通堵塞。影响方面，该事故导致中间车道上的车辆被迫减速或停车，后续车辆也受到影响，出现了排队等待的情况。异常特征表现为白色轿车的突然停车以及后方车辆的紧急制动，造成了短时间内交通流量的停滞和混乱，且有人员下车查看情况，进一步加剧了拥堵现象。,2024年6月25日星期二早上7点07分至7点08分，在一条多车道高速公路上发生了一起拥堵交通事件。视频显示，该路段有多辆车缓慢移动或完全停止，排队车辆长度超过正常范围，且持续一段时间无缓解趋势，尤其是在道路的瓶颈区域。涉事车辆包括多种类型
,2023年12月16日11时02分至11时03分，S4市区方向至S20内环线交汇处路段发生拥堵事件。该路段为多车道高速公路，双向车流密集，以货车和轿车为主，其中左侧车道车辆行驶缓慢，形成明显排队现象，车辆间距缩小，车速降低，部分车辆处于缓行状态。右侧车道虽有车辆正常通行，但整体车流量较大，存在轻微压车情况。涉事车辆包括多辆集装箱货车、厢式货车、平板运输车及各类小客车，均在各自车道内有序行驶但未出现碰撞或事故迹象。由于车流持续汇聚且无明显施工或障碍物干扰，推测拥堵原因为交通高峰期车流量饱和所致，影响范围覆盖至少500米，导致后方车辆通行效率下降。异常特征表现为车辆排队长、行驶速度显著减慢、车距缩短，但未见异常停车、占道施工、抛洒物或交通事故等其他异常行为。,2023年12月16日11时02分至11时03分，S4市区方向至S20内环高架路段出现交通拥堵事件。该路段为多车道高速公路，双向车流密集，右侧车道车辆行驶缓慢，形成连续排队现象，车辆间距明显缩小，车速降低，部分车辆处于低速蠕动状态，持续时间
,2023年12月7日16时36分至16时37分，北环高速同济路立交南段出现交通拥堵事件。该路段为多车道城市高架道路，车流密集，车辆以缓慢速度行驶，部分车辆处于停滞状态，排队长度持续延伸，未见明显缓解趋势。涉事车辆包括轿车、货车、客车及工程车辆，其中蓝色货车、白色大巴和红色货车等大型车辆在车流中较为突出。车辆在主车道上有序但缓慢前行，无明显碰撞或事故迹象，也未见异常停车或抛洒物。拥堵主要发生在路口与匝道连接区域，属于典型瓶颈路段的通行压力所致，整体交通流呈现低速缓行状态，符合拥堵判断标准。,2023年12月7日星期四16时36分至16时37分，北环高速同济路立交南段出现交通拥堵事件。该路段为多车道高速公路，双向车流密集，其中南向车道车辆行驶缓慢，车距明显缩短，车辆呈连续排队状态，部分车辆在车道间频繁变道，通行效率降低。涉事车辆
,2023年11月2日16时58分，外环高速锦秋路北段监控画面显示，道路中央隔离带左侧车道上有一块绿色布状物抛洒在路面，位置位于行车道内，未见明显车辆停靠或事故迹象。该抛洒物尺寸较大，呈不规则形状，颜色醒目，对过往车辆构成潜在安全隐患。多辆汽车从其旁边正常行驶通过，部分车辆有轻微避让动作，但整体交通流未出现显著拥堵或减速现象。现场无施工人员、警示标志或清障车辆出现，推测该物品可能来自货车运输过程中掉落。由于该物体未被及时清理，存在引发后方车辆急刹或侧滑的风险，属于典型的抛洒物交通异常事件。,2023年11月2日16时58分，外环高速顾戴路北段发生抛洒物事件，现场多车道路面存在白色异物，其中一处绿色包裹状物体及另一处较大块异物位于道路中间位置，影响后续车辆正常通行。涉事车辆未在画面中明确显示，但多辆车辆在经过该区域时出现减速避让
,2023年7月20日15时25分36秒至15时26分35秒，嘉闵高架西侧定焦04监控点位显示，隧道内多车道车辆行驶缓慢，车流密集且持续拥堵，未见明显事故或施工迹象。一辆白色轿车和前方黑色轿车在道路右侧车道内长时间静止不动，且无驾驶员下车或明显故障迹象，周围其他车辆正常行驶，部分车辆在经过该车时有轻微变道避让行为，表明该车存在异常停车情况，影响了应急车道的正常使用，构成交通安全隐患。,2023年7月20日15时25分至15时26分，嘉闵高架西侧路段发生一起多车事故。事故发生在隧道内靠近出口匝道区域，涉事车辆为二辆小轿车，其中一辆黑色轿车与前方白色车辆发生追尾，随后引发连锁反应，导致后方多辆汽车紧急刹车或变道避让，部分车辆
,2024年1月10日17时31分至17时32分，在外环高速京沪立交（内）路段，发生了一起拥堵交通事件。视频显示，大量车辆在该路段缓慢移动或完全停止，涉及多种类型的车辆，包括轿车、货车和大型卡车。这些车辆在多个车道上密集排列，导致交通流严重受阻。拥堵情况持续了一段时间且无明显缓解趋势，尤其是在道路的左侧部分，车辆排队长度显著超出正常范围。此外，该区域为交通瓶颈区，进一步加剧了拥堵现象。异常特征表现为车辆行驶速度极低，尾灯和前灯长时间亮起，显示出典型的高峰时段交通压力大和通行效率低下的情况。此次拥堵对过往车辆的正常行驶造成了较大影响，可能导致行程延误和其他潜在的交通问题。,2024年1月10日17时31分至17时40分，外环高速京沪立交（内）路段发生拥堵事件。该路段为多车道高速公路，双向车流密集，其中左侧车道车辆行驶缓慢，形成明显排队现象，车辆间距缩小，刹车灯持续亮起，表明车速显著降低或处于缓行状态。涉事车辆
,2023年9月4日星期一早上7点57分，外环高速铁山路路段出现严重交通拥堵，现场多辆轿车、货车及大型运输车辆密集行驶，车流缓慢移动，部分车辆几乎处于停滞状态，持续时间超过10秒且无缓解趋势。涉事车辆包括红色厢式货车、红色油罐车、蓝色货车以及大量私家车，其中红色油罐车和红色厢式货车在左侧车道缓慢前行，影响了整体通行效率。由于车辆间距极小，后方车辆被迫减速或停车等待，形成典型的排队拥堵现象，且该路段为城市高架道路瓶颈区域，车道数量有限，进一步加剧了拥堵程度。未见施工设施、抛洒物或事故痕迹，也无二轮车辆闯入或异常停车情况，因此判定为因车流量过大导致的常态化拥堵事件。,2023年9月4日星期一早上7点57分，外环高速铁山路路段出现严重交通拥堵，车辆在多车道上缓慢行驶或完全停滞，排队长度持续延伸，车流密集且无明显缓解趋势。涉事车辆包括大量轿车、货车、客车及出租车，其中红色大型货车和白色厢式货车较为显眼，部分
,2023年7月18日18时45分20秒左右，在外环高速蕴川立交东3枪机监控范围内，一辆二轮摩托车从画面右下方驶入主车道，沿最中间车道向前行驶，驾驶员佩戴头盔，车辆未见明显牌照。该路段为高速公路，禁止二轮车辆通行，且无专用非机动车道或允许通行标识，摩托车在车流中穿行存在较大安全隐患，导致后方车辆需主动避让，影响行车秩序和安全。此行为符合二轮车辆闯入交通异常事件特征。,2023年7月18日18时45分19秒，在外环高速蕴川立交东3枪机监控画面中，一辆二轮摩托车从右侧车道驶入主路，行驶于多车道高速公路的中间车道，该区域为禁止二轮车辆通行的路段。涉事车辆为一辆黑色摩托车，驾驶员身穿深色衣物，佩戴头盔，未见明显
,2023年07月22日13时50分13秒至13时50分21秒，外环高速蕴川立交东段，一辆二轮摩托车驶入主路行车道，驾驶员身穿浅色上衣、佩戴头盔，未在专用非机动车道或辅道行驶，属于闯入禁止通行区域的行为。且无明显专用二轮车道标识，周围车辆正常行驶，造成潜在安全隐患。该行为符合二轮车辆闯入交通异常特征，构成对道路秩序的干扰。,2023年07月22日13时50分14秒至13时50分20秒，外环高速蕴川立交东1枪机2监控画面显示，一辆白色二轮电动车在城市快速路主车道内行驶，行驶于多车道车流中，未见其进入专用非机动车道或辅路，且无明显禁止标志区域。该车辆在车流中穿行，
,2023年7月18日19时38分，在外环高速吴淞江桥南路段，一辆黑色轿车在行车道内突然停车，驾驶员下车后在车旁停留并与另一名身穿黄色上衣的人员交谈，导致后方车辆被迫减速绕行，形成短暂拥堵。该行为发生在夜间照明良好条件下，涉事车辆位于主车道中间位置，周围有多辆货车和轿车正常行驶，因异常停车造成交通流紊乱，存在较大安全隐患。,2023年7月18日19时38分，外环高速吴淞江桥南路段出现严重交通拥堵，现场多车道车辆缓慢行驶或完全停滞，车流密集且持续时间较长，未见明显事故或障碍物。涉事车辆包括大量轿车、货车、厢式货车及大型集装箱运输车，其中可见红色、白色、黑色等各类
,2023年7月20日19时44分至19时45分，外环高速吴淞江桥南路段出现异常停车事件。一辆红色货车在右侧车道内完全静止，且无明显故障迹象，驾驶员不在车内。该车停于应急车道上。周围车辆频繁变道避让，交通流受到明显影响，存在安全隐患。该行为不符合高速公路临时停车规定，属于违规停车，对通行秩序造成干扰。,2023年7月20日19时44分至19时45分，外环高速吴淞江桥南路段出现交通拥堵事件。该路段为夜间双向多车道高速公路，道路两侧绿化带清晰，照明良好。视频显示，从19:44:00开始，右侧车道车辆行驶缓慢，车流密集，多辆轿车、货车及厢式运输
,2023年7月22日13时34分58秒，在外环高速莘庄立交北段，一辆红色上衣的二轮车驾驶员驾驶摩托车从画面右下方进入主车道，沿道路中间行驶，该行为属于在高速公路禁止通行区域闯入，且无专用二轮车道或明显允许通行标志，驾驶员佩戴头盔，车辆牌照特征明显，对正常行驶车辆造成潜在安全隐患，后方车辆需主动避让，存在较大交通风险。,2023年7月22日13时34分54秒至13时35分23秒，外环高速莘庄立交北段发生一起多车事故。事故发生在高速公路主车道上，涉事车辆包括一辆红色轿车、一辆白色SUV及多辆周边车辆，其中红色轿车与白色SUV发生碰撞后停在行车道内，车辆位置异
,2024年01月12日13时40分至13时41分，在外环高速沪嘉地道2（外）路段，发生了一起拥堵交通事件。视频显示，多辆轿车和货车在该路段缓慢移动或完全停止，排队车辆长度超过正常范围，且持续一段时间无缓解趋势。涉事车辆包括多辆小型轿车、厢式货车以及大型卡车，它们在车道上依次排队，部分车辆的刹车灯亮起，显示出缓慢行驶或停车的状态。此次拥堵发生在高速公路的瓶颈区域，导致后方车辆被迫减速或停滞，严重影响了道路通行效率。异常特征表现为车辆密集、行驶速度极低，且未见明显交通事故或其他障碍物引起拥堵的原因。,2024年3月14日11时12分，外环高速沪嘉地道2（外）路段出现交通拥堵事件。该路段位于曹安公路出口3公里处，监控画面显示多车道车辆行驶缓慢，车流密集且持续排队，车辆间距明显缩小，部分车辆处于低速移动或短暂停滞状态，未见明显事故或障碍物。
,2024年5月16日17时45分58秒至17时46分56秒，嘉闵高架西侧定焦14监控点位显示，一辆白色小型客车在道路最左侧车道内长时间静止不动，车辆未开启双闪警示灯，且驾驶员不在车内，车辆处于异常停车状态。该车停于正常行车道上，无任何交通标志允许其在此停车，导致后方多辆车辆被迫减速绕行，影响了该路段的正常通行秩序。周围其他车辆持续行驶，但因该车占据车道，造成局部交通流受阻，存在安全隐患。整个过程中，该车未有移动迹象，符合异常停车的典型特征。,2024年5月16日17时46分，在嘉闵西侧定焦14路段，发生了一起多车事故。涉事车辆包括一辆白色SUV和一辆灰色轿车，这些车辆在行驶过程中发生了碰撞，导致车辆位置异常，其中白色SUV斜停在车道上，灰色轿车紧随其后。事故现场有人员下车交涉，
,2023年9月6日17时51分，外环高速蕴藻浜桥北2（外）路段出现严重交通拥堵，现场多车道车辆排成长队，车流缓慢移动，部分车辆处于完全停止状态，持续时间超过10秒且无缓解趋势。涉事车辆包括大量小型轿车、货车及集装箱卡车，其中以白色、黑色和红色车辆为主，车辆密集排列，行驶间距极小，部分车辆因拥堵被迫变道或减速。该路段为双向多车道高速公路，道路两侧设有绿化带，上方有指示牌显示“沪太路2km”“前方500m紧急停车带”等信息，未见施工设施、异常停车或事故痕迹，亦无二轮车辆闯入或抛洒物现象。拥堵主要集中在右侧车道，影响范围覆盖多个车道，导致通行效率显著下降，符合典型高峰时段交通拥堵特征。,多车事故
,2023年7月15日11时46分04秒，外环高速武威路南（内）路段，一辆二轮车从右侧应急车道驶入主车道。该二轮车为摩托车，驾驶员身穿浅色衣物，佩戴头盔。其行为属于在高速公路主车道上违规闯入并横穿车道，存在严重安全隐患，导致周边车辆紧急避让，影响了正常行车秩序。该区域为高速公路，设有明确禁止非机动车通行标志，且无专用二轮车道，因此该行为构成典型二轮车辆闯入交通异常事件。,2023年7月21日11时46分至11时47分，外环高速武威路南（内）路段出现拥堵交通事件。该路段为多车道高速公路，车流密集，车辆以缓慢速度行驶，部分车辆处于停滞状态，排队长度持续增加，影响通行效率。涉事车辆包括多辆轿车、货车及厢式货车，其
,2021年6月6日9时47分至9时48分，外环高速沪太立交西2枪机2监控画面显示，在道路右侧应急车道上有一辆红色货车长时间静止停放，车辆开启双闪灯，车身覆盖蓝色篷布。该车停放在非停车区域，占用应急车道，符合异常停车的判定标准，属于违规停车事件。,多车事故
,2023年12月13日15时04分至15时05分，外环高速丰翔路路段出现严重交通拥堵事件。该路段为双向多车道高速公路，道路两侧绿化带茂密，中间设有隔离护栏。视频显示，右侧方向车流密集，车辆以缓慢速度行驶或处于停滞状态，排队长度持续增加，影响范围覆盖多个车道，部分车辆在长时间低速移动中频繁刹车。涉事车辆包括大量货车、厢式货车、轿车及面包车等，其中红色、白色和黄色货车较为显著，且多辆大型运输车占据主车道，导致通行效率降低。左侧对向车道车流相对顺畅，未见明显拥堵。现场无可见事故迹象、施工设施或抛洒物，也无异常停车或二轮车辆闯入行为。拥堵原因可能与车流量高峰叠加局部瓶颈有关，车辆行驶速度普遍低于正常水平，后方车辆被迫减速跟随，形成典型拥堵特征。整个过程中，交通秩序未完全中断，但通行能力显著下降，持续时间约一分钟，符合拥堵判断标准。,2023年12月15日15时04分至15时05分，外环高速丰翔路路段出现严重交通拥堵事件。该路段为多车道高速公路，双向车流密集，左侧车道车辆行驶缓慢，右侧车道虽有车辆正常通行但速度明显降低，形成连续排队现象。涉事车辆包括大量轿车、货车及厢式
,2023年12月21日17时01分至17时02分，外环高速龙吴路路段出现严重交通拥堵事件。该路段为多车道高速公路，双向通行，其中南向北方向车流密集，车辆行驶缓慢，多数车辆刹车灯持续亮起，表明车速极低或处于停滞状态。涉事车辆包括大量私家车、出租车、货车及客车，其中以白色、黑色、红色轿车和厢式货车为主，部分大型集装箱卡车和城市客运大巴也参与其中。车辆在多个车道内排成长队，间距极小，整体呈缓行状态，未见明显事故或障碍物导致的停车，但车流密度极高，且持续时间较长，符合典型高峰时段拥堵特征。右侧辅道车流相对顺畅，主路拥堵影响范围约覆盖数公里，对区域交通通行效率造成显著影响。异常特征表现为长时间、大范围的车辆排队与低速蠕动，无突发事故或施工迹象，推测为高峰通勤流量叠加所致。,2023年12月21日12时50分至12时51分，外环高速龙吴路路段出现严重交通拥堵事件。该路段为双向多车道高速公路，右侧方向车流密集，车辆行驶缓慢，部分车辆处于停滞状态，排队长度持续延伸，影响通行效率。涉事车辆包括大量轿车、货车及厢式运输
,2023年9月17日08时11分29秒至08时11分40秒，位于武宁路地道入口处的南线2CAM02监控画面显示，多辆机动车在进入隧道前的红色车道上正常行驶，车辆依次有序通过，远处隧道口有俩辆车因为交通事故停靠左侧车道打着双闪。,多车事故
,2023年09月02日17时57分，外环高速富长路枪机2监控画面显示，该路段出现严重交通拥堵，车辆在多车道上缓慢行驶或完全停滞，排队长度持续延伸，车流密度高，后方车辆被迫减速并保持安全距离。涉事车辆包括多辆轿车、货车及集装箱运输车，其中蓝色集装箱货车、白色厢式货车及红色大型货车等尤为明显，部分车辆在车道间频繁变道，加剧了通行压力。由于车流密集且移动缓慢，车辆尾灯普遍亮起，表明驾驶人处于低速行驶状态，且无明显事故或施工迹象，但拥堵已持续数分钟且无缓解趋势，符合拥堵判断标准中关于多辆车缓慢移动、排队长度异常及发生在瓶颈区域的特征。,多车事故
,2024年5月16日18时33分33秒至18时34分32秒，嘉闵高架西侧定焦04监控点位拍摄到一条双向车道内车辆正常行驶的画面，其中一辆红色轿车在最右侧车道持续静止不动，该车开启双闪灯，周围车辆因避让该车而出现减速绕行现象，导致后方车流通行效率下降，存在异常停车行为。,2024年5月16日18时33分至18时34分，嘉闵西侧定焦04监控点位拍摄到隧道内发生交通拥堵事件。事发地点位于元江路入口附近，道路为双向多车道设计，右侧为隔音墙，左侧为隔离护栏。视频显示，自18:33:30起，隧道内车辆行驶速度明显下降
,2024年5月8日13时38分至13时39分，外环高速京沪立交（内）路段，一辆蓝色货车在最左侧车道完全静止，车辆未开启双闪灯，驾驶员下车在车旁停留，导致后方车辆被迫减速绕行，影响正常通行秩序，符合异常停车特征。,多车事故
,2024年5月17日12时58分24秒至12时59分23秒，位于城市高架桥路段的最右侧车道上，一辆绿色货车在非停车区域完全静止，未开启双闪灯，且无交通信号灯或标志允许其停车，符合异常停车行为。,2024年05月17日星期五12:58至12:59期间，在某城市高架桥路段，右侧车道发生一起多车事故。涉事车辆包括一辆黑色轿车和一辆蓝色轿车，两车发生碰撞事故，其中黑色轿车斜停于行车道内，导致后方车辆被迫减速避让，造成交通流受阻。事故发生后
,2023年12月27日11时01分至11时02分，S4市区方向至S20内侧路段出现交通拥堵事件。该路段为多车道高速公路，路面标有导流线，两侧设有隔离护栏和隔音墙。视频显示，从11:01:53开始，左侧车道车辆行驶缓慢，车流密度逐渐增加，形成连续排队现象，多辆轿车、货车及厢式运输车依次行驶，车距明显缩短，部分车辆在接近摄像机位置时速度减缓甚至短暂停滞。其中一辆白色面包车、一辆绿色货车及后续多辆小型客车均处于低速行驶状态，后方车辆被迫减速避让，导致通行效率下降。右侧车道虽保持相对畅通，但因左侧拥堵影响，整体交通流呈现不均衡状态。此拥堵持续约1分钟，未见事故或施工迹象，主要表现为车流密集、通行缓慢的典型拥堵特征，影响了该路段的正常通行秩序。,2023年12月27日11时01分至11时02分，S4市区方向至S20内环高架桥路段出现交通拥堵事件。该路段为多车道高速公路，中间设有导流线区域，两侧有护栏和隔音墙，路面标有白色虚线引导车辆行驶。视频显示，从11:01:00开始，多辆机动车
,2023年7月20日19时01分30秒左右，在S4市区方向至S20的高架道路左侧辅道区域，多辆二轮车辆行驶于机动车道。车辆在行驶过程中未见明显违规行为，但其出现在主路与辅道交界处的非机动车道上，属于正常通行范围。由于该路段设有明确的交通标识和隔离护栏，且无逆行、横穿车道等危险行为，未对其他车辆造成影响。整个事件持续约20秒，期间有少量行人及车辆经过，未发生碰撞或紧急避让情况，整体交通秩序正常。该事件虽被标注为“二轮车辆闯入”，但从视频观察来看，该二轮车辆实际行驶于合法非机动车道内，行为符合交通规则，可能因监控系统误判或标注标准偏差导致异常标记。,多车事故
,2023年8月15日星期二上午8时13分，某城市高架道路双向车道出现交通拥堵事件。事发路段为多车道城市快速路，中间设有绿化隔离带，车辆密集行驶。右侧车道车流明显缓慢，多辆轿车、货车及厢式运输车在连续多个画面中保持低速或短暂停滞状态，部分车辆排队长度持续增长，后方车辆被迫减速并逐渐形成拥堵队列。涉事车辆包括白色SUV、黑色轿车、红色快递货车以及各类厢式货车和小型面包车等，均正常行驶但受前车影响而速度下降。未见明显事故或障碍物，但车流密度大且通行效率降低，符合拥堵判断标准中的“多辆车缓慢移动或完全停止”、“排队车辆长度超过正常范围”及“发生在瓶颈区域”的特征。整体交通流呈现非自由流动状态，持续时间超过10秒且无缓解趋势，属于典型的交通拥堵异常事件。,2023年08月30日星期一08:59至09:00期间，在城市快速路南向车道处发生一起多车事故。涉事车辆包括一辆白色轿车及多辆相邻车辆。视频显示，白色轿车与前方车辆发生追尾碰撞，导致车辆位置异常，部分车辆横跨车道并存在明显碰撞痕迹。事故现场
,2023年12月23日10时02分至10时03分，外环高速沪嘉地道2（外）路段出现交通拥堵事件。该路段位于曹安公路出口3公里处，监控画面显示多车道内车辆行驶缓慢，车流密集，排队长度持续增加，车辆间距明显缩短，部分车辆在车道内频繁变道或减速。涉事车辆包括多辆轿车、货车及大型集装箱运输车，其中红色集装箱货车、绿色渣土车、蓝色平板拖车和白色厢式货车等大型车辆在车流中穿行，导致通行效率下降。由于车流量大且车道未见施工或事故迹象，拥堵主要由高峰时段车流集中引发，影响了正常通行秩序，车辆行驶速度显著降低，存在长时间滞留风险。异常特征表现为车流持续缓慢移动、无突发性碰撞或停车行为，但整体通行能力受限，符合典型拥堵特征。,2023年12月23日08时35分至08时36分，外环高速沪嘉地道2（外）路段出现交通拥堵事件。该路段位于曹安公路出口3公里处，监控画面显示多车道内车辆行驶缓慢，车流密集且持续排队，车辆间距明显缩小，部分车辆处于低速移动或短暂停滞状态，未见
,2024年3月1日13时58分至13时59分，嘉闵东京沪立交北入口处发生拥堵事件，多辆汽车在主车道上缓慢行驶或停滞，车辆排成长队，车距明显缩短，车流密度高，持续时间超过一分钟且无缓解趋势。车辆包括各类轿车、SUV及小型货车，均在正常行驶过程中因前方交通压力导致速度降低或停止，未见异常停车、事故或施工迹象。右侧应急车道空置，无车辆占用，但主行车道通行能力显著下降，影响整体交通流畅性，属于典型的城市快速路高峰时段拥堵现象。,2024年3月1日13时58分至13时59分，嘉闵东京沪立交北入口处发生拥堵事件。该路段为多车道高速公路，车流密集，车辆以缓慢速度行驶，部分车辆处于停滞状态，形成明显排队现象。涉事车辆包括多辆轿车、SUV及小型货车，均在正常车道内行驶，未见
,2023年10月8日16时54分，外环高速护大立交东段出现交通拥堵事件，现场多车道车辆缓慢行驶或完全停止，车流密集且持续无缓解趋势，车辆排队长度较长，主要涉及轿车、货车及厢式货车等各类机动车，部分车辆在车道内频繁变道或减速避让，造成通行效率显著下降，影响范围覆盖多个车道，且该路段为高速公路瓶颈区域，未见明显事故或施工迹象，但整体车流状态符合典型拥堵特征。,2023年10月16日08时54分，外环高速沪太立交东段出现严重交通拥堵，多车道车辆缓慢行驶或完全停滞，车流密集且持续时间较长，未见明显缓解趋势。涉事车辆包括大量轿车、货车及厢式运输车，其中部分大型货车占据车道，导致通行能力下降。车辆在多个
,2023年7月18日11时05分20秒左右，在外环高速武威路南（内）路段，一辆二轮车行驶于最左侧车道，佩戴头盔，在车流密集区域穿行，存在明显逆行和横穿车道行为，周围车辆纷纷避让，造成短时交通干扰。该二轮车在无专用非机动车道的高速路段违规闯入，属于典型二轮车辆闯入交通事件，具有高度安全隐患。,2023年7月18日11时05分，外环高速武威路南（内）路段发生交通拥堵事件，现场多辆小客车、货车及厢式货车在多个车道内缓慢行驶或停滞，车辆间距明显缩小，车流密度显著增加，部分车辆在车道间频繁变道，导致通行效率下降。该路段为双向多车道高速公
,2023年12月29日20时52分至20时54分，外环高速曹安路北方向出现持续性交通拥堵事件。监控画面显示，该路段为夜间多车道高速公路，车流密集，车辆以低速行驶或频繁刹车，尾灯连成一片红色光带，表明通行速度显著下降。涉事车辆包括大量小型轿车、货车及集装箱运输车，其中部分大型货车因体积较大导致变道困难，加剧了道路拥堵。车辆在多个车道间缓慢移动，未见明显事故或异常停车现象，但整体车流呈现滞缓状态，且无缓解趋势。由于车流量大且车辆间距缩小，后方车辆被迫减速绕行，形成典型的拥堵特征。该区域位于城市外围高架路段，周围有绿化带和路灯照明，但未发现施工围挡或抛洒物等其他干扰因素。综合判断，此次拥堵主要由高峰时段车流集中引发，属于典型的城市快速路拥堵事件。,2023年12月29日20时52分至20时53分，外环高速曹安路北段发生交通拥堵事件。该路段为多车道高架道路，夜间照明条件下，车辆密集，车流缓慢移动。涉事车辆包括多辆轿车、货车及厢式运输车，其中以白色、黑色和红色轿车为主，部分车辆尾灯亮起，
,2024年6月13日星期四上午9时03分10秒左右，在上海市某高架道路（G1503）往市区方向的路段，发生了一起多车事故。事故位于右侧车道靠近应急车道区域，涉事车辆为一辆黑色轿车与一辆黑色SUV，疑似两车在行驶过程中发生碰撞，导致黑色轿车停靠在应急车道上，车门打开，驾驶员及一名身穿黄色连衣裙的女性乘客下车站在车旁，疑似检查车辆状况或等待救援。事故发生后，该路段交通受到影响，后方车辆出现缓慢通行和排队现象，部分车辆绕行至相邻车道，造成局部拥堵。现场未见明显散落物或人员受伤情况，但事故持续时间较长，影响了正常交通秩序。从视频中可见，事故车辆未开启双闪灯，且长时间占用应急车道，存在安全隐患。,2024年06月13日09:03:10至09:04:08，在某高速公路路段，发生了一起多车事故。涉事车辆包括一辆白色面包车和一辆白色轿车，这些车辆在行驶过程中发生了碰撞，导致车辆位置异常，其中白色面包车斜停于车道中，白色轿车则紧随其后。事故
,2023年11月2日星期四上午9时41分，外环高速蕴川立交东路段出现严重交通拥堵事件。该路段双向车流密集，尤其是由西向东方向，多辆轿车、货车及厢式运输车在多个车道内缓慢行驶或完全停滞，车辆间距极小，通行速度明显低于正常水平。涉事车辆包括大量中型和大型货车以及各类私家车，其中部分货车为集装箱运输车，车身较长，加剧了道路通行压力。现场未见明显的事故或障碍物，但车辆持续排队长度超过百米，且无缓解趋势，符合拥堵判断标准中的“多辆车缓慢移动或完全停止”“排队车辆长度超过正常范围”“持续一段时间且无缓解趋势”等特征。该拥堵发生在高速公路主干道的瓶颈区域——立交桥附近，影响了整体交通效率，造成通行延误。,2023年11月2日星期四上午9时41分，外环高速蕴川立交东方向路段出现交通拥堵事件。该路段为多车道高速公路，双向车流密集，左侧车道车辆行驶缓慢，形成连续排队现象，车辆间距明显缩小，部分车辆处于低速移动或短暂停滞状态，持续时间超过10秒且无
,2023年7月30日17时42分55秒至17时43分08秒，北线1隧道内（武宁北027-029段）发生多车事故，涉事车辆包括多辆轿车和SUV，其中一辆白色轿车与前方车辆发生追尾，导致后方车辆紧急刹车并出现连环碰撞，车辆位置异常，部分车辆斜停或横跨车道，现场可见明显刹车痕迹及车辆碰撞痕迹，交通流受阻，后续车辆减速绕行，形成拥堵态势，事故区域无施工迹象，未见二轮车辆闯入或抛洒物，驾驶员有下车查看行为，符合多车事故的典型特征。,2023年7月30日17时42分54秒，在北1CAM40监控点位，隧道内右侧车道发生一起多车事故。视频显示，一辆白色轿车与银色SUV在行车道内发生追尾碰撞，车辆位置异常，部分车辆斜停于车道中。事故发生后，驾驶员下车查看情况，周围车辆被迫减速
,2023年7月22日17时20分41秒至17时21分39秒，外环高速仙霞路（内）路段出现异常停车事件。一辆白色厢式货车在右侧车道静止，车辆开启双闪灯。该车停在行车道上，后方多辆汽车被迫紧急刹车或变道绕行，造成通行效率下降。周围车辆包括轿车、货车及客车均正常行驶，无其他车辆碰撞或事故迹象，但该车的异常停车行为已对后方交通流产生明显影响，存在安全隐患。,2023年7月22日17时20分43秒，在外环高速仙霞路（内）路段，一辆白色面包车与前方轿车发生追尾碰撞，导致两车停在行车道上，驾驶员下车查看情况，后方车辆被迫减速绕行，造成短时拥堵。该事件持续约1分钟，期间有其他车辆从两侧车道缓慢通过，未
,2023年7月15日12时04分55秒，在外环高速北翟路立交北方向路段，一辆黑色二轮摩托车驶入主路，行驶于正常车流中，未见其在专用道或合法入口进入，存在横穿车道风险。该车辆在车流密集区域穿行，与多辆货车及轿车并行，造成周围车辆紧急避让，影响通行秩序，属于典型二轮车辆闯入高速公路的危险行为，存在较大安全隐患。,2023年7月15日12时04分30秒左右，在外环高速北翟路立交北侧路段，一辆二轮摩托车从左侧车道驶入主路，进入高速公路行车道，驾驶员身穿浅色上衣，佩戴头盔，车辆有明显牌照。该摩托车在车流中穿行，与多辆轿车和货车并行，未见逆行或横穿行为，但
,2023年7月21日10时56分32秒左右，在外环高速吴淞江桥路段，一辆二轮摩托车进入正常行驶的机动车道中，驾驶员佩戴头盔，车辆有明显牌照标识。该摩托车在车流中穿行，与多辆轿车和货车并行，且未在专用非机动车道或允许通行区域行驶，属于典型的二轮车辆闯入高速公路禁止通行区域的异常事件。增加了交通安全隐患，严重影响了道路通行秩序和行车安全。,2023年7月21日10时55分32秒，在外环高速吴淞江桥路段，一辆红色头盔的二轮摩托车从右侧车道驶入主路，行驶于多车道高速公路的中间车道，该区域为禁止非机动车通行的快速路，且无专用二轮车道，摩托车驾驶员佩戴明显防护装备，车辆无牌照，其行为
,2023年07月18日09时42分44秒至09时43分10秒，北环高速同济路立交南侧路段，一辆二轮摩托车行驶于最右侧车道，并在多车道的高速道路上持续行驶，该车辆未在专用非机动车道内通行，驾驶员佩戴头盔但未见明显牌照信息。该行为违反了高速公路禁止二轮车辆通行的规定，属于二轮车辆闯入交通事件，对正常行驶的机动车造成潜在安全隐患，导致部分车辆出现避让动作，影响道路通行秩序。,2023年7月18日星期二上午9时42分至9时43分，北环高速同济路立交南段出现交通拥堵事件。该路段为多车道高速公路，车流密集，主要由轿车、货车及客车组成，其中包含一辆白色厢式货车、一辆黄色厢式货车、一辆红色货车和一辆蓝色货车。视频显示，车
,2023年12月12日16时57分至16时58分，外环高速吴淞江桥南路段出现严重交通拥堵，车辆在多车道上缓慢行驶或完全停止，车流密集且持续时间较长，后方车辆排队长度明显超出正常范围，部分车辆因拥堵被迫变道或减速，整体通行效率显著下降，路面湿滑天气条件加剧了行车风险，未见明显事故或施工迹象，但拥堵现象已对交通秩序造成较大影响。,2023年12月12日16时57分至16时58分，外环高速吴淞江桥南路段出现严重交通拥堵事件。该路段为双向多车道高速公路，右侧方向车流密集，车辆行驶缓慢，部分车辆处于低速蠕动状态，持续时间约一分钟且无缓解趋势。涉事车辆包括大量轿车、货车、厢
,2023年7月21日19时48分57秒，嘉闵东柴塘北路入口处夜间交通监控画面显示，该路段为多车道高架道路，车流密集，车辆以较慢速度行驶，存在明显拥堵现象，发现一辆二轮车辆（如摩托车、电动车或自行车）由入口匝道闯入主线的异常行为，驾驶员佩戴头盔，衣服存在反光表示。路段主线中的小型汽车、出租车及少量货车，均在各自车道内正常行驶，无驾驶员下车交涉、交警到场或事故迹象。道路右侧设有“交替通行”指示牌和合流警告标志，提示前方为汇流区域，但未见施工设施、抛洒物或异常停车情况。因此，根据视频内容，存在二轮车辆闯入事件。,2023年7月21日19时48分至19时49分，嘉闵高架路东柴塘北路入口处发生交通拥堵事件。该路段为多车道高架道路，夜间照明良好，路面湿滑。视频显示，从19:48:52开始，车辆在主车道上缓慢行驶，车流密集，车距明显缩短，车辆尾灯连成一片红
,2024年5月17日17时54分55秒至17时55分53秒，外环高速漕宝入口匝道（内）路段出现异常停车事件。一辆货车在最右侧车道停靠，开启双闪灯，驾驶员未下车。其停靠行为导致后方多辆汽车减速避让，形成短暂拥堵，影响了主线交通流的正常通行。周边车辆包括轿车、货车及大型客车均被迫绕行或减速，部分车辆在接近该车时出现急刹现象，存在安全隐患。,2024年5月17日17时54分至17时55分，外环高速漕宝入口匝道（外）路段出现严重交通拥堵。该路段为多车道高速公路，车流密集，车辆以缓慢速度行驶，部分车辆处于停滞状态，排队长度持续延伸，影响通行效率。涉事车辆包括大量轿车、货车、客车及大
,2024年2月23日14时58分至14时59分，外环高速吴淞江桥南路段出现交通拥堵事件。该路段为双向多车道高速公路，右侧车道车辆行驶缓慢，车流密集，车辆间距明显缩短，多辆轿车和货车在多个车道内持续低速行驶或短暂停止，形成排队缓行现象，持续时间超过1分钟且无缓解趋势。涉事车辆包括白色、黑色、红色等各类轿车及红色、蓝色、白色等多种颜色的货车，其中部分货车载有货物并覆盖篷布。现场未见明显的交通事故、施工设施或抛洒物，也无二轮车辆闯入或异常停车情况。拥堵主要集中在右侧车道，影响了整体通行效率，导致后方车辆被迫减速或变道，形成典型的拥堵特征。,2023年10月23日13时43分至13时44分，外环高速吴淞江桥南路段出现交通拥堵事件。该路段为双向多车道高速公路，车流密集，主要由轿车、货车及厢式运输车组成，其中红色集装箱货车、白色厢式货车和蓝色篷布覆盖货车较为显著。视频显示，车辆在多
,2024年2月23日08时42分，S20外环线K69+950（S20A9南35米）路段出现交通拥堵事件，该路段位于沪青平入口至天山路拥挤区间。视频显示多车道内车辆密集，车流缓慢移动，部分车辆处于停滞状态，持续时间超过1分钟且无缓解趋势。车辆包括各类小轿车、货车、客车及一辆大型油罐车，均在正常行驶中未见明显碰撞或异常停车行为，但因车距极小、车速极低形成严重拥堵。受影响区域为多车道高速公路，车辆排队长度较长，通行效率显著下降。异常特征表现为车辆密集、车流缓慢、后方车辆被迫减速或变道，符合典型拥堵判断标准。,2023年12月23日早上7点42分至7点43分，S4市区方向至S20内环高架路段出现严重交通拥堵事件。该路段为双向多车道城市快速路，右侧车道车辆排成长队，车流缓慢移动，部分车辆处于停滞状态，持续时间约一分钟且无缓解趋势。涉事车辆包括大量私
,2024年1月13日13时53分至14时54分，在外环高速武威路南（内）路段，发生了一起拥堵交通事件。视频显示，该时间段内多辆轿车、货车和客车在高速公路上缓慢移动或完全停止，排队车辆长度超过正常范围，且持续一段时间无缓解趋势，明显发生在道路瓶颈区域。涉事车辆包括各种类型的私家车、货车和公共交通车辆，它们在车道上密集排列，导致通行效率大幅下降。此次拥堵影响了大量车辆的正常行驶，造成了交通延误。异常特征表现为车辆行驶速度显著降低，部分车辆甚至停滞不前，整体交通流呈现出明显的堵塞状态。,2023年12月23日13时54分至13时55分，外环高速武威路南（内）路段出现严重交通拥堵事件。该路段为多车道高速公路，双向车流密集，车辆以缓慢速度行驶，部分车辆处于停滞状态，排队长度持续延伸，影响通行效率。涉事车辆包括轿车、货车、客车及
,2024年05月30日14:59至15:00，在外环高速蕴川立交西枪机2处，发生了一起多车事故。涉事车辆包括一辆白色面包车和一辆金色SUV，两车在行驶过程中发生碰撞，导致车辆位置异常，白色面包车斜停在车道上，金色SUV则紧随其后停下。事故现场有人员下车查看情况，其他车辆被迫紧急避让或停滞，交通秩序受到明显影响，后续车辆出现缓慢移动现象，整体交通流畅度下降，显示出典型的多车事故特征。,多车事故
,2023年12月12日16时37分至16时38分，外环高速曹安路路段出现严重交通拥堵。该路段双向车流密集，其中南向北方向车辆排成长队，尾灯连成一片红色光带，车辆行驶缓慢或基本停滞，持续时间约1分钟且无缓解趋势。涉事车辆包括多辆轿车、货车及集装箱运输车，均处于低速行驶或停顿状态，部分车辆频繁变道，后方车辆被迫减速避让。拥堵区域位于高架道路主线，靠近匝道口，未见明显事故或施工迹象，但车道通行能力显著下降，影响了整体通行效率。异常特征表现为长时间、大范围的车辆缓行与排队，符合典型拥堵事件特征。,2023年12月12日13时37分至13时38分，外环高速曹安路北段出现严重交通拥堵事件。该路段为多车道高速公路，双向车流密集，其中南向车道车辆排成长队，行驶缓慢，多辆轿车、货车及厢式运输车在车道内缓慢移动或完全停止，车距极短，尾灯持续亮起
,2023年7月19日18时55分05秒左右，在外环高速护嘉立交南侧路段，一辆二轮摩托车进入正常行驶的机动车道中，沿最右侧车道行驶，该车辆未在专用非机动车道或合法通道通行，且在车流密集区域突然出现，存在逆行及横穿车道等危险行为，驾驶员佩戴头盔，车辆无明显牌照标识。该行为导致周边车辆紧急避让，引发短暂交通混乱，对行车安全构成严重威胁，属于典型的二轮车辆闯入交通异常事件。,多车事故
,2024年5月24日16时21分至16时22分，外环高速北翟路路段监控画面显示，该路段为多车道高速公路，一辆白色面包车在靠近中央隔离带的最内侧车道停靠，车辆开启双闪灯，驾驶员下车查看，符合异常停车行为。,多车事故
,2024年5月29日星期三07:57:24至07:57:54，城市快速路南向车道监控显示，一辆灰色轿车停在第一车道与中央隔离护栏之间的区域，车辆长时间静止，未开启双闪灯，驾驶员未下车，车辆也未见故障迹象。该车占用非停车区域，符合异常停车特征，存在潜在交通安全隐患。,2024年05月29日07:56:25至07:57:34，在某高速公路路段，发生了一起多车事故。涉事车辆包括一辆白色SUV和一辆褐色面包车，其中白色SUV停在右侧车道上，后方有车辆因避让或事故而紧急刹车或变道。事故现场有人员下车查看情况，且
,2024年3月5日早上7时47分至7时48分，G60市区方向至S4金山方向路段出现严重交通拥堵，监控画面显示该路段为多车道高速公路，路面湿滑，天气阴雨。大量机动车包括轿车、货车、客车及出租车等在多个车道内缓慢行驶或完全停滞，车流密集且车辆间距极小，多数车辆刹车灯持续亮起，表明车辆处于低速蠕行状态。涉事车辆涵盖多种车型，如白色、黑色、红色轿车，大型厢式货车（含白色、红色、蓝色货柜车）、黄色大巴及白色应急车辆等，均在正常车道内行驶但无法提速。由于车流量大且道路湿滑，导致通行效率显著下降，车辆排队长度持续延伸，影响范围覆盖整个监控视野内的路段，无明显事故或障碍物造成阻塞，但整体通行速度极慢，符合典型早高峰时段雨天引发的交通拥堵特征。,2024年3月5日早上7点47分至7点48分，G60市区方向至S4金山方向的高架道路上发生拥堵事件。该路段为双向多车道高速公路，路面湿滑，天气阴雨，能见度较低。视频显示，从7:47:15开始，道路左侧车道车辆密集排队，车流缓慢移动，车辆间距
,2023年12月29日14时47分至14时48分，外环高速曹安路路段出现持续性交通拥堵事件。该路段为双向多车道高速公路，右侧车道车辆行驶缓慢，车流密集，车辆间距明显缩小，部分车辆处于低速蠕行状态，未见完全停止。涉事车辆包括多辆轿车、货车及厢式货车，其中大型货车占比较高，导致车道通行效率下降。车辆在多个车道内频繁变道，存在轻微拥堵排队现象，尤其在右侧中间车道形成较长的车流队列。由于车流量大且速度不一，后方车辆被迫减速避让，造成整体通行受阻。现场未见异常停车、施工设施或事故迹象，也无二轮车辆闯入或抛洒物情况，但因车流密集和车辆密度高，已构成典型的拥堵交通异常特征，影响了道路正常通行能力。,2023年12月29日14时57分至14时58分，外环高速曹安路路段出现严重交通拥堵事件。该路段为双向多车道高速公路，右侧方向车流密集，车辆行驶缓慢，部分车辆处于停滞状态，排队长度持续延伸，影响通行效率。涉事车辆包括大量轿车、货车及厢式运输
,2024年6月17日20时57分，在外环高速吴淞江桥南枪机1处，一辆货车在行车道上异常停车，车辆完全静止且未开启双闪灯，导致后方多辆车辆被迫减速避让，交通流出现短暂拥堵，该行为违反了非停车区域禁止停车的规定，且未采取任何安全警示措施，存在明显安全隐患。,2024年6月17日20时57分，外环高速吴淞江桥南路段发生一起多车事故。事故发生在夜间，监控画面显示一辆白色轿车与前方货车发生追尾，涉事车辆均处于碰撞后停在行车道上，部分车辆位置异常，驾驶员下车查看情况。事故造成该车道交通拥堵，后方车辆被
,2023年7月22日17时29分22秒，在嘉闵西侧定焦05监控点位的隧道内，两辆黑色轿车和一辆银色轿车在行车道上停车，驾驶员下车后与其他三名人员聚集在车旁，其中一人正在打电话。该车停在右侧车道，导致后方车辆被迫减速绕行，造成短暂交通拥堵。涉事车辆未按规定在应急车道或安全区域停车，且多人长时间停留于行车道附近，存在严重安全隐患。周围车辆持续通过，部分车辆因避让而变道，影响了正常通行秩序。整个事件持续约1分钟，直至后续车辆逐渐恢复通行。,2023年7月22日17时29分25秒，在嘉闵西侧定焦05监控点位的隧道内，发生一起多车事故。事故发生在隧道中段，涉事车辆包括一辆黑色轿车和一辆银色轿车，两车在行驶过程中发生碰撞，导致车辆位置异常，其中黑色轿车斜停于行车道内，银色轿车紧随其
,2023年10月8日18时38分至18时39分，外环高速沪太立交东1-1 03路段出现严重交通拥堵，多辆轿车与货车在夜间行驶中密集排队，车流缓慢移动，车辆刹车灯持续亮起，形成红色光带，部分车辆在车道间频繁变道，影响通行效率。该路段为高架道路，两侧设有隔音墙和绿化带，车流量大且以货运车辆为主，包括集装箱货车、厢式货车及小型轿车，其中一辆黄色工程车也出现在车流中。由于车距较近且速度缓慢，导致整体通行能力下降，车辆连续减速并维持低速状态，未见明显事故或占道施工迹象，但拥堵现象持续存在，表明该区域可能处于高峰时段或受前方交通状况影响。,2023年10月8日星期日18时38分至18时39分，外环高速沪太立交东1-1 03路段出现交通拥堵事件。该路段为多车道高架道路，夜间照明条件下，车辆行驶缓慢，车流密集，车距明显缩短，多数车辆刹车灯持续亮起，表明车速极低或处于停滞状态。涉事
,2023年11月23日07时23分至07时24分，嘉闵西侧定焦06监控点位显示隧道内发生拥堵事件，地点位于城市快速路隧道段，多车道中右侧车道车辆行驶缓慢，车流密集且持续排队，多辆轿车、面包车及小型货车在该路段低速行驶或短暂停滞，其中一辆黄色厢式货车和一辆橙色工程车在车流中穿行，后方车辆频繁刹车并保持短距离跟车，形成明显的缓行队列，影响通行效率，未见明显事故或占道施工迹象，但车辆密度高、车速低，符合典型早高峰拥堵特征。,2023年11月23日07时23分至07时24分，嘉闵西侧隧道内发生一起多车事故。事故发生在隧道中段，涉事车辆包括一辆白色轿车及后方多辆小型车辆。视频显示，白色轿车的前部与前方车辆发生追尾碰撞，导致其斜停于行车道上。事故发生后，后方车辆紧急
,2023年7月17日14时39分15秒左右，在外环高速莘庄立交东（外）路段，一辆二轮摩托车从右侧车道驶入主路行车道，二轮车辆沿着当前道路主路行驶，出现由第一车道到第二车道的变道行为，行驶于机动车道中，干扰正常机动车行驶。该车辆在无专用非机动车道且无明显允许通行标志的情况下进入机动车道，存在闯入行为，驾驶员未佩戴头盔，车辆亦无明显牌照，其行为对正常行驶的机动车构成潜在安全隐患，影响了交通秩序与安全。该事件符合二轮车辆闯入交通异常特征。,2023年7月17日14时39分15秒，在外环高速莘庄立交东（外）路段，一辆二轮车从右侧车道驶入主路，行驶于多车道高速公路的中间区域，未在专用通道或允许通行区域行驶，且无明显禁止标志区域，该车辆在车流中穿行，存在逆行和横穿车道等危险行为，驾
,2023年7月22日13时27分41秒，在外环高速莘庄立交北段，一辆二轮摩托车从画面下方驶入主车道，沿中间车道向前行驶，未见其在专用通道或非机动车道内通行，也未发现明显的禁止标志区域。该摩托车在车流中穿行，周围车辆为其让行，且驾驶员佩戴头盔，牌照信息可见。此行为导致后方部分车辆紧急避让，影响了正常行车秩序，构成二轮车辆闯入交通事件。,2023年7月22日13时27分38秒，在外环高速莘庄立交北段，一辆二轮摩托车从右侧车道驶入主路，行驶于多车道高速公路的行车道内，未见其在专用通道或合法入口进入，且无明显禁止标志或专用二轮车道标识。该摩托车驾驶员佩戴头盔，车辆有牌照，行驶过
,2024年3月1日星期五上午9时01分至9时02分，位于城市高架桥下的一条辅道上发生拥堵事件。该路段为双向车道，其中右侧车道被一排红白相间的交通锥桶封闭，导致车辆只能在左侧单向通行。涉事车辆包括多辆轿车、出租车及少量货车，车辆以缓慢速度排队行驶，车流密度较高，形成明显拥堵。车辆依次前行，未见异常停车或事故迹象，但因车道变窄和交通引导设施的存在，造成通行效率降低。周边环境显示天气阴沉，路面略湿，可能受早间降雨影响。此拥堵主要由道路施工或临时交通管制引起，虽无直接事故，但对通行造成了持续性影响，符合占道施工判断标准中关于车道减少、车辆需变道或减速的特征。,2024年3月1日星期五上午9时01分至9时02分，位于城市高架桥路段的交通监控画面显示，该路段出现持续性交通拥堵现象。该路段为双向多车道高架桥，右侧车道被一排红白相间的交通锥桶封闭，形成临时隔离带，引导车辆绕行。左侧车道车辆排成长队，车流
,2023年7月17日17时04分至17时05分，外环高速吴中入口匝道（外）路段出现异常停车事件。涉事车辆为一辆红色货车，在该路段的行车道上完全静止，未开启双闪灯，且无明显故障迹象或驾驶员下车处理情况。该车辆停在主车道右侧位置。周围其他车辆均在行驶中，未见施工设施或事故痕迹，也无二轮车辆闯入或其他异常行为。该停车行为不符合临时停车规则，属于非紧急情况下的违规停车，对道路通行安全构成潜在威胁。,2023年7月17日17时14分28秒左右，在外环高速龙吴路入口处，一辆二轮摩托车从右侧车道驶入主路，进入高速公路行车道，驾驶员身穿深色衣物，佩戴头盔，车辆有明显牌照。该摩托车在车流中穿行，与多辆小汽车并行，未见逆行或横穿行为，但其进入高速
,2024年5月11日星期六10时13分32秒至10时14分30秒，城市快速路双向车道内，右侧紧急停车带停放一辆黄色小型货车，车辆未开启双闪灯，驾驶员不在车内，车辆无明显故障。车辆长时间静止，但未对主线车辆通行造成明显影响。该行为属于非紧急情况下的异常停车，存在潜在安全隐患。,2024年5月11日星期六10时13分至10时14分，位于城市高架道路的某路段发生一起多车事故。事故发生在双向车道中的南向车道，涉事车辆包括一辆白色轿车和一辆黑色轿车，视频中俩车在最右侧车道双闪停靠疑似发生追尾事故。事故发生后，现场有多辆车
,2024年6月25日星期二上午9点00分02秒，在上行水产路入口匝道03处，发生了一起多车事故。涉事车辆包括一辆红色SUV和一辆黑色轿车，两车在行车道上发生了碰撞，导致车辆位置异常，红色SUV斜停在车道上，黑色轿车则停在旁边。事故发生后，有人员下车交涉，其中一人站在护栏旁，另一人则在车旁查看情况。此次事故导致后方车辆被迫减速或绕行，交通流量受到影响，出现了短暂的拥堵现象。视频中可见事故现场雨天湿滑，增加了事故的复杂性和危险性。整体来看，该事件符合多车事故的判断标准，具有明显的碰撞痕迹和异常停车行为。,2024年06月25日星期二09:00:04至09:00:09期间，在上行水产路入口匝道03路段，发生了一起多车事故。视频显示，事故区域位于高速公路右侧车道，涉事车辆包括一辆白色面包车和一辆白色轿车，两车在行驶过程中发生碰撞并停靠在中间车道
,2023年12月16日星期六12:06至12:07期间，外环高速吴中路路段出现交通拥堵事件。该路段为双向多车道高速公路，车流密集，主要由轿车、货车及大型运输车辆组成。视频显示，自12:06:08起，车辆在多个车道上持续缓慢行驶，车距明显缩短，部分车辆速度降至接近停止状态，尤其在右侧车道和中间车道形成较长的排队现象。涉事车辆包括白色轿车、黑色SUV、红色集装箱货车、黄色工程车以及各类厢式货车，均处于低速或怠速状态，未见明显事故或障碍物导致停车。由于车流量大且通行效率下降，后方车辆被迫减速并频繁变道，造成整体通行受阻。此拥堵发生在非高峰时段但车流仍较为集中，可能与前方道路施工或临时管制有关，但现场未发现施工设施或警示标志，也无车辆异常停放或碰撞痕迹。异常特征表现为持续性低速行驶、车辆间距压缩、车道内流动不畅，符合典型拥堵判断标准。,2023年12月16日星期六上午12时06分至12时07分，外环高速吴中路-1枪机2监控区域出现交通拥堵事件。该路段为多车道高速公路，双向车流密集，车辆以轿车、货车、厢式货车及大型运输车为主，包括红色集装箱货车、绿色集装箱货车、白色厢式货车
,2023年7月15日13时02分51秒，在外环高速漕宝路北段，一辆二轮摩托车从画面下方出现，进入机动车道行驶，该路段为高速公路，禁止非机动车通行。涉事车辆为一辆普通二轮摩托车，驾驶员佩戴头盔，可见车辆牌照信息。摩托车在车流中穿行，存在横穿车道等危险行为，期间多辆小汽车和货车被迫减速避让，造成短暂交通干扰。该行为违反了高速公路通行规定，属于典型的二轮车辆闯入事件，存在严重安全隐患。,2023年7月15日13时02分至13时03分，外环高速潭宝路北段出现交通拥堵事件。该路段为多车道高速公路，双向车流密集，其中南向北方向车辆行驶缓慢，车距明显缩短，多辆轿车、货车及大型运输车辆在车道内排队缓行，部分车辆处于低速移动或短暂停滞
,2024年5月9日22时17分至22时18分，外环高速吴淞江桥南路段，一辆满载货物的红色货车在右侧应急车道内长时间静止，车辆开启双闪灯，驾驶员下车后在车旁活动，总体存在安全隐患，综合判断为异常停车行为。,多车事故
,2024年3月11日17时05分至17时07分，外环高速曹安路北段出现交通拥堵事件。该路段为多车道高架道路，车流密集，主要由轿车、货车及工程车辆组成，包括红色集装箱货车、白色厢式货车、混凝土搅拌车等。车辆在多个车道内缓慢行驶，车距明显缩短，部分车辆频繁变道，整体通行速度显著下降。拥堵区域位于画面中段偏后方，持续时间超过两分钟，且未见明显缓解趋势。受此影响，后方车辆被迫减速或排队等待，存在因车流积压导致的通行效率降低风险。现场无可见事故、施工或抛洒物迹象，但车流密度大且长时间保持低速状态，符合典型拥堵特征。,2024年6月17日11时05分至11时06分，在外环高速曹安路北枪机2处，发生了一起多车事故。涉事车辆包括一辆红色货车、一辆白色轿车和一辆黑色SUV，它们在行驶过程中发生了碰撞，导致车辆位置异常，其中红色货车斜停在车道上，白色轿车和黑色S
,2023年12月8日13时46分至13时47分，外环高速莘庄立交北段出现严重交通拥堵事件。该路段为多车道高架道路，双向车流密集，以货车和轿车为主，其中红色、蓝色及白色货车数量较多，部分车辆载有大型货物如集装箱或建筑材料。视频显示，车辆在多个车道上缓慢行驶或完全停滞，排队长度持续延伸，尤其在左侧车道形成明显拥堵带，车辆间距极小，通行速度显著降低。部分车辆因前方拥堵而频繁刹车，尾灯亮起，显示出交通压力较大。未见异常停车、施工设施或事故迹象，也无二轮车辆闯入或抛洒物等其他异常情况，整体判断为因车流量过大导致的常态化拥堵，发生在立交桥区域这一典型瓶颈路段，影响范围广泛，持续时间较长，属于典型拥堵事件。,2023年12月8日13时46分至13时47分，外环高速莘庄立交北段出现严重交通拥堵事件。该路段为多车道高架道路，双向车流密集，车辆包括轿车、货车、厢式货车及大型集装箱运输车等。视频显示，从13:46:43开始，车辆行驶速度明显减缓，排队长
,2023年11月24日07时33分至07时34分，外环高速龙吴路路段出现严重交通拥堵，多辆小轿车、货车及客车在该路段缓慢行驶或完全停滞，车辆排成长队，车流密度高，通行速度极低，部分车辆尾灯亮起，显示驾驶员处于等待状态。拥堵主要集中在左侧车道，左侧对向车道车流相对正常。现场未见明显事故、施工或异常停车迹象，但因车流量大导致通行能力下降，形成持续性拥堵现象，影响了该路段的正常交通秩序。,2023年11月24日07:59至07:60期间，外环高速龙吴路路段出现严重交通拥堵事件。该路段为多车道高速公路，双向车流密集，其中南向车道车辆排成长队，行驶缓慢，车距明显缩短，多辆轿车、货车及厢式运输车在车道内缓慢移动或停滞，部分车辆刹车
,2023年12月16日10时46分至10时47分，外环高速莘庄立交北段出现交通拥堵事件。该路段为多车道高架道路，双向车流密集，车辆包括轿车、货车、客车及大型运输车辆。视频显示，右侧车道车辆行驶缓慢，部分车辆间歇性停顿，后方车辆排队长度持续增加，且无明显缓解趋势，形成典型拥堵现象。涉事车辆主要为正常行驶的私家车和货运车辆，未见异常停车或事故迹象。拥堵区域位于立交桥主线，可能受前方匝道汇入车流或局部车流量高峰影响，导致通行效率下降，车辆间距缩短，整体车速降低。现场未见施工设施、抛洒物或二轮车辆闯入等其他异常情况，但持续的低速行驶状态符合拥堵判断标准。,2023年12月16日10时46分至10时47分，外环高速莘庄立交北段出现交通拥堵事件。该路段为多车道高速公路，双向车流密集，车辆包括轿车、货车、客车及大型运输车辆等。从视频画面可见，自10:46:09起，右侧车道车辆行驶缓慢，车距明显缩短
,2023年7月16日13时27分，在外环高速丰翔路南段，一辆红色集装箱货车在右侧应急车道内完全静止，车辆未开启双闪灯，且驾驶员不在车内，周围无施工或事故迹象，后方车辆被迫减速绕行，该行为符合异常停车特征。,2023年7月16日13时27分15秒至13时28分14秒，外环高速丰翔路南段监控画面显示，该路段为多车道高速公路，道路两侧绿树成荫，交通标志清晰，限速为120公里/小时。一辆红色货车在最右侧应急车道停靠，车辆未开启双闪灯，开启右转向灯，符
,2024年6月24日星期一06:29:37至06:30:36期间，外环高速吴中路路段发生一起异常停车事件。一辆红色平板货车在行车道内完全静止，开启双闪灯，驾驶员站在车辆后方车道上，疑似检查车辆状况或处理故障。该车位于主车道中央，导致后方多辆汽车被迫减速绕行，形成局部拥堵。周围车辆包括轿车、厢式货车和集装箱货车，均在湿滑路面缓慢通行，存在较大安全隐患。此行为违反了高速公路禁止随意停车的规定，且未采取有效警示措施，构成典型异常停车事件。,2024年6月24日星期一早上7点29分至7点30分，外环高速吴中路路段出现交通拥堵事件。该路段为双向多车道高速公路，路面湿滑，天气阴雨。视频显示，右侧车道车辆行驶缓慢，车流密集，多辆货车与轿车排成长队，包括红色集装箱货车、白色厢式货车、蓝
,2024年6月12日17:24至17:25，在城市高架路段，发生了一起多车事故。视频显示，该路段车辆密集，交通流量较大。涉事车辆包括一辆银色SUV和一辆蓝色SUV，它们在行驶过程中发生了碰撞，导致车辆位置异常。事故现场有人员下车交涉，其他车辆被迫紧急避让或停滞，造成了交通拥堵。异常特征表现为车辆明显的碰撞痕迹和不正常的停车姿态，严重影响了该路段的正常通行秩序。,2024年6月12日17时24分至17时25分，位于城市高架桥路段的右侧车道发生多车事故。涉事车辆包括一辆黑色轿车、一辆白色SUV及多辆前后行驶的车辆，其中黑色轿车停靠在最右侧车道边缘，车旁有两名人员站立，疑似驾驶员与乘客下车查看情况，另一
,2023年7月18日17时37分52秒，在城市快速路的右侧车道上，一辆摩托车从第一车道驶入主车道，行驶方向与机动车一致，驾驶员佩戴头盔，车辆无明显牌照。该摩托车一直沿第一车道向前行驶，期间未出现逆行或横穿行为，但其出现在无专用二轮车道的高速道路上，属于禁止通行区域，构成二轮车辆闯入交通事件。行为。,2023年7月18日17时37分52秒，在一条多车道高速公路的右侧车道上，一辆白色电动车从画面左侧驶入，驾驶员身穿浅色上衣，头戴白色头盔，车辆在行车道内行驶，未见专用非机动车道或明显允许通行标志，且该路段为城市快速路，禁止二轮车辆通行。该车
,2024年5月26日15时00分42秒至15时01分41秒，外环高速丰翔路南段监控画面显示，一辆绿色工程车在右侧应急车道内长时间静止不动，车身紧靠护栏，位于前方500米紧急停车带指示牌附近。该车辆处于非停车区域且无任何允许停车的交通标志或信号，驾驶员不在车内，车辆明显处于故障或违规停放状态。其行为导致后方多辆小型客车和货车被迫减速绕行，影响了右侧车道的正常通行秩序，存在较大安全隐患。该异常停车行为持续超过一分钟，符合交通异常停车判断标准中的多项特征。,多车事故
,2023年7月17日16时34分24秒，在外环高速曹安路北方向路段，一辆二轮摩托车从右侧车道驶入主路，行驶过程中位于多辆小汽车与货车之间，未在专用通道或允许区域通行，且驾驶员佩戴头盔，存在逆行、横穿车道等危险行为。该车辆在车流中穿行，影响了周边车辆的正常行驶，导致部分车辆紧急避让，存在较大安全隐患。现场无明显施工设施或交通管制标志，二轮车闯入行为属于禁止通行区域的违规驾驶，构成典型的二轮车辆闯入交通异常事件。,2023年7月17日16时30分23秒，在外环高速曹安路北段，一辆二轮摩托车从右侧车道驶入主路，行驶于多车道高速公路的中间车道，未在专用通道或允许区域通行。该摩托车驾驶员佩戴头盔，车辆有明显牌照，行驶过程中未见逆行或横穿车道等危险行为，但其
,2024年3月13日20时29分58秒至20时30分57秒，嘉闵西侧定焦04监控点位拍摄到隧道内发生拥堵事件。事发地点位于元江路方向的隧道路段，多辆机动车在隧道内缓慢行驶或短暂停滞，车流密集且车辆间距明显缩小，部分车辆刹车灯持续亮起，表明驾驶员正在减速或停车等待。涉事车辆包括轿车、SUV、面包车及一辆公交车，均在隧道内正常车道上行驶，未见异常停车、事故碰撞或施工设施。车辆排队长度较长，持续时间超过一分钟，且无缓解趋势，导致通行效率显著下降。该拥堵现象可能由前方交通流量突增或下游路段瓶颈引起，但视频中未发现占道施工、抛洒物、二轮闯入或多车事故等直接诱因，主要表现为典型的城市隧道夜间高峰时段交通拥堵特征。,2024年3月13日20时30分05秒至20时30分58秒，嘉闵西侧定焦04监控点位拍摄到隧道内发生多车事故。事故发生在隧道中段，涉事车辆包括多辆正常行驶的车辆，其中一辆在行驶过程中突然停车，导致后方多辆车紧急刹车或变道避让，形成最初的交通
,2024年5月18日星期六11时45分59秒，在城市高架道路中间车道发生一起多车事故，涉事车辆包括一辆白色轿车和一辆黑色SUV，两车在行驶过程中发生碰撞，导致车辆停在行车道上，驾驶员下车查看情况并进行交涉，周围车辆被迫减速绕行，造成局部交通拥堵。事故现场未见明显损坏痕迹，但车辆位置异常且影响后方通行，持续时间超过一分钟，符合多车事故特征。,2024年5月18日星期六11时45分至11时46分，位于城市高架道路主干道上，靠近右侧匝道入口处发生多车事故。涉事车辆包括一辆轿车和一辆SUV，其中一辆白色SUV与前方轿车发生追尾碰撞，导致车辆横向偏移并阻塞了右侧车道。事故现场有人员下车
,2024年6月17日星期一早上7点30分至7点31分，在某城市高架桥上发生了一起多车事故。涉事车辆包括一辆出租车以及一辆白色货车，这些车辆在行驶过程中发生了碰撞，导致车辆位置异常，其中白色货车停在路中央。事故现场可见多名驾驶员下车交涉，交通秩序受到严重影响，后方车辆被迫减速或绕行，形成了明显的拥堵现象。此外，事故区域的车辆紧急避让行为进一步加剧了交通压力，整体情况符合多车事故的异常特征。,多车事故
,2023年8月21日星期一16:07至16:08期间，在城市高架道路的主行车道上发生了一起持续性的交通拥堵事件。事发地点位于高架桥中段，靠近右侧出口匝道区域，该路段为多车道双向通行，车流密集。涉事车辆包括多辆小型轿车、SUV以及数辆货车（如白色厢式货车、红色集装箱货车和绿色厢式货车），其中以黑色、白色及银色轿车为主。视频显示，车辆在多个车道内缓慢行驶或完全停止，尤其在右侧两条车道中出现明显排队现象，后方车辆被迫减速并频繁变道以避开拥堵区域，部分车辆因前方缓行而紧急刹车。整体车速显著低于正常水平，且无明显事故或障碍物导致堵塞，推测可能由前方突发性流量高峰或匝道汇入车流引发。影响范围覆盖至少500米以上路段，持续时间1分钟，造成通行效率下降，存在潜在追尾风险。异常特征表现为车辆间距缩小、行驶不连续、无明确施工或事故迹象，符合典型高峰期交通拥堵特征。,2023年08月21日16时07分至16时08分，位于城市高架道路的某路段（具体位置未指定）出现持续性交通拥堵事件。该路段为多车道高架桥，双向通行，两侧有绿化带和护栏，道路标线清晰。视频显示，从16:07:24开始，主车道车流逐渐形成缓慢移
,2023年12月21日16时58分至16时59分，外环高速沪太立交西3枪机监控画面显示，该路段出现明显交通拥堵现象。多车道内车辆行驶缓慢，车流密集，车辆间距极小，多数车辆刹车灯持续亮起，表明车速极低或处于停滞状态。涉事车辆包括大量轿车、货车及厢式货车，其中有多辆大型集装箱运输车和自卸货车穿插于车流中，进一步加剧了通行压力。道路两侧绿化带清晰可见，无施工设施或障碍物阻挡车道，也未见异常停车、事故或抛洒物等直接导致拥堵的事件发生。由于车流长时间维持在低速状态且无缓解趋势，符合拥堵判断标准中的“多辆车缓慢移动或完全停止”、“排队车辆长度超过正常范围”、“持续一段时间且无缓解趋势”等特征，判定为典型拥堵事件，影响范围覆盖多个车道，对通行效率造成显著影响。,2023年12月21日16时55分至16时56分，外环高速沪太立交西段出现交通拥堵事件。该路段为多车道高速公路，双向车流密集，车辆包括轿车、货车、厢式货车及大型集装箱运输车等。视频显示，从16:55:53开始，右侧车道车辆行驶缓慢，车距明显
,2023年11月3日星期五16时26分，外环高速松滨路西段出现交通拥堵事件。画面显示双向多车道均处于车流密集状态，车辆行驶缓慢，部分路段车辆几乎静止，排队长度持续延伸，尤其在左侧车道形成明显积压。涉事车辆包括多辆轿车、货车及厢式运输车，均正常行驶但受前方车流影响无法提速。未见异常停车、事故或施工迹象，也无二轮车辆闯入或抛洒物等干扰因素。整体表现为高峰时段典型拥堵特征，车流密度高且通行效率低，持续时间较长，对道路通行能力造成显著影响。,多车事故
,2024年6月25日09时30分22秒至09时31分22秒，外环高速曹安路路段出现异常停车事件。在该时间段内，一辆轿车在左侧车道内完全静止，车辆开启双闪灯，车辆长时间停留在行车道上，导致后方多辆车辆被迫减速绕行，影响了道路通行效率。该车辆停靠位置位于非停车区域，属于典型的违规停车行为。由于雨天路面湿滑，该异常停车进一步增加了后方车辆的驾驶风险，存在安全隐患。,2024年6月25日09时30分23秒至09时31分21秒，外环高速曹安路北向路段出现抛洒物交通事件。视频显示，该路段为多车道高速公路，车流密集，以货车和轿车为主，涉及白色、红色、黑色等颜色的车辆。在09时31分18秒至18秒，有白色小型车
,2024年5月16日18时41分55秒至18时42分54秒，外环高速漕宝入口匝道（内）路段出现异常停车事件。一辆红色货车在最右侧车道完全静止，车辆开启双闪灯，驾驶员下车处理，疑似故障，符合异常停车行为。,2024年5月16日18时41分至18时42分，外环高速漕宝入口匝道（内）路段出现严重交通拥堵，该区域为多车道高速公路，车流密集且持续缓慢移动。涉事车辆包括大量轿车、货车及厢式运输车，其中红色集装箱货车、白色厢式货车和蓝色篷布覆盖的货车等车
,2023年8月3日早上7点51分至7点52分，嘉闵西侧德华路高架路段出现交通拥堵事件。该路段为多车道城市快速路，双向车流密集，车辆以正常速度行驶，但因前方存在缓行或瓶颈区域，导致车流逐渐减速并形成连续排队现象。视频显示，多个车道内车辆间距明显缩小，部分车辆处于缓慢移动状态，尤其在右侧车道和中间车道更为显著，后方车辆被迫跟随减速，通行效率降低。未见明显的交通事故、异常停车或施工迹象，也无二轮车辆闯入或抛洒物等干扰因素。整体表现为典型的早高峰时段由上游拥堵引发的持续性交通拥塞，影响范围覆盖多个车道，持续时间约1分钟，符合拥堵判断标准。,2023年8月3日早上7点51分至7点52分，嘉闵西侧德华路高架桥路段出现交通拥堵事件。该路段为双向多车道城市快速路，车流密集，车辆以低速行驶或短暂停滞，主要集中在主路与匝道汇入口附近。视频显示，从7:51:53开始，主路车流逐渐减速，车辆
,2023年7月19日16时40分37秒至16时41分35秒，外环高速丰翔路路段，一辆白色货车在右侧应急车道内完全静止，车辆处于异常停车状态。该车位于道路最右侧车道，后方车辆被迫减速绕行，造成局部交通流受阻，影响通行效率。周围无施工设施或事故迹象，车辆停放位置非允许停车区域，且长时间未移动，符合异常停车特征。,2023年7月19日16时40分至16时41分，外环高速丰翔路路段出现交通拥堵事件。该路段为双向多车道高速公路，右侧车道车辆行驶缓慢，车流密集，车辆间距明显缩小，部分车辆处于低速移动或短暂停滞状态，持续时间约一分钟且无缓解趋势。涉事车辆包括
,2023年10月10日星期二上午7时49分至7时50分，外环高速松滨路西段出现明显交通拥堵事件。该路段双向车道中，由东向西方向车流密集，多辆小客车、货车及厢式运输车在多个车道内缓慢行驶或处于停滞状态，车辆间距极小，整体通行速度显著降低。涉事车辆包括红色集装箱货车、白色轿车、黑色SUV、绿色新能源车以及多辆面包车和小型货车，均在正常行驶过程中因前方车流积压而被迫减速或停止。现场未见事故、施工或抛洒物等直接诱因，但车流持续堆积且无缓解趋势，形成典型的早高峰时段拥堵现象，影响范围覆盖至少三至四条行车道，持续时间约一分钟，符合拥堵判断标准中的多辆车缓慢移动、排队长度异常及发生在瓶颈区域等特征。右侧对向车道车流相对顺畅，进一步凸显了单向拥堵的异常性。,多车事故
,2023年7月21日11时11分28秒，在G2进外环外圈匝道03路段，一辆二轮摩托车从右侧车道驶入主路，该车辆未在专用非机动车道行驶，驾驶员佩戴头盔，构成二轮车辆闯入交通事件。,2023年7月15日11时11分28秒，在G2进外环外圈匝道03路段，一辆二轮摩托车从左侧车道驶入主路，行驶于多车道高速公路的行车道内，未见其在专用通道或合法入口进入，且无明显禁止标志提示下擅自闯入。该摩托车驾驶员佩戴头盔，车辆无明显牌照，
,2024年4月19日00:39至00:40，在外环高速武威路南（内）路段，发生了一起占道施工交通事件。现场可见多辆工程车辆和施工人员在车道内进行作业，施工区域被锥桶和围栏遮挡，导致车道数量减少，车辆需变道或减速行驶。施工区域设有警示牌和闪烁警示灯。该事件导致左侧车道车辆通行缓慢，排队长度明显增加，影响了道路交通的正常秩序。异常特征包括施工设施占据部分车道、施工人员现场作业以及明显的交通拥堵现象。,2024年4月19日00:39至00:40期间，外环高速武威路南（内）路段出现严重交通拥堵事件。该路段为多车道高速公路，夜间照明条件下，车流密集，车辆以缓慢速度行驶，部分车辆处于停滞状态，车距极短，刹车灯持续亮起，形成明显的红色光带。涉事车
,2023年7月22日22时43分27秒，在外环高速京沪立交南路段，一辆二轮车从右侧车道闯入主路行车道，行驶方向与正常车流一致，车辆在夜间灯光照射下可见其驾驶员佩戴头盔，有明显牌照标识。该二轮车辆行驶过程中未见逆行或横穿车道等危险行为，但其进入机动车道的行为违反了高速公路交通管理规定，对正常行驶的车辆构成潜在安全隐患。由于该路段为封闭式高速公路，本应禁止二轮车辆通行，因此该行为属于典型的二轮车辆闯入事件。,2023年7月22日22时43分28秒，在外环高速京沪立交南段，监控画面显示多车道正常行驶的机动车中，一辆二轮车出现在最左侧车道。该二轮车为摩托车，驾驶员佩戴头盔，未见明显牌照。该行为属于闯入高速公路禁止通行区域，且无专用二轮车道或明显禁止
,2024年02月21日星期三07:38至07:39期间，外环高速铁力路西段出现严重交通拥堵事件。现场多车道车辆密集，包括轿车、货车及出租车等各类机动车在湿滑路面上缓慢行驶或完全停滞，车流呈现持续性排队状态，车辆间距极小，刹车灯普遍亮起，表明车速极低或处于停止状态。拥堵路段位于城市高架道路，两侧有建筑与隔离墙，未见明显施工设施或事故车辆碰撞痕迹，也无异常停车或抛洒物现象。该拥堵影响范围较长，持续时间超过一分钟且无缓解趋势，符合典型早高峰时段因车流量过大导致的拥堵特征，属于正常交通压力下的通行受阻情况，未发现其他突发异常行为。,2024年02月21日星期三07:38至07:39期间，外环高速铁力路西段出现严重交通拥堵事件。该路段为多车道高速公路，路面湿滑，天气阴雨，能见度较低。视频显示，大量机动车包括轿车、货车、客车及出租车在多个车道内缓慢行驶或完全停滞，车流密集
,2023年9月4日08时25分，外环高速蕴藻浜桥北2（外）路段出现交通拥堵事件。该路段为多车道高速公路，双向车流密集，其中右侧车道车辆排成长队，行驶缓慢，部分车辆处于停滞状态，持续时间超过10秒且无缓解趋势。涉事车辆包括轿车、货车、厢式货车及客车等多种类型，均在正常车道内行驶，未见异常停车或事故迹象。由于车流量大，车辆间距缩小，后方车辆频繁刹车，形成典型的拥堵特征。现场无施工设施、抛洒物或二轮车辆闯入现象，也未见明显交通事故痕迹。拥堵主要集中在右侧车道，导致整体通行效率下降，影响了该区域的交通流畅性。,2023年9月26日08时25分至08时26分，外环高速蕴藻浜桥北2（外）路段出现交通拥堵事件。该路段为多车道高速公路，双向车流密集，其中南向北方向车辆行驶缓慢，车距明显缩短，多辆轿车、货车及厢式运输车在车道内持续低速行驶，部分车辆刹车灯亮
,2024年5月10日16时33分46秒至16时34分44秒，外环高速南大路北（内）路段出现异常停车事件。一辆黑色在最右侧行车道上完全静止，开启双闪灯，驾驶员不在车内，车辆可能发生故障，但现场没有设置三角警示标志。该车导致后方多辆汽车被迫减速绕行，交通流受阻。该车停在非停车区域，符合异常停车特征。,2024年5月10日16时13分至16时14分，外环高速丰翔路南段发生一起多车事故。事故发生在高速公路右侧车道，涉事车辆包括一辆白色轿车、一辆黑色轿车，其中白色轿车与前方车辆发生追尾，黑色轿车随后减速避让白色轿车，导致后方车辆紧急刹车并出现
