index,id,video,gt_label,pred_label,pred_text
1,4854,拥堵_20240321123303_突发事件_35430436.mp4,正常,拥堵,2024年3月21日12时36分至12时37分，外环高速沪嘉桥头路段出现严重交通拥堵，多辆货车和轿车在车道内缓慢行驶或完全停止，车辆排成长队，持续时间超过一分钟且无缓解趋势。涉事车辆包括红色、蓝色、白色等多种颜色的货车及多辆小轿车，其中部分大型货车装载货物如橙黄色南瓜状物品，以及装载集装箱的平板运输车。车辆在多个车道内缓慢移动，后方车辆被迫减速并保持较短车距，导致整体通行效率显著下降。该区域为高速公路弯道区域，无施工迹象，也未见异常停车或抛洒物，但因大型货车集中通行造成通行能力受限，形成典型拥堵事件，影响范围覆盖多个车道，对过往车辆造成较大通行压力。
2,4855,异常停车_20240624112654_突发事件_35721711.mp4,异常停车,正常,2024年6月24日11时26分50秒至11时27分48秒，外环高速沪渝立交段出现异常停车事件。一辆红色货车在右侧车道内长时间静止不动，车辆开启双闪灯，且无明显故障迹象或驾驶员在车旁活动，导致后方多辆车辆被迫减速绕行。该车停靠位置位于行车道内，属于非停车区域，且周围无交通信号灯或标志允许停车，存在违规停放行为。由于该车占据部分车道空间，影响了正常通行秩序，构成交通安全隐患。
5,4858,异常停车_20240623150949_突发事件_35720119.mp4,正常,拥堵,2024年06月23日15:13:12至15:13:40，在外环高速联谊路西枪机1处，发生了一起多车事故。涉事车辆包括一辆黑色轿车和一辆白色SUV，它们在雨天湿滑的路面上行驶过程中发生了碰撞，导致车辆位置异常，部分车辆横跨车道或斜停在道路上。事故现场有人员下车查看情况，交通一度受阻，其他车辆被迫减速或绕行，交通流量明显受到影响，形成了短暂的拥堵现象。此次事故的异常特征在于车辆的碰撞痕迹和位置异常，对道路通行造成了显著影响。
7,4860,异常停车_20240511021033_突发事件_35579528.mp4,正常,异常停车,2024年5月11日02时10分25秒至02时11分23秒，外环高速莘朱路路段，一辆白色厢式货车在右侧车道内完全静止，车辆开启双闪灯，驾驶员下车在车旁活动，车辆处于非停车区域且无交通信号灯或标志允许停车，后方多辆车辆被迫减速绕行，造成该车道通行受阻，存在明显异常停车特征。
9,4862,二轮车辆闯入_20230721120212_突发事件_33393572.mp4,异常停车,正常,2023年7月21日12时02分12秒至12时02分36秒，G2进外环外圈匝道03路段，一辆二轮摩托车从右侧车道驶入主路，行驶过程中未在专用通道或允许区域通行，且在车流中穿行，存在逆行和横穿车道的危险行为。该摩托车驾驶员佩戴头盔，车辆无明显牌照标识，其闯入行为导致周边车辆紧急避让，影响了正常交通秩序，构成典型的二轮车辆闯入异常事件。
11,4864,占道施工_20240222105430_运行安全_35369125.mp4,拥堵,正常,2024年2月22日星期四上午10:57至10:58，外环高速蕴川立交西枪机2监控区域，一辆红色货车在最右侧车道内长时间静止不动，车辆未开启双闪灯，驾驶员下车查看情况后上车，导致后方车辆被迫减速绕行，形成局部拥堵。该车停靠位置位于行车道内，非停车区域，且无任何交通标志允许临时停车，其行为符合异常停车特征，影响了正常交通秩序。
12,4865,异常停车_20240607073159_突发事件_35682192.mp4,异常停车,拥堵,2024年6月7日07:35至07:36期间，在外环高速沪太立交东2枪机2处，一辆红色货车在行车道上异常停车，车辆完全静止且开启双闪灯，驾驶员不在车内，导致后方多辆车辆被迫减速避让，交通流出现短暂拥堵，该行为违反了非停车区域禁止停车的规定，存在安全隐患，符合异常停车事件特征。
14,4867,异常停车_20240606112804_突发事件_35678999.mp4,异常停车,__UNK__,2024年6月6日11时27分52秒至11时28分51秒，外环高速漕宝入口匝道（内）路段出现抛洒物交通事件。在视频画面右侧车道标志线附近，可见一个黑色物体静止于路面，疑似为车辆遗落的货物或杂物。该异物未完全占据行车道但已对通行构成潜在威胁。期间无车辆经过该抛洒物。涉事车辆未在画面中明确显示，但根据现场情况判断，该抛洒物可能来自过往货运车辆运输过程中脱落的物品，存在安全隐患，需及时清理以保障道路安全畅通。
15,4868,多车事故_20240530152809_突发事件_35654829.mp4,正常,异常停车,2024年5月30日15时28分04秒至15时29分03秒，外环高速莘朱路路段，一辆黑色轿车停靠在道路右侧应急车道上，驾驶员身穿白色上衣和蓝色裤子，在车旁行走并多次弯腰查看车辆情况，期间有其他车辆经过（包括红色JAC货车、白色轿车及多辆小型客车）正常行驶，车辆通行未受明显影响。该车持续停留于非停车区域，且无明显故障迹象或警示标志，属于典型的异常停车行为，存在较大安全隐患。
16,4869,二轮车辆闯入_20230715120335_突发事件_1149569.mp4,正常,异常停车,2023年7月15日14时03分至14时04分，外环高速仙霞路（内）路段出现异常停车事件。一辆白色轿车在右侧应急车道完全停止，车辆未开启双闪灯，驾驶员下车查看情况，符合异常停车行为。
18,4871,多车事故_20240622131800_突发事件_35718810.mp4,拥堵,正常,2024年6月22日13时17分24秒至13时17分32秒，位于武宁路地道南线西向东方向路段，监控画面显示多辆机动车在隧道内行驶过程中发生拥堵。涉事车辆包括多辆小轿车，其中一辆白色轿车在车道中缓慢移动并逐渐形成排队现象，随后其他车辆陆续加入排队队列，车流速度明显下降。车辆均保持正常行驶状态，未见异常停车、事故或施工迹象，也无二轮车辆闯入或抛洒物情况。拥堵主要集中在隧道内主行车道，车辆排成长队，通行效率显著降低，持续时间约一分钟且无缓解趋势，符合拥堵判断标准。
19,4872,抛洒物_20240316111134_运行安全_35415772.mp4,正常,__UNK__,抛洒物
20,4873,异常停车_20240621232054_突发事件_35717764.mp4,正常,异常停车,2024年6月21日23时20分至23时51分，外环高速莘朱路路段夜间监控画面显示，一辆红色大型货车停靠在道路左侧应急车道上，车辆开启双闪灯，车身周围无明显施工标志或警示设施，符合异常停车行为。
21,4874,占道施工_20240323090249_运行安全_35433956.mp4,占道施工,异常停车,2024年03月23日星期六09:02:40至09:03:38期间，外环高速淞滨路西段出现异常停车事件。一辆白色轿车在右侧应急车道内长时间静止不动，车辆未开启双闪灯，且无明显故障迹象，符合异常停车行为。
22,4875,拥堵_20240101175120_突发事件_35284434.mp4,正常,拥堵,2024年1月1日17时51分至17时52分，外环高速莘庄立交东（外）路段出现严重交通拥堵，现场多辆小轿车、货车及大型运输车辆在湿滑路面上缓慢行驶或完全停滞，车流密集且持续时间较长，车辆尾灯连成一片，表明通行速度极低。该区域为高速公路弯道区域，夜间照明条件下，车辆灯光反射明显，但整体车流密度极高，导致后方车辆被迫减速并频繁变道，存在明显拥堵特征，未见异常停车、施工设施、事故痕迹或抛洒物等其他异常情况，主要表现为典型高峰时段瓶颈区域的交通拥堵现象。
25,4878,占道施工_20240427231609_运行安全_35538441.mp4,正常,拥堵,2024年4月23日22时16分至22时17分，G60市区方向至S4金山方向路段发生占道施工交通事件。现场可见多辆车辆在夜间行驶，道路中间设置了一排交通锥桶，形成临时隔离带，占用部分车道。施工区域前方有一辆闪烁着蓝红警示灯的工程车缓慢行驶，疑似正在进行道路维护或施工作业。多辆货车和轿车依次通过该区域，车速明显降低，部分车辆需减速避让，导致通行效率下降。施工区域未见明显施工人员或大型机械，但存在明显的车道缩减和交通引导措施，符合占道施工特征。整体影响为局部车道通行受阻，存在潜在拥堵风险。
26,4879,异常停车_20240518051647_突发事件_35602542.mp4,异常停车,正常,2024年5月18日星期六05:16:42至05:17:40，在外环高速沪渝立交处，一辆黄色货车在行车道上异常停车，车辆完全静止且未开启双闪灯，驾驶员不在车内，导致后方车辆被迫减速绕行，影响了道路的正常通行秩序，存在明显的交通安全隐患。
28,4881,占道施工_20240523232826_运行安全_35628713.mp4,正常,拥堵,2024年05月23日23:28:21至23:28:48，在某高速公路路段，发生了一起占道施工交通事件。现场可见多辆工程车辆和施工人员在车道内进行作业，施工人员穿着反光背心，操作相关设备，车道被多个锥桶遮挡，导致车道数量减少，车辆需变道或减速通行。涉事车辆包括一辆黄色工程车和一辆白色货车，它们停在施工区域内，对过往车辆造成一定影响，车辆被迫减速或变更车道以避开施工区域。异常特征包括施工区域设有明显的警示牌和闪烁的警示灯，确保过往车辆能够及时注意到施工情况并采取相应措施。整体来看，此次占道施工对道路交通造成了一定影响，但未引发严重拥堵或事故。
31,4884,抛洒物_20240402065256_运行安全_35459975.mp4,正常,占道施工,2024年04月02日06:52:50至06:53:48，在某沪宁转外环外圈路段，视频显示该道路出现占道施工情况。涉事车辆包括一辆工程车和一辆小型货车，它们位于道路右侧车道上，占据部分车道空间，导致其他车辆需减速并变道行驶。施工区域设有警示牌和闪烁警示灯，对过往车辆的通行造成一定影响，车辆被迫绕行或减速，显示出明显的施工标志和施工设施。此行为符合占道施工的异常特征，即车道被施工设施遮挡，车辆通行受阻，且无其他交通异常情况出现。
32,4885,异常停车_20240515114643_突发事件_35592570.mp4,拥堵,正常,2024年5月15日11时46分至11时47分，外环高速仙霞路（内）路段出现异常停车事件。一辆白色轿车在右侧车道完全静止，车辆未开启双闪灯，驾驶员下车后在车旁停留，疑似发生故障。该车停靠位置位于行车道内，非停车区域，且无交通信号灯或标志允许停车，导致后方多辆车辆被迫减速绕行，形成局部拥堵。周围车辆包括轿车、货车及厢式车均正常行驶，但因该车异常停车影响通行，存在安全隐患。现场无施工设施、无二轮车辆闯入、无抛洒物或事故迹象，初步判断为临时故障性停车。
38,4891,拥堵_20240108171924_突发事件_35302871.mp4,正常,__UNK__,2024年01月18日17:21:55至17:22:03，在外环高速富长路西枪机1路段，发生了一起多车事故。涉事车辆包括一辆白色轿车和一辆白色SUV，白色轿车与白色SUV在行驶过程中发生碰撞，导致白色SUV停在车道上，车身明显受损，而白色轿车则停在后方。事故发生后，驾驶员下车查看情况，现场其他车辆被迫减速或绕行，交通秩序受到一定程度的影响。异常特征表现为车辆位置异常、刹车灯亮起以及后方车辆避让行为，显示出事故的典型特征。
40,4893,拥堵_20231229144249_突发事件_35276877.mp4,正常,拥堵,2023年12月29日14时42分至14时43分，嘉闵西侧定焦03监控点位拍摄到隧道内发生多车事故。事故发生在隧道中段，涉事车辆包括一辆白色SUV和一辆银色轿车，多辆车辆刹车灯亮起，表明车速极快，部分车辆在行驶过程中发生追尾或碰撞。事故现场未见明显人员下车交涉或交警到场处理，但车辆位置异常，部分车辆横跨车道或斜停，导致后方车辆被迫减速避让。事故造成隧道内交通拥堵，车辆排队长度持续增加，影响通行效率。异常特征表现为车辆密集、刹车灯密集亮起、车流行为紊乱，符合多车事故判断标准。
41,4894,异常停车_20240614134000_突发事件_35704595.mp4,异常停车,__UNK__,2024年6月13日14时44分，外环高速沪太立交西段，一辆红色货车在最右侧车道内停靠，开启双闪灯，驾驶员下车活动。
43,4896,二轮车辆闯入_20230715123038_突发事件_1149662.mp4,正常,__UNK__,2023年7月15日12时30分33秒至12时31分03秒，北环高速同济路立交南段，一辆二轮摩托车沿左侧车道行驶，驾驶员佩戴头盔，车辆无明显牌照标识，车辆在车流密集区域穿行，存在逆行及横穿车道的危险行为，周围多辆汽车紧急避让，造成短暂交通干扰，该行为违反了高速公路禁止二轮车辆通行的规定，构成典型的二轮车辆闯入交通异常事件。
46,4899,拥堵_20231027080039_突发事件_35006223.mp4,正常,拥堵,2023年10月22日星期一早上7点59分至8点00分，位于城市快速路某路段（具体位置未标注）出现持续性交通拥堵事件。该路段为多车道高速公路，双向通行，右侧车道车辆排成长队，车流缓慢移动，部分车辆几乎处于静止状态，持续时间约一分钟且无缓解趋势。涉事车辆包括各类轿车、货车、厢式货车及一辆白色大巴车，其中蓝色集装箱货车、红色平板货车和白色厢式货车较为显眼，均在正常行驶中未见异常停车或事故迹象。左侧对向车道车流相对顺畅，未受影响。拥堵区域位于画面中段，从视频开始至结束，车辆间距明显缩小，后方车辆频繁刹车，形成典型的缓行状态。现场无施工设施、无抛洒物、无二轮车辆闯入、无碰撞痕迹，也未发现异常停车行为，推测拥堵可能由前方交通瓶颈或流量突增引发，属于典型早高峰时段的交通拥堵现象，对通行效率造成显著影响。
47,4900,拥堵_20231208081125_突发事件_35203668.mp4,正常,拥堵,2023年12月8日星期五上午8时11分至8时12分，位于城市高架道路主干道上发生持续性交通拥堵事件。该路段为多车道高架桥，双向通行，右侧匝道连接城市主干道与匝道。视频显示，主路车流密集，车辆以低速或短暂停滞状态缓慢行驶，车距明显缩短，多辆轿车、货车及客车在多个车道内排队缓行，部分车辆尾灯亮起，表明处于低速或停止状态。左侧对向车道车流相对顺畅，未见明显拥堵或事故迹象。右侧匝道区域虽有车辆通行，但整体车流量较大，且存在大型货车及集装箱运输车等特殊车辆，导致右侧车道通行效率下降。整个拥堵区域持续约1分钟，影响范围覆盖多个车道，车辆通行速度显著降低，符合典型早高峰时段因车流量大引发的交通拥堵特征。
50,4903,占道施工_20240313232842_运行安全_35408051.mp4,正常,占道施工,2024年03月13日23:28至23:29期间，在上行水产路入口匝道03处发生占道施工交通事件。现场可见一辆黄色工程车缓慢行驶在道路右侧，车顶闪烁着警示灯，周围摆放了多个红白相间的交通锥桶，形成临时隔离带，占用部分车道。该施工区域导致车道数量减少，过往车辆需减速并变道行驶，对交通流产生了一定影响。施工区域设有明显的警示标志和灯光提示，确保过往车辆能够及时注意到并采取相应措施，整体秩序较为有序。
51,4904,异常停车_20240605172354_突发事件_35677124.mp4,正常,拥堵,2024年5月8日17时27分至17时28分，位于城市快速路某路段（路面标有“停车”字样）发生交通拥堵事件。该路段为多车道高速公路，天气为雨天，路面湿滑，能见度较低。视频显示，从17:27:48开始，右侧车道车辆行驶缓慢，车流密集，多辆轿车、货车及厢式运输车依次排队通过，尾灯持续亮起，表明车辆处于低速行驶或短暂停滞状态。期间，一辆红色货车和一辆蓝色货车从右侧车道驶过，均未对拥堵产生明显影响。由于车流量大且天气恶劣，车辆间距明显缩小，后方车辆被迫减速并保持安全距离，形成持续性拥堵。此拥堵现象未见明显事故或障碍物，推测为高峰时段车流集中所致，属于典型的雨天高速公路拥堵事件，对通行效率造成一定影响。
52,4905,二轮车辆闯入_20230715130525_突发事件_1149786.mp4,正常,异常停车,2023年7月15日13时05分至13时06分，外环高速仙霞路（内）路段出现异常停车事件。一辆白色轿车在右侧应急车道完全停止，车辆未开启双闪灯，驾驶员下车查看情况，符合异常停车行为。
56,4909,占道施工_20230806231920_运行安全_34537966.mp4,拥堵,占道施工,2023年8月6日23时19分至23时20分，嘉闵西侧汇聚机箱路段夜间出现占道施工交通事件。现场可见多排红白相间的交通锥桶沿道路一侧排列，形成临时隔离带，占用部分行车道，导致车辆需绕行或减速通过。一辆工程车辆（疑似清障车或养护车）在施工区域缓慢行驶，车灯闪烁，疑似进行作业或维护工作。一名身穿反光背心的工作人员在锥桶旁行走，疑似检查或调整设置。该施工区域未见明显施工机械或围挡，但存在明显的车道缩减和车辆变道行为，对通行造成一定影响，属于典型的占道施工异常情况。
57,4910,异常停车_20240517120016_突发事件_35600670.mp4,正常,异常停车,2024年5月17日12时00分28秒至12时01分27秒，外环高速丰翔路南段监控画面显示，一辆红色货车在最右侧车道停靠，车辆开启双闪灯，驾驶员下车活动，符合异常停车行为。
60,4913,二轮车辆闯入_20230721130522_突发事件_33393643.mp4,正常,__UNK__,2023年7月21日13时05分15秒至13时05分45秒，位于武宁路地道南线三枪机3监控画面中，一辆白色头盔、身穿反光背心的驾驶员驾驶的二轮摩托车驶入主路，沿最右侧车道行驶，随后在车流中穿行，未见其进入专用通道或合法通行区域，存在逆行、横穿车道等危险行为，且该路段为高速公路，禁止非机动车通行，摩托车在车流中行驶，对后方车辆造成潜在安全隐患，后方车辆有减速避让行为，属于典型的二轮车辆闯入交通异常事件。
61,4914,异常停车_20231203152800_突发事件_35182360.mp4,异常停车,__UNK__,2023年12月3日15时27分，武宁路地道北线东向西方向，监控画面显示右侧车道上有两处白色块状抛洒物，位于车道边缘，未见明显车辆碰撞或紧急避让行为，但后方多辆汽车有减速、变道现象，考虑抛洒物可能引发后方车辆绕行，存在安全隐患，且无施工或事故迹象，该抛洒物构成潜在风险，属于典型抛洒物交通事件。
63,4916,拥堵_20240313172531_突发事件_35407751.mp4,拥堵,正常,2024年3月13日17时25分至17时26分，外环高速天山路路段出现交通拥堵事件。该路段为多车道高速公路，双向车流密集，车辆包括轿车、货车、厢式货车及大型运输车等各类机动车。视频显示，从17:25:23开始，车辆行驶速度明显减缓，车距缩短，部分车辆处于低速蠕动状态，尤其在左侧车道形成连续排队现象，车辆间距小于正常通行距离，且无明显加速趋势。拥堵区域持续约一分钟，未见明显事故或障碍物导致阻塞，但车流密度显著增加，通行效率下降。右侧车道虽有车辆正常行驶，但整体通行能力受限。该拥堵可能由前方交通瓶颈或突发性车流集中引发，影响范围覆盖多个车道，持续时间较长，符合典型拥堵特征。
64,4917,占道施工_20240525002701_运行安全_35633383.mp4,占道施工,拥堵,2024年5月25日00:26:53至00:27:53期间，嘉闵西侧真南路出口路段夜间发生占道施工交通事件。现场可见多辆工程车辆停靠在右侧车道，包括一辆黄色工程车和一辆闪烁警示灯的作业车，车辆周围设置有多个红白相间的交通锥桶，形成临时隔离带，占用部分行车道。施工区域设有“前方施工”提示牌和限速40公里的标志，提示过往车辆减速并注意避让。施工人员身穿反光背心，在车道内进行作业，部分人员在作业区域附近活动。该施工导致右侧车道通行空间受限，车辆需绕行至左侧车道通行，造成局部车流缓慢，但未出现严重拥堵。整体交通秩序尚可维持，但存在潜在安全隐患，如车道变窄、车辆误入等风险。异常特征为：施工设施规范布置、警示标志齐全、施工人员穿戴规范，且无其他异常停车或事故迹象。
66,4919,拥堵_20240316134738_突发事件_35416214.mp4,正常,__UNK__,2024年3月16日13时50分至13时51分，位于城市快速路某路段（具体位置未标注），右侧车道发生多车事故。涉事车辆包括一辆白色轿车和一辆黑色SUV，其中白色轿车与黑色SUV发生刮擦，导致后方车辆紧急刹车或绕行 resorts。事故现场有多名驾驶员下车查看情况，部分车辆停靠在行车道内，造成后方车辆减速绕行，交通流明显受阻，符合多车事故的异常特征。
67,4920,占道施工_20240517005312_运行安全_35598296.mp4,占道施工,拥堵,2024年5月17日00:53:00至00:54:00，在外环高速莘庄立交北段，发生了一起占道施工交通事件。现场有多辆工程车辆和施工人员进行作业，施工人员穿着反光背心，操作设备，车道被锥桶遮挡，导致车道数量减少，车辆需变道或减速通行。施工区域设有警示牌和闪烁警示灯，以提醒过往车辆注意避让。此次施工对道路交通造成了一定影响，但未引发严重拥堵，整体交通秩序较为有序。异常特征包括施工设施占据部分车道、施工人员现场作业以及车辆被迫绕行或减速。
74,4927,抛洒物_20231104061607_运行安全_35044837.mp4,正常,__UNK__,2023年11月4日06时16分至06时17分，外环高速顾戴路路段出现抛洒物交通事件。在视频画面中，一个红色物体在行车道上，部分车辆在接近该物体时出现明显减速或避让行为，但未发生碰撞。该抛洒物尺寸较大，呈不规则形状，可能为货车运输过程中掉落的货物或杂物，对后续车辆造成潜在安全隐患，尤其在雨天湿滑路面上增加追尾风险。多辆轿车和货车依次通过该区域，部分车辆因避让而产生轻微变道行为。异常特征表现为：抛洒物在车道上静止不动，未被清理，且无人员处理，持续存在于路面，对通行构成干扰。
75,4928,二轮车辆闯入_20230719084957_突发事件_1966060.mp4,正常,__UNK__,2023年7月19日08时08分04秒至08时09分01秒，外环高速漕宝入口匝道（内）路段出现抛洒物交通事件。在视频画面右侧车道标志线附近，可见一个黑色物体静止于路面，疑似为车辆遗落的货物或杂物。该异物未完全占据行车道但已对通行构成潜在威胁。期间无车辆经过该抛洒物。涉事车辆未在画面中明确显示，但根据现场情况判断，该抛洒物可能来自过往货运车辆运输过程中脱落的物品，存在安全隐患，需及时清理以保障道路安全畅通。
76,4929,占道施工_20230720015900_运行安全_6965744.mp4,占道施工,正常,2023年7月20日01:58至01:59期间，在嘉闵东侧民生路北路段，发生了一起占道施工交通事件。现场有多名施工人员穿着反光背心在车道内进行作业，旁边停放着一辆黄色工程车，周围放置了多个交通锥桶以隔离施工区域。施工人员在车道上操作，导致该车道被部分遮挡，车辆需变道或减速通行。此行为符合占道施工的异常特征，对正常交通流产生了一定影响，但未引发严重拥堵或事故。
85,4938,二轮车辆闯入_20230717161911_突发事件_1356396.mp4,正常,__UNK__,2023年7月17日16时19分04秒，在外环高速北翟路立交北段，一辆二轮摩托车从画面左侧驶入主车道，沿最左侧车道由南向北行驶，驾驶员身穿深色衣物并佩戴头盔，车辆有明显牌照。该路段为高速公路，禁止二轮车辆通行，且无专用二轮车道或允许通行标志，摩托车在车流中穿行，周围多辆汽车紧急避让，存在较大安全隐患，构成典型的二轮车辆闯入交通异常事件。
90,4943,拥堵_20240101190522_突发事件_35284491.mp4,正常,拥堵,2024年1月1日19时05分至19时06分，G60市区方向至S20外环线高架路段出现严重交通拥堵，现场车辆密集，车流缓慢移动，多辆轿车、货车及客车在夜间行驶过程中出现排队现象，车辆尾灯持续亮起，表明车速极低或处于停滞状态，影响范围覆盖多个车道，持续时间超过一分钟且无缓解趋势，符合拥堵判断标准。
91,4944,二轮车辆闯入_20230718084649_突发事件_1959375.mp4,正常,异常停车,2023年7月18日08时46分48秒，在外环高速顾戴路路段，一辆黄色工程车停靠在右侧应急车道上，车辆未开启双闪灯，驾驶员下车后在车旁活动，该行为属于非紧急情况下的异常停车，影响了道路的正常通行秩序，存在安全隐患。
92,4945,占道施工_20231020232802_运行安全_34970511.mp4,占道施工,正常,2023年10月20日23时28分至23时29分，嘉闵高架路东侧嘉美路南段夜间出现占道施工交通事件。现场可见一辆工程车缓慢行驶在右侧车道，车顶闪烁警示灯，周围设置多个红白相间的交通锥桶，形成临时隔离带，占用部分行车道。施工区域位于道路右侧，设有“交替通行”指示牌及“注意避让”警示标志，车辆需绕行或减速通过。该施工行为导致右侧车道通行能力下降，后方车辆行驶速度减缓，部分车辆因避让施工区域而出现轻微变道和减速现象，存在一定的交通影响。整体表现为典型的占道施工异常情况，符合施工设施遮挡车道、设置警示设施及影响正常交通流的基本特征。
93,4946,占道施工_20240523000157_运行安全_35623957.mp4,正常,拥堵,2024年5月23日00:01:26至00:02:25，在S26沪常高速收费广场东侧（K11+608）处，发生了一起占道施工交通事件。现场可见多辆工程车辆和施工人员在进行作业，施工人员穿着反光背心，操作设备，车道被锥桶遮挡，导致车道数量减少，车辆需变道或减速通行。施工区域设有警示牌和闪烁警示灯，以提醒过往车辆注意避让。此次施工行为对道路交通造成了一定影响，但未引发严重拥堵或事故。异常特征包括施工设施占据部分车道、施工人员现场作业以及明显的警示标志。
95,4948,占道施工_20230902222328_运行安全_34695991.mp4,拥堵,正常,2023年9月2日22时23分至22时24分，外环高速龙吴路路段夜间出现占道施工交通事件。现场可见多辆工程车辆停靠在右侧车道，包括一辆黄色工程车和一辆装载设备的平板运输车，均开启警示灯并设置反光锥桶进行隔离。施工区域用红白相间的交通锥桶围挡，形成临时封闭区，占用部分行车道。施工人员身穿反光背心在作业区域内活动，部分车辆因施工导致通行速度减缓，后方车辆需减速绕行，造成局部交通流受阻。该施工行为符合占道施工标准，存在明显的施工设施、警示标志及车道缩减现象，对正常交通秩序造成一定影响。
96,4949,异常停车_20240623044337_突发事件_35719216.mp4,正常,异常停车,2024年6月23日04时43分至04时44分，外环高速吴淞江桥南路段，一辆红色货车在右侧应急车道内长时间静止不动，车辆未开启双闪灯，且无明显故障迹象或驾驶员在车旁处理情况，行为符合异常停车特征。
98,4951,异常停车_20240623005339_突发事件_35719206.mp4,异常停车,正常,2024年6月23日00:53:31至00:54:32，在嘉闵东匝道处，一辆白色轿车在行车道上完全静止，疑似发生异常停车事件。该白色轿车在车道内完全静止，未开启双闪灯，且无交通信号灯或标志允许其停车，驾驶员不在车内，车辆明显处于非正常行驶状态。周围其他车辆被迫减速绕行，影响了该车道的正常通行秩序，存在安全隐患。此行为符合异常停车的判断标准，包括在非停车区域静止、无合法停车标志允许、驾驶员不在车内以及引发后方车辆避让等特征。
104,4957,拥堵_20240316155937_突发事件_35416515.mp4,拥堵,正常,2024年3月16日15时59分至16时00分，G60市区方向至S20外环高速路段出现严重交通拥堵事件。该路段位于高速公路弯道区域，道路两侧绿树成荫，上方有“S20 Rego 2/2”的指示牌。视频显示，多辆小轿车、货车及厢式货车在车道内缓慢行驶或完全停止，车辆排成长队，车距极短，部分车辆刹车灯持续亮起，表明车速极低或处于停滞状态。涉事车辆包括白色厢式货车、红色集装箱货车、白色轿车及多辆私家车，均处于低速行驶状态，未见明显事故或异常停车情况。由于车流密集且持续时间较长，导致通行效率显著下降，后方车辆被迫减速并频繁变道，形成典型的拥堵现象。此拥堵发生在早高峰时段，影响了该路段的正常交通秩序，存在潜在安全隐患。
109,4962,异常停车_20240526115932_突发事件_35638639.mp4,异常停车,正常,2024年5月28日13时11分至13时12分，外环高速京沪立交（内）路段出现异常停车事件。一辆红色货车在右侧车道内完全静止，未开启双闪灯，车辆位置位于应急车道与主车道之间，无任何交通信号或标志允许其停车。该车停靠期间，后方多辆车辆被迫减速绕行，导致右侧车道车流出现短暂拥堵，影响了正常通行秩序。现场无施工设施、无人员下车交涉，也未见明显事故痕迹，初步判断为驾驶员违规停车行为，存在较大安全隐患。
110,4963,异常停车_20240606120515_突发事件_35679057.mp4,正常,拥堵,2024年6月6日14时05分至14时06分，外环高速吴中路路段发生一起多车事故。事故发生在双向车道中的南向车道，涉事车辆包括俩辆SUV。视频显示，一辆白色面包车停靠在应急车道边缘疑似与前车发生追尾事故，驾驶员下车站立于车旁。事故造成该方向交通流明显受阻，后方车辆被迫缓慢通行或绕行，形成持续拥堵。现场无明显施工或抛洒物迹象，但存在多车碰撞痕迹和异常停车行为，符合多车事故的典型特征。
112,4965,拥堵_20231113071958_突发事件_35091185.mp4,正常,拥堵,2023年11月13日07:19至07:52期间，外环高速漕宝路北方向发生拥堵事件。视频显示，该路段双向车流密集，尤其是右侧车道车辆行驶缓慢，部分车辆几乎处于停滞状态，排队长度持续增加，形成明显的交通拥堵现象。涉事车辆包括多辆轿车、货车、客车及大型运输车，其中绿色集装箱货车、白色厢式货车和红色大巴车等在拥堵中缓慢前行。车辆在多个车道内缓慢移动，未见明显事故或障碍物，但整体通行效率显著下降，后方车辆被迫减速并频繁变道以维持秩序。拥堵主要集中在靠近出口匝道区域，受此影响，车辆通行速度明显降低，存在潜在追尾风险。异常特征表现为长时间、大范围的车辆积压，符合典型拥堵事件特征。
113,4966,占道施工_20231116003349_运行安全_35106756.mp4,占道施工,正常,2023年11月16日00:33:53至00:34:42期间，嘉闵西桃浦公路南路段夜间出现占道施工交通事件。现场可见多辆工程车辆停靠在道路右侧车道，包括一辆黄色工程车和一辆红色警用车辆，均开启警示灯并设置反光锥桶进行围挡作业。施工区域位于道路右侧，占用部分行车道，导致该车道通行能力下降，过往车辆需减速绕行。施工区域设有“前方施工”提示牌，且施工人员身穿反光背心在作业区域内活动，现场设有临时警示灯和闪烁警示灯，符合占道施工标准特征。该施工行为对正常交通流造成一定影响，车辆行驶速度明显降低，存在潜在安全隐患。
114,4967,异常停车_20240614153120_突发事件_35704875.mp4,异常停车,__UNK__,2024年6月14日15时31分至15时32分，在外环高速吴淞江桥南路段，发生了一起多车事故。涉事车辆包括一辆白色SUV和一辆黑色轿车，这些车辆在行驶过程中发生了碰撞，导致车辆位置异常，其中白色轿车斜停在车道上，黑色轿车在其前方。事故现场有人员下车交涉，但明显可以看到车辆的碰撞痕迹和异常的停车位置，这些都表明这起事故的复杂性和对交通的影响。
115,4968,拥堵_20240208073929_突发事件_35357603.mp4,正常,拥堵,2024年02月08日星期四07:39:23至07:40:22期间，在城市高架桥路段，多辆汽车在正常行驶过程中，由于前方道路出现施工区域，最右侧车道被设置白色实线和导流线，车辆需减速并变道至左侧车道通行。该区域未设置任何施工标志或锥桶，但车道被部分封闭，导致车辆排队缓行，车流密度显著增加，部分车辆因变道而出现轻微穿插行为。涉事车辆包括轿车、货车及客车，均保持低速行驶，未见明显碰撞或停车行为，但整体交通流出现明显滞缓现象，符合“拥堵”判断标准中的“多辆车缓慢移动或完全停止”“排队车辆长度超过正常范围”“持续一段时间且无缓解趋势”等特征。该事件属于典型的施工区域临时管制引发的交通拥堵，影响了该路段的正常通行效率。
116,4969,抛洒物_20240202164712_运行安全_35351446.mp4,正常,交通事故,2024年2月16日02:49至02:50，在外环高速蕴藻浜桥北1（外）路段，监控画面显示右侧车道上出现大量散落的纸板类物品，这些异物散落在行车道上，导致车辆行驶过程中出现紧急避让和货物抛洒风险。现场未见明显的交通事故或人员下车处理，但大量的异物持续涌现，对道路通行安全构成潜在威胁。涉事车辆未在画面中明确显示，故无法判断具体车辆。此类抛洒物可能来自货车货箱、生活垃圾或其他物件，虽未造成直接碰撞或堵塞，但持续存在可能引发后车紧急刹车或追尾事故，影响道路通行效率和行车安全。异常特征为：车道上有足够尺寸的异物、无明显人员清理行为、持续存在于行车道中。
120,4973,多车事故_20240622062856_突发事件_35717902.mp4,正常,异常停车,2024年6月22日06:28:31至06:29:19期间，S20外至S4金山方向高架路段发生异常停车事件。一辆红色货车在右侧车道内完全静止，车辆开启双闪灯，驾驶员下车后在车旁停留，符合异常停车行为。
121,4974,二轮车辆闯入_20230718200354_突发事件_1962746.mp4,正常,异常停车,2023年7月18日20时03分52秒至20时04分18秒，外环高速沪太立交东1-1 03路段夜间监控画面显示，一辆白色轿车在右侧应急车道停靠，车辆开启双闪灯，驾驶员下车后站在车旁，符合异常停车行为。
122,4975,占道施工_20240530012527_运行安全_35651647.mp4,正常,拥堵,2024年05月30日星期四凌晨01:25至01:26期间，在某城市高架道路南向车道上，出现占道施工交通事件。现场可见一排红白相间的交通锥桶沿道路中央隔离带一侧排列，形成临时隔离带，占用部分行车道，导致该车道通行空间受限。施工区域未见明显施工人员或工程车辆，但交通锥桶的布置方式符合占道施工特征，表明该路段正在进行或刚完成道路维护作业。该区域无警示牌或闪烁警示灯，但交通锥桶已有效引导车辆绕行，未引发严重拥堵或事故。整体影响为局部车道通行能力下降，车辆需减速并变道通过，存在潜在安全隐患。
123,4976,拥堵_20230725074639_突发事件_33398640.mp4,拥堵,正常,2023年7月25日07时46分至07时47分，外环高速潭宝路北段出现严重交通拥堵事件。该路段为多车道高速公路，双向车流密集，其中南向车道车辆排成长队，行驶缓慢，部分车辆处于停滞状态，后方车辆持续减速并频繁变道以适应前车速度。涉事车辆包括各类轿车、货车、厢式货车及出租车，均在正常车道内行驶，未见异常停车、事故或施工迹象。拥堵主要集中在靠近出口匝道区域，车辆排队长度超过百米，且持续时间较长，未见缓解趋势。现场无抛洒物、占道施工或二轮车辆闯入情况，也无明显碰撞痕迹或人员下车交涉行为，推测拥堵可能由上游交通压力或出口分流导致。整体表现为典型的城市高速路高峰时段拥堵特征，影响范围覆盖多个车道，对通行效率造成显著影响。
125,4978,异常停车_20240613144354_突发事件_35701670.mp4,异常停车,正常,2024年6月13日14时43分50秒左右，在外环高速护嘉立交南2枪机1监控范围内，一辆红色货车在右侧车道内长时间静止不动，车辆开启双闪灯，驾驶员在车旁活动，车辆处于异常停车状态。该车停靠位置位于行车道内，非停车区域，且无交通信号灯或标志允许停车，导致后方车辆被迫减速绕行，影响了右侧车道的正常通行秩序。该行为符合异常停车的典型特征，存在安全隐患。
128,4981,异常停车_20240624005704_突发事件_35720496.mp4,异常停车,拥堵,2024年06月24日00:57:00至00:57:59，在上行中春路出口匝道处，发生了一起多车事故。视频中可以看到多辆汽车在该路段行驶，其中一辆白色轿车与前方车辆发生了碰撞，导致车辆位置异常，白色轿车斜停在车道上。事故现场有人员下车查看情况，周围车辆被迫紧急避让或减速绕行，交通秩序受到明显影响，后续车辆出现缓慢移动甚至短暂拥堵现象。此次事故的异常特征包括：车辆明显碰撞痕迹、位置异常、人员下车处理以及对后续交通的影响。
129,4982,二轮车辆闯入_20230720211956_突发事件_33392150.mp4,正常,__UNK__,2023年7月20日21时19分52秒，在外环高速曹安路北枪机2监控点位，一辆二轮车（摩托车）从右侧车道驶入主路，进入高速公路行车道，该车辆未在专用通道或允许区域通行，且在车流中穿行，存在逆行和横穿车道的危险行为，周围多辆汽车被迫减速避让，造成局部交通秩序紊乱，该行为违反了高速公路禁止二轮车辆通行的规定，构成典型二轮车辆闯入交通异常事件。
133,4986,占道施工_20240326231211_运行安全_35443106.mp4,拥堵,占道施工,2024年3月26日23时12分至23时13分，外环高速漕宝路北段夜间出现占道施工交通事件。现场可见一辆工程作业车停靠在右侧车道，车顶闪烁警示灯，车身周围设置多个红白相间的交通锥桶，形成临时隔离区域。一名身穿反光背心的工作人员在车辆后方行走并指挥交通，车辆后方设有“50”限速标志，提示前方施工区域。该施工区域导致右侧车道被部分占用，过往车辆需减速绕行，车流出现缓慢通行现象，但整体交通秩序未发生严重混乱。施工区域未见明显围挡或施工人员作业，推测为夜间临时性道路维护或应急处置措施。
134,4987,占道施工_20240324070403_运行安全_35435425.mp4,占道施工,正常,2024年03月24日星期日07:07:20至07:07:35，在外环高速铁力路西枪机2路段，发生了一起占道施工交通事件。视频中可以看到，一辆黄色工程车停在道路左侧，车辆后方摆放了多个红白相间的交通锥桶，形成临时隔离带，车道被部分遮挡，导致车辆需变道或减速通行。施工区域设有警示牌，提示前方有施工。现场有施工人员穿着反光背心在车辆旁进行作业，进一步表明该路段正在进行道路维护或施工。此事件影响了车辆的正常行驶，迫使车辆绕行或减速通过，但未造成严重的交通拥堵。异常特征包括车道被施工设施遮挡、施工人员在场操作设备以及设置的警示标志。
135,4988,二轮车辆闯入_20230717162611_突发事件_1356430.mp4,正常,__UNK__,2023年7月17日16时25分12秒，在外环高速京沪铁路桥南路段，一辆二轮摩托车从左侧车道驶入主路，行驶于多车道高速公路的中间车道，未在专用通道或允许区域通行，且无明显禁止标志下绕行行为，驾驶员佩戴头盔，车辆有牌照特征，该行为属于二轮车辆闯入高速公路的典型异常交通事件。
137,4990,二轮车辆闯入_20230719184404_突发事件_5963849.mp4,正常,拥堵,2023年7月19日18时43分至18时44分，外环高速沪太立交东1-2路段出现交通拥堵事件。该路段为多车道高速公路，两侧设有隔音屏障，道路两侧绿树成荫，远处可见交通指示牌和施工区域。视频显示，从18:43:59开始，右侧车道车辆行驶缓慢，车流密集，多辆轿车、货车及厢式运输车在车道内依次排队前行，部分车辆刹车灯持续亮起，表明车速明显降低。其中可见一辆黄色工程车在前方缓慢行驶，疑似进行道路维护或施工作业。由于车流量大且通行效率下降，导致后方车辆被迫减速并排成队列，形成持续性拥堵。未见明显的事故、抛洒物或异常停车情况，但因施工或临时管制导致车道减少，影响了整体通行能力。此拥堵现象持续约一分钟，未见缓解趋势，符合拥堵判断标准中的多辆车缓慢移动、排队长度超常、发生在瓶颈区域等特征。
146,4999,多车事故_20240623031336_突发事件_35719212.mp4,拥堵,正常,2024年6月23日23时13分至23时14分，在外环高速京沪立交南2枪机1处，发生了一起占道施工交通事件。视频显示，该路段右侧车道被施工设施遮挡，施工人员穿着反光背心在进行作业，导致车道数量减少，车辆需变道或减速行驶。涉事车辆包括施工车辆和过往的轿车、货车等，它们被迫改变行驶路线，影响了道路的正常通行。异常特征包括施工区域设有警示牌和闪烁警示灯，且车道数量明显减少，车辆通行速度减缓，整体交通秩序受到一定影响。
153,5006,拥堵_20230803073540_突发事件_33419873.mp4,拥堵,正常,2023年8月3日07:35至07:36期间，外环高速丰翔路南段出现交通拥堵事件。该路段为多车道高速公路，两侧绿树成荫，道路标线清晰，设有绿色“出口”指示牌。视频显示，从07:35:35开始，右侧车道车辆行驶缓慢，车流密集，多辆轿车、货车及厢式运输车在车道内依次排队前行，车距明显缩短，部分车辆刹车灯持续亮起，表明车速显著降低。车辆包括白色、黑色、红色等多种颜色的小型客车及大型货车，其中可见一辆白色厢式货车和一辆红色集装箱货车在车流中穿行。由于车流量大且通行速度缓慢，导致后方车辆被迫减速或变道，形成持续性拥堵。未见明显事故或障碍物，但整体车流呈现缓慢移动状态，无异常停车、占道施工或抛洒物迹象，推测为早高峰时段车流集中所致。该拥堵影响了该路段的通行效率，造成车辆排队长度逐渐增加，影响了道路的正常运行。
154,5007,拥堵_20240108181007_突发事件_35302890.mp4,正常,拥堵,2024年1月8日18时10分至18时11分，嘉闵东京沪立交北入路段出现严重交通拥堵事件。该路段为夜间高架道路，双向多车道，车流密集，车辆以缓慢速度行驶，尾灯连成一片红色光带，表明车辆处于低速或停滞状态。涉事车辆包括多辆轿车、SUV及少量货车，均在正常车道内行驶，未见异常停车或事故迹象。拥堵主要集中在主路中间区域，车辆排成长队，持续时间超过一分钟且无缓解趋势，影响了整体通行效率。现场无施工设施、无抛洒物、无二轮车辆闯入，也未发现多车碰撞痕迹或人员下车交涉。该拥堵主要由高峰时段车流量大导致，属于典型的高架道路拥堵现象，对过往车辆造成通行延误。
155,5008,占道施工_20231010001353_运行安全_34913276.mp4,拥堵,正常,2023年10月10日星期二凌晨2点13分至2点14分，在某城市高架道路夜间路段，发生了一起占道施工交通事件。现场可见一辆工程车辆停在道路右侧车道上，车身带有明显的施工标志，周围放置了多个交通锥桶以隔离施工区域。施工人员穿着反光背心，正在进行相关操作。由于施工占用了一部分车道，导致该区域的车道数量减少，过往车辆需减速并变道行驶，影响了道路的正常通行效率。异常特征包括：车道被锥桶遮挡、施工车辆及人员在场、车道数量减少以及车辆被迫绕行或减速。
159,5012,抛洒物_20240609013024_运行安全_35688092.mp4,正常,__UNK__,2024年6月9日01时30分至01时32分，在外环高速沪嘉地道内，一辆货车在行驶过程中，其后方遗落了一个大型白色物体于道路右侧车道，该物体为抛洒物，体积较大且明显位于行车道与应急车道之间，导致后续多辆车辆不得不紧急避让或减速绕行，存在较大安全隐患，尤其在夜间视线不佳的情况下，增加了追尾和变道风险
162,5015,占道施工_20230924232504_运行安全_34857743.mp4,占道施工,正常,2023年9月24日23时25分至23时26分，夜间城市高架道路发生占道施工交通事件。现场位于高架桥右侧车道，一辆工程作业车停靠在应急车道，车顶警示灯闪烁，两名身穿反光背心的施工人员在车辆旁进行作业，周围设置了一排红白相间的交通锥桶，形成临时隔离带。施工区域占用了一条行车道，导致后方车辆需减速绕行，通行速度明显降低。多辆机动车（包括轿车、货车、客车）从左侧正常车道通过，未见明显拥堵或事故。施工区域设有警示标志和反光设施，符合规范要求，但未设置明显的施工隔离设施，存在潜在安全隐患。整体交通秩序受影响，但未发生异常停车、事故或交通阻塞情况。
169,5022,拥堵_20240302170008_突发事件_35384775.mp4,拥堵,__UNK__,2024年3月2日17:00:05至17:01:03，在嘉闵高架路东侧西虹江南路段，发生了一起多车事故。事故发生在道路右侧车道，多辆轿车和一辆白色面包车疑似因为追尾导致发生碰撞。事故现场有车辆位置异常现象，车辆出现明显停顿或倾斜，驾驶员下车查看情况，其他车辆紧急避让或停滞，造成该路段交通流受阻。事故区域存在人员下车交涉的迹象，但未见明显交警或救援车辆到场，初步判断为单方事故。
170,5023,异常停车_20240516005056_突发事件_35594538.mp4,正常,异常停车,2024年5月16日00:50:48至00:51:47期间，外环高速丰翔路南段监控画面显示，一辆白色厢式货车在最右侧车道停靠，车辆开启双闪灯，符合异常停车行为。
173,5026,异常停车_20240518155642_突发事件_35604920.mp4,异常停车,正常,2024年5月18日15时17分至15时18分，外环高速吴淞江桥南路段出现交通拥堵事件。该路段为双向多车道高速公路，右侧车道车辆行驶缓慢，车流密集，车辆间距明显缩小，部分车辆处于低速移动或短暂停滞状态，持续时间约1分钟且无缓解趋势。涉事车辆包括多辆轿车、货车及厢式货车，其中以大型货车为主，如红色集装箱货车、白色厢式货车和黄色平板拖车等，均在正常车道内行驶但受前方车流影响无法提速。左侧对向车道车流相对顺畅，未受影响。拥堵主要集中在右侧车道，导致后方车辆被迫减速并排成长队，影响了整体通行效率。异常特征表现为车辆行驶速度显著降低，车距缩短，存在明显的排队现象，符合拥堵判断标准。
174,5027,拥堵_20240301140843_突发事件_35382342.mp4,拥堵,__UNK__,2024年3月1日14时08分至14时09分，在嘉闵西侧定焦03路段，发生了一起多车事故。涉事车辆包括一辆白色轿车和一辆黑色SUV，它们在行驶过程中发生了碰撞，导致车辆位置异常，两辆轿车停在车道中央。事故现场有人员下车交涉，且有交警到场处理，其他车辆被迫紧急避让或停滞，交通秩序受到明显影响，显示出典型的多车事故特征。
176,5029,占道施工_20240524214447_运行安全_35633356.mp4,正常,占道施工,2024年5月24日21时44分至21时45分，在S6转外环内圈下匝道处，发生了一起占道施工交通事件。现场有一辆黄色工程车停在道路中央，周围放置了多个交通锥桶，用于隔离施工区域。施工人员穿着反光背心，正在进行相关作业。由于施工占用了一部分车道，导致车道数量减少，过往车辆需减速并变道行驶，对交通流产生了一定影响。异常特征包括施工区域设有警示牌和闪烁警示灯，确保过往车辆能够及时注意到施工情况并采取相应措施。
178,5031,占道施工_20230804014203_运行安全_34424962.mp4,拥堵,异常停车,2023年8月4日凌晨1点41分至1点42分，S20LSTV06路段夜间出现占道施工交通事件。施工现场位于道路右侧车道，由一排红白相间的交通锥桶围挡，形成临时隔离带，占用部分行车道。现场有两名身穿反光背心的施工人员在作业区域内活动，其中一人手持警示灯，另一人靠近一辆红色工程车，该工程车顶部装有蓝色警示灯并配有警示牌，车上装载有蓝色布状物。施工区域前方设有“前方施工”提示牌，提示车辆需减速绕行。施工期间，多辆机动车（包括轿车、货车、厢式货车及大型集装箱运输车）依次通过该区域，车辆行驶速度明显降低，未见异常停车或事故情况。整体交通流保持顺畅，但因施工区域存在，导致通行空间受限，存在一定的通行影响。该事件符合占道施工判断标准，表现为车道被施工设施遮挡、施工人员穿戴反光装备、设有警示标志及车辆需变道绕行等特征。
180,5033,拥堵_20231113071558_突发事件_35091162.mp4,正常,拥堵,2023年11月7日13时15分至13时16分，S20外环线至S20首都医院路段出现交通拥堵事件。该路段为高架道路，两侧设有隔音屏，车流密集，多辆轿车、货车及厢式货车在双向车道上缓慢行驶或停滞，车辆间距明显缩小，车灯亮起，形成连续的红色光带。涉事车辆包括白色、黑色、红色等多种颜色的小型轿车、SUV及大型货车，其中可见红色、白色、黑色等颜色的货车，部分货车载有货物，如集装箱、厢式货车等。车辆在车道内缓慢移动，未见明显事故或异常停车情况，但整体通行速度显著下降，排队长度持续增加，影响范围覆盖多个车道，且无缓解趋势。异常特征表现为长时间、大范围的车辆积压，符合拥堵判断标准，可能由前方交通瓶颈或突发状况引发，但未观察到占道施工、抛洒物、二轮闯入或多车碰撞等直接诱因。
182,5035,占道施工_20240314205553_运行安全_35410880.mp4,拥堵,正常,2024年3月14日星期四凌晨20:55至20:56，在某高速公路路段，发生了一起占道施工交通事件。现场可见多辆工程车辆和施工人员在车道上进行作业，施工人员穿着反光背心，操作相关设备，车道被多个锥桶遮挡，导致车道数量减少，车辆需变道或减速通行。施工区域设有警示牌和闪烁警示灯，对过往车辆的正常行驶造成一定影响，车辆被迫减速或绕行，但整体交通秩序未出现严重混乱。此事件符合占道施工的异常特征，包括施工设施占据部分车道、施工人员现场作业以及车辆被迫绕行或减速等。
183,5036,拥堵_20240110160646_突发事件_35308732.mp4,拥堵,正常,2024年1月10日16时06分至16时07分，S4市区方向至G60出省方向的高架桥路段出现交通拥堵事件。该路段为单向车道，两侧有绿化带和护栏，路面标线清晰，车辆行驶缓慢，车流密集且持续排队，未见明显事故或障碍物。涉事车辆包括多辆轿车、一辆金色大巴车、一辆白色面包车及一辆黄色校车，均在正常车道内行驶，未发生碰撞或异常停车行为。车辆间距较小，车速明显降低，后方车辆被迫减速并保持低速行驶状态，形成连续的缓行队列。该拥堵现象持续约一分钟，影响范围覆盖多个车道，导致通行效率下降，存在潜在安全隐患。异常特征表现为车辆排队长度较长，车流密度高，且无施工或抛洒物等外部干扰因素，符合典型拥堵判断标准。
191,5044,占道施工_20230804235444_运行安全_34429800.mp4,拥堵,正常,2023年8月4日星期五凌晨4时54分至4时55分，外环高速沪渝立交-1枪机1监控区域发生占道施工交通事件。现场可见多辆工程车辆停靠在道路右侧车道，包括一辆黄色工程车和一辆红色货车，周围设置有多个红白相间的交通锥桶，形成临时施工区域。施工区域内未见明显施工人员活动，但车道被部分封闭，导致车辆需绕行或减速通过。涉事车辆包括多辆货车、轿车及一辆黄色工程车，其中红色货车和黄色工程车停放在施工区域内，车辆均开启警示灯。该施工行为造成右侧车道通行能力下降，后方车辆排队缓慢行驶，影响了正常交通流。异常特征表现为车道被施工设施遮挡、车辆需变道行驶、施工区域设有警示标志，符合占道施工的典型特征。
196,5049,占道施工_20240114031807_运行安全_35316842.mp4,占道施工,正常,2024年1月4日13时18分至13时19分，在外环高速虹梅南路路段，发生了一起占道施工交通事件。现场可见多辆工程车辆和施工人员，他们穿着反光背心，正在进行道路施工操作。施工区域被多个锥桶围挡，部分车道被遮挡，导致车辆需变道或减速通行。施工区域设有警示灯，以提醒过往车辆注意避让。此事件影响了该路段的正常交通秩序，但未造成严重拥堵，其他车辆仍能有序通过施工区域。异常特征包括施工人员在夜间进行作业，施工设施遮挡部分车道，以及施工区域设有明显的警示标志。
199,5052,拥堵_20240226174539_突发事件_35375519.mp4,拥堵,正常,2024年2月26日17时45分至17时46分，沪闵高架至S4金山方向路段发生一起多车事故。事故发生在夜间，监控画面显示该路段车流量较大，车辆行驶缓慢。在右侧车道中，一辆白色轿车与前方车辆发生追尾，导致白色轿车停在右侧车道内，车身倾斜并部分占据相邻车道，其后方多辆汽车被迫减速避让。涉事车辆包括白色轿车，均处于静止状态，影响后方车辆正常通行。事故现场未见明显人员下车交涉或交警到场处理，但可见后方车辆出现紧急变道和减速行为，存在持续拥堵风险。整体交通秩序受到一定影响，属于典型的多车事故事件，特征表现为车辆间发生碰撞后形成追尾，导致交通流中断且存在后续拥堵风险。
200,5053,占道施工_20231018010809_运行安全_34953125.mp4,拥堵,正常,2023年10月18日凌晨1点08分至1点09分，外环高速莘庄立交东（外）路段发生占道施工交通事件。现场可见多辆黄色工程车辆（包括一辆黄色清障车和数辆黄色施工车）在道路右侧车道内缓慢行驶，周围设置有多个红白相间的交通锥桶，形成临时隔离带，占用部分行车道。施工区域前方有警示灯闪烁，提示过往车辆注意避让。施工人员身穿反光背心，在锥桶旁进行作业，确保施工安全。该施工行为导致右侧车道通行空间受限，车辆需减速绕行，影响了正常交通流，但未造成严重拥堵。整体异常特征表现为车道被施工设施遮挡、施工人员现场作业、警示灯闪烁及车辆绕行等典型占道施工特征。
201,5054,拥堵_20231212163018_突发事件_35215639.mp4,拥堵,正常,2023年12月12日16时30分至16时31分，S4市区方向至G60出省方向的高架桥路段出现交通拥堵事件。该路段为双向两车道，两侧有绿化带和护栏，路面标线清晰。视频显示，多辆机动车在该路段缓慢行驶或处于停滞状态，包括轿车、货车及大型运输车辆，车辆间距较小，车流密度较高，形成连续排队现象，持续时间超过一分钟且无缓解趋势。涉事车辆包括白色、黑色、银色、灰色等多种颜色，均在正常车道内行驶，未见异常停车、事故或施工迹象。由于车辆密集且通行速度明显下降，导致后方车辆被迫减速并排成队列，影响了整体通行效率。该拥堵发生在桥梁上非主干道区域，可能与前方交通流量集中或突发状况有关，但视频中未发现明显抛洒物、占道施工或二轮车辆闯入等直接诱因。整体表现为典型的城市高架道路拥堵特征，符合拥堵判断标准中的多辆车缓慢移动、排队长度超常、持续时间较长且无缓解趋势等条件。
203,5056,占道施工_20231214224406_运行安全_35226762.mp4,占道施工,拥堵,2023年12月17日22时44分至22时45分，外环高速京沪立交南1（外）路段夜间出现占道施工交通事件。现场可见一名身穿反光背心的施工人员在道路左侧车道内作业，周围设置有反光锥桶和警示标志，部分车道被临时封闭。施工区域位于道路左侧靠近匝道入口处，导致该车道通行能力下降，后方车辆需减速并变道绕行。施工区域未见明显大型施工机械，但存在明显的施工警示设施布置，符合占道施工特征。该施工行为对过往车辆造成一定影响，部分车辆出现减速和变道行为，但整体交通流未出现严重拥堵。
204,5057,占道施工_20231211011703_运行安全_35209633.mp4,拥堵,正常,2023年12月11日星期日凌晨1时16分至1时17分，上行水产路入口匝道03路段夜间出现占道施工交通事件。现场可见一辆黄色工程车停靠在右侧车道，车顶警示灯持续闪烁，车辆后方设置有反光锥桶和警示标志，形成临时隔离带，占用部分行车道。该工程车后方有工作人员在作业，其行为符合占道施工标准，包括使用锥桶围挡车道、设置警示灯和标志牌等。施工区域位于道路右侧，导致右侧车道通行空间受限，过往车辆需减速绕行，影响了正常交通流。整体交通秩序虽未完全中断，但存在明显的施工影响特征，符合占道施工异常事件判定标准。
205,5058,拥堵_20240208172331_突发事件_35358444.mp4,拥堵,正常,2024年02月08日17:23至17:24，在某高速公路路段发生拥堵事件，现场多辆小轿车、货车及客车在多个车道上缓慢行驶或完全停止，车辆排成长队，车流密度显著增加，部分车辆刹车灯持续亮起，表明车速极低或处于停滞状态。涉事车辆包括各类私家车、出租车、面包车以及一辆大型客车，均在正常行驶过程中受阻。该拥堵发生在道路的瓶颈区域，影响了整体通行效率，异常特征表现为车辆排队长度超过正常范围，且持续时间较长，无明显事故或施工迹象，推测为高峰时段车流量过大所致。
206,5059,占道施工_20230912005644_运行安全_34769245.mp4,占道施工,拥堵,2023年9月12日00:56:38至00:57:35期间，嘉闵西京沪立交南入路段夜间出现占道施工交通事件。现场可见一辆黄色工程车停靠在右侧车道，车顶装有警示灯并闪烁，车后方沿道路方向设置了一排红白相间的交通锥桶，形成临时隔离带，占用部分行车道。该工程车缓慢行驶过程中，其后方及两侧车道均被锥桶遮挡，导致车辆需绕行或减速通过。期间有多辆小型轿车、货车及客车依次通过，部分车辆因车道变窄而出现轻微变道行为，但整体交通流未出现明显拥堵。施工区域未见施工人员活动迹象，但存在明显的施工设施布置，符合占道施工特征，对通行造成一定影响。
208,5061,占道施工_20231028034247_运行安全_35008868.mp4,拥堵,正常,2023年10月28日03时42分至03时43分，外环高速吴中路路段夜间出现占道施工交通事件。现场可见多辆货车和轿车在道路右侧车道正常行驶，但车道内设置了一排红白相间的交通锥桶，形成临时隔离带，将部分车道封闭。施工区域未见明显施工人员或工程车辆作业，但锥桶排列整齐且持续存在，表明该区域正在进行道路维护或施工。受此影响，过往车辆需减速并变道绕行，通行效率有所降低。整体交通流保持有序，未出现拥堵或事故现象，但存在因施工导致的车道减少和车辆变道行为，符合占道施工的典型特征。
209,5062,异常停车_20230715182223_突发事件_1150795.mp4,正常,__UNK__,抛洒物
210,5063,异常停车_20231228223224_突发事件_35273744.mp4,拥堵,正常,2023年12月28日22时32分至22时33分，外环高速漕宝入口匝道（内）路段出现异常停车事件。一辆白色厢式货车在右侧车道内长时间静止不动，车辆开启双闪灯，且驾驶员未下车处理，车辆处于非停车区域，导致后方多辆货车和轿车被迫减速绕行。该车停靠位置位于匝道入口附近，影响了主线车流正常通行，存在安全隐患。现场无施工设施、无人员交涉，也未见抛洒物或事故痕迹，初步判断为临时故障或驾驶员违规停车所致。
211,5064,异常停车_20240516101422_突发事件_35596379.mp4,异常停车,正常,2024年5月16日10时14分至10时15分，外环高速丰翔路南段监控画面显示，一辆白色面包车在道路右侧应急车道内长时间静止不动，车辆开启双闪灯，且无明显故障迹象或驾驶员下车行为，周围其他车辆正常行驶，但该车辆占用应急车道的行为违反了高速公路通行规定，存在安全隐患。
215,5068,二轮车辆闯入_20230720183539_突发事件_33391555.mp4,正常,__UNK__,2023年7月20日18时35分32秒，在外环高速沪太立交西2枪机2监控区域内，一辆二轮摩托车从画面左侧驶入高速公路主车道，沿最左侧车道由南向北行驶，驾驶员佩戴头盔，车辆有明显牌照。该摩托车在车流中穿行，与多辆轿车和货车并行，未见逆行或横穿车道等危险行为，但其进入高速公路的行为属于非机动车闯入高速公路的典型交通异常事件。由于该路段为城市快速路，禁止二轮车辆通行，此行为违反交通规则，存在较大安全隐患。
216,5069,拥堵_20240129130206_突发事件_35344996.mp4,正常,拥堵,2024年3月19日14时19分至14时20分，S20内至G60出省方向的高架路段出现交通拥堵事件。该路段位于通往杭州方向（G60）与浦东机场方向（S20）交汇处附近，道路两侧有绿化带和指示牌，上方为高架桥。视频显示，多辆小轿车、货车及厢式货车在该路段缓慢行驶或完全停止，车辆排成长队，车距明显缩短，部分车辆在车道内频繁变道，但整体通行速度极低。涉事车辆包括白色轿车、黑色轿车、红色轿车、白色厢式货车以及大型油罐车等，均处于低速行驶状态，未见明显事故或障碍物导致停车。由于车流密集且持续时间较长，导致后方车辆被迫减速并排队前行，形成典型的拥堵现象。此拥堵发生在城市主干道瓶颈区域，影响了该方向交通流畅性，可能对进出城市区域造成潜在拥堵风险。异常特征表现为车辆密集、行驶速度极低、无突发事故或施工迹象，符合典型拥堵判断标准。
217,5070,拥堵_20231027074806_突发事件_35006048.mp4,拥堵,正常,2023年10月27日02:48至02:49期间，外环高速莘庄立交东（外）路段出现交通拥堵事件。该路段为多车道高速公路，双向车流密集，其中南向北方向车辆行驶缓慢，车距明显缩短，多辆轿车、货车及客车在车道内持续低速行驶或短暂停滞，未见完全停止。涉事车辆包括白色轿车、黑色SUV、红色货车、绿色厢式货车以及多辆小型客车，均处于正常行驶状态但受前方车流影响而减速。拥堵主要集中在靠近立交桥区域，车辆排队长度较长，且无明显事故或障碍物导致阻塞，推测为高峰时段车流量过大所致。整体影响为通行效率下降，后方车辆需频繁变道避让，存在潜在追尾风险。异常特征表现为长时间、大范围的车辆缓行，符合典型拥堵特征。
219,5072,拥堵_20240316164340_突发事件_35416634.mp4,拥堵,正常,2024年3月16日星期六16:45至16:46，在外环高速蕴川立交西枪机2处，多辆车辆包括轿车和货车在行车道上发生事故，涉事车辆位置异常，部分车辆斜停在路上，导致交通流明显受阻。事故现场没有人员下车交涉，也未见交警到场处理，但车辆密集且行驶缓慢，形成了短暂的拥堵现象，影响了后续车辆的正常通行。异常特征表现为车辆密集排列、行驶速度显著降低以及存在碰撞痕迹，符合多车事故的典型特征。
222,5075,异常停车_20240518054712_突发事件_35602634.mp4,正常,异常停车,2024年5月18日07:06至07:07期间，在外环高速北翟路路段，一辆白色货车在右侧车道内完全静止，车辆未开启双闪灯，驾驶员不在车内，且无交通信号灯或标志允许其停车，符合异常停车行为。
225,5078,占道施工_20231028034248_运行安全_35008869.mp4,占道施工,正常,2023年10月28日03时42分至03时43分，外环高速吴中入口匝道（内）路段发生占道施工交通事件。现场可见多辆货车和轿车在夜间行驶，道路右侧车道被一排红白相间的交通锥桶封闭，形成临时隔离带，部分车道被占用。施工区域未见明显施工人员或工程车辆，但锥桶排列整齐且持续存在，表明正在进行或准备进行道路施工。该施工导致右侧车道通行能力下降，车辆需变道绕行，影响了正常交通流，尤其在早晚高峰时段可能引发轻微拥堵。整体画面显示车辆正常行驶，未出现严重拥堵，但存在因施工引发的交通秩序变化和潜在安全隐患。
230,5083,占道施工_20240515230059_运行安全_35594524.mp4,占道施工,正常,2024年5月23日15时03分至15时04分，外环高速蕴藻浜桥北1（外）路段发生占道施工交通事件。现场可见多辆货车和轿车在道路右侧车道行驶，车道被一排红白相间的交通锥桶封闭，形成临时隔离带，锥桶上标有“前方施工”及限速30公里/小时的提示信息。施工区域位于高架桥下弯道处，有工程车辆（包括一辆黄色工程车）停靠在施工区域内，车顶闪烁警示灯，提示过往车辆注意避让。施工区域未见明显施工人员活动，但车道被部分占用，导致车辆需变道绕行，影响了正常通行效率。整体交通流保持有序，未出现拥堵或事故现象，但存在因施工引发的车道减少和车速降低情况，符合占道施工的典型特征。
234,5087,占道施工_20240521003405_运行安全_35613493.mp4,正常,拥堵,2024年5月21日晚上7点33分至7点34分，在S26沪常高速地面联友路下匝道（里程碑为K14+795）处，发生了一起占道施工交通事件。现场有多辆工程车辆和施工人员进行作业，其中一辆黄色工程车停在车道上，周围摆放了多个红白相间的交通锥桶以隔离施工区域。施工人员穿着反光背心，正在进行相关操作。由于施工占用了一部分车道，导致车道数量减少，过往车辆需减速并变道行驶，对交通流产生了一定影响。此外，施工区域设有警示灯，进一步提醒驾驶员注意避让。整个过程中，施工行为有序进行，未见明显的事故或拥堵情况，但确实对道路通行效率产生了一定影响。
236,5089,抛洒物_20230728105300_运行安全_33409350.mp4,正常,异常停车,2023年7月28日星期五10时52分至10时53分，位于城市高架桥路段的监控画面显示，一辆红色货车在右侧车道完全停止，车辆未开启双闪灯，驾驶员未下车，后方多辆车辆被迫减速绕行。该行为发生在非停车区域且无交通信号灯或标志允许停车，属于异常停车事件，对正常交通流造成明显影响。
237,5090,二轮车辆闯入_20230720083345_突发事件_6967442.mp4,正常,__UNK__,2023年7月20日星期四08时03分45秒，在外环高速蕴川立交东2枪机2监控区域，一辆黑色二轮摩托车从画面下方驶入主车道，沿道路中间车道由南向北行驶，未见其进入专用非机动车道或专用通道，且在车流密集区域穿插于多辆小汽车之间，存在逆行和横穿车道的危险行为，驾驶员佩戴头盔，车辆无明显牌照标识，其闯入行为导致周边车辆紧急避让，造成短时交通干扰，属于典型的二轮车辆闯入高速公路交通异常事件。
238,5091,异常停车_20240510140437_突发事件_35578164.mp4,正常,异常停车,2024年5月10日14时04分至14时05分，外环高速莘朱路路段，一辆白色面包车在最左侧车道内长时间静止不动，车辆开启双闪灯，驾驶员下车查看情况，后方车辆被迫减速绕行，造成短时交通影响。该行为符合异常停车特征，存在安全隐患。
240,5093,占道施工_20230904222820_运行安全_34710093.mp4,正常,拥堵,2023年9月4日22时28分至22时29分，北环高速友谊路路段夜间出现占道施工交通事件。现场可见多组红白相间的交通锥桶沿道路右侧车道有序摆放，形成临时隔离带，占用部分行车道，导致车辆需绕行或减速通过。施工区域未见明显施工人员或工程车辆作业，但锥桶排列整齐且持续存在，表明该区域正在进行或准备进行道路施工。受此影响，过往车辆包括轿车、货车等在经过该区域时需调整行驶轨迹，部分车辆因避让施工区域而出现轻微变道行为，整体交通流出现轻微拥堵趋势。异常特征为：车道被锥桶围挡、车辆通行受阻、无施工标志或警示灯，符合占道施工标准。
244,5097,异常停车_20240515215245_突发事件_35594521.mp4,拥堵,__UNK__,2024年5月15日21时52分至21时53分，S20外环线至S4金山方向高架路段发生多车事故。事故发生在夜间，道路照明良好，路面湿滑，车辆分布在行车道内，车流缓慢移动。涉事车辆包括多辆小型轿车及SUV，其中一辆白色轿车与前方车辆发生追尾，导致车流受阻。现场未见明显人员下车交涉或交警到场，但车辆姿态异常，存在碰撞痕迹，且有车辆连续变道或减速避让行为，符合多车事故特征。该事件造成该路段通行效率下降，后方车辆排队长度逐渐增加，影响了整体交通流畅性。
247,5100,占道施工_20240116233955_运行安全_35322847.mp4,占道施工,拥堵,2024年1月16日23:39至23:40，在S4市区方向至G60出省方向的路段上，发生了一起占道施工交通事件。现场可见多辆车辆和施工人员在进行作业，施工区域被多个橙色锥桶和围栏遮挡，导致车道数量减少，车辆需变道或减速通行。施工人员穿着反光背心，操作相关设备，施工区域设有警示牌和闪烁警示灯，以提醒过往车辆注意避让。此次施工对道路交通造成了一定影响，但未引发严重拥堵或事故，整体秩序较为有序。异常特征包括施工设施占据部分车道、施工人员现场作业以及车辆因施工而减速或变道行驶。
250,5103,异常停车_20240518224326_突发事件_35605564.mp4,异常停车,正常,2024年5月18日星期六22时43分25秒至22时44分23秒，外环高速沪渝立交路段出现异常停车事件。在监控画面中，一辆白色厢式货车在右侧车道内完全静止，且无明显故障迹象或驾驶员下车处理情况，车辆明显处于非正常行驶状态。该车停靠位置位于行车道内，属于禁止停车区域，且周围无交通信号灯或标志允许临时停车。由于该车停放位置较高，影响了后方多辆车辆的正常通行，部分车辆不得不减速绕行，造成局部交通流受阻。此行为符合异常停车判断标准中的多项特征：车辆在非停车区域完全静止、无合法停车依据、驾驶员不在车内或车辆故障状态。
251,5104,拥堵_20231229144739_突发事件_35276900.mp4,拥堵,正常,2023年12月29日14时47分至14时48分，外环高速莘朱路路段出现严重交通拥堵，该路段为双向多车道高速公路，左侧方向车流密集，车辆行驶缓慢，部分车辆几乎处于停滞状态，排队长度持续延伸，影响通行效率。涉事车辆包括多辆货车、客车及私家车，其中以大型货车为主，如红色集装箱货车、白色厢式货车和白色面包车等，均在正常车道内行驶但速度明显低于正常水平。车辆间间距极小，存在频繁变道和跟车行为，整体车流呈现低速蠕动状态，未见明显事故或障碍物导致的突发阻塞，推测为早高峰时段常态化拥堵。右侧方向车流相对顺畅，但受左侧拥堵影响，部分车辆在接近出口区域出现减速缓行现象。现场无施工设施、抛洒物或异常停车情况，也无二轮车辆闯入，初步判断为因车流量过大导致的常态化拥堵事件，持续时间约一分钟且无缓解趋势，符合典型早高峰时段因车流集中引发的拥堵特征。
252,5105,异常停车_20240530100958_突发事件_35653680.mp4,正常,__UNK__,2024年5月30日10时13分至10时14分，外环高速沪太立交东2枪机2监控画面显示，该路段为多车道高速公路，一辆红色货车停靠在最右侧应急车道内，车辆开启双闪灯，驾驶员下车查看，随后返回车内。
256,5109,占道施工_20230903015223_运行安全_34696446.mp4,正常,拥堵,2023年9月3日凌晨1点52分至1点53分，外环高速沪嘉立交南段发生占道施工交通事件。现场可见施工区域设置有反光锥桶、警示灯及临时围挡，一名身穿反光背心的施工人员在道路左侧作业，周围设置有“前方500m 紧急停车带”指示牌。施工区域占用部分车道，导致车辆需减速绕行，影响了该路段的通行效率。施工区域内可见工程车辆灯光闪烁，施工人员在作业过程中佩戴安全装备，确保安全。整体交通流保持缓慢通行状态，未出现拥堵或事故现象，但存在明显的车道缩减和交通引导行为。
257,5110,异常停车_20240614100701_突发事件_35704139.mp4,异常停车,正常,2024年6月14日10时06分56秒至10时07分54秒，外环高速吴淞江桥南路段，一辆绿色货车在右侧应急车道内长时间静止不动，车辆未开启双闪灯，驾驶员下车查看情况，后方多辆车辆因避让该车而紧急刹车或变道，导致短时交通秩序紊乱。该车持续停放在应急车道，影响了后方车辆正常通行，存在明显异常停车行为，且无明显施工或事故迹象，符合异常停车特征。
259,5112,异常停车_20240622182042_突发事件_35719182.mp4,异常停车,正常,2024年6月22日18时20分37秒至18时21分35秒，嘉闵西京沪立交南入匝道处，一辆白色轿车在汇入口处完全静止，车辆未开启双闪灯，驾驶员不在车内，车辆处于异常停车状态。该车停靠在行车道上，导致后方多辆车辆被迫减速避让，影响了正常交通流，存在较大安全隐患。周围其他车辆正常行驶，未见其他异常行为或事故迹象，但该车长时间静止且无警示措施，符合异常停车的判断标准，属于典型违规停车事件。
260,5113,异常停车_20240526214856_突发事件_35640453.mp4,拥堵,正常,2024年5月26日21时48分56秒至21时49分02秒，外环高速丰翔路南段监控画面显示，一辆白色轿车在道路右侧应急车道内长时间静止不动，车辆开启双闪灯，且无明显故障迹象或驾驶员下车行为，周围其他车辆正常行驶，部分车辆在经过该车时有轻微变道避让行为。该车停靠位置位于“前方500m紧急停车带”指示牌附近，属于非允许停车区域，且无施工设施或警示标志支持异常停车判断。该行为符合异常停车判断标准，存在安全隐患。
263,5116,占道施工_20240618001753_运行安全_35710703.mp4,正常,拥堵,2024年6月18日00:17:46至00:18:45，在嘉闵西侧定焦13路段，发生了一起占道施工交通事件。视频中可以看到，一辆工程车辆停在右侧车道上，多名施工人员穿着反光背心在车辆周围进行作业，路面上摆放了多个橙色交通锥桶以隔离施工区域。由于施工占用了一部分车道，导致车道数量减少，过往车辆需减速并变道行驶，对交通流产生了一定影响。此外，施工区域设有警示牌和闪烁警示灯，提醒驾驶员注意避让。整个过程中，施工人员有序地进行作业，未造成严重的交通拥堵，但确实对道路通行造成了一定程度的干扰。
264,5117,异常停车_20240625101152_突发事件_35723358.mp4,正常,__UNK__,2024年6月25日10时15分333秒，在高速公路右侧车道上，出现一团黑色袋装物体，随后被车辆碾压在路面持续滚动并逐渐停止于中央车道行车道边缘。该抛洒物未立即引发车辆紧急避让或刹车行为，但后方多辆车辆在经过该区域时均保持一定车距，存在潜在安全隐患。未见涉事车辆。该事件属于典型抛洒物交通异常，影响范围较小，但可能对后续车辆造成干扰，尤其在雨天湿滑路面条件下，风险更高。
268,5121,异常停车_20240517231721_突发事件_35602488.mp4,正常,异常停车,2024年5月23日17时17分25秒至17时18分23秒，外环高速仙霞路（内）路段发生一起异常停车事件。一辆白色货车在右侧车道内长时间静止不动，车辆开启双闪灯，且无明显故障迹象或驾驶员在车旁活动，车辆处于非停车区域，导致后方多辆汽车被迫减速绕行，交通流出现明显滞缓。该行为违反了高速公路禁止随意停车的规定，存在较大安全隐患，影响了道路通行效率和行车安全。现场未见施工设施、警示标志或其他事故痕迹，初步判断为突发性临时停车，但持续时间较长，对后方交通造成显著影响。
269,5122,拥堵_20240116134401_突发事件_35322368.mp4,拥堵,正常,2024年01月16日星期二13:43至13:44期间，在外环高速吴中路路段，多辆汽车和货车在多个车道上缓慢移动或完全停止，形成明显的交通拥堵现象。涉事车辆包括白色轿车、黑色轿车、红色货车、蓝色货车以及黄色工程车等，它们在车道上密集排列，导致排队车辆长度超过正常范围且持续一段时间无缓解趋势。此次拥堵发生在高速公路的瓶颈区域，严重影响了道路通行效率，异常特征表现为车辆行驶速度显著降低，部分车辆被迫减速或停滞，整体交通流呈现出典型的拥堵状态。
270,5123,异常停车_20240623144907_突发事件_35720080.mp4,异常停车,正常,2024年06月23日14:49至14:50，在某高速公路路段，一辆白色轿车在行车道上异常停车，该车辆停在行车道内，后方车辆被迫减速或绕行，存在安全隐患。涉事车辆为白色轿车，位置在视频中持续约1分钟，导致后方车辆正常交通流出现短暂混乱。异常特征包括车辆在非停车区域静止、驾驶员不在车内以及后方车辆避让行为。
273,5126,二轮车辆闯入_20230721182312_突发事件_33393909.mp4,正常,__UNK__,2023年7月21日18时23分10秒左右，在外环高速漕宝路北段，一辆二轮摩托车从画面左侧驶入主车道，行驶过程中未在专用非机动车道或辅道内通行，而是直接进入机动车道，且在车流密集区域穿行，存在逆行和横穿车道的危险行为。该摩托车驾驶员佩戴头盔，车辆无明显牌照标识，其闯入行为导致后方多辆汽车紧急避让，造成短暂交通干扰，属于典型的二轮车辆闯入高速公路的异常交通事件。
274,5127,拥堵_20231026080136_突发事件_35000153.mp4,拥堵,正常,2023年10月26日星期四上午8时01分，外环高速铁山路路段出现交通拥堵事件。该路段为多车道高速公路，车流密集，车辆以缓慢速度行驶，部分车辆处于停滞状态，形成持续性排队现象。涉事车辆包括各类轿车、货车、客车及大型运输车辆，如红色平板货车、蓝色集装箱货车、白色厢式货车等，均在正常车道内行驶，未见异常停车或事故迹象。车辆间距明显缩小，后方车辆被迫减速并保持安全距离，整体通行效率显著下降。拥堵区域位于画面右侧车道，车辆排队长达数百米，且无明显缓解趋势。该事件符合拥堵判断标准：多辆车缓慢移动或完全停止，排队长度超过正常范围，发生在高速公路瓶颈区域，且持续时间较长，无其他交通异常行为。
277,5130,拥堵_20231115071621_突发事件_35102429.mp4,正常,拥堵,2023年11月15日02:16至02:17期间，外环高速京沪立交南（外）路段出现严重交通拥堵事件。该路段为双向多车道高速公路，左侧方向车流密集，车辆排成长队缓慢移动，行驶速度明显低于正常水平，部分车辆处于停滞状态，持续时间约一分钟且无缓解趋势。涉事车辆包括大量轿车、货车、客车及大型运输车，其中红色集装箱货车、蓝色厢式货车和白色面包车较为集中，车辆间距极小，存在频繁变道行为。右侧方向车流相对顺畅，但受左侧拥堵影响，整体通行效率下降。拥堵区域位于立交桥附近，受前方高架桥分流与匝道汇流影响，导致车流汇聚。现场未见明显事故、施工或抛洒物迹象，也无异常停车或二轮车辆闯入情况，推测为早高峰时段常规性交通压力所致。该事件已对主线通行能力造成显著影响，属于典型拥堵事件。
279,5132,拥堵_20231026090607_突发事件_35000420.mp4,正常,拥堵,2023年10月26日09:06至09:07期间，外环高速潭宝路北段出现严重交通拥堵事件。该路段为多车道高速公路，双向车流密集，其中南向北方向车辆排成长队，行驶缓慢，部分车辆处于停滞状态，持续时间约一分钟且无缓解趋势。涉事车辆包括各类轿车、货车、客车及大型运输车，如红色集装箱货车、白色厢式货车、黄色工程车等，均在正常车道内行驶，未见异常停车、事故碰撞或施工迹象。车辆间距明显缩小，后方车辆被迫减速并频繁变道以维持通行，导致整体通行效率显著下降。现场未发现抛洒物、占道施工或二轮车辆闯入等情况，也无明显异常停车行为，推测拥堵可能由前方交通流量突增或突发性车流集中引发。该事件对高速公路通行能力造成较大影响，属于典型的交通拥堵现象。
280,5133,二轮车辆闯入_20230718175444_突发事件_1962339.mp4,正常,异常停车,2023年7月18日17时54分至17时55分，S20外环高速丰翔路南段监控画面显示，一辆红色货车在道路右侧应急车道内长时间静止不动，车辆未开启双闪灯，且无明显故障迹象或驾驶员在车旁处理情况，符合异常停车行为。
282,5135,抛洒物_20240515092403_运行安全_35592221.mp4,正常,__UNK__,抛洒物
285,5138,占道施工_20230918000708_运行安全_34814090.mp4,拥堵,正常,2023年9月18日00:07至00:08期间，嘉闵西金沙江西路入口处发生占道施工交通事件。现场可见多排红白相间的交通锥桶沿道路右侧车道有序摆放，形成临时隔离带，占用部分行车道，导致车辆需绕行或减速通过。施工区域前方设有“交替通行”指示牌，提示驾驶员注意分流。施工区域内有一辆黄色工程车缓慢行驶，疑似正在进行道路维护或施工准备。该施工区域未见明显施工人员活动，但存在明显的车道缩减和车辆变道行为，影响了正常通行效率，造成局部交通流量的调整。整体表现为典型的占道施工场景，符合占道施工判断标准。
286,5139,异常停车_20240621201008_突发事件_35717757.mp4,正常,拥堵,2024年6月21日20时10分至20时11分，外环高速吴淞江桥南路段发生一起多车事故。事发时段为夜间，路面湿滑，能见度较低。事故发生在由南向北方向的行车道上，涉事车辆包括俩辆轿车，其中一辆银色轿车在行驶过程中与前方白色车辆发生追尾，导致后方车辆紧急刹车并引发连锁碰撞。事故现场有车辆驾驶员下车查看情况，后方车辆被迫减速绕行，交通流明显受阻，车速下降，形成短时拥堵。异常特征表现为多车连续碰撞痕迹、车辆位置异常、刹车灯密集亮起以及后方车辆避让行为，符合多车事故判断标准。
294,5147,占道施工_20240524230758_运行安全_35633373.mp4,占道施工,正常,2024年5月24日23时07分至23时58分，外环高速老沪闵路东（内）路段夜间出现占道施工交通事件。现场可见多辆工程车辆停靠在道路右侧车道，包括一辆黄色工程车和一辆红色货车，周围设置有红白相间的交通锥桶，形成临时施工区域。施工区域占用部分车道，导致车辆需绕行或减速通过，影响了正常通行秩序。施工区域内未见明显施工人员活动，但存在明显的施工设施布置，且施工区域灯光闪烁，存在一定的安全隐患。该事件导致右侧车道通行能力下降，车辆行驶速度减缓，存在潜在交通拥堵风险。
296,5149,拥堵_20240221071925_突发事件_35367921.mp4,正常,拥堵,2023年7月20日07:20至07:21期间，S20内至G60出省方向的高架路段出现严重交通拥堵，地点位于通往杭州方向（G60）与浦东机场方向（S20）交汇处附近。该路段为双向多车道高速公路，路面湿滑，天气阴雨，能见度较低。视频显示，大量机动车包括轿车、货车、客车及大型集装箱运输车在该路段缓慢行驶或完全停滞，车辆排成长队，车距极短，刹车灯持续亮起，表明车速极低或处于停滞状态。拥堵主要集中在画面中段及左侧车道，车辆通行效率显著下降，后方车辆被迫减速并频繁变道以维持通行。未见明显事故、施工或抛洒物迹象，但整体车流密度极高，持续时间超过一分钟且无缓解趋势，符合拥堵判断标准。该事件主要由早高峰车流量大、雨天路况不佳导致，对通行效率造成较大影响。
303,5156,异常停车_20240509150751_突发事件_35574422.mp4,异常停车,正常,2024年5月9日15时07分45秒至15时08分47秒，外环高速莘庄立交东（外）路段出现抛洒物交通事件。在视频画面中，右侧车道上有白色不明物体，随后被后方车辆发现并紧急避让，导致多辆汽车减速绕行。该事件发生在高速公路主干道上，涉事车辆为多辆货车和轿车，它们在经过抛洒区域时出现明显减速、变道和避让行为，影响了道路通行秩序和行车安全。由于抛洒物体积较小且未被及时清理，无法确认其具体来源，但已对正常交通流造成持续干扰，存在引发追尾或侧滑事故的风险。现场无施工设施或人员，也未见其他异常停车或事故迹象，因此判定为典型抛洒物事件。
304,5157,拥堵_20230919154608_突发事件_34823661.mp4,正常,拥堵,2023年9月19日15时45分至15时46分，外环高速沪太立交西2枪机监控区域出现交通拥堵事件。该路段为多车道高速公路，双向车流密集，车辆以缓慢速度行驶，部分车辆处于停滞状态，形成明显排队现象。涉事车辆包括大量货车、厢式货车、轿车及面包车，其中白色、黄色、蓝色、红色等颜色的货车较为集中，部分车辆在车道内频繁变道或减速，导致通行效率下降。车辆整体行驶间距缩小，车速降低，未见明显事故或障碍物，但因车流量大且车型多样，造成通行不畅。右侧应急车道未受影响，表明拥堵主要集中在主行车道。现场无施工设施、抛洒物或异常停车情况，也无二轮车辆闯入，推测拥堵可能由高峰时段车流集中或前方交通瓶颈引发。
307,5160,拥堵_20230817005031_突发事件_34594619.mp4,拥堵,正常,2023年8月17日00:50至00:51期间，外环高速沪太立交东段发生交通拥堵事件，现场多辆货车及集装箱车在夜间缓慢行驶或停滞，车辆排成长队，车流密度高，通行速度明显下降，部分车辆开启刹车灯，后方车辆被迫减速或停车等待，导致该路段通行能力显著下降。涉事车辆包括蓝色集装箱货车、红色厢式货车、黄色篷布货车及多辆小型客车，均处于低速行驶状态，未见明显事故或施工迹象，但因车流量大且道路瓶颈区域集中，形成典型拥堵现象，影响正常交通秩序。
308,5161,异常停车_20240604100347_突发事件_35671119.mp4,正常,拥堵,2023年7月16日14时50分至14时51分，外环高速吴中入口匝道（外）路段出现交通拥堵事件。该路段为多车道高速公路，车流密集，主要由轿车、货车及少量客车组成，车辆在多个车道上缓慢行驶或处于停滞状态，排队长度持续延伸，未见明显事故或障碍物。涉事车辆包括各类小型客车、厢式货车、集装箱卡车及大型集装箱运输车，均在正常车道内行驶，无异常停车或碰撞迹象。拥堵主要集中在主路与匝道交汇区域，车辆通行速度显著降低，部分车辆在变道过程中存在轻微急刹行为，但整体秩序尚可维持。该拥堵可能由上游车流汇聚或匝道汇入导致，影响范围覆盖多个车道，持续时间约一分钟，且无缓解趋势，属于典型高峰时段交通压力导致的拥堵现象。
312,5165,异常停车_20230715131342_突发事件_1149825.mp4,异常停车,__UNK__,2023年7月15日13时13分37秒，在G42出城方向至S4金山方向的高架道路上，道路上有不明物体，该物体位于行车道中央，呈扁平状，颜色较深，疑似为货物包装材料或碎片。随后多辆过往车辆发现异物后采取紧急避让或减速措施，其中部分车辆绕行至相邻道，造成短暂交通流紊乱。该事件发生在道路左侧靠近护栏一侧，无其他车辆直接因该物体发生碰撞或事故，但存在潜在安全隐患，影响行车安全。异常特征表现为：异物长期停留在车道中央，未被清理，且无明显警示标志或防护措施，属于典型抛洒物交通异常事件。
313,5166,异常停车_20240607122524_突发事件_35683599.mp4,正常,异常停车,2024年6月7日12时25分18秒至12时26分17秒，外环高速莘朱路路段监控画面显示，一辆白色厢式货车停靠在最外侧车道内，车辆开启双闪灯，驾驶员未下车，车辆长时间静止不动，后方车辆被迫绕行或减速通过，造成短时交通干扰。该车辆长时间占用行车道，属于非紧急情况下的异常停车行为，存在安全隐患，影响正常交通流。
315,5168,二轮车辆闯入_20230719082253_突发事件_1966685.mp4,正常,拥堵,2023年7月19日星期三上午8时22分至8时23分，北环高速同济路立交南段出现交通拥堵事件。该路段为多车道高速公路，车流密集，主要由轿车、货车及少量公交车组成，车辆在多个车道上缓慢行驶或处于停滞状态，部分车辆在变道过程中存在轻微穿插行为。视频显示，拥堵区域位于主线与匝道交汇处，车辆排队长度持续增加，通行速度明显下降，未见明显事故或障碍物导致阻塞，但整体车流密度较高，存在缓行趋势。该拥堵现象发生在非高峰时段，可能与车流量集中或前方道路施工有关，但未发现异常停车、占道施工、二轮车辆闯入、抛洒物或交通事故等直接诱因。整体影响为通行效率降低，存在潜在安全隐患。
318,5171,占道施工_20231022232105_运行安全_34979090.mp4,拥堵,正常,2023年10月22日23时21分至23时22分，外环高速莘庄立交东南方向路段发生占道施工交通事件。现场可见多辆车辆在夜间行驶过程中，道路左侧车道被一排红白相间的交通锥桶封闭，形成临时隔离带，导致车道数量减少，车辆需变道通行。施工区域设有警示标志和反光设施，但未见明显施工人员或工程车辆作业。该施工行为造成部分车辆减速并绕行，影响了正常交通流，存在潜在安全隐患。异常特征包括：车道被锥桶遮挡、车辆需变道、车流速度降低，符合占道施工判断标准。
319,5172,多车事故_20240405093600_突发事件_35467883.mp4,异常停车,__UNK__,2024年4月5日09:36至09:37期间，在武宁路地道南线西向东方向，发生一起多车事故。事故发生在隧道内靠近出口区域，涉事车辆包括一辆红色轿车及左后方黑色轿车，两车在行驶并汇入隧道后发生碰撞。其中红色轿车司机下车查看情况，车辆位置异常，横跨车道，后方车辆被迫减速或绕行。第二辆车出现故障，停在行车道上，驾驶员下车查看，车辆静止。事故造成隧道内交通流受阻，后方车辆排队缓慢通行，存在明显的追尾及变道压迫现象，且未见明显施工或抛洒物等其他干扰因素，符合多车事故的典型特征。
322,5175,拥堵_20231018082727_突发事件_34955137.mp4,拥堵,正常,2023年10月18日08时27分至08时28分，外环高速莘庄立交东南方向路段出现严重交通拥堵，现场多车道车辆排成长队，车流缓慢移动，部分车辆处于停滞状态，持续时间超过一分钟且无缓解趋势。涉事车辆包括大量轿车、货车及厢式运输车，其中白色、黑色、红色等颜色的私家车和大型货车较为密集，车辆间距极小，刹车灯持续亮起，显示车辆处于低速行驶或短暂停顿状态。道路两侧设有连续的交通信号灯和指示牌，右侧车道有少量车辆变道绕行，但整体通行效率显著下降。该区域为高速公路立交桥入口附近，车流量大，天气阴沉，能见度较低，进一步加剧了拥堵情况。异常特征表现为车辆排队长度远超正常范围，且无明显事故或施工迹象，推测为早高峰时段车流集中所致。
327,5180,异常停车_20240624123347_突发事件_35721832.mp4,异常停车,正常,2024年6月24日12时37分，外环高速沪太立交东2枪机监控画面显示，双向车道车流正常行驶，一辆红色货车停靠在最右侧应急车道内，车辆开启双闪灯，未见驾驶员。
328,5181,异常停车_20240607023105_突发事件_35681189.mp4,正常,__UNK__,2024年6月7日02:30至02:31，在外环高速沪嘉立交南枪机1处，发生了一起多车事故。涉事车辆包括一辆黑色轿车和一辆白色SUV，两车在行驶过程中发生碰撞，导致车辆位置异常，其中黑色轿车斜停在车道上，白色SUV则紧随其后。事故现场有人员下车交涉，其他车辆被迫紧急避让或停滞，交通秩序受到明显影响。此事件的异常特征在于多辆车同时发生碰撞，且事故地点位于高速公路上，增加了救援和疏导的难度。
330,5183,占道施工_20231211231122_运行安全_35212069.mp4,正常,占道施工,2023年12月11日23时11分至23时12分，外环高速顾戴路北（内）路段夜间出现占道施工交通事件。现场可见多辆工程车辆停靠在道路右侧车道，包括一辆亮着警示灯的工程车和一辆带有闪烁警示灯的作业车，周围设置了一排橙白相间的交通锥桶，形成临时隔离带，占用部分行车道。施工区域前方有大型货车和轿车正常行驶，但因车道被部分封闭，车辆需减速绕行，通行速度明显降低。施工区域未见明显施工人员活动，但存在明显的施工设施布置和警示标志设置，表明正在进行道路维护或抢修作业。该事件导致右侧车道通行受阻，影响了该路段的正常交通流，属于典型的占道施工异常情况。
331,5184,二轮车辆闯入_20230719083705_突发事件_1965709.mp4,正常,__UNK__,2023年02月19日08时36分59秒，在外环高速蕴川立交东路段，一辆二轮摩托车行驶于中间车道，行驶过程中未在专用非机动车道或辅路通行，且在车流中穿行，存在横穿车道的危险行为，驾驶员佩戴头盔，车辆无明显牌照标识，该行为导致周边车辆需紧急避让，存在较大安全隐患，符合二轮车辆闯入交通异常事件特征。
332,5185,异常停车_20230720055000_突发事件_6966735.mp4,拥堵,正常,2023年7月20日05:50:38，在外环高速莘庄立交东（外）路段，一辆白色面包车停靠在最右侧车道边缘，驾驶员下车后在车旁活动，车辆开启双闪灯，该事件持续约1分钟，期间未见明显故障，但其停车行为影响了右侧车道正常通行，存在安全隐患。
334,5187,异常停车_20240508132207_突发事件_35570319.mp4,异常停车,正常,2024年5月8日13时22分02秒至13时23分00秒，外环高速沪渝立交段出现异常停车事件。一辆红色货车在右侧车道内完全静止，开启双闪灯，且无交通信号灯或标志允许其停车，车辆明显处于非正常行驶状态。该车停靠位置位于行车道内，周围车辆被迫减速绕行，影响了后方车辆正常通行，形成局部拥堵。现场无施工设施、警示标志或其他事故迹象，也未见二轮车辆闯入或抛洒物情况，初步判断为车辆临时故障或违规停车所致。
338,5191,拥堵_20231102084339_突发事件_35035345.mp4,正常,拥堵,2023年11月2日星期四上午8时43分，外环高速淞滨路西段出现严重交通拥堵事件。该路段为多车道高架道路，双向车流密集，左侧车道车辆排成长队，行驶缓慢，车距极短，部分车辆处于静止或低速移动状态，持续时间超过10秒且无缓解趋势。涉事车辆包括大量货车、厢式货车及小型轿车，其中以蓝色和红色货车为主，车辆类型多样，但未见明显事故或异常停车情况。右侧车道车流相对顺畅，但受左侧拥堵影响，整体通行效率下降。现场未发现施工设施、抛洒物或二轮车辆闯入等直接诱因，也无明显碰撞痕迹或人员下车交涉行为。拥堵主要表现为车辆排队长度显著增加，后方车辆被迫减速并保持低速行驶，符合典型早高峰时段因车流量过大导致的拥堵特征。
339,5192,异常停车_20230723142300_突发事件_33396284.mp4,异常停车,正常,2023年7月23日14时20分43秒，在南线2CAM06监控点位的隧道内，一辆白色轿车在行车道内完全静止，车辆停靠在行车道中央，后方设置了一个橙白相间的交通锥桶，疑似发生故障或违规停车。该车长时间未移动，且驾驶员不在车内，导致后方车辆被迫减速绕行，影响了正常交通流。此行为符合异常停车的判断标准，存在安全隐患，可能引发追尾或二次事故。
340,5193,二轮车辆闯入_20230720231920_突发事件_33392686.mp4,正常,异常停车,2023年7月20日23时19分，外环高速吴淞江桥路段夜间监控画面显示，一辆白色轿车在最右侧车道停靠，车辆开启双闪灯，驾驶员下车查看，符合异常停车行为。
341,5194,占道施工_20240322233644_运行安全_35433098.mp4,占道施工,拥堵,2024年5月25日23时09分至23时10分，外环高速锦秋路西枪机2处路段发生占道施工交通事件。现场可见一名身穿反光背心的施工人员在道路左侧车道内作业，周围设置了一排红白相间的交通锥桶，形成临时隔离带，占用部分行车道。施工区域内有工程车辆停靠，包括一辆黄色工程车和一辆蓝色警用警灯闪烁的警车，均处于静止状态。施工人员在作业过程中手持工具，进行路面作业。该施工行为导致左侧车道通行空间受限，车辆需绕行至右侧车道通行，造成局部车流缓慢，但整体交通未出现严重拥堵。异常特征表现为车道被施工设施遮挡、施工人员穿戴反光背心、警示灯开启以及车道被锥桶围挡，符合占道施工标准。
342,5195,拥堵_20240226180514_突发事件_35375560.mp4,拥堵,正常,2024年2月26日18:05至18:07期间，在嘉闵东柴塘北路入口处发生拥堵交通事件。该路段为多车道高架道路，夜间车流量较大，车辆密集，以轿车和货车为主，行驶缓慢。视频显示，从18:05:09开始，车辆在多个车道上持续缓慢移动，刹车灯连成一片，表明车速极低或处于停滞状态。尤其在靠近画面右侧靠近匝道汇入区域，车辆排队长度明显超过正常范围，且无明显缓解趋势。涉事车辆包括白色、黑色、红色等多种颜色的私家车以及少量货车，均在正常行驶过程中因前方交通压力而被迫减速或停车。此拥堵现象导致后方车辆被迫减速并频繁变道，影响了道路通行效率，存在潜在追尾风险。异常特征表现为长时间、大范围的车辆缓行，符合典型拥堵判断标准，但未见施工、事故或抛洒物等其他异常情况。
348,5201,异常停车_20240624184732_突发事件_35722520.mp4,异常停车,正常,2024年6月24日18时47分至18时48分，外环高速曹安路北段出现严重交通拥堵事件。该路段为多车道高架道路，路面湿滑，天气阴雨，能见度较低。视频显示，大量机动车包括轿车、货车、厢式货车及大型集装箱运输车在双向车道上缓慢行驶或完全停滞，车流密集且持续无缓解趋势，车辆尾灯连成一片红色光带，表明车辆处于低速或停止状态。部分车辆在车道间频繁变道，但整体通行效率极低。右侧车道虽有车辆正常行驶，但受主车道拥堵影响，部分车辆被迫减速或变道绕行。未见明显事故、施工或抛洒物迹象，也无二轮车辆闯入或异常停车行为。拥堵主要集中在主路中段，影响范围较长，持续时间超过一分钟，符合典型早高峰时段的拥堵特征，可能由上游交通流量过大或前方道路瓶颈所致。
351,5204,异常停车_20240517114812_突发事件_35600635.mp4,拥堵,异常停车,2024年5月17日星期五11时48分08秒，在城市高架桥路段，一辆红色货车停靠在右侧车道上，车辆未开启双闪灯，开启右转向灯，驾驶员下车在车旁活动，符合异常停车行为。
352,5205,异常停车_20240110053300_突发事件_35306113.mp4,异常停车,正常,2024年1月1日5时32分至5时33分，在武宁路地道北线东向西方向，一辆红色轿车在隧道右侧车道上完全静止，车辆开启双闪灯，驾驶员在车旁活动，该车停靠位置位于行车道上，非停车区域，且无交通信号或标志允许停车。该行为导致后方车辆被迫减速绕行，影响了正常通行秩序，存在安全隐患。异常特征包括车辆在非停车区域静止、驾驶员在车旁活动以及后方车辆避让行为。
353,5206,多车事故_20240621121139_突发事件_35716923.mp4,拥堵,正常,2024年6月21日12时10分至12时11分，在外环高速北翟路立交北侧路段，发生了一起严重的交通拥堵事件。视频显示，多辆货车和轿车在该路段缓慢移动或完全停止，排队车辆长度超过正常范围，且持续一段时间无缓解趋势，明显发生在道路瓶颈区域。涉事车辆包括红色、白色和黑色的货车，它们密集地排列在车道上，导致后方车辆被迫减速或停滞。此次拥堵影响了多个车道的正常通行，造成了交通流量的严重下降，异常特征表现为车辆行驶速度极低，部分车辆甚至处于静止状态，严重影响了道路的正常运行。
354,5207,拥堵_20231226085936_突发事件_35263292.mp4,拥堵,正常,2023年12月26日08时59分至09时00分，嘉闵高架西侧定焦04监控点位显示，该路段为双向多车道高架道路，右侧车道出现持续性车辆缓行现象，车辆行驶速度明显降低，形成排队缓行态势。涉事车辆包括多辆轿车、SUV及一辆绿色出租车，其中一辆绿色出租车在08:59:36左右突然减速并完全停止，未开启双闪灯，且驾驶员未下车，符合异常停车特征。该行为导致后方车辆被迫减速避让，影响了正常通行秩序，构成交通安全隐患。
359,5212,抛洒物_20240608222551_运行安全_35688088.mp4,正常,__UNK__,2024年3月8日22时25分至22时26分，在外环北侧K208+490路段，监控画面显示右侧车道边缘有一块白色抛洒物静止在路面，疑似为货车运输过程中掉落的货物包装材料。该抛洒物位于道路右侧护栏旁，大小约为半米×1米，呈不规则形状，颜色为白色，体积较小但位置明显，对后方车辆行驶构成潜在安全隐患。多辆汽车在经过该区域时出现轻微避让或刹车行为，尤其是靠近监控车辆在灯光闪烁下逐渐远离该区域，表明存在与抛洒物相关的交通异常情况。未见涉事车辆停靠或施工迹象，但抛洒物持续存在于路面，未被清理，构成典型抛洒物事件。
360,5213,拥堵_20230922141132_突发事件_34846186.mp4,拥堵,正常,2023年9月22日14时11分至14时12分，外环高速沪太立交东1-1 03路段出现交通拥堵事件。该路段为双向多车道高速公路，路面湿滑，天气阴雨，能见度较低。视频显示，自14:11:30起，道路右侧车道出现车辆缓慢行驶现象，车流密集，多辆货车与轿车在车道内排成长队，车距明显缩短，部分车辆刹车灯持续亮起，表明车速极低或处于缓行状态。涉事车辆包括红色集装箱货车、白色厢式货车、黄色工程车及多辆小型轿车，均处于低速行驶状态，未见异常停车或事故迹象。左侧对向车道车流相对顺畅，但因右侧拥堵导致整体通行效率下降。拥堵区域持续时间约1分钟，未见明显缓解趋势，符合拥堵判断标准中的“多辆车缓慢移动或完全停止”、“排队车辆长度超过正常范围”以及“发生在瓶颈区域”的特征。该拥堵主要由雨天湿滑路面、车流量大以及前方交通流汇聚共同引发，对通行安全构成潜在威胁。
363,5216,占道施工_20240414002221_运行安全_35489094.mp4,正常,占道施工,2024年4月14日00:22:15至00:23:15期间，在嘉闵东侧汇聚机箱路段，发生了一起占道施工交通事件。视频中可见一辆工程车辆缓慢行驶在道路左侧，多名施工人员穿着反光背心在车道内进行作业，周围摆放了多个红色和白色的交通锥桶，形成临时隔离带，占用了一条行车道。由于施工设施的遮挡，车道数量减少，导致过往车辆需变道或减速行驶，影响了道路的正常通行效率。此外，施工区域设有警示牌和闪烁警示灯，提醒来往车辆注意避让，确保行车安全。整个过程中，施工行为规范，但对交通流产生了一定的影响，属于典型的占道施工异常事件。
364,5217,占道施工_20230910234753_运行安全_34759441.mp4,拥堵,占道施工,2023年9月10日23时47分至23时48分，外环真南路入口路段夜间出现占道施工交通事件。现场可见一辆黄色工程车停靠在右侧车道，车后方设置了一排橙白相间的交通锥桶，形成临时隔离带，占用部分行车道。一名身穿反光背心的工作人员在锥桶旁进行作业，车辆通行需绕行该区域。该施工区域未见明显施工设备或围挡，但存在明显的车道缩减和交通引导措施，导致右侧车道车辆行驶速度有所减缓，但整体通行秩序尚可维持。该事件符合占道施工特征，对夜间行车安全造成一定影响。
370,5223,占道施工_20240506230503_运行安全_35563291.mp4,占道施工,正常,2024年5月6日23时08分，外环高速沪太立交西3枪机2监控画面显示，夜间高速公路右侧车道正在进行占道施工，施工区域由多排红白相间的交通锥桶围挡，形成临时隔离带。现场可见一辆工程作业车停靠在施工区域内，车顶警示灯闪烁，两名身穿反光背心的施工人员在车辆附近活动，部分人员在移动锥桶或调整交通设施。该施工导致右侧车道被占用，车辆需绕行至左侧车道通行，造成局部车流减速并出现变道行为，影响了正常交通秩序。施工区域设有明显的警示标志和灯光提示，符合占道施工标准特征。
371,5224,占道施工_20231212231539_运行安全_35218203.mp4,占道施工,正常,2023年12月12日23时15分至23时16分，外环高速莘庄立交东（外）路段夜间发生占道施工交通事件。现场可见多辆工程车辆（包括黄色清障车、工程车等）停靠在右侧车道，周围设置有反光锥桶和警示标志，多名身穿反光背心的施工人员在车道内作业，部分车辆因施工影响变道或减速行驶。该施工区域导致右侧车道通行空间受限，过往车辆需绕行或减速通过，造成局部交通流减缓，但未出现严重拥堵。施工区域设有明显的警示设施，且施工人员在夜间作业时穿戴反光装备，符合规范要求，属于正常占道施工行为。
372,5225,二轮车辆闯入_20230718104135_突发事件_1960293.mp4,正常,__UNK__,2023年7月18日星期二10时41分，外环高速吴中路-1枪机1监控画面显示，一辆二轮摩托车从左侧车道驶入高速公路主路，行驶于多辆货车与轿车之间，未在专用通道或允许区域通行。驾驶员佩戴头盔，车辆无明显牌照，属于典型的二轮车辆闯入高速公路的异常交通事件。
374,5227,异常停车_20240623153047_突发事件_35720144.mp4,拥堵,正常,2024年6月23日15时30分至15时31分，外环高速仙霞路（内）路段在雨天出现异常停车事件。一辆红色货车在右侧车道内完全静止，未开启双闪灯，且无交通信号灯或标志允许其停车，车辆明显处于非正常行驶状态。该车停靠位置位于行车道内，非停车区域，且周围无施工、事故或抛洒物等明显原因。该行为导致后方车辆被迫减速绕行，影响了道路通行效率，存在安全隐患。
376,5229,异常停车_20240613191019_突发事件_35702759.mp4,异常停车,拥堵,2024年6月13日19时10分至19时11分，G2进外环外圈匝道03路段出现交通拥堵事件。该路段为多车道高速公路，路面湿滑，天气阴雨，能见度较低。视频显示，从19:10:09开始，主车道车辆行驶缓慢，车流密集，多辆轿车、货车及厢式运输车在车道内依次排队前行，车距明显缩短，刹车灯持续亮起，表明车辆处于低速行驶或短暂停滞状态。其中一辆红色集装箱货车在右侧车道缓慢行驶，后方车辆持续减速并保持较短车距，形成连续的缓行队列。右侧辅道车流相对顺畅，但主路拥堵影响范围较长，持续时间约一分钟，且无明显事故或施工迹象，推测为高峰时段车流量过大所致。整体表现为典型的城市快速路拥堵特征，无异常停车、占道施工、二轮闯入或抛洒物等其他异常情况。
377,5230,占道施工_20230910233019_运行安全_34759408.mp4,正常,占道施工,2023年9月10日23时28分至23时29分，外环高速京沪铁路桥南路段夜间出现占道施工交通事件。现场可见多辆工程车辆停靠在道路右侧车道，包括一辆黄色工程车和一辆白色作业车，周围设置有多个红白相间的交通锥桶，形成临时隔离区域。施工区域位于高架桥下，车道被部分封闭，导致车辆需绕行或减速通过。过往车辆包括轿车、货车及厢式货车等，均按正常行驶轨迹通过施工区域，未见明显拥堵或事故现象。施工区域设有警示灯和反光标志，但未见施工人员在场作业。该事件属于典型的占道施工行为，对通行效率造成一定影响，但整体交通秩序保持有序，未引发异常停车、事故或抛洒物等异常情况。
379,5232,异常停车_20230830014300_突发事件_34665557.mp4,异常停车,正常,2023年8月30日01时42分42秒，在南线2CAM37监控点位，一辆白色面包车在右侧车道完全停止，车辆开启双闪灯，驾驶员未下车，后方多辆车辆被迫紧急刹车或绕行避让，导致该车道出现短暂拥堵。该面包车长时间静止且无明显故障迹象，不符合异常停车特征，其异常停车行为持续约1分钟，影响了正常交通秩序。
382,5235,占道施工_20231214032816_运行安全_35220924.mp4,正常,拥堵,2023年12月14日03时28分至03时29分，嘉闵西侧汇聚机箱路段夜间出现占道施工交通事件。现场可见一辆工程车辆停靠在道路左侧，车顶警示灯闪烁，周围设置了一排红白相间的交通锥桶，形成临时隔离带，占用部分车道。该施工区域位于道路左侧，车辆需绕行或减速通过。施工区域未见明显施工人员活动，但存在明显的施工设施布置，且车道数量减少，导致过往车辆行驶路径受限，存在潜在拥堵风险。整体交通流保持缓慢通行状态，未出现严重阻塞或事故情况。
384,5237,占道施工_20240602013348_运行安全_35662957.mp4,拥堵,正常,2024年6月2日01:34，在外环高速顾戴路北（内）路段，发生了一起占道施工交通事件。现场可见多辆工程车辆和施工人员在进行作业，施工区域被多个锥桶围挡，部分车道被遮挡，导致车道数量减少，车辆需变道或减速通行。施工人员穿着反光背心，操作设备，施工区域设有警示牌和闪烁警示灯，以提醒过往车辆注意避让。此事件影响了该路段的正常交通秩序，车辆被迫减速或变更车道，但未造成严重拥堵。异常特征包括施工设施遮挡车道、施工人员现场作业以及明显的警示标志。
385,5238,二轮车辆闯入_20230719084858_突发事件_1966058.mp4,正常,异常停车,2023年7月19日08时08分43秒至08时09分10秒，外环高速漕宝路南段出现异常停车事件。一辆摩托车在道路右侧车道内行驶，未在专用非机动车道或辅路行驶，且无明显禁止标志区域，车辆在车流中穿行，驾驶员佩戴头盔，车辆无牌照特征明显，属于二轮车辆闯入高速公路的危险行为。该行为导致后方车辆需紧急避让或减速，对行车安全构成潜在威胁，且该路段为城市快速路，禁止二轮车辆通行，符合异常停车特征。
389,5242,拥堵_20240301125348_突发事件_35382135.mp4,拥堵,正常,2023年9月3日10时01分至10时02分，S20内至G60出省方向的高架道路出现拥堵事件，地点位于通往杭州方向（G60）与浦东机场方向（S20）的交汇处附近。视频显示，该路段车辆行驶缓慢，多辆轿车、货车及客车在车道内排成长队，车距明显缩短，部分车辆处于低速移动或短暂停滞状态，持续时间超过一分钟且无缓解趋势。涉事车辆包括白色、黑色、红色等多种颜色的私家车以及一辆黄色工程车，均在正常行驶过程中因前方交通压力导致通行效率下降。现场未见异常停车、事故或施工迹象，也无二轮车辆闯入或抛洒物情况，但因车流密集且通行速度显著降低，形成典型拥堵现象，影响了该路段的正常交通秩序。
390,5243,拥堵_20240227071040_突发事件_35376127.mp4,拥堵,正常,2024年2月27日07:10至07:11，嘉闵西侧定焦03路段发生交通拥堵事件。该路段为隧道内双向车道，右侧车道车辆行驶缓慢，车流密集，多辆小轿车、SUV及一辆大巴车（车牌号YA FJ13）在车道内排队缓行，部分车辆刹车灯持续亮起，表明车速明显降低。左侧车道车流相对顺畅，但整体通行效率下降。拥堵区域持续时间较长，未见明显事故或障碍物，推测为高峰时段车流量过大所致。异常特征表现为车辆间距缩小，车速显著低于正常水平，且后方车辆被迫减速或停车等待，形成典型的交通拥堵现象。
392,5245,占道施工_20240116001646_运行安全_35320347.mp4,拥堵,正常,2024年1月16日00:16:40至00:17:39期间，外环高速老沪闵路东（内）路段夜间出现占道施工交通事件。现场可见一辆黄色工程车缓慢行驶在右侧车道，车顶闪烁着警示灯，车身周围设置有反光锥桶和警示标志，表明正在进行道路施工或维护作业。该施工区域占据部分车道，导致车辆需减速并变道通行，影响了正常交通流。过往车辆包括轿车、货车及厢式货车等，均按指示减速绕行，未见明显拥堵或事故现象，但施工区域的存在已造成局部车道通行能力下降，存在潜在安全隐患。异常特征表现为施工车辆停驻、警示设施布置及车辆绕行行为，符合占道施工标准。
393,5246,拥堵_20230906175946_突发事件_34723120.mp4,正常,拥堵,2023年9月6日17时58分至17时59分，外环高速北翟路立交桥东侧路段出现交通拥堵事件。该路段为多车道高速公路，车流密集，主要由轿车、SUV、货车及大型运输车辆组成，包括红色平板货车、白色厢式货车、黄色吊车、蓝色集装箱货车等。车辆在多个车道内缓慢行驶，部分车辆间歇性停顿，形成连续排队现象，持续时间超过一分钟且无缓解趋势。拥堵主要集中在左侧车道，右侧车道虽有车辆通行但速度明显降低。现场未见异常停车、施工设施、事故痕迹或抛洒物，也无二轮车辆闯入情况。整体表现为典型的高峰时段交通拥堵，主要影响该方向通行效率，可能与车流量大、车道数量有限等因素相关。
396,5249,异常停车_20240509075438_突发事件_35572731.mp4,正常,异常停车,2024年5月9日星期四早上7点54分30秒左右，在外环高速沪渝立交段，一辆黑色轿车在最右侧车道内突然减速并完全停止，车辆未开启双闪灯，驾驶员未下车，后方多辆车辆被迫减速绕行。该车停靠位置位于行车道上，非允许停车区域，且无交通信号灯或标志允许停车，导致后方车辆被迫绕行，造成局部交通拥堵。该行为持续约10秒，期间车辆未发生碰撞，但影响了正常通行秩序，属于异常停车事件。
398,5251,异常停车_20240623053706_突发事件_35719260.mp4,异常停车,正常,2024年6月23日05时37分至05时38分，外环高速吴淞江桥南路段，一辆红色货车在右侧应急车道内长时间静止不动，车辆未开启双闪灯，驾驶员下车活动，后方车辆正常行驶未见明显绕行或减速行为，该车辆持续停放在应急车道，影响范围包括该车道，存在安全隐患。
403,5256,拥堵_20231008173228_突发事件_34907696.mp4,正常,拥堵,2023年10月8日17时32分至17时33分，外环高速仙霞路南段出现严重交通拥堵事件。该路段为多车道高速公路，双向车流密集，其中南向车道车辆行驶缓慢，车距明显缩短，多数车辆刹车灯持续亮起，表明车速极低或处于停滞状态。涉事车辆包括大量轿车、货车及厢式运输车，其中红色集装箱货车、白色厢式货车和黄色大巴车较为显著，均在缓慢前行或排队等候。车辆在多个车道内呈长队列分布，未见明显变道或超车行为，但整体通行效率显著下降，后方车辆被迫减速或停车等待，形成典型的拥堵现象。拥堵区域位于高架桥下弯道处，道路两侧绿化带清晰，无施工迹象、异常停车或抛洒物等干扰因素，推测为高峰时段车流量过大所致。该事件持续约一分钟，期间未见交通事故或人员下车交涉情况，但车辆密度高、车速低，对通行造成较大影响。
405,5258,拥堵_20231105092324_突发事件_35049289.mp4,正常,拥堵,2023年11月5日09时23分至09时24分，位于城市高架道路南向车道发生一起多车事故。涉事车辆包括一辆白色轿车、一辆蓝色SUV及多辆相邻车辆，其中白色轿车停靠位置偏前，疑似发生追尾碰撞。事故现场有多名驾驶员下车查看情况，部分车辆刹车灯亮起，造成后方车辆缓行并持续绕行。事故区域无明显施工设施或抛洒物，也未见二轮车辆闯入或异常停车现象，但多车事故通常符合因车距过近或操作不当引发的交通事故特征。事故影响范围较小，但已引发短暂交通拥堵，对通行效率产生一定影响。
406,5259,占道施工_20230903230705_运行安全_34701625.mp4,占道施工,正常,2023年9月3日23时07分，外环高速沪太立交东1-1路段夜间出现占道施工交通事件。现场可见多辆工程车辆停靠在道路右侧车道，包括一辆黄色工程车和数辆货车，均开启警示灯并设置反光锥桶进行隔离。施工区域位于道路右侧，用一排红白相间的交通锥桶围成作业区，部分锥桶已倒伏，表明施工区域存在临时性障碍物。一名身穿反光背心的施工人员在作业区边缘行走，手持工具进行引导。该施工区域导致右侧车道通行空间受限，车辆需减速绕行，影响了正常交通流。整体表现为典型的夜间占道施工场景，具备明显的施工设施、警示标志及人员作业特征。
409,5262,占道施工_20231026015130_运行安全_34998070.mp4,占道施工,正常,2023年10月26日凌晨1点51分至1点52分，外环高速顾戴路路段夜间发生占道施工交通事件。现场可见多辆工程车辆停靠在道路右侧车道，包括一辆黄色工程车和一辆红色货车，周围设置有多个红白相间的交通锥桶，形成临时施工区域。多名身穿反光背心的施工人员在车道内活动，其中一人手持警示灯，另一人靠近锥桶进行布置。施工区域占用部分行车道，导致车辆需绕行或减速通过，影响了正常通行效率。该施工行为符合占道施工标准，存在明显的施工设施、人员及警示标志，且未见其他异常停车或事故迹象，属于常规夜间道路维护作业。
410,5263,拥堵_20240311190430_突发事件_35401861.mp4,正常,拥堵,2024年3月11日19时04分至19时05分，外环高速莘庄立交东（外）路段出现严重交通拥堵事件。该路段为夜间多车道高速公路，车流密集，以轿车、货车及厢式运输车为主，车辆行驶缓慢，车距明显缩短，多数车辆刹车灯持续亮起，形成连续的白色光带，表明车速极低或处于停滞状态。拥堵主要集中在画面左侧主车道，车辆排成长队，通行效率显著下降，且无明显事故或施工迹象，但整体车流密度极高，导致通行能力严重受限。该拥堵发生在立交桥附近区域，可能与高峰时段车流量集中有关，未见异常停车、占道施工、二轮车辆闯入或抛洒物等其他异常情况，但持续的缓行状态已构成典型交通拥堵特征。
411,5264,异常停车_20240621085612_突发事件_35716683.mp4,异常停车,正常,2024年6月21日星期五上午7时56分至7时57分，外环高速沪渝立交段出现交通拥堵事件。该路段为多车道高速公路，天气阴雨，路面湿滑，能见度较低。视频显示，从7:56:00开始，双向车流均处于缓慢行驶状态，车辆间距明显缩小，刹车灯频繁亮起，车流密度较高，且持续时间约一分钟，未见明显缓解趋势。车辆包括轿车、货车、厢式货车及大型运输车等，均在正常车道内行驶，未见异常停车、事故或施工迹象。由于雨天路面湿滑，车辆行驶速度降低，导致通行效率下降，形成持续性拥堵。此拥堵可能由前方交通流量大或突发状况引发，但视频中未发现占道施工、抛洒物或二轮车辆闯入等直接诱因。整体影响为该路段通行能力下降，存在潜在安全隐患。
413,5266,异常停车_20240605221604_突发事件_35677377.mp4,正常,拥堵,2024年6月5日22时15分至22时58分，在外环高速莘庄立交东（外）路段，发生了一起多车事故交通事件。涉事车辆包括一辆黑色轿车和一辆白色SUV，两车在行驶过程中发生碰撞，导致车辆位置异常，斜停在左侧道路。事故发生后，有人员下车进行交涉，现场秩序受到影响，其他车辆被迫紧急避让或停滞，造成了交通拥堵。异常特征表现为车辆明显碰撞痕迹、位置异常以及现场人员交涉行为，进一步加剧了交通压力。
415,5268,占道施工_20240611232123_运行安全_35695533.mp4,拥堵,正常,2024年6月11日23时25分至23时26分，在外环高速蕰藻浜桥北1（外）路段，发生了一起占道施工交通事件。现场可见一辆工程车辆停在右侧车道上，车辆顶部闪烁着警示灯，周围放置了多个交通锥桶，形成临时施工区域。施工人员穿着反光背心，正在进行相关操作。由于施工占用了一部分车道，导致车辆需变道或减速通行，影响了道路的正常交通秩序。此外，施工区域设有明显的警示标志，提醒过往车辆注意避让，确保行车安全。整个过程中，施工行为有序进行，未造成严重拥堵或事故。
416,5269,异常停车_20240625041931_突发事件_35722542.mp4,正常,异常停车,2024年6月25日04时19分至04时20分，外环高速吴淞江桥南路段，一辆红色货车在右侧应急车道内长时间静止不动，车辆未开启双闪灯，且无明显故障迹象或驾驶员在车旁处理情况，符合异常停车行为。
420,5273,异常停车_20240529021838_突发事件_35647733.mp4,正常,异常停车,2024年5月29日02时18分30秒至02时19分28秒，外环高速莘庄立交东（外）路段，一辆红色货车在右侧车道内长时间静止不动，车灯开启，车辆位置固定，符合异常停车行为。
421,5274,异常停车_20240623205848_突发事件_35720487.mp4,异常停车,正常,2024年6月23日02时11分，外环高速沪太立交东2枪机2监控画面显示，夜间雨天路面湿滑，多车道正常行驶车辆普遍开启刹车灯，车流缓慢移动。在右侧车道中，一辆白色轿车在右侧应急车道停靠，车辆未开启双闪灯，符合异常停车行为。
425,5278,二轮车辆闯入_20230718183706_突发事件_1965703.mp4,正常,__UNK__,2023年02月10日14时01分至14时02分，位于城市高架道路南向车道（由东向西方向），一辆二轮摩托车在主车道内持续行驶，驾驶员佩戴头盔，车辆未见明显牌照，且在车流密集区域穿行，存在逆行及横穿车道的危险行为，该行为导致后方多辆汽车紧急避让，造成短暂交通干扰，属于典型的二轮车辆闯入交通异常事件。
426,5279,异常停车_20230717112849_突发事件_1156522.mp4,正常,异常停车,2023年7月17日星期一11时28分45秒至11时29分44秒，位于城市快速路某路段（道路两侧绿树成荫，设有中央隔离护栏），一辆白色厢式货车在右侧车道内完全静止，车辆开启双闪灯，驾驶员下车活动，后方车辆被迫减速绕行，造成短时交通影响。该车长时间停靠在行车道上，属于非允许停车区域，且无明显故障迹象或警示标志，符合异常停车特征。
427,5280,异常停车_20240511075101_突发事件_35580659.mp4,异常停车,正常,2024年5月11日7时50分53秒至7时51分52秒，外环高速吴淞江桥南路段，一辆白色厢式货车在右侧应急车道内长时间静止不动，车辆未开启双闪灯，驾驶员下车查看情况，车辆处于异常停车状态。该车停靠位置位于道路右侧护栏旁，未对其他车辆通行造成明显影响，但存在安全隐患。周围其他车辆正常行驶，未见明显绕行或减速行为，未发现事故或障碍物导致的停车情况。该事件符合异常停车判断标准，属于非紧急情况下违规停车。
428,5281,二轮车辆闯入_20230720205618_突发事件_33392021.mp4,正常,__UNK__,2023年7月20日20时56分42秒左右，在外环高速仙霞路（内）路段，一辆二轮车驶入主车道。该二轮车为摩托车，驾驶员佩戴头盔，未见明显牌照。该路段为高速公路，禁止非机动车通行，且无专用二轮车道或允许通行标志。其闯入行为导致周边车辆紧急避让，存在较大安全隐患，属于典型的二轮车辆闯入交通异常事件。
430,5283,占道施工_20240518234813_运行安全_35605572.mp4,正常,拥堵,2024年05月18日星期五23:48:13至23:48:27，在某高速公路路段，发生了占道施工交通事件。视频显示，右侧车道被多个红白相间的交通锥桶封闭，形成明显的施工隔离带，车道数量减少，车辆需变道行驶。涉事车辆包括多辆货车和轿车，它们在施工区域附近有序通过，未见明显拥堵或事故。异常特征包括：车道被锥桶遮挡，车辆需减速并变更车道，且施工区域设有警示标志，符合占道施工的判断标准。此次占道施工对夜间行车造成一定影响，但整体交通秩序较为稳定，未出现严重拥堵或交通事故。
434,5287,占道施工_20230804010438_运行安全_34424880.mp4,正常,占道施工,2023年8月4日星期五凌晨1点04分至1点05分，位于城市高架桥路段的交通监控画面显示，该区域正在进行占道施工。施工现场位于道路右侧，设置有多个橙白相间的交通锥桶和警示标志，部分车道被封闭，施工车辆（包括黄色吊车和工程车）停放在施工区域附近，正在进行施工作业。施工区域设有闪烁的警示灯，对过往车辆的通行造成一定影响，车辆需减速并变道绕行。由于施工占道，车道数量减少，导致部分车辆在通过该路段时出现排队现象，但整体交通秩序未出现严重混乱。异常特征包括施工设施明显、施工人员在场、车道被临时封闭以及车辆行驶速度减缓。
435,5288,占道施工_20240516005746_运行安全_35594540.mp4,正常,占道施工,2024年5月16日00:57至00:58期间，在G60市区方向S20外枪机1监控区域，发生占道施工交通事件。现场可见施工人员穿着反光背心在车道上进行作业，旁边放置了多个交通锥桶，形成临时隔离带，占用部分车道。施工车辆停在作业区域内，闪烁警示灯，提示过往车辆注意避让。受此影响，车道数量减少，车辆需减速并变道行驶，对交通流造成一定影响。施工区域设有明显的警示标志和灯光，符合占道施工的标准特征。
436,5289,占道施工_20230817004203_运行安全_34592349.mp4,正常,占道施工,2023年8月17日00:42:00至00:42:58期间，外环高速顾戴路路段夜间发生占道施工交通事件。现场可见一辆黄色工程车停靠在右侧车道，车后方设置多组红白相间的交通锥桶，形成临时隔离带，占用部分行车道。一名身穿橙色反光工作服的施工人员在车辆旁进行作业，手持工具并沿车道行走，疑似进行路面维护或清理工作。该施工区域导致右侧车道通行空间受限，过往车辆需减速绕行，车流出现轻微缓行现象。多辆货车、轿车及大型运输车辆依次通过施工区域，部分车辆因避让施工区域而变道行驶，存在潜在安全隐患。整体交通秩序虽未完全中断，但存在因施工引发的通行效率下降和车辆变道风险。异常特征表现为施工设施明显、人员穿戴反光装备、车道被临时封闭，符合占道施工标准。
437,5290,二轮车辆闯入_20230719090700_突发事件_1965767.mp4,正常,拥堵,2023年7月19日09时08分，S20LSTV01监控点位显示，某城市高架道路双向车道出现严重交通拥堵，车辆行驶缓慢，车流密集且持续无缓解趋势。画面中可见多辆小轿车、货车及一辆摩托车在多个车道内缓慢移动或短暂停滞，其中摩托车在车流中穿行，存在安全隐患。道路两侧绿化带清晰可见，未见施工设施或抛洒物，也无明显事故迹象，但车辆间距极小，部分车辆刹车灯亮起，表明驾驶员处于低速行驶或短暂停止状态。整体车流呈现典型的拥堵特征，影响范围覆盖多个车道，持续时间超过10秒，符合拥堵判断标准。
438,5291,异常停车_20240526031445_突发事件_35637200.mp4,异常停车,正常,2024年5月26日03时14分至03时15分，外环高速虹梅南路路段夜间监控画面显示，一辆货车在道路右侧车道内长时间静止不动，车辆开启双闪灯，且无驾驶员下车或明显故障迹象，周围其他车辆正常行驶并绕行通过，部分车辆在经过该车时有轻微变道避让行为，表明该车存在异常停车情况，影响了车道的正常使用，构成交通安全隐患。
440,5293,占道施工_20231027232444_运行安全_35008388.mp4,拥堵,正常,2023年10月27日23时24分至23时25分，外环高速虹梅南路路段夜间发生占道施工交通事件。现场可见一辆黄色工程车停靠在右侧车道，车顶警示灯闪烁，周围设置多组红白相间的交通锥桶，形成临时隔离带，占用部分行车道。多名身穿反光背心的施工人员在车辆附近作业，其中一人手持工具在锥桶旁移动，另一人站在护栏旁观察。施工区域前方有大型红色警示灯亮起，提示过往车辆注意避让。该施工行为导致右侧车道通行空间受限，车辆需减速绕行，影响了正常交通流，但未造成严重拥堵。整体表现为典型的夜间占道施工场景，具备明显的施工设施、人员及警示标志，符合占道施工判断标准。
441,5294,拥堵_20240305063540_突发事件_35388398.mp4,正常,拥堵,2024年3月5日星期二早上6时35分至6时36分，位于城市高架道路的主干道上发生严重交通拥堵事件。该路段为多车道高架桥，双向通行，路面湿滑，天气阴雨，能见度较低。视频显示，大量机动车包括轿车、SUV、货车及客车在多个车道内缓慢行驶或完全停滞，车流密集且持续时间较长，车辆尾灯连成一片红色光带，表明车辆处于低速或停滞状态。拥堵主要集中在道路中间及右侧匝道区域，左侧车道相对通畅但受影响较小。未见明显事故、施工或抛洒物迹象，也无二轮车辆闯入或异常停车行为。整体交通流呈现持续性缓行状态，车辆排队长度超过百米，且无缓解趋势，符合典型早高峰时段因车流量过大导致的拥堵特征。
443,5296,拥堵_20230802072655_突发事件_33415034.mp4,正常,拥堵,2023年8月2日早上7点26分至7点27分，嘉闵西侧汇聚机箱路段出现交通拥堵事件。该路段为高架道路，双向车道中右侧车道车辆密集排队，车流缓慢移动，多辆小轿车、SUV及一辆黄色大巴车依次缓慢前行，尾灯持续亮起，表明车辆处于低速行驶或短暂停滞状态。涉事车辆包括白色、黑色、红色等多种颜色的小型轿车及一辆黄色大巴车，均在正常行驶车道内排队前行，未见异常停车、事故或施工迹象。拥堵主要集中在画面右侧车道，车辆间距明显缩小，通行效率显著下降，且持续时间约一分钟，符合拥堵判断标准。现场无明显抛洒物、占道施工或二轮车辆闯入等情况，推测为早高峰时段车流量过大所致，属于典型交通拥堵事件。
444,5297,占道施工_20240525232340_运行安全_35637181.mp4,正常,拥堵,2024年5月25日23时23分34秒至23时24分33秒，外环高速莘庄立交东（外）路段夜间出现占道施工交通事件。现场可见道路左侧车道被一排红白相间的交通锥桶封闭，形成临时隔离带，部分车道被占用，导致车辆需绕行或减速通过。施工区域未见明显施工人员或工程设备，但车道数量减少，车辆行驶速度明显降低，后方车辆排队缓行，形成持续性拥堵。该区域为高速公路主线与匝道交汇处，属于典型瓶颈区域，施工影响范围较小，但对通行效率造成一定影响。异常特征表现为车道被物理隔离、车辆变道避让、车流速度减缓，符合占道施工的典型表现。
448,5301,异常停车_20240605034249_突发事件_35673303.mp4,正常,异常停车,2024年6月5日03时32分至03时44分，外环高速莘朱路路段，一辆红色工程车停靠在道路右侧应急车道上，车辆开启双闪灯，驾驶员下车活动后返回原位，该事件符合异常停车的判断标准。
449,5302,占道施工_20230901001258_运行安全_34682323.mp4,占道施工,正常,2023年9月1日00:12至00:13期间，外环高速曹安路路段夜间发生占道施工交通事件。现场可见一辆工程车辆停靠在右侧车道，车顶警示灯闪烁，周围设置多组红白相间的交通锥桶，形成临时隔离带，占用部分行车道。施工区域未见明显施工人员活动，但存在明显的施工设施布置，导致该车道通行能力下降，过往车辆需减速绕行。该施工行为造成右侧车道通行空间受限，部分车辆在经过时出现变道或减速行为，影响了正常交通流。异常特征包括：车道被交通锥桶封闭、工程车辆停驻、警示灯开启、交通锥桶有序排列等，符合占道施工标准。
452,5305,占道施工_20231010041250_运行安全_34913792.mp4,正常,异常停车,2023年10月10日星期二凌晨4时12分至4时13分，在城市高架道路夜间行驶区域，一辆白色工程车停靠在右侧车道边缘，车辆开启双闪灯，车身带有警示标识，车辆长时间静止不动，未见施工人员或设备操作，该行为属于异常停车。
455,5308,异常停车_20240623143435_突发事件_35720057.mp4,异常停车,正常,2024年6月23日14时34分至14时35分，位于城市高架桥路段的监控画面显示，一辆红色货车在右侧车道完全停止，车辆停在行车道内，开启双闪灯，驾驶员未下车查看情况。该车停靠位置位于道路右侧护栏旁，处于非停车区域，且无交通信号灯或标志允许停车，车辆明显处于异常静止状态。该行为导致后方多辆汽车被迫减速绕行，影响了正常交通流，形成局部拥堵。现场无施工设施、抛洒物或其他事故迹象，也未见二轮车辆闯入或占道行为，主要异常特征为非正常静止、无警示措施的异常停车。
459,5312,拥堵_20230817084729_突发事件_34594645.mp4,正常,拥堵,2023年8月17日08时47分至08时48分，外环高速仙霞路（内）路段出现严重交通拥堵，现场多车道车辆排成长队缓慢行驶或完全停滞，车流密集且持续时间较长，影响范围覆盖多个车道，导致通行效率显著下降。涉事车辆包括大量轿车、货车、客车及大型运输车辆，其中红色货车、白色厢式货车、黄色出租车等在拥堵中频繁出现，部分车辆因避让或变道导致车距骤减，存在轻微碰撞风险。由于车流量大且无明显事故迹象，推测拥堵可能由高峰时段车流叠加或前方道路瓶颈所致，未见异常停车、施工设施、抛洒物或交通事故痕迹，整体表现为典型的高峰期交通拥堵现象，对道路通行能力造成较大影响。
461,5314,占道施工_20230919014527_运行安全_34818695.mp4,占道施工,正常,2023年9月19日凌晨1点45分至1点46分，外环高速沪嘉地道2（外）路段发生占道施工交通事件。现场可见多辆工程车辆停靠在道路右侧，包括一辆黄色工程车和一辆红色警示灯闪烁的作业车，周围设置有多个红白相间的交通锥桶，形成临时隔离区域。多名身穿反光背心的施工人员在作业区域内活动，部分人员在移动交通锥桶或调整路面设施。该施工区域占用部分车道，导致车辆需减速绕行，影响了正常通行效率。施工区域设有警示标志和闪烁警示灯，符合占道施工标准，但未见明显事故或拥堵现象。整体表现为典型的夜间占道施工行为，对交通流造成一定干扰。
464,5317,拥堵_20240226165537_突发事件_35375371.mp4,拥堵,正常,2024年2月26日16时55分至16时56分，S4市区方向至S20内圈路段出现严重交通拥堵事件。该路段为多车道高速公路，双向车流密集，其中南向车道车辆排成长队，行驶缓慢，部分车辆处于停滞状态，后方车辆被迫减速或变道绕行。涉事车辆包括各类轿车、货车、客车及大型运输车，如白色厢式货车、红色集装箱货车、蓝色集装箱货车等，均在正常车道内行驶，未见异常停车、事故或施工迹象。拥堵主要集中在靠近匝道区域，车辆排队长度持续增加，且无明显缓解趋势，符合拥堵判断标准中“多辆车缓慢移动或完全停止”、“排队车辆长度超过正常范围”、“持续一段时间且无缓解趋势”的特征。该事件对通行效率造成显著影响，导致后方车辆通行受阻，存在潜在追尾风险。
466,5319,拥堵_20231216111101_突发事件_35232778.mp4,正常,拥堵,2023年12月16日11时10分至11时12分，S4市区方向至G60出省方向的高架桥路段出现交通拥堵事件。该路段为单向单车道，两侧有绿化带和护栏，路面湿滑，可能为秋季天气。视频显示，多辆大型工程车辆（包括一辆黄色吊车、一辆红色吊车及多辆小型轿车）在道路上缓慢行驶或停滞，车辆间距较小，车流速度明显低于正常水平，持续时间超过一分钟且无缓解趋势。涉事车辆包括黄色吊车、红色吊车、多辆白色轿车及一辆黑色SUV，均处于静止状态，未见施工人员或设备作业迹象。由于车辆密集，导致后方车辆被迫减速并排成队列，形成明显的拥堵现象，影响了该路段的通行效率。异常特征表现为车辆排队长度较长，行驶速度极低，且无明显事故或障碍物导致阻塞，推测为临时性施工或道路维护作业所致，属于典型的拥堵事件。
469,5322,异常停车_20240622121544_突发事件_35718670.mp4,异常停车,正常,2024年6月22日12时15分至12时16分，外环高速吴淞江桥南路段，一辆白色货车在右侧应急车道内长时间静止不动，车辆未开启双闪灯，驾驶员下车查看情况，车辆明显处于异常停车状态。该车停靠位置位于道路右侧护栏旁，未对其他车辆通行造成明显影响，但存在潜在安全隐患。周围其他车辆正常行驶，未因该车停驶而出现明显减速或绕行，整体交通流未受到显著干扰，但该车异常停车行为已符合“异常停车”判断标准。
470,5323,拥堵_20231109070031_突发事件_35073085.mp4,正常,拥堵,2023年11月9日早上7点59分至8点00分，S20内至G60出省方向的高架路段出现交通拥堵事件。该路段位于城市高架桥上，两侧有绿化带和指示牌，显示前往杭州方向（G60）和浦东机场方向（S20）的出口信息。视频显示，多辆机动车在该路段缓慢行驶或完全停滞，包括白色轿车、红色集装箱货车、绿色厢式货车、白色厢式货车及一辆红色平板货车等，车辆排成长队，车距明显缩短，部分车辆刹车灯持续亮起，表明车速极低。拥堵主要集中在靠近出口匝道区域，车辆在多个车道内缓慢移动，未见明显事故或障碍物，但整体通行效率显著下降，持续时间超过一分钟且无缓解趋势，符合拥堵判断标准。
471,5324,拥堵_20230926162724_突发事件_34866100.mp4,正常,拥堵,2023年9月26日16时27分至16时28分，外环高速吴中入口匝道（外）路段出现严重交通拥堵。该路段为多车道高速公路，车流密集，车辆包括轿车、货车、厢式货车及大型集装箱运输车等，其中以白色、红色和绿色货车为主，部分车辆在多个车道上缓慢行驶或完全停滞，形成长达数百米的排队现象，尤其在左侧车道更为明显。车辆间距极小，后方车辆被迫减速或停车等待，部分车辆因避让前方拥堵而变道，导致整体通行效率显著下降。拥堵区域位于入口匝道附近，可能与匝道汇入主路车流汇入主路入口处有关，但未见明显事故或施工迹象，也无异常停车或抛洒物情况，整体表现为典型的高峰时段交通拥堵，影响范围覆盖多个车道，持续时间较长，且无缓解趋势。
472,5325,异常停车_20240525133449_突发事件_35635907.mp4,正常,拥堵,2024年5月25日星期六13时34分至13时35分，位于城市高架道路主干道上，靠近右侧匝道入口处发生多车事故。涉事车辆包括一辆轿车和一辆SUV，其中一辆白色SUV与前方轿车发生追尾碰撞，导致车辆横向偏移并阻塞了右侧车道。事故现场有人员下车查看情况，部分车辆停靠在行车道内未及时撤离，导致该路段交通流明显受阻，车辆行驶缓慢，出现短时拥堵现象。异常特征表现为车辆位置异常（横跨车道、斜停）、存在明显碰撞痕迹以及后方车辆紧急避让行为。
475,5328,异常停车_20240604131747_突发事件_35671623.mp4,正常,异常停车,2024年6月4日13时17分至13时18分，外环高速丰翔路南段监控画面显示，一辆红色货车在右侧应急车道内长时间静止不动，车辆未开启双闪灯，且无明显故障迹象或驾驶员在车旁活动，符合异常停车行为。
476,5329,占道施工_20230722232505_运行安全_33395071.mp4,拥堵,__UNK__,2023年7月22日23时25分04秒，在外环高速天山路路段，一辆二轮车驶入主路，进入机动车道行驶，该车辆在夜间高速环境下突然变道，驾驶员佩戴头盔，无明显牌照，其行为导致后方多辆汽车紧急避让，造成短暂交通干扰，属于典型的二轮车辆闯入交通异常事件，具有明显的危险驾驶行为和明显的交通标志禁止二轮车在此行驶，对道路安全构成威胁。
480,5333,拥堵_20231218100016_突发事件_35238909.mp4,正常,拥堵,2023年12月18日星期一上午10:00至10:01期间，外环高速同济路立交南段出现交通拥堵事件。该路段为多车道高速公路，天气阴沉，路面湿滑，能见度较低。视频显示，从10:00:09开始，主车道及右侧匝道方向车流逐渐形成缓慢行驶状态，车辆包括轿车、货车、客车及大型运输车辆等，均处于低速移动或短暂停滞状态，车距明显缩短，部分车辆频繁变道，通行效率显著下降。拥堵区域位于立交桥附近，受前方车流积压影响，导致整体通行能力下降，车辆排队长度持续增加，未见明显事故或障碍物，但车流密度高且无缓解趋势，符合典型拥堵特征。此事件未引发紧急避让或人员下车交涉，但已对交通流造成持续性影响。
481,5334,二轮车辆闯入_20230718185422_突发事件_1962524.mp4,正常,__UNK__,2023年7月18日18时54分20秒至18时54分28秒，S20内至沪闵高架路段，一辆二轮车驶入右侧辅路，该车辆未在专用非机动车道行驶，且在无明显隔离设施的情况下进入机动车通行区域，存在闯入行为。该二轮车驾驶员佩戴头盔，车辆有牌照，属于典型的二轮车辆闯入交通异常事件。
483,5336,拥堵_20230905113949_突发事件_34715007.mp4,拥堵,正常,2023年9月5日10时39分至10时40分，S4市区方向至S20内环高架路段出现严重交通拥堵事件。该路段为多车道高速公路，双向车流密集，其中右侧车道车辆排成长队，行驶缓慢，部分车辆处于停滞状态，后方车辆持续减速并频繁变道避让，形成典型的拥堵特征。涉事车辆包括多辆轿车、货车、厢式货车及大型运输车，如红色集装箱货车、白色厢式货车、黄色平板货车等，均在车道内缓慢前行或停滞。车辆间距极小，存在明显排队现象，且无明显事故或施工迹象，但车流密度极高，导致通行效率显著下降。该拥堵影响了多个车道的正常通行，造成后方车辆被迫减速或绕行，整体交通流呈现持续性缓行状态，符合拥堵判断标准中的多辆车缓慢移动、排队长度超常且无缓解趋势等特征。
484,5337,拥堵_20240310124405_突发事件_35398692.mp4,正常,拥堵,2024年5月10日12时44分，外环高速沪太立交东1-1路段出现交通拥堵事件，现场多辆机动车在行车道上缓慢行驶或停滞，车辆排成长队，车流密度高，通行速度明显下降。涉事车辆包括轿车、货车、客车及工程车辆，其中一辆红色平板拖车载有大量木板状货物在右侧车道行驶，成为交通拥堵的诱因之一。该路段为高速公路主干道，双向车道被中间隔离带分隔，右侧设有隔音墙和绿化带，左侧为护栏。由于车流量大且车辆类型多样，导致通行效率降低，后方车辆被迫减速并保持安全距离，整体呈现典型拥堵特征，无明显事故或施工迹象，但存在因货物抛洒或车辆故障引发的局部缓行现象。
489,5342,异常停车_20230719212756_突发事件_6964569.mp4,拥堵,正常,2023年7月19日21时28分02秒，在外环高速丰翔路南段，一辆二轮车驶入主路，进入高速公路行车道内行驶，该车辆在夜间高速环境下与多辆正常行驶的汽车发生近距离交错，驾驶员佩戴头盔，车辆无明显牌照标识，其行为属于闯入禁止通行区域的危险驾驶行为，对周围车辆造成潜在干扰和安全隐患，现场未见施工设施或事故痕迹，但该二轮车在高速环境中突然出现，构成显著交通风险。
496,5349,二轮车辆闯入_20230718171329_突发事件_1962199.mp4,正常,__UNK__,2023年07月18日17时13分15秒左右，在外环高速蕴川立交东路段，一辆二轮摩托车从画面左侧驶入主车道，沿最左侧车道由南向北行驶，驾驶员身穿浅色上衣并佩戴头盔，车辆在车流中穿行，未见专用二轮车道或明显禁止标志，该行为属于闯入禁止通行区域的危险驾驶行为，对周边车辆造成潜在干扰，存在安全隐患。
497,5350,二轮车辆闯入_20230718132003_突发事件_1960894.mp4,正常,__UNK__,2023年7月18日13时19分至13时20分，位于城市快速路某路段（道路两侧绿树成荫，设有中央隔离护栏），一辆二轮摩托车在主车道内行驶，驾驶员佩戴头盔，车辆无明显牌照标识。该摩托车在车流中穿行，与多辆轿车和货车并行，未见专用二轮车道或允许通行标志，且该路段为城市快速路，禁止非机动车通行。其行为属于闯入禁止通行区域，存在逆行、横穿车道等危险驾驶特征，对周边车辆造成潜在安全隐患，引发后方车辆紧急避让，影响道路通行安全与秩序。该事件符合二轮车辆闯入交通异常标准，存在较大交通风险。
499,5352,异常停车_20240624182757_突发事件_35722498.mp4,异常停车,拥堵,2024年6月24日18:27至18:28期间，位于城市高架桥路段的右侧车道发生多车事故。涉事车辆包括一辆白色轿车及右后方黑色轿车，其中白色轿车与右侧车辆发生碰撞，导致后方多辆车紧急避让或减速，形成局部拥堵。事故现场有人员下车查看情况，未见明显抛洒物或人员伤亡，但存在明显的交通干扰，且后续车流被迫变道，影响了整体通行效率。该事件符合多车事故的判断标准，表现为两辆及以上车辆可见碰撞痕迹、车辆位置异常及后续车辆紧急避让行为。
500,5353,异常停车_20230721151500_突发事件_33393787.mp4,正常,异常停车,2023年7月21日15时14分58秒，在外环高速京沪立交（内）路段，一辆红色货车停靠在道路最外侧车道，车辆未开启双闪灯，驾驶员下车后在车旁停留，该行为属于异常停车。该车停在行车道上，导致后方车辆被迫减速绕行，影响了正常交通流，存在安全隐患。整个过程中，该车持续静止，未移动，未见任何施工或事故迹象，符合异常停车的判断标准。
501,5354,占道施工_20231009001029_运行安全_34908653.mp4,正常,拥堵,2023年10月9日00:10:23至00:11:22期间，在嘉闵西侧德华路夜间高架道路的右侧车道上，出现占道施工交通事件。现场可见一名身穿反光背心的施工人员在车道内行走，并沿道路边缘缓慢移动，同时摆放多个橙色交通锥桶，形成临时隔离带，占用部分车道。施工区域位于道路右侧靠近护栏处，施工人员未进入行车道，但通过该区域需减速避让，对过往车辆造成一定影响。该施工行为符合占道施工标准，包括使用交通锥桶、施工人员穿戴反光装备以及设置警示标志，导致右侧车道通行空间受限，车辆需变道或减速通过。整体影响为局部车道通行效率下降，但未引发拥堵或事故。
502,5355,占道施工_20231012004626_运行安全_34924737.mp4,拥堵,占道施工,2023年10月12日00:46至00:47期间，外环高速吴淞江桥南路段夜间出现占道施工交通事件。现场可见多辆工程车辆（包括两辆大型货车和一辆黄色工程车）在道路右侧车道内缓慢行驶，车顶警示灯持续闪烁，周围设置大量红白相间的交通锥桶，形成临时隔离带，占用部分行车道。施工区域位于高速公路右侧车道，导致该车道通行能力下降，过往车辆需减速绕行。施工区域未见明显施工人员活动，但存在明显的施工设施布置和警示标志设置，符合占道施工特征。该施工行为对过往车辆造成一定影响，部分车辆在接近施工区域时出现轻微减速和变道行为，但整体交通流保持有序通行。
507,5360,异常停车_20240524124249_突发事件_35631582.mp4,异常停车,正常,2024年5月24日12时02分至12时03分，外环高速丰翔路南段监控画面显示，一辆红色集装箱货车在右侧应急车道内长时间静止不动，车辆未开启双闪灯，且驾驶员不在车内，车辆处于异常停车状态。该车停靠位置位于道路右侧护栏旁，周围无施工设施或警示标志，导致后方多辆小型客车和货车被迫减速绕行，影响了正常交通流。该行为符合异常停车特征，存在安全隐患。
508,5361,异常停车_20240613140912_突发事件_35701509.mp4,正常,异常停车,2024年6月14日13时13分31秒至13时14分02秒，外环高速沪太立交东2枪机2监控画面显示，一辆白色面包车在最右侧应急车道停靠，车辆开启双闪灯，符合异常停车行为。
510,5363,拥堵_20240110152409_突发事件_35308543.mp4,拥堵,正常,2024年1月1日10时24分至10时25分，在外环高速曹安路北枪机2处，发生了一起拥堵交通事件。视频显示，多辆车辆在该路段缓慢移动或完全停止，其中包括轿车、货车和一辆红色消防车。这些车辆在车道上排起了长队，导致交通流量显著下降。此次拥堵持续了一段时间，且无明显缓解趋势，影响了道路的正常通行。异常特征表现为车辆密集、行驶速度极低以及部分车辆开启双闪灯，显示出典型的交通拥堵现象。
511,5364,拥堵_20231106162757_突发事件_35056356.mp4,拥堵,正常,2023年11月6日16时28分，外环高速莘庄立交东南方向出现交通拥堵事件，现场多辆机动车在道路上缓慢行驶或停滞，车辆排成长队，车流密度明显增大，通行速度显著下降。涉事车辆包括多辆轿车、货车及厢式运输车，其中可见白色、黑色、银色等多种颜色车辆依次通过画面。车辆均保持低速行驶状态，未见异常停车、事故或施工迹象，但因车流量大且车道数量有限，导致通行效率降低，形成持续性拥堵。该路段为高架桥弯道，两侧有绿化带和护栏，无施工设施或障碍物影响通行，但整体车速低于正常行驶速度，存在典型拥堵特征，影响了该方向交通流畅性。
517,5370,异常停车_20240623140528_突发事件_35720007.mp4,异常停车,正常,2024年6月23日14时08分至14时09分，外环高速沪太立交东2枪机2监控画面显示，该路段为多车道高速公路，路面湿滑，天气为雨天。在视频起始阶段，右侧车道有一辆红色货车长时间停靠在应急车道上，车辆开启双闪灯，且无驾驶员下车或明显故障迹象，持续占据应急车道。该车停靠位置位于道路右侧护栏旁，占用部分行车空间，导致后方车辆需减速绕行，影响了应急车道的正常使用。期间，多辆货车及轿车从其旁边正常通行，部分车辆因避让而变道，存在安全隐患。现场无施工设施、抛洒物或其他事故迹象，也未见其他车辆碰撞或异常停车行为，该车异常停车行为符合“异常停车”判断标准，属于典型的非正常停车事件。
518,5371,异常停车_20240617141809_突发事件_35710128.mp4,异常停车,正常,2024年6月17日14:18:03至14:19:02，一辆白色厢式货车在最右侧车道内长时间静止不动，车辆未开启双闪灯，且驾驶员不在车内，导致后方车辆被迫减速绕行，影响了右侧车道的正常通行秩序。该行为符合异常停车的判断标准，存在安全隐患。
522,5375,拥堵_20230815161023_突发事件_34583917.mp4,拥堵,正常,2023年8月15日16时10分至16时11分，外环高速沪嘉地道2（外）路段出现交通拥堵事件。该路段位于曹安公路出口3公里处，监控画面显示多车道车辆行驶缓慢，车流密集且持续排队，车辆间距明显缩小，部分车辆处于低速移动或短暂停滞状态，未见明显事故或障碍物。涉事车辆包括各类轿车、货车、厢式货车及大型运输车，如红色集装箱货车、蓝色篷布覆盖货车、黄色平板拖车等，均在正常车道内行驶，未发生碰撞或停车行为。由于车流量大，道路通行能力受限，导致车辆通行速度显著降低，形成持续性拥堵，影响了该路段的正常交通秩序。异常特征表现为车辆密集、行驶速度缓慢、排队长度较长，且无施工或事故迹象，推测为高峰时段车流集中所致。
523,5376,拥堵_20240113125113_突发事件_35316338.mp4,正常,拥堵,2024年1月13日12时51分至12时52分，外环高速吴淞江桥路段出现严重交通拥堵，多车道车辆缓慢行驶或完全停滞，车流密集且持续时间较长，影响范围覆盖多个车道。涉事车辆包括大量轿车、货车、厢式货车及大型运输车，其中部分大型货车因体积较大导致通行受阻。车辆整体处于低速蠕动状态，未见明显事故或异常停车现象，但因车流量大且无明显施工或抛洒物迹象，推测拥堵可能由上游交通压力或下游流量叠加所致。该事件导致道路通行效率显著下降，存在潜在安全隐患，尤其在高峰时段可能引发严重交通延误。
524,5377,占道施工_20231210005718_运行安全_35208256.mp4,占道施工,正常,2023年12月10日00:57至00:58期间，北环高速铁力路地道东段发生占道施工交通事件。现场可见多辆车辆在夜间行驶过程中，道路左侧车道被多个红白相间的交通锥桶封闭，形成临时隔离带，表明该区域正在进行道路施工或维护作业。施工区域设有警示牌和闪烁警示灯，提示车辆减速慢行。未见明显施工人员活动，但车道数量减少导致车辆需变道绕行，影响了正常通行效率。异常特征包括车道被锥桶遮挡、警示灯闪烁以及车辆因避让而改变行驶路线，符合占道施工的典型特征。
525,5378,占道施工_20240211215005_运行安全_35360620.mp4,正常,拥堵,2024年02月11日21:52至21:53，在某高速公路路段，发生了占道施工的交通事件。现场可见车道被多个红白相间的锥桶遮挡，施工车辆停在锥桶旁，施工人员穿着反光背心在进行作业。受此影响，车道数量减少，过往车辆需变道或减速行驶，导致交通流量略有减缓，但未造成严重拥堵。异常特征包括施工区域设有警示牌和闪烁警示灯，确保过往车辆注意避让。
526,5379,占道施工_20231026001339_运行安全_34997796.mp4,占道施工,正常,2023年10月26日00时13分至00时14分，嘉闵高架路东侧西虹江南路段夜间发生占道施工交通事件。现场可见一辆黄色工程车停靠在右侧车道，车后方设置了一排反光锥桶，形成临时隔离带，占用部分行车道。一名身穿反光背心的工作人员在锥桶旁进行作业，手持工具进行操作。该施工区域导致右侧车道通行空间受限，车辆需减速绕行，影响了正常交通流。同时，施工区域设有警示灯，闪烁灯光，提示过往车辆注意避让。整体交通秩序虽未完全中断，但存在明显的车道缩减和车速降低现象，符合占道施工的典型特征。
527,5380,异常停车_20240616161312_突发事件_35708172.mp4,异常停车,正常,2024年6月16日16时13分23秒至16时14分21秒，外环高速虹梅南路路段发生一起多车事故。事故发生在右侧车道，涉事车辆包括一辆蓝色货车、一辆白色厢式货车和一辆黑色轿车，疑似三车在行驶过程中发生碰撞，导致车辆位置异常，其中蓝色货车横跨车道，白色厢式货车斜停，黑色轿车紧随其后并出现明显避让行为。事故发生后，一名人员从蓝色货车旁下车并在路边行走，其他车辆被迫减速绕行，造成该路段交通流受阻，通行效率下降。现场未见明显散落物或人员伤亡，但事故车辆占据部分车道，影响正常行车秩序，符合多车事故的典型特征。
529,5382,拥堵_20240313172445_突发事件_35407753.mp4,拥堵,正常,2024年3月13日17时24分至17时25分，外环高速吴淞江桥南路段出现交通拥堵事件。该路段为双向多车道高速公路，车流密集，主要由轿车、货车、客车及工程车辆组成。视频显示，从17:24:38开始，右侧车道车辆行驶缓慢，车距明显缩短，部分车辆处于低速移动或短暂停滞状态，持续时间约1分钟且无缓解趋势。涉事车辆包括多辆小型轿车、SUV、货车及一辆红色集装箱货车、一辆白色厢式货车、一辆黄色工程车以及多辆出租车等，均在正常车道内行驶，未见异常停车或事故迹象。由于车流量大且通行速度显著降低，导致后方车辆被迫减速并排成长队，形成典型的拥堵现象。左侧对向车道车流相对顺畅，但受右侧拥堵影响，整体通行效率下降。该拥堵事件无明显施工或抛洒物等外部干扰因素，主要表现为因车流密集引发的常态化拥堵，影响了该路段的正常通行秩序。
530,5383,占道施工_20240519000358_运行安全_35605574.mp4,占道施工,正常,2024年5月19日星期二凌晨00:03:30至00:04:29期间，在外环真南路入口路段，发生了一起占道施工交通事件。现场可见一辆工程车辆停在道路中央，周围设置了一排红白相间的交通锥桶，形成临时隔离带，占用了一条行车道。一名身穿反光背心的施工人员在锥桶旁进行作业，另一名穿着橙色反光工作服的工人则站在路边。施工区域前方有一辆红色工程车停靠，车辆开启警示灯。由于施工占用了部分车道，导致车辆需减速并变道绕行，影响了正常交通流。此外，施工区域设有“前方施工”提示牌，提醒过往车辆注意避让。整个过程中，施工人员和车辆均保持有序停放或缓慢通行，未出现严重拥堵或事故情况。
532,5385,拥堵_20231209142923_突发事件_35207729.mp4,正常,拥堵,2023年12月9日14时29分至14时30分，嘉闵高架西侧定焦04监控点位显示，隧道内双向车道出现持续性交通拥堵。涉事车辆包括多辆轿车、SUV及一辆黄色工程车，其中一辆黄色工程车在隧道右侧车道缓慢行驶，后方车辆因前方缓行而减速并频繁刹车，形成排队现象。车辆行驶速度明显降低，部分车辆刹车灯长时间亮起，显示车辆处于低速蠕行状态。该路段未见明显事故或施工迹象，也无异常停车或抛洒物情况，但因车流密集且通行效率下降，已构成典型拥堵事件。
534,5387,拥堵_20230715105657_突发事件_1150242.mp4,拥堵,正常,2023年7月15日10时57分至10时58分，S20内至G60出省方向匝道处发生拥堵事件。该路段位于城市高架桥上，道路两侧绿树成荫，上方有跨线桥通行其他车辆。视频显示，多辆小轿车、货车及厢式货车在该路段缓慢行驶或完全停止，车辆排成长队，车距明显缩短，部分车辆刹车灯持续亮起，表明车速极低或处于停滞状态。涉事车辆包括白色、黑色、红色等多种颜色的小型轿车、厢式货车以及一辆红色集装箱货车和一辆白色厢式货车，均在正常车道内行驶但受阻于前方车流。由于车辆密集且通行速度极慢，导致后方车辆被迫减速或停车等待，形成典型的交通拥堵现象。此拥堵发生在早高峰时段，影响了该方向的交通流畅性，未见明显事故或施工迹象，但车辆排队长度超过正常范围，且无缓解趋势，符合拥堵判断标准。
538,5391,占道施工_20240412152112_运行安全_35519156.mp4,拥堵,占道施工,2024年04月12日15:21:08至15:21:27，在外环高速淞滨路西，视频显示存在占道施工交通事件。左侧车道被多个红白相间的锥桶遮挡，导致该车道无法通行，车辆被迫在右侧车道行驶，形成明显的车道数量减少情况。涉事车辆包括多辆轿车和货车，它们在施工区域附近变道或减速，显示出对施工影响的反应。此外，施工区域设有警示牌和闪烁警示灯，进一步提示过往车辆注意避让。整体来看，此次占道施工导致右侧车道车辆行驶受阻，存在一定的交通安全隐患。
541,5394,占道施工_20230715000645_运行安全_1147283.mp4,占道施工,正常,2023年7月15日00:06:40至00:07:38期间，外环高速北翟路立交北方向路段夜间出现占道施工交通事件。现场可见道路右侧车道被多个橙色交通锥桶封闭，形成临时施工区域，施工区域内停放有工程车辆，包括一辆亮着警示灯的黄色工程车，车辆位于道路右侧护栏旁。施工区域未见明显施工人员活动，但存在明显的车道缩减和交通引导措施，导致该车道车辆需变道行驶，影响了正常通行效率。整体交通流保持缓慢通行状态，未出现拥堵或事故现象，但存在因施工引发的车道减少和车速降低的异常特征。
547,5400,异常停车_20240614152918_突发事件_35704870.mp4,异常停车,正常,2024年6月14日15时29分至15时30分，外环高速莘庄立交东（外）路段出现异常停车事件。一辆红色货车在右侧车道内完全静止，未开启双闪灯，车辆位置位于应急车道，周围车辆被迫减速绕行，造成交通流受阻。该车长时间停靠在行车道上，影响了正常通行秩序，存在安全隐患。
548,5401,异常停车_20240616183802_突发事件_35708477.mp4,异常停车,正常,2024年6月6日16时36分，外环高速吴中入口匝道（外）路段出现异常停车事件。一辆红色货车在右侧车道内完全静止，未开启双闪灯，车辆处于非停车区域的行车道上，导致后方多辆车辆被迫减速绕行。该车停靠位置位于道路中央偏右位置，周围无交通信号灯或标志允许停车，车辆明显处于异常状态，影响了正常交通流。
552,5405,占道施工_20240328073239_运行安全_35446735.mp4,拥堵,正常,2024年03月28日星期四03:32至03:53，在外环高速铁山路段，视频显示该路段正在进行占道施工，施工区域由锥桶和临时围挡遮挡，导致车道数量减少，车辆需变道或减速通行。虽然未见明显施工人员操作设备，但施工设施的存在使得道路通行受阻，影响了正常交通秩序，符合占道施工的异常特征。
553,5406,拥堵_20240112120711_突发事件_35313983.mp4,正常,拥堵,2024年1月12日12时07分至12时08分，外环高速曹安路路段发生一起多车事故。事故发生在高速公路右侧车道，涉事车辆包括一辆白色轿车和一辆黑色轿车，视频中两车在行驶过程中发生碰撞，导致白色轿车右侧受损，黑色轿车位置异常，驾驶员下车查看情况。事故发生后，现场有多辆车紧急避让或减速，造成该路段交通拥堵。事故车辆停靠在行车道上，未开启双闪灯，进一步加剧了交通影响。整个事件中无明显施工设施、抛洒物或占道施工迹象，但事故车辆占据部分车道，导致后方车辆被迫减速或变道，存在安全隐患。
554,5407,抛洒物_20240113021704_运行安全_35315222.mp4,拥堵,异常停车,2024年01月13日星期六凌晨02:16:00至02:17:08期间，外环高速沪渝立交段出现异常停车事件。在监控画面中，一辆白色轿车在右侧车道内长时间静止不动，车辆开启双闪灯，且无明显故障迹象或驾驶员下车行为。该车停靠位置位于道路右侧护栏旁，占据部分行车道空间，导致后方多辆汽车被迫减速绕行，影响了正常交通流。此行为不符合高速公路临时停车规定，属于典型异常停车事件，存在安全隐患。
556,5409,占道施工_20240302004443_运行安全_35383233.mp4,拥堵,正常,2024年3月2日00:44至00:45期间，在嘉闵东侧定焦08路段，发生了一起占道施工交通事件。现场可见一辆工程车辆缓慢行驶在右侧车道上，车顶闪烁着警示灯，周围摆放了多个橙色交通锥桶，形成临时隔离带，引导车辆绕行。施工人员穿着反光背心，在车辆旁进行作业，部分人员在移动锥桶或调整设施。该行为导致右侧车道被部分遮挡，车辆需减速并变道通行，影响了道路的正常通行效率。异常特征包括车道被锥桶遮挡、施工人员在场操作以及车辆被迫绕行或减速。
557,5410,占道施工_20240327083444_运行安全_35444413.mp4,拥堵,正常,2024年03月27日星期三08:34至08:35期间，在外环高速北翟路路段，发生了一起占道施工交通事件。现场有多名施工人员穿着反光背心在车道内进行作业，旁边停放着一辆黄色工程车，车道被锥桶遮挡，导致车道数量减少，车辆需变道或减速行驶。涉事车辆包括多辆工程车和过往的轿车、货车等，它们被迫绕行或减速通过施工区域。此事件影响了道路的正常通行，造成了交通流量的减缓和潜在的安全隐患，异常特征包括施工区域设有明显的警示标志和反光设施，确保了施工人员的安全，同时也提醒驾驶员注意避让。
561,5414,多车事故_20240209221400_突发事件_35359491.mp4,拥堵,__UNK__,2024年2月9日22时14分，武宁路地道南线西向东路段发生一起多车事故。事故发生在隧道内行车道上，涉事车辆包括多辆轿车和SUV，其中黑色轿车与前方车辆发生追尾碰撞，导致车辆位置异常，部分车辆横跨车道或斜停，引发后方车辆紧急避让和停滞。事故发生后，现场有多辆车排队缓行，交通流量明显下降，且持续时间较长，未见明显缓解趋势。事故区域无施工设施或抛洒物，也无二轮车辆闯入迹象，但车辆碰撞痕迹及位置变化明显，符合多车事故特征。
564,5417,占道施工_20240525231344_运行安全_35637175.mp4,占道施工,拥堵,2024年05月25日23:13至23:14期间，在外环北侧K208+490处，发生了一起占道施工交通事件。现场可见一辆工程车辆缓慢行驶在右侧车道上，车辆后方摆放了多个红白相间的交通锥桶，用于隔离施工区域。施工人员穿着反光背心，正在进行相关操作。由于施工占用了一部分车道，导致该路段的车道数量减少，过往车辆需减速并变道行驶，对交通流产生了一定影响。此外，施工区域设有警示牌和闪烁警示灯，提醒驾驶员注意避让。整个过程中，车辆有序通过，未出现严重拥堵现象。异常特征包括车道被施工设施遮挡、施工人员现场作业以及车辆因施工而需变道或减速等。
567,5420,占道施工_20230716001130_运行安全_1151789.mp4,占道施工,正常,2023年7月16日星期日凌晨1点11分至1点12分，外环高速沪渝立交-1枪机1监控画面显示，该路段为多车道高速公路，双向车流密集，夜间照明良好。右侧车道设置有连续的交通锥桶，形成临时隔离带，表明正在进行占道施工。施工区域位于道路右侧靠近中央绿化带一侧，由一辆工程车辆停靠在施工区域内，车顶闪烁警示灯，车辆处于静止状态。施工区域内未见明显施工人员活动，但存在明显的施工设施布置，包括交通锥桶和警示标志。由于施工占用部分车道，导致车辆需绕行或减速通过，影响了正常通行效率。整体交通流保持有序，未出现拥堵或事故现象，但存在因施工引发的通行安全隐患。
568,5421,占道施工_20231025233458_运行安全_34997684.mp4,正常,占道施工,2023年10月25日23时34分至23时35分，外环高速吴中路路段夜间发生占道施工交通事件。现场有多名身穿反光背心、头戴安全帽的施工人员在道路右侧车道作业，使用红白相间的交通锥桶对部分车道进行隔离，形成临时施工区域。施工区域内停有一辆黄色工程车，周围设置有警示灯和反光标识，车辆需绕行通过施工区。施工导致该车道通行能力下降，过往车辆包括轿车、货车等在经过施工区域时减速避让，部分车辆因避让施工区域而变道行驶，造成局部交通流变化。施工区域未见明显围挡或大型机械，但已形成明显的交通干扰特征，符合占道施工判断标准。
569,5422,异常停车_20240510232403_突发事件_35579518.mp4,正常,异常停车,2024年5月10日23时24分，外环高速莘庄立交东（外）路段发生一起异常停车事件。一辆白色厢式货车在道路左侧应急车道内长时间静止不动，且无明显故障迹象或驾驶员在车旁活动，车辆开启双闪警示灯，疑似车辆故障。该车停放位置导致后方多辆汽车被迫减速绕行，形成局部拥堵，影响了正常通行秩序。此行为违反了高速公路非紧急情况下不得停车的规定，存在安全隐患，属于典型异常停车事件。
574,5427,异常停车_20240510092252_突发事件_35577416.mp4,异常停车,正常,2024年5月10日09时22分45秒至09时23分44秒，外环高速仙霞路（内）路段出现异常停车事件。一辆白色轿车在右侧车道完全静止，车辆未开启双闪灯，驾驶员下车后在车旁停留，疑似车辆故障。该车停靠位置位于行车道内，非停车区域，且周围无施工或事故迹象，车辆无明显故障特征，属于非正常停车行为，对正常交通流造成干扰，存在安全隐患。
575,5428,二轮车辆闯入_20230715120358_突发事件_1149570.mp4,正常,拥堵,2023年7月15日12时03分至12时04分，位于城市高架道路的某路段（监控画面显示为G60市区方向至S20内环方向）发生拥堵事件。该路段为多车道高速公路，双向车流密集，右侧车道车辆行驶缓慢，部分车辆处于低速蠕动状态，持续时间约1分钟且无缓解趋势。涉事车辆包括多辆轿车、货车及厢式货车，其中红色集装箱货车、白色厢式货车、黄色工程车和大型油罐车等在画面中较为显眼。车辆在车道内依次排队，间距较小，后方车辆被迫减速或变道，导致通行效率显著下降。现场未见明显事故、施工或抛洒物迹象，也无异常停车或二轮车辆闯入情况，推测拥堵可能由前方交通流量饱和或瓶颈路段引发。整体影响为该方向通行能力下降，存在潜在追尾风险，但未观察到直接责任方。
576,5429,异常停车_20230701000846_突发事件_778917.mp4,正常,异常停车,2023年7月1日星期六凌晨00:08:45至00:09:42期间，在城市高架桥路段，一辆大型货车在右侧车道内长时间静止不动，车辆未开启双闪灯，且无明显故障迹象或驾驶员在车旁活动，符合异常停车行为。
579,5432,异常停车_20240625133927_突发事件_35724287.mp4,异常停车,正常,2024年6月25日13时39分23秒至13时40分21秒，外环高速仙霞路（内）路段发生一起异常停车事件。一辆白色轿车在右侧应急车道内长时间静止不动，车辆未开启双闪灯，驾驶员下车查看情况，车辆处于非停车区域，导致后方多辆车辆被迫减速绕行，影响了该车道的正常通行秩序。该行为符合异常停车判断标准中的多项特征：完全静止、无合法停车条件，且对后方交通造成明显影响。
580,5433,异常停车_20230716171405_突发事件_1154789.mp4,拥堵,正常,2023年7月17日16时14分至16时15分，外环高速丰翔路路段出现交通拥堵事件。该路段为双向多车道高速公路，路面湿滑，天气阴雨，能见度较低。视频显示，右侧车道车辆行驶缓慢，车流密集，多辆轿车、货车及厢式运输车在车道内依次排队缓行，部分车辆刹车灯持续亮起，表明车速明显降低。左侧车道虽有车辆正常通行，但整体车流量较大，存在轻微变道和跟车行为。拥堵区域持续时间约一分钟，未见明显事故或障碍物，但车辆间距缩小，通行效率下降，符合拥堵判断标准中的多辆车缓慢移动、排队长度超出正常范围且无缓解趋势的特征。未发现异常停车、施工设施、二轮车辆闯入、抛洒物或交通事故等其他异常情况，因此判定为典型交通拥堵事件。
582,5435,异常停车_20240525010240_突发事件_35633385.mp4,正常,拥堵,2024年05月25日星期六01:02:35至01:03:33，在某高速公路路段，发生了一起多车事故。涉事车辆包括一辆白色轿车和一辆白色SUV，其中白色SUV在行驶过程中突然停车，驾驶员下车查看情况，导致后方车辆被迫减速或绕行，引发交通拥堵。事故现场有人员下车交涉，但车辆位置异常，明显处于异常停车状态。其他车辆因事故变道或减速，造成了交通拥堵和安全隐患。该事件的异常特征在于车辆的异常停车和后续车辆的紧急避让，严重影响了道路通行效率。
583,5436,占道施工_20240605001357_运行安全_35673293.mp4,占道施工,拥堵,2024年6月5日00:15:30至00:16:28，在S26沪常高速主线金光路东侧（K137330）路段，发生了一起占道施工交通事件。现场可见一辆黄色工程车停在道路中央，周围放置了多个交通锥桶进行隔离，施工人员穿着反光背心在车辆周围进行作业。由于施工占用了一部分车道，导致车道数量减少，过往车辆需减速并变道行驶，对交通流产生了一定影响。此外，施工区域设有警示牌和闪烁警示灯，提醒驾驶员注意避让。整个过程中，施工行为有序进行，未引发严重拥堵或事故，但存在一定的通行安全隐患。
584,5437,多车事故_20240604063143_突发事件_35669650.mp4,正常,拥堵,2023年12月23日13时10分至13时11分，外环高速沪太立交东2枪机2监控区域出现交通拥堵事件。该路段为多车道高速公路，双向车流密集，右侧车道车辆行驶缓慢，形成连续排队现象，车辆间距明显缩小，车速降低，部分车辆处于低速移动或短暂停滞状态。涉事车辆包括多辆轿车、货车及大型运输车，其中左侧车道有一辆红色集装箱货车和一辆蓝色集装箱货车长时间停靠在应急车道，疑似故障或突发情况导致停车。左侧车道车辆通行受阻，后方车辆被迫减速并变道绕行，形成局部拥堵。现场未见明显事故、施工或抛洒物迹象，但车辆密集且长时间低速行驶已构成典型拥堵特征，影响了整体通行效率。
585,5438,拥堵_20231211122006_突发事件_35211296.mp4,正常,拥堵,2023年12月11日12时20分至12时21分，外环高速吴中路路段出现交通拥堵事件。该路段为双向多车道高速公路，车流密集，主要由轿车、货车及厢式运输车组成，其中红色、白色、蓝色等颜色的货车较为显著。视频显示，车辆在多个车道内缓慢行驶，车距明显缩短，部分车辆处于低速移动或短暂停滞状态，尤其在画面右侧车道，车辆排队长度持续增加，通行速度显著下降。未见明显事故、施工或抛洒物等直接诱因，但整体车流密度较高，导致通行效率降低。该拥堵发生在道路中央区域，无施工设施或障碍物，也未发现异常停车或二轮车辆闯入情况，推测可能由前方交通流量突增或突发状况引发。
586,5439,占道施工_20240529020445_运行安全_35647730.mp4,占道施工,正常,2024年5月29日02时04分至02时05分，外环高速天山路路段夜间发生占道施工交通事件。现场可见一辆黄色工程车停靠在右侧车道，车顶警示灯闪烁，车身周围设置了一排红白相间的交通锥桶，形成临时隔离带，占用部分行车道。该工程车后方有多辆小型轿车和货车正常行驶，部分车辆因施工区域而减速或变道绕行。施工区域未见明显施工人员或大型机械作业，但存在明显的车道缩减和警示设施，符合占道施工特征。该事件导致右侧车道通行能力下降，对过往车辆造成一定影响，但整体交通秩序未出现严重混乱。
588,5441,占道施工_20240508001513_运行安全_35567754.mp4,拥堵,正常,2024年5月8日00:16:13至00:17:15期间，在S26沪常高速主线金光路东侧（K13+730）路段，发生了占道施工交通事件。现场可见多辆工程车辆和施工人员在道路右侧进行作业，施工区域被锥桶和围栏遮挡，导致车道数量减少，车辆需变道或减速通行。施工人员穿着反光背心，操作设备，施工区域设有警示牌和闪烁警示灯，以提醒过往车辆注意避让。此事件影响了该路段的正常交通秩序，车辆被迫减速或变更车道，但未造成严重拥堵。异常特征包括施工设施占据部分车道、施工人员现场作业以及明显的警示标志和灯光提示。
590,5443,异常停车_20240621133939_突发事件_35717069.mp4,异常停车,正常,2024年6月21日13时39分34秒至13时40分33秒，外环高速沪渝立交段出现异常停车事件。一辆白色货车在右侧车道内完全静止，车辆开启双闪灯，驾驶员未下车处理，车辆长时间停靠在行车道上，导致后方多辆车辆被迫减速绕行，影响了该路段的正常通行秩序。该车停靠位置位于道路右侧，处于非停车区域，且无交通信号灯或标志允许停车，符合异常停车特征。
594,5447,异常停车_20240601091620_突发事件_35661179.mp4,异常停车,正常,2024年6月2日09时15分至09时17分，外环高速漕宝入口匝道（内）路段出现交通拥堵事件。该路段为多车道高速公路，车流密集，主要由轿车、货车及少量客车组成，车辆在多个车道上缓慢行驶或处于停滞状态，排队长度持续延伸，未见明显事故或障碍物。涉事车辆包括红色集装箱货车、白色厢式货车、黑色轿车及多辆小型客车，均在正常行驶过程中因前方车流缓慢而被迫减速。拥堵主要集中在靠近匝道入口的区域，车辆间距缩小，通行效率显著下降，但未发生碰撞或停车行为，也无施工设施或抛洒物迹象，整体表现为典型的瓶颈区域拥堵特征，可能由上游车流积压或匝道汇入压力所致。
596,5449,拥堵_20240111121631_突发事件_35310999.mp4,正常,拥堵,2024年1月11日12时15分至12时17分，外环高速京沪立交（内）路段出现严重交通拥堵事件。该路段为双向多车道高速公路，左侧方向车流密集，车辆以缓慢速度行驶，部分车辆几乎处于停滞状态，形成长达数百米的排队现象，且持续一段时间无明显缓解趋势。涉事车辆包括大量货车、厢式货车及小型轿车，其中以大型货车为主，如集装箱运输车、厢式货车和厢式货车等，均在正常车道内行驶但速度明显低于正常水平。右侧车道车流相对顺畅，但受左侧拥堵影响，整体通行效率下降。现场未见施工设施、事故车辆或抛洒物，也无异常停车或二轮车辆闯入情况，拥堵主要由车流量过大导致，属于典型高峰时段或特殊路况下的交通拥堵事件，对道路通行造成显著影响。
599,5452,拥堵_20230912164234_突发事件_34775878.mp4,拥堵,正常,2023年9月12日16时42分至16时43分，嘉闵高架东侧汇聚机箱路段出现交通拥堵事件。该路段为多车道高架道路，车流密集，车辆以缓慢速度行驶，部分车辆处于停滞状态，形成明显排队现象。涉事车辆包括各类轿车、SUV、面包车及一辆白色厢式货车，均在正常车道内行驶，未见异常停车、事故或施工迹象。车辆间距较小，刹车灯频繁亮起，表明车流处于低速蠕动状态。拥堵主要集中在画面中段，车辆持续缓慢移动，未见明显缓解趋势。该区域为城市重要交通节点，车流量大，导致通行效率下降，影响整体交通秩序。
603,5456,拥堵_20240111120948_突发事件_35310977.mp4,正常,拥堵,2024年1月11日12时09分至12时10分，外环高速京沪立交南段，一辆白色货车在最右侧车道内完全静止，车辆开启双闪灯，驾驶员下车活动。该车停靠位置位于行车道内，非停车区域，且无交通信号灯或标志允许停车，导致后方车辆被迫减速绕行，形成局部拥堵。该行为符合异常停车特征，存在安全隐患。
605,5458,拥堵_20231027081151_突发事件_35006173.mp4,拥堵,正常,2023年10月27日08时11分至08时12分，S4市区方向至S20内环高架路段出现严重交通拥堵，现场多车道车辆缓慢行驶或完全停滞，车流密集且持续时间较长，车辆排成长队，部分车辆在车道间频繁变道，影响通行效率。涉事车辆包括各类轿车、货车、厢式货车及出租车，其中红色集装箱货车、黄色厢式货车和白色面包车等在画面中较为显眼，均处于低速行驶或停滞状态。道路两侧设有隔音屏和绿化带，无施工迹象，也未见异常停车、事故或抛洒物等情况，但因车流量大、车型多样，导致整体通行受阻，形成典型拥堵现象，影响正常交通秩序。
606,5459,拥堵_20231010080512_突发事件_34915274.mp4,拥堵,正常,2023年10月10日08时04分至08时05分，外环高速富长路路段出现严重交通拥堵，现场车辆密集，多辆轿车、货车及大型运输车辆在车道内缓慢行驶或完全停滞，车流持续排队，通行速度显著下降，未见明显事故或障碍物，但整体车流密度极高，导致通行效率严重下降，符合拥堵判断标准，影响了该路段正常交通秩序。
610,5463,异常停车_20230727134354_突发事件_33408196.mp4,正常,拥堵,2023年7月27日13时44分，外环高速吴中入口匝道（内）路段出现交通拥堵事件。该路段为多车道高速公路，车流密集，主要由轿车、货车及少量客车组成，包括白色厢式货车、蓝色和红色厢式货车、白色面包车以及多辆私家车。视频显示，车辆在多个车道上缓慢行驶，部分车辆间距明显缩小，车速显著降低，形成持续性缓行状态。未见异常停车、施工或事故迹象，也无二轮车辆闯入或抛洒物情况。整体车流呈现排队缓行特征，且无明显加速趋势，表明拥堵已持续一段时间且无缓解趋势。该拥堵可能由前方交通流量大或瓶颈路段导致，影响了该方向车道的通行效率，属于典型的城市快速路拥堵事件。
611,5464,拥堵_20231220103338_突发事件_35245743.mp4,正常,拥堵,2023年12月26日10时33分至10时34分，G60市区方向至S20内环高架桥路段出现交通拥堵事件。该路段为双向多车道高架道路，左侧为绿化带，右侧为城市道路，车流密集，车辆行驶缓慢，部分车辆处于低速移动或短暂停滞状态。涉事车辆包括多辆轿车、货车及厢式货车，其中以白色、红色和黑色轿车为主，以及一辆大型红色集装箱货车和一辆装载货物的平板货车。车辆在车道内依次排队前行，未见明显事故或异常停车情况，但整体车流密度较高，通行效率显著下降，形成持续性拥堵。右侧匝道区域车辆密集，部分车辆在汇入主路时减速避让，导致后方车辆被迫跟随减速，影响整体通行秩序。现场无施工设施、无抛洒物、无二轮车辆闯入，也无人员下车交涉，但车流长时间滞缓，符合拥堵判断标准中的“多辆车缓慢移动或完全停止”、“排队车辆长度超过正常范围”以及“发生在瓶颈区域”的特征，属于典型早高峰时段的交通拥堵现象。
616,5469,拥堵_20231223091339_突发事件_35253951.mp4,正常,拥堵,2023年12月29日07:13至07:14期间，S20内至G60出省方向的高架路段出现明显交通拥堵，该路段位于通往杭州方向（G60）与浦东机场方向（S20）交汇处附近，道路两侧绿树成荫，上方有跨线桥通行其他车辆。视频显示，多辆小轿车、货车及厢式货车在车道内缓慢行驶或完全停滞，车流密集且持续时间较长，车辆间距极小，部分车辆尾灯亮起，表明驾驶员正在减速或停车等待。涉事车辆包括红色集装箱货车、白色厢式货车、黑色轿车及多辆私家车，均处于低速行驶状态，未见明显事故或障碍物导致停车，但整体通行效率显著下降，排队车辆长度超过百米，且无缓解趋势，符合拥堵判断标准。该拥堵发生在早高峰时段，对区域交通造成较大影响，可能引发后方车辆积压和通行延误。
618,5471,异常停车_20230715145812_突发事件_1150174.mp4,正常,异常停车,2023年7月15日14时58分至14时59分，位于城市快速路某路段（道路两侧绿树成荫，设有中央隔离护栏），一辆红色货车在最左侧车道内长时间静止不动，车辆未开启双闪灯，驾驶员下车活动，后方多辆车辆被迫减速绕行，造成该车道通行受阻，存在明显异常停车特征。
622,5475,异常停车_20240621123754_突发事件_35716942.mp4,正常,拥堵,2024年6月21日12时37分至12时38分，位于城市快速路某路段（具体位置未标注）出现持续性交通拥堵事件。该路段为多车道高速公路，两侧设有绿化带和护栏，路面湿滑，天气阴雨。视频显示，从12:37:50开始，该路段车流密集，车辆行驶缓慢，部分车辆处于低速移动或短暂停滞状态，尤其在右侧车道中段位置，车辆排成长队，间距极小，且持续时间超过一分钟，无明显缓解趋势。涉事车辆包括多辆轿车、货车及厢式运输车，其中以红色、白色、蓝色货车为主，部分货车装载货物如集装箱、集装箱车，以及黄色、红色厢式货车。由于车流量大且通行速度显著下降，导致后方车辆被迫减速并频繁变道，影响了整体道路通行效率。异常特征表现为：车辆排队长度较长，车距极小，存在明显的拥堵迹象，且无施工或事故迹象，推测可能为高峰时段车流集中所致。
628,5481,拥堵_20230920094058_突发事件_34829865.mp4,拥堵,正常,2023年9月26日星期三上午9时40分至9时41分，G2进外环外圈匝道03路段出现严重交通拥堵。该路段为多车道高速公路，车流密集，车辆包括轿车、货车、客车及工程车辆等，其中以红色和白色货车为主，如红色厢式货车、白色厢式货车、蓝色厢式货车等。车辆在多个车道内缓慢行驶或完全停滞，排队长度持续延伸，且无明显缓解趋势，部分车辆因前方拥堵而频繁变道或减速，导致整体通行效率显著下降。现场未见明显事故、施工或抛洒物迹象，但车流密度极高，存在典型拥堵特征，影响了正常交通秩序，符合拥堵判断标准。
633,5486,占道施工_20231027000335_运行安全_35004115.mp4,正常,占道施工,2023年10月27日00:03:30至00:04:29期间，外环S6立交内圈上匝道处发生占道施工交通事件。现场可见一辆工程车辆停靠在道路左侧车道，车顶闪烁着蓝红警示灯，周围设置了一排红白相间的交通锥桶，形成临时隔离带，占用部分行车道。该施工区域未见明显施工人员活动，但车辆需绕行或减速通过。过往车辆包括多辆轿车、货车及一辆红色警车，均按指示正常行驶，未出现拥堵或事故现象。该施工行为导致左侧车道通行能力下降，对后方车辆造成一定影响，属于典型的占道施工异常情况。
634,5487,多车事故_20240531123535_突发事件_35658081.mp4,异常停车,拥堵,2024年5月31日12时58分至13时00分，外环高速吴淞江桥南路段出现异常停车事件。一辆白色厢式货车在右侧应急车道内完全静止，车辆未开启双闪灯，且无明显故障迹象。该车停靠位置位于道路最右侧车道，导致后方多辆货车和轿车被迫减速绕行，形成短暂拥堵。此行为违反了高速公路非紧急情况下不得随意停车的规定，存在较大安全隐患，影响了道路通行效率和行车安全。
635,5488,异常停车_20230716050432_突发事件_1152393.mp4,正常,异常停车,2023年7月16日05:05:15至05:05:26期间，在外环高速莘庄立交东（外）路段，一辆红色货车在右侧车道内长时间静止不动，车辆开启双闪灯，且无明显故障迹象或驾驶员在车旁活动，符合异常停车行为。
640,5493,异常停车_20240515205714_突发事件_35594512.mp4,正常,异常停车,2024年05月15日20时57分09秒至20时58分08秒，外环高速丰翔路路段夜间监控画面显示，一辆白色轿车在最右侧车道停靠，车辆开启双闪灯，符合异常停车行为。
641,5494,拥堵_20231208070947_突发事件_35202718.mp4,正常,拥堵,2023年12月8日17时19分至17时20分，S20内至G60出省方向匝道处发生拥堵事件。该路段为城市高架道路，双向车道被绿化带分隔，右侧设有“G60杭州方向”和“S20上海方向”的指示牌。视频显示，多辆小客车、货车及一辆公交车在该区域缓慢行驶或停滞，车辆排成长队，车距明显缩短，部分车辆在尝试变道过程中出现轻微急刹行为。涉事车辆包括白色、黑色、红色等多种颜色的私家车，以及一辆绿色公交车，均处于低速行驶状态。由于车流量大且通行速度极低，导致后方车辆持续积压，形成典型的交通拥堵现象。未见明显事故、施工或抛洒物迹象，也无异常停车或二轮车辆闯入情况，推测拥堵可能由前方出口分流或车流高峰引发。整体影响为通行效率显著下降，存在潜在安全隐患。
642,5495,拥堵_20240206132119_突发事件_35355258.mp4,正常,拥堵,2023年7月8日08时15分至08时16分，S20内至G60出省方向的高架路段出现交通拥堵事件，该路段位于通往杭州方向（G60）与浦东机场方向（S20）的交汇处附近，道路两侧设有绿化带和指示牌。视频显示，多辆小客车、货车及面包车在该路段缓慢行驶或完全停滞，车辆排成长队，车距明显缩短，部分车辆刹车灯持续亮起，表明车速极低或处于停滞状态。拥堵主要集中在左侧车道，车辆通行受阻，导致整体通行效率下降，后方车辆被迫减速并依次排队前行，形成典型的早高峰拥堵现象。未见施工设施、异常停车或事故迹象，也无二轮车辆闯入或抛洒物情况，推测拥堵可能由前方交通流量过大或出口分流导致，但未完全排除其他潜在因素。
643,5496,二轮车辆闯入_20230719185216_突发事件_5963878.mp4,正常,__UNK__,2023年7月19日18时52分14秒，在外环高速莘朱路路段，一辆二轮摩托车从右侧车道驶入主路，行驶于多车道高速公路的中间车道，未在专用通道或允许区域通行。该摩托车驾驶员佩戴头盔，车辆无明显牌照，行驶过程中未见逆行或横穿车道等危险行为，但其进入高速公路的行为属于非机动车闯入高速公路的异常情况。由于该路段为城市快速路，禁止二轮车辆通行，此行为违反交通规则，对其他车辆造成潜在安全隐患，影响了道路通行安全与秩序。
644,5497,拥堵_20231010143351_突发事件_34916901.mp4,正常,拥堵,2023年10月10日星期一14时33分至14时34分，位于城市高架道路主干道上，靠近右侧匝道入口处发生多车事故。涉事车辆包括一辆轿车和一辆SUV，其中一辆白色SUV与前方轿车发生追尾碰撞，导致车辆横向偏移并阻塞了右侧车道。事故现场有人员下车查看情况，部分车辆停靠在行车道内未及时撤离，导致该路段交通流明显受阻，车辆行驶缓慢，出现短时拥堵现象。异常特征表现为车辆位置异常（横跨车道、斜停）、存在明显碰撞痕迹以及后方车辆紧急避让行为。
645,5498,占道施工_20240524002533_运行安全_35628720.mp4,占道施工,正常,2024年5月24日00:25至00:26期间，在K14+050路段的高架桥上，发生了一起占道施工交通事件。左侧车道被多个交通锥桶遮挡，施工设施明显占据部分车道，导致车辆需变道或减速行驶。现场可见施工人员穿着反光背心在进行作业，施工区域设有警示牌和闪烁警示灯，提醒过往车辆注意避让。此事件影响了该路段的正常通行，车辆被迫减速或变更车道，但未造成严重拥堵。异常特征包括明显的施工标志、锥桶排列以及施工人员的操作行为，符合占道施工的判断标准。
646,5499,拥堵_20240301080429_突发事件_35381314.mp4,拥堵,正常,2024年3月1日08:07至08:08期间，S20LSTV04监控路段出现交通拥堵事件，地点位于城市快速路双向多车道道路，右侧车道车辆行驶缓慢，车流密集，车辆间距明显缩短，部分车辆处于低速移动或短暂停滞状态，持续时间约一分钟且无缓解趋势。涉事车辆包括各类轿车、货车、客车及公交车，均在正常行驶过程中受阻，未见异常停车、事故或施工迹象。左侧车道车流相对顺畅，但受右侧拥堵影响，整体通行效率下降。该拥堵事件发生在早高峰时段，可能由前方交通流量大或瓶颈路段导致，未发现抛洒物、占道施工或二轮车辆闯入等其他异常情况，主要表现为典型的高峰期城市快速路拥堵特征。
651,5504,异常停车_20240613151852_突发事件_35701795.mp4,异常停车,拥堵,2024年6月13日15时18分至15时19分，外环高速莘朱路路段出现异常停车事件。一辆红色集装箱货车在右侧车道内完全静止，开启双闪灯，车辆处于非停车区域，且无交通信号灯或标志允许其停车。该车停靠位置导致后方多辆货车及轿车被迫减速绕行，形成局部拥堵，影响了道路通行效率。现场未见施工设施、人员或事故痕迹，也无二轮车辆闯入迹象，初步判断为异常停车行为，存在安全隐患。
652,5505,占道施工_20240511004017_运行安全_35579523.mp4,正常,占道施工,2024年5月11日00:40:09至00:41:08期间，外环高速顾戴路路段夜间出现占道施工交通事件。现场可见一辆黄色工程车缓慢行驶在道路右侧车道，车顶警示灯闪烁，车身周围摆放多个红白相间的交通锥桶，形成临时隔离带，占用部分行车道。一名身穿反光背心的工作人员在工程车旁进行作业，疑似进行道路维护或施工作业。该施工区域导致右侧车道通行空间受限，车辆需减速绕行，影响了正常交通流。整体画面显示施工区域布置规范，但存在一定的安全隐患，属于典型的占道施工行为。
659,5512,占道施工_20240129003451_运行安全_35343549.mp4,占道施工,拥堵,2024年1月29日00:34至00:35期间，在G60市区方向至S20外的高速公路上，发生了一起占道施工交通事件。现场可见多辆工程车辆和施工人员在进行作业，施工区域被多个锥桶和围栏遮挡，导致车道数量减少，车辆需变道或减速通行。施工人员穿着反光背心，操作设备，施工区域设有警示牌和闪烁警示灯，以提醒过往车辆注意避让。此次施工导致该路段交通流量减缓，车辆行驶速度明显降低，但未造成严重拥堵。异常特征包括施工设施占据部分车道、施工人员现场作业以及车辆被迫绕行或减速。
660,5513,异常停车_20240605184502_突发事件_35677335.mp4,正常,__UNK__,2024年6月4日10时44分至10时45分，外环高速虹梅南路路段出现抛洒物交通事件。视频显示，该路段为多车道高速公路，天气为雨天，路面湿滑，能见度较低。在视频过程中，两幅画面中均可见到白色物体在行车道上，部分车辆在接近时出现紧急减速或避让行为，但未见明显碰撞或停车行为。涉事车辆包括多辆货车及轿车，其中一辆黄色平板拖车在后续时间段内经过，可能与掉落物品有关。整体影响表现为车道上的异物增加了行车风险，可能引发后方车辆紧急避让或打滑风险，但未引发严重事故。异常特征为：白色异物长期停留在行车道上，未被清理，且无人员下车处理，推测为大型或轻质物品所致。
661,5514,异常停车_20230717102944_突发事件_1156236.mp4,正常,__UNK__,2023年7月17日10时29分45秒，在外环高速吴中路路段，一辆二轮车驶入主路，进入机动车道行驶，该车辆在车流中穿行，未见明显专用二轮车道或禁止标志，驾驶员佩戴头盔，车辆无牌照，其行为导致周边车辆紧急避让，存在较大安全隐患，属于典型的二轮车辆闯入高速公路的异常交通事件。
662,5515,拥堵_20231115064848_突发事件_35102189.mp4,拥堵,正常,2023年11月15日06:14至06:15期间，外环高速沪嘉地道2（外）路段出现严重交通拥堵，车辆行驶缓慢，多辆轿车、货车及大型运输车辆在车道内排成长队，车流持续停滞，部分车辆处于低速移动或短暂停滞状态，未见明显事故或施工迹象，但整体通行效率显著下降，车辆间距极小，后方车辆被迫减速并保持安全距离，符合拥堵判断标准中“多辆车缓慢移动或完全停止”、“排队车辆长度超过正常范围”、“持续一段时间且无缓解趋势”的特征，影响了该路段的正常通行秩序。
663,5516,多车事故_20240625161301_突发事件_35724773.mp4,正常,交通事故,2024年6月25日15时12分，在外环高速北翟路立交北侧路段，道路上有不明物体，该物体位于行车道中央，呈扁平状，颜色较深，疑似为抛洒物。由于车辆行驶速度较快，且多辆大型货车及轿车经过该区域时均未明显避让或减速，因此该抛洒物继续随车流进入行车道，对潜在交通事故可能构成影响。涉事车辆包括一辆红色货车及多辆其他小型汽车，均未见明显停车或处置行为。该事件属于典型的抛洒物交通异常，未引发事故，但存在安全隐患。
665,5518,占道施工_20240416223259_运行安全_35495641.mp4,拥堵,占道施工,2024年04月16日22:32至22:33期间，在某高速公路路段，发生了占道施工交通事件。现场可见多辆工程车辆和施工人员，他们穿着反光背心，在车道上进行作业，旁边放置了多个交通锥桶以隔离施工区域。涉事车辆包括一辆黄色工程车和一辆黄色警示车，它们停在施工区域附近。由于施工占用了一部分车道，导致车道数量减少，过往车辆需变道或减速行驶，对交通流产生了一定影响。异常特征包括施工区域设有警示灯和交通锥桶，且施工人员在现场操作，确保了施工安全与交通秩序。
668,5521,异常停车_20240508195918_突发事件_35571608.mp4,异常停车,正常,2024年5月8日19时59分至20时00分，位于城市高架桥路段的监控画面显示，一辆红色货车在右侧应急车道内长时间静止不动，车辆开启双闪灯，且无明显故障迹象或驾驶员在车旁活动。该车停靠位置位于主行车道，非停车区域，导致后方多辆小型轿车和货车被迫减速绕行，形成局部拥堵。该异常停车行为持续时间较长，且无任何警示标志或施工提示，存在较大安全隐患，影响了正常交通流的顺畅运行。
669,5522,占道施工_20240421231656_运行安全_35505730.mp4,占道施工,正常,2024年04月21日23:16至23:48，在外环高速沪太立交东1-2路段，发生了一起占道施工交通事件。现场可见多辆工程车辆和施工人员，他们穿着反光背心，正在进行施工作业。施工区域被多个锥桶和围栏遮挡，导致车道数量减少，车辆需变道或减速通行。施工人员操作设备，车辆被迫减速或绕行，影响了该路段的正常交通秩序。异常特征包括施工区域设有警示牌和闪烁警示灯，确保过往车辆注意避让。整体来看，此次占道施工对夜间高速公路的交通流量产生了一定影响，但未造成严重拥堵。
670,5523,占道施工_20240126003046_运行安全_35337929.mp4,占道施工,正常,2024年1月26日00:30至00:31期间，在北环高速水产路路段，发生了一起占道施工交通事件。现场可见多辆工程车辆和施工人员在车道上进行作业，施工区域被多个锥桶遮挡，导致车道数量减少，车辆需变道或减速通行。涉事车辆包括一辆黄色工程车和一辆白色货车，它们停在施工区域内，协助施工人员操作设备。施工人员穿着反光背心，正在进行相关操作。由于施工占用部分车道，过往车辆被迫减速或变更车道，影响了道路的正常通行效率。异常特征包括施工设施明显、车辆行驶速度降低以及车道数量减少，符合占道施工的判断标准。
672,5525,占道施工_20240303074825_运行安全_35385193.mp4,占道施工,拥堵,2024年3月3日星期日早上7点48分至7点49分，北环高速铁力路地道桥路段出现占道施工交通事件。现场可见多组红白相间的交通锥桶沿道路右侧车道有序摆放，形成临时隔离带，将部分车道封闭。施工区域位于桥下通道，车辆需绕行至右侧车道通行，导致该车道通行能力下降，过往车辆需减速并注意避让锥桶。期间有多辆机动车（包括轿车、货车）依次通过施工区域，未见明显拥堵或事故现象，但存在因施工导致的车道减少和车辆变道行为。施工区域未见施工人员或工程设备，推测为夜间或非高峰时段作业。整体影响为局部车道通行效率降低，存在潜在安全隐患。
673,5526,拥堵_20240227075605_突发事件_35376429.mp4,拥堵,正常,2024年2月27日07:50至07:51，在某城市高架桥路段，监控画面显示该路段出现严重交通拥堵现象。视频中可见多辆小轿车、货车及一辆黄色出租车（即“沪A”牌照）在车道内缓慢行驶或完全停止，车辆排成长队，车距极短，尾灯持续亮起，表明车辆处于低速或停滞状态。涉事车辆包括白色轿车、黑色轿车、红色货车以及多辆出租车，均在正常行驶过程中因前方交通压力导致通行受阻。由于车流密集且持续时间较长，后方车辆被迫减速并频繁变道，整体通行效率显著下降。该区域为高架桥弯道，两侧设有隔音屏，无施工迹象，也未见异常停车或抛洒物，但车辆密集程度已超出正常通行水平，符合拥堵判断标准，影响了道路正常通行能力。
674,5527,占道施工_20231021011432_运行安全_34970740.mp4,占道施工,正常,2023年10月21日01时14分至01时15分，嘉闵高架路东侧嘉美路南段夜间出现占道施工交通事件。现场可见一辆工程作业车缓慢行驶在左侧车道，车顶闪烁警示灯，周围设置了一排红白相间的交通锥桶，形成临时隔离带，占用部分行车道。一名身穿反光背心的施工人员在锥桶旁进行作业，手持工具并沿锥桶排列方向移动，疑似进行道路维护或清理工作。该施工区域导致左侧车道通行空间受限，车辆需减速绕行，影响了正常交通流。同时，施工区域设有“交替通行”提示牌，提示驾驶员注意避让。整体表现为典型的占道施工场景，符合占道施工判断标准。
675,5528,二轮车辆闯入_20230719192622_突发事件_5963995.mp4,正常,拥堵,2023年7月19日19时26分，外环高速莘庄立交北段发生一起多车事故。事故发生在夜间，监控画面显示一辆白色轿车与前方白色货车发生追尾，涉事车辆均停顿较长时间，车辆位置异常，产生后方紧急停车带效应。现场有多名人员下车查看情况，其中一人站在蓝色货车旁，另一人从白色货车中下车，表明事故涉及至少两辆涉事车辆。事故造成该路段交通拥堵，后续车辆被迫减速绕行，车流缓慢移动，影响了整体通行效率。事故未见明显抛洒物或人员伤亡，但存在车辆追尾、紧急避让行为，符合多车事故特征。
676,5529,占道施工_20240330005458_运行安全_35452551.mp4,占道施工,正常,2024年3月30日00:54至00:55期间，外环高速武威路南（内）路段发生占道施工交通事件。现场可见多辆工程车辆（包括黄色工程车、警车和作业车）停靠在道路右侧车道，周围设置有警示灯和反光标识，施工区域用锥桶围挡，形成临时隔离带。施工人员身穿反光背心，在车道内进行作业或值守，部分车辆因施工导致车道变窄，通行速度明显下降。该施工区域未见明显施工机械或设备作业，但存在明显的交通引导措施，导致右侧车道车辆需减速并变道绕行，影响了正常行车秩序。整体交通流保持有序，但存在因施工引发的局部拥堵风险。异常特征表现为车道被施工设施占用、施工人员在场作业、警示灯闪烁以及车辆有序绕行。
679,5532,占道施工_20231011024603_运行安全_34919184.mp4,异常停车,占道施工,2023年10月11日02时45分至02时46分，外环高速北翟路路段夜间出现占道施工交通事件。现场可见一辆黄色工程车停靠在最左侧车道，车后方设置有多个红白相间的交通锥桶，形成临时隔离带，引导车辆绕行。两名身穿反光背心的施工人员在车辆附近活动，其中一人手持警示灯，另一人在锥桶旁进行作业。该施工区域占用了一条行车道，导致后方车辆需减速并变道通行，车流速度明显减缓，但未出现严重拥堵。施工区域设有警示标志和反光设施，符合规范要求，但未设置明显的施工隔离设施，存在潜在安全隐患。整体交通秩序受一定影响，属于典型的占道施工异常情况。
681,5534,占道施工_20230801005009_运行安全_33411651.mp4,占道施工,正常,2023年8月1日00:50:08至00:51:05期间，东侧元江路入口3的隧道内发生占道施工交通事件。现场可见一辆工程车辆缓慢行驶在右侧车道，车顶闪烁警示灯，周围摆放了多个红白相间的交通锥桶，形成临时隔离带，占用部分行车道。一名身穿反光背心的工作人员在锥桶旁进行作业，疑似调整或清理交通锥桶。该施工行为导致右侧车道通行空间受限，车辆需减速绕行，影响了正常交通流。异常特征包括：车道被锥桶遮挡、警示灯闪烁、施工人员在场作业以及车辆需变道避让，符合占道施工标准。
683,5536,二轮车辆闯入_20230717160741_突发事件_1356333.mp4,正常,拥堵,2023年7月16日17时07分35秒至17时08分03秒，外环高速吴中路路段出现交通拥堵事件，现场多辆机动车在道路上缓慢行驶或完全停止，车辆排成长队，持续时间超过一分钟且无缓解趋势，主要涉及白色轿车、红色货车、蓝色集装箱货车及多辆小型轿车和面包车等，车辆尾灯亮起，部分车辆处于静止状态，影响通行效率，符合拥堵判断标准。
684,5537,占道施工_20240515000709_运行安全_35590522.mp4,正常,拥堵,2024年5月15日00:07:00至00:08:00，在外环高速老沪闵路东（内）路段，发生了一起占道施工交通事件。现场可见车道被锥桶和施工车辆遮挡，多名施工人员穿着反光背心在进行作业，导致车道数量减少，车辆需变道或减速行驶。涉事车辆包括多辆工程车和施工人员，他们操作设备，将部分车道封闭。受此影响，过往车辆被迫减速或绕行，交通流量明显减缓，但未出现严重拥堵现象。异常特征包括施工区域设有警示牌和闪烁警示灯，以提醒驾驶员注意避让。整体来看，此次占道施工对夜间道路交通造成了一定的影响，但未引发严重交通事故。
686,5539,拥堵_20230814074139_突发事件_34575634.mp4,正常,拥堵,2023年8月14日07时41分至07时42分，G60市区方向至S20内2枪机2监控路段出现交通拥堵事件。该路段为城市高架道路，双向车道被绿化带分隔，右侧设有隔音屏障。视频显示，多辆小轿车、货车及厢式运输车在道路上缓慢行驶或停滞，车辆间距明显缩小，车流密度显著增加，形成持续性拥堵。涉事车辆包括白色、黑色、红色等多种颜色的小型轿车、SUV及大型货车，其中一辆蓝色集装箱货车和一辆红色平板货车在画面中较为突出，均处于低速行驶状态。由于车辆排队长度超过正常范围且无缓解趋势，后方车辆被迫减速并保持短距离跟车，部分车辆出现变道行为以尝试绕行。现场未见施工设施、异常停车或事故迹象，也无二轮车辆闯入或抛洒物情况，推测拥堵原因为早高峰车流量过大所致，属于典型交通拥堵事件，对通行效率造成较大影响。
689,5542,二轮车辆闯入_20230720202448_突发事件_33391893.mp4,正常,__UNK__,2023年7月20日20时24分50秒左右，在外环高速莘庄立交东南方向的高架路段，一辆二轮车（摩托车）从右侧车道驶入主路，行驶过程中未在专用通道或非机动车道内通行，且无明显禁止标志区域存在。该二轮车驾驶员佩戴头盔，车辆无牌照特征，其行为属于闯入高速公路禁止通行区域，存在横穿车道的危险驾驶行为，导致后方多辆汽车紧急避让并减速，造成短暂交通干扰，存在较大安全隐患。该事件符合二轮车辆闯入交通异常特征，属于典型违规进入高速公路的危险驾驶行为。
694,5547,拥堵_20231125080309_突发事件_35152150.mp4,拥堵,正常,2023年11月25日星期五上午8时03分至8时04分，沪宁上行进出口路段出现交通拥堵事件。该路段为单向两车道的弯道，道路两侧有绿化带和房屋，右侧有小型水域。视频显示，多辆机动车在该路段缓慢行驶或完全停止，包括红色集装箱货车、白色面包车、红色皮卡车、白色厢式货车及一辆白色大巴车等，车辆排成长队，车距明显缩短，部分车辆刹车灯持续亮起，表明车速极低或处于停滞状态。由于车辆密集且通行缓慢，导致后方车辆被迫减速或停车等待，形成典型的拥堵现象。未见施工设施、事故痕迹或抛洒物，也无异常停车或二轮车辆闯入情况，推测拥堵可能由前方交通流量过大或道路瓶颈所致。整个过程中，车辆保持有序排队状态，未发生碰撞或紧急避让行为，但通行效率显著下降，影响了该路段的正常交通秩序。
696,5549,抛洒物_20240518054200_运行安全_35602636.mp4,正常,__UNK__,2024年5月18日星期六05:42:09，在外环高速北翟路立交北枪机位置，发现一条白色长条状抛洒物静止在行车道上，未及时清理。有车辆在行驶过程中因避让该物体而调整车道，存在安全隐患。该区域为城市高架道路，车流密集，抛洒物虽小但位置明显，引发多辆车辆的避让行为，尤其在05:42:15至05:42:45期间，右侧车道车辆明显减速并试图绕行，左侧车道则未见明显避让情况，但整体交通秩序受到一定程度干扰。该事件符合抛洒物判断标准：车道上有足够尺寸的异物，车辆出现绕行或减速行为，且无人员处理的情况。
697,5550,占道施工_20231207002302_运行安全_35196906.mp4,正常,占道施工,2023年12月7日00:23至00:24期间，嘉闵东京沪立交北入口处发生占道施工交通事件。现场有两名身穿反光背心的施工人员在道路中央作业，周围摆放多个交通锥桶，形成临时隔离区域。一辆工程车停靠在施工区域前方，车顶闪烁警示灯，疑似为施工或应急车辆。施工区域位于主车道，占用部分行车道，导致车辆需减速并变道绕行。该施工行为未见明显施工机械或围挡，但存在明显的车道缩减和人员作业迹象，对正常通行造成一定影响，属于典型的占道施工异常事件。
698,5551,二轮车辆闯入_20230719193435_突发事件_6964023.mp4,正常,__UNK__,2023年7月19日19时34分30秒左右，在S20内至沪闵高架路段，一辆二轮车驶入右侧辅路，该车辆未在专用非机动车道或允许通行区域行驶，存在闯入禁止通行区域的行为，驾驶员佩戴头盔，车辆有明显牌照，属于典型的二轮车辆闯入交通异常事件。
699,5552,异常停车_20240622014743_突发事件_35717766.mp4,拥堵,异常停车,2024年6月22日01时47分42秒至01时48分39秒，外环高速龙吴路路段夜间监控画面显示，一辆白色轿车在最右侧车道停靠，车辆开启双闪灯，符合异常停车行为。
700,5553,占道施工_20240519214642_运行安全_35609013.mp4,拥堵,正常,2024年5月19日21时46分至21时47分，在S6转外环内圈下匝道处发生占道施工交通事件。现场有多辆工程车辆和施工人员进行作业，施工人员穿着反光背心，操作设备，车道被锥桶遮挡，导致车道数量减少，车辆需变道或减速通行。施工区域设有警示牌和闪烁警示灯，对过往车辆的正常行驶造成一定影响，车辆被迫绕行或减速通过该区域。异常特征包括施工设施占据部分车道、施工人员在场操作以及明显的警示标志和灯光提示。
702,5555,占道施工_20231010223653_运行安全_34918540.mp4,拥堵,异常停车,2023年10月10日22时36分至22时37分，沪闵高架至S4金山方向1枪机1监控区域，夜间道路照明良好，路面湿滑。在道路左侧护栏旁，一辆褐色轿车停靠在路边，车辆未开启双闪灯，且长时间静止不动，符合异常停车行为。
703,5556,占道施工_20240517173528_运行安全_35602048.mp4,拥堵,正常,2024年05月12日17时35分，外环高速蕴川立交东段发生占道施工交通事件。现场可见车道被多个红白相间的锥桶遮挡，施工区域设有明显的警示标志和反光设施，车辆需变道行驶。施工区域内未见施工人员，但车道数量减少，导致车辆通行速度减缓，后方车辆出现排队现象，影响了正常交通秩序。该事件符合占道施工标准，表现为车道被临时封闭、设有警示标志及车辆需变道行驶。
704,5557,异常停车_20240623111249_突发事件_35719809.mp4,异常停车,正常,2024年06月23日11时12分至11时13分，G2进外环外圈匝道03路段出现交通拥堵事件。该路段为多车道高速公路，路面湿滑，天气阴雨，能见度较低。视频显示，从11:12:44开始，道路上有车辆缓慢行驶，车流密集，车辆间距明显缩小，部分车辆处于低速移动或短暂停滞状态，持续时间约1分钟且无缓解趋势。涉事车辆包括多辆轿车、货车及一辆黄色出租车，均在正常车道内行驶，未见异常停车、事故或施工迹象。由于车流量大，导致通行效率下降，后方车辆被迫减速并排成长队，影响了整体道路通行能力。此拥堵现象符合“拥堵”异常类型特征，表现为多辆车缓慢移动或完全停止，排队长度较长，且持续时间较长，未见缓解趋势，影响了正常交通秩序。
705,5558,占道施工_20230813011218_运行安全_34570190.mp4,占道施工,正常,2023年8月13日01时18分至01时19分，外环高速吴中路路段夜间出现占道施工交通事件。现场可见多排红白相间的交通锥桶沿道路右侧车道有序摆放，形成临时隔离带，占用部分行车道，导致车辆需绕行或减速通过。施工区域未见明显施工人员或工程车辆作业，但交通锥桶的布置方式符合占道施工特征，表明该路段正在进行道路维护或施工。该行为影响了车辆正常通行效率，造成局部车流缓行，存在潜在安全隐患。
707,5560,异常停车_20240530203723_突发事件_35655743.mp4,异常停车,拥堵,2024年5月30日星期四凌晨4时37分至4时38分，外环高速沪渝立交路段出现严重交通拥堵。该路段为夜间湿滑路面，双向车道中右侧车道车辆密集，车流缓慢移动，刹车灯持续亮起，形成明显的红色光带。涉事车辆包括多辆轿车、货车及厢式运输车，其中部分大型货车如集装箱卡车和厢式货车占据主车道，加剧了通行压力。由于车流量大且路面湿滑，车辆行驶速度明显降低，后方车辆被迫减速并排长队，形成持续性拥堵。现场未见明显事故、施工或异常停车迹象，也无二轮车辆闯入或抛洒物情况，但因夜间光线条件不佳，能见度受限，进一步加剧了交通状况。整体表现为典型的城市高速路夜间高峰期拥堵事件，影响范围覆盖多个车道，持续时间较长，对通行效率造成显著影响。
708,5561,异常停车_20240613170004_突发事件_35702410.mp4,异常停车,正常,2024年6月13日12时00分左右，外环高速沪太立交西2枪机2监控画面显示，一辆蓝色货车停靠在道路右侧应急车道内，车辆开启双闪灯，驾驶员下车后在车旁停留。该车辆长时间静止于非停车区域，导致后方部分车辆被迫减速绕行，影响了应急车道的正常通行功能。现场无明显施工标志或警示设施，也未见其他车辆发生碰撞或事故迹象，但该车辆在非停车区域长时间停留且未开启警示灯，符合异常停车特征，对交通流产生一定干扰。
710,5563,异常停车_20240530093549_突发事件_35653560.mp4,异常停车,正常,2024年5月30日08:39至08:40，在外环高速沪太立交西路段，一辆黑色轿车在行车道上异常停车，车辆完全静止且未开启双闪灯，驾驶员不在车内，导致后方多辆车辆被迫减速避让，影响了道路的正常通行秩序，存在明显的交通安全隐患。
713,5566,占道施工_20231116230341_运行安全_35111724.mp4,正常,拥堵,2023年11月16日23时03分至23时04分，外环高速顾戴路路段夜间发生占道施工交通事件。现场可见一辆黄色工程车停靠在右侧车道，车后方设置多排红白相间的交通锥桶，形成临时隔离带，一名身穿橙色反光工作服的施工人员在锥桶旁进行作业，手持工具并沿锥桶排列方向移动。该施工区域占用了一条行车道，导致过往车辆需减速绕行，部分车辆在通过时出现变道行为。施工区域未见明显警示牌或闪烁警示灯，但锥桶排列有序，对通行造成一定影响。整体交通流保持缓慢通行状态，未出现严重拥堵或事故。
715,5568,拥堵_20240223080106_突发事件_35370040.mp4,正常,拥堵,2024年02月23日星期五08:01:00至08:01:59期间，外环高速吴中路路段出现严重交通拥堵，多车道车辆行驶缓慢或完全停滞，车流密集且持续时间较长，影响范围覆盖多个车道。涉事车辆包括大量轿车、货车及厢式运输车，其中红色集装箱货车、白色厢式货车和黄色出租车等车辆在画面中较为明显，均处于低速行驶或排队状态。道路两侧设有绿化带和护栏，右侧车道有施工标志及锥桶，表明可能存在临时交通管制或施工影响，但未见明显事故或抛洒物。整体表现为典型高峰时段因车流量过大导致的拥堵现象，车辆间距极小，尾灯持续亮起，反映出驾驶员对当前路况的无奈应对。
716,5569,占道施工_20240112011703_运行安全_35312035.mp4,拥堵,正常,2024年1月1日12时16分至12时17分，外环高速武威路南（内）路段夜间出现占道施工交通事件。现场可见多辆工程车辆（包括一辆黄色工程车和一辆红色货车）停靠在右侧车道，车顶警示灯闪烁，周围设置有多个红白相间的交通锥桶，形成临时隔离带，占用部分行车道。施工区域设有“货车通行”标志和限速标志，提示驾驶员减速并注意避让。该施工导致右侧车道通行空间受限，车辆需绕行或减速通过，影响了正常交通流，存在潜在安全隐患。异常特征表现为车道被施工设施遮挡、施工人员在场操作设备、警示标志齐全且有效，符合占道施工判断标准。
719,5572,占道施工_20231125003146_运行安全_35150580.mp4,正常,拥堵,2023年11月25日00:31至00:32期间，在嘉闵西侧隧道内，发生占道施工交通事件。现场可见多辆施工车辆停靠在右侧车道，包括一辆黄色工程车和一辆闪烁警示灯的作业车，施工人员身穿反光背心在车辆旁进行作业。施工区域用多个橙色交通锥桶进行隔离，车道被部分封闭，导致车辆需绕行或减速通过。过往车辆包括轿车、货车等，均按指示减速并依次通过施工区域，未见明显拥堵或事故。该事件符合占道施工判断标准，存在明显的施工设施、警示标志及车道缩减现象，对通行造成一定影响但整体交通秩序可控。
723,5576,占道施工_20231012003701_运行安全_34924719.mp4,占道施工,正常,2023年10月21日00:36至00:37期间，在某城市高架桥路段，发生了一起占道施工交通事件。现场有一辆黄色工程车停在道路左侧，车顶闪烁着警示灯，周围放置了多个交通锥桶，形成临时施工区域。多名身穿反光背心的施工人员在车辆附近进行作业，部分人员在移动锥桶或调整设备。该施工行为导致左侧车道被部分遮挡，车辆需变道行驶，影响了正常交通流。此外，施工区域设有闪烁警示灯，提醒过往车辆注意避让，确保行车安全。整体来看，此次占道施工行为符合规范，但对夜间行车安全产生了一定影响。
725,5578,拥堵_20230922143338_突发事件_34846350.mp4,拥堵,正常,2023年9月22日星期五15时13分，位于城市高架道路的某路段发生拥堵事件。该路段为双向多车道高架桥，路面湿滑，天气阴雨。视频显示，从画面左侧往右侧方向，大量车辆包括轿车、货车、厢式货车及出租车等密集排列，车流缓慢移动，部分车辆处于低速行驶或短暂停滞状态，持续时间约1分钟且无缓解趋势。涉事车辆主要为各类机动车，未见明显事故或异常停车现象，但整体通行效率显著下降，后方车辆被迫减速并排长队，形成典型的交通拥堵状态。右侧车道虽有车辆正常通行，但受主车流影响，整体通行能力受限，符合拥堵判断标准中的多辆车缓慢移动、排队长度超常、发生在瓶颈区域等特征。
728,5581,拥堵_20230815180329_突发事件_34588020.mp4,拥堵,正常,2023年7月18日15时07分04秒，在外环高速沪太立交东2枪机2监控区域，一辆二轮车（摩托车）从右侧车道驶入主路，进入高速公路行车道，该车辆未在专用通道或允许区域通行，且在车流密集的高速公路上逆行穿行，存在严重安全隐患。该二轮车在车流中穿行，周围有多辆轿车和货车正常行驶，其突然闯入导致部分车辆紧急避让，造成短暂交通干扰。该行为违反了高速公路禁止非机动车及二轮车辆通行的规定，属于典型的二轮车辆闯入交通异常事件，对道路安全构成直接威胁。
731,5584,占道施工_20230926024303_运行安全_34862819.mp4,正常,拥堵,2023年9月26日凌晨2时43分，嘉闵东金沙江路出入口附近路段发生占道施工交通事件。现场可见多排红白相间的交通锥桶沿道路一侧有序摆放，形成临时隔离带，占用部分行车道，导致车辆需绕行或减速通过。施工区域设有警示牌和闪烁警示灯，提示过往车辆注意避让。多辆机动车在施工区域前缓慢行驶，其中一辆黄色工程车在施工区域内缓慢行驶，疑似进行道路维护或施工作业。该施工区域未见明显施工人员活动，但存在明显的车道缩减和车辆变道行为，对通行造成一定影响。整体交通流保持有序，未出现拥堵或事故情况，但夜间施工区域的存在符合占道施工特征。
735,5588,拥堵_20240129142521_突发事件_35345183.mp4,正常,拥堵,2024年4月29日14时43分至14时44分，S20内至G60出省方向的高架路段出现交通拥堵事件。该路段位于通往杭州方向（G60）与浦东机场方向（S20）的交汇处，道路两侧有绿化带和指示牌，上方为城市高架桥。视频显示，多辆小轿车、货车及一辆红色消防车在车道内缓慢行驶或完全停止，车辆排成长队，车距明显缩短，部分车辆刹车灯持续亮起，表明车速极低或处于停滞状态。涉事车辆包括白色、黑色、红色等多种颜色的小型轿车及一辆红色消防车，其中红色消防车在车流中占据较大空间，可能加剧了通行压力。由于车辆密集且持续缓慢移动，导致后方车辆被迫减速或停车等待，形成典型的拥堵现象。此拥堵发生在城市高架道路的瓶颈区域，未见明显事故或施工迹象，但车流密度极高，影响了正常通行效率，属于典型的交通拥堵事件。
738,5591,占道施工_20231206231306_运行安全_35196730.mp4,正常,拥堵,2023年12月6日23时13分至23时14分，外环高速老沪闵路东（内）路段夜间发生占道施工交通事件。现场可见多辆工程车辆停靠在右侧车道，包括一辆黄色清障车和一辆红色工程车，周围设置有多个红白相间的交通锥桶，形成临时隔离带，占用部分行车道。施工区域有工作人员身穿反光背心在路边作业，车辆需绕行或减速通过。该施工导致右侧车道通行能力下降，后方车辆行驶速度减缓，存在轻微拥堵趋势，但未见明显事故或异常停车情况。整体交通秩序受施工影响但保持稳定，符合占道施工特征。
739,5592,拥堵_20231211175314_突发事件_35211861.mp4,正常,拥堵,2023年12月11日17时53分至17时54分，外环高速吴中路-1枪机1监控区域出现交通拥堵事件。该路段为多车道高速公路，车流密集，车辆以低速行驶或短暂停滞，主要集中在左侧车道，右侧车道虽有车辆通行但速度明显低于主干道，整体车距缩短，刹车灯频繁亮起，形成连续的缓行状态。涉事车辆包括多辆轿车、货车及厢式运输车，其中红色、白色和黑色轿车较为集中，部分车辆在车道间频繁变道，加剧了通行压力。由于车流量大且持续时间较长，导致通行效率下降，后方车辆被迫减速并排队前行，未见明显事故或障碍物，但存在因高峰时段车流集中引发的常态化拥堵特征。该事件影响了该路段的正常通行秩序，存在潜在追尾风险，属于典型的拥堵异常事件。
743,5596,占道施工_20240312231703_运行安全_35404903.mp4,占道施工,正常,2024年03月12日23:16至23:17，在外环高速沪太立交东1-2路段，发生了一起占道施工交通事件。现场可见多辆工程车辆和施工人员在进行作业，施工人员穿着反光背心，操作设备，车道被锥桶遮挡，导致车道数量减少，车辆需变道或减速通行。施工区域设有警示牌和闪烁警示灯，对过往车辆的正常行驶造成一定影响，车辆被迫减速或绕行，但整体交通秩序未出现严重混乱。此事件符合占道施工的判断标准，包括施工设施遮挡车道、施工人员操作设备以及车辆需变道或减速等特征。
745,5598,拥堵_20231009162722_突发事件_34911991.mp4,拥堵,正常,2023年10月10日星期五16时27分至16时28分，位于城市快速路某路段（道路标线内）发生持续性交通拥堵事件。该路段为多车道高速公路，双向通行，右侧车道车辆排成长队，车流缓慢移动，部分车辆处于停滞状态，持续时间超过一分钟且无缓解趋势。涉事车辆包括各类轿车、货车、厢式货车及大型集装箱运输车，其中可见红色集装箱货车、白色厢式货车、蓝色集装箱货车及绿色篷布覆盖的货车等。车辆均正常行驶，未见异常停车、事故或施工迹象，也无二轮车辆闯入或抛洒物情况。拥堵主要集中在右侧车道，影响范围较广，导致后方车辆被迫减速并保持安全距离，整体通行效率显著下降。异常特征表现为车流密度高、车速普遍低于正常水平、排队长度持续增加，符合典型拥堵判断标准。
748,5601,拥堵_20230829193639_突发事件_34665815.mp4,正常,拥堵,2023年8月19日29时36分至29时37分，外环高速沪太立交东段发生交通拥堵事件，现场多辆轿车、货车及大型运输车辆在行车道上缓慢行驶或完全停止，车流密集且持续时间较长，车辆尾灯连成一片红色光带，表明通行速度极低。涉事车辆包括多辆小型轿车、厢式货车及大型集装箱卡车，均处于低速或停滞状态，部分车辆因前方拥堵被迫减速或停车。该路段为高速公路主线，无明显施工迹象，也未见异常停车或事故车辆，但因车流量大导致通行效率显著下降，形成典型拥堵现象，影响了整体道路通行能力，存在潜在安全隐患。
749,5602,拥堵_20231216093549_突发事件_35232204.mp4,正常,拥堵,2023年12月16日星期一上午9时35分至9时36分，外环高速京沪铁路桥南路段出现交通拥堵事件。该路段为多车道高速公路，车流密集，主要由轿车、货车及少量客车组成，车辆在多个车道内缓慢行驶或处于停滞状态，持续时间约一分钟且无缓解趋势。涉事车辆包括各类小型轿车、厢式货车、集装箱卡车及面包车，均在正常车道内行驶，未见异常停车、事故或施工迹象。由于车流量大，车辆间距明显缩小，后方车辆被迫减速并排成队列，形成典型的拥堵现象。此拥堵发生在城市高架道路主干道，影响范围覆盖多个车道，对通行效率造成显著影响，属于典型的城市早高峰拥堵事件。
753,5606,拥堵_20240313172446_突发事件_35407752.mp4,正常,拥堵,2024年6月19日17时28分至17时29分，外环高速北翟路立交北方向发生拥堵事件。该路段为多车道高速公路，车流密集，主要由轿车、货车及厢式运输车组成，其中红色集装箱货车、白色厢式货车、蓝色SUV和红色皮卡车等车辆在车道内缓慢行驶或停滞。视频显示，车辆间距明显缩小，部分车辆刹车灯持续亮起，表明车速极低，且持续时间较长，未见明显缓解趋势。拥堵主要集中在左侧车道，右侧车道相对通畅，但受整体车流影响，车辆排成长队，通行效率显著下降。现场无施工设施、异常停车或事故迹象，也无二轮车辆闯入或抛洒物出现，推测拥堵原因为高峰时段车流量过大所致，属于典型的城市快速路交通拥堵事件。
764,5617,占道施工_20231031232432_运行安全_35027571.mp4,占道施工,正常,2023年10月31日23时24分至23时25分，S20外环线至S4金山方向的高架路段发生占道施工交通事件。现场可见多辆车辆在夜间行驶，道路右侧车道被一排红白相间的交通锥桶封闭，形成临时隔离带，部分车道被占用。一辆工程车停靠在施工区域前方，车灯开启，疑似正在进行施工作业。施工区域设有警示标志和反光设施，但未见明显施工人员活动。该施工导致右侧车道通行能力下降，车辆需变道绕行，影响了正常交通流，存在一定的交通安全隐患。异常特征包括：车道被交通锥桶封闭、工程车停放及施工设施布置，符合占道施工判断标准。
767,5620,占道施工_20240510232715_运行安全_35579520.mp4,占道施工,正常,2024年5月10日23时27分至23时28分，在G60市区方向至S20外的高速公路上，发生了一起占道施工交通事件。现场可见一辆黄色工程车停在道路右侧，多名施工人员穿着反光背心在车道上进行作业，他们使用了多个橙白相间的交通锥桶对施工区域进行了隔离。施工导致该路段的车道数量减少，过往车辆需减速并变道绕行，影响了道路的正常通行。施工区域设有警示灯，以提醒来往车辆注意避让。整个过程中，施工人员有序地进行作业，未见明显违规行为，但施工设施的存在对交通流产生了一定的影响。
768,5621,拥堵_20230801133135_突发事件_33411920.mp4,拥堵,正常,2023年8月1日13时31分至13时32分，外环高速仙霞路南（外）路段出现交通拥堵事件。该路段为多车道高速公路，双向车流密集，车辆包括轿车、货车、厢式货车及工程车辆等。视频显示，从13:31:30起，右侧车道车辆行驶缓慢，车距明显缩短，部分车辆几乎处于停滞状态，形成连续排队现象，持续时间约一分钟且无缓解趋势。涉事车辆包括红色集装箱货车、白色厢式货车、黄色工程车及多辆私家车，均在正常车道内行驶，未见异常停车或事故迹象。由于车流密集，导致通行效率下降，后方车辆被迫减速或变道绕行，影响整体通行秩序。该拥堵发生在高速公路瓶颈区域，可能与前方交通流量大或施工占道有关，但未观察到施工围挡或警示标志，推测为常规性拥堵。现场无明显抛洒物、异常停车或二轮车辆闯入现象，也未发现多车碰撞或人员下车交涉等事故迹象，因此判断为典型的交通拥堵事件。
771,5624,拥堵_20230926160503_突发事件_34866021.mp4,拥堵,正常,2023年9月26日16时05分，嘉闵西侧定焦02监控点位显示，隧道内双向车道出现持续性交通拥堵，车辆行驶缓慢，车流密集且间距较小，多辆小轿车、SUV及一辆黄色大巴车在车道内排队缓行，部分车辆刹车灯持续亮起，表明车速极低或处于停滞状态。拥堵区域位于隧道中段，路面无明显施工迹象，亦无事故或抛洒物等异常情况，但因车流量大且通行效率降低，导致整体通行能力下降，形成典型早高峰时段的交通拥堵现象，影响了该路段的正常交通秩序。
772,5625,二轮车辆闯入_20230722162028_突发事件_33394752.mp4,正常,__UNK__,2023年7月22日16时20分25秒左右，在外环高速莘庄立交北段，一辆二轮车从右侧车道驶入主路，进入机动车道行驶，该车辆未在专用非机动车道或辅路通行，且无明显标识显示其具备通行权限，驾驶员佩戴头盔，存在逆行风险和横穿车道行为，导致后方车辆紧急避让，造成短时交通干扰，属于典型的二轮车辆闯入高速公路的危险行为。
774,5627,拥堵_20230725073324_突发事件_33398644.mp4,拥堵,正常,2023年7月25日星期一13时13分至13时14分，某城市高架桥路段出现严重交通拥堵事件。该路段为双向多车道高架道路，左侧为南向车道，右侧为北向车道，车辆密集且行驶缓慢，车流持续积压，车辆间距极小，部分车辆处于低速蠕动状态，未见明显加速趋势。涉事车辆包括大量私家车、出租车、货车及一辆大型客车，其中白色、黑色、红色等颜色的私家车较为集中，部分车辆在车道内频繁变道或减速，导致整体通行效率下降。右侧车道虽有车辆正常通行，但受左侧拥堵影响，部分车辆被迫变道至左侧车道，形成连锁拥堵效应。现场未发现事故、施工或抛洒物等直接诱因，但车流密度极高，持续时间较长，符合典型拥堵特征，影响了该路段的正常通行秩序。
777,5630,二轮车辆闯入_20230720232524_突发事件_33392725.mp4,正常,异常停车,2023年7月20日23时25分至23时26分，外环真南路入口路段夜间监控画面显示，一辆白色轿车在右侧应急车道内长时间静止不动，车辆开启双闪灯，驾驶员下车处理，符合异常停车行为。
780,5633,抛洒物_20240607111619_运行安全_35683421.mp4,正常,异常停车,2024年6月7日15时16分至15时17分，外环高速沪太立交东1-2路段，一辆白色轿车在右侧车道内完全静止，车辆未开启双闪灯，车辆无明显故障特征，该行为符合异常停车特征，对通行造成潜在安全隐患。
782,5635,占道施工_20240118000712_运行安全_35325092.mp4,正常,拥堵,2024年1月18日00:07:09至00:07:28期间，在外环高速京沪立交南2枪机1监控范围内，一辆工程作业车停靠在道路右侧应急车道上，车辆顶部警示灯持续闪烁，车身周围设置有反光锥桶和警示标志，表明正在进行占道施工。该施工区域位于“前方500米紧急停车带”指示牌附近，且无明显施工人员活动迹象。涉事车辆长时间静止，导致后方多辆货车和轿车被迫减速或变道绕行，交通流出现短暂拥堵，影响了该路段的通行效率。异常特征包括：施工警示设施、限速标志、锥桶布置均符合占道施工标准，车辆通行受阻且存在潜在安全隐患。
783,5636,异常停车_20240529022442_突发事件_35647732.mp4,异常停车,正常,2024年5月29日02时24分35秒至02时25分34秒，外环高速北翟路路段夜间监控画面显示，一辆白色轿车在道路右侧应急车道内长时间静止不动，车辆开启双闪灯，且无明显故障迹象，驾驶员下车处理。该车位于行车道与应急车道之间，属于非停车区域，周围无交通信号灯或标志允许停车，符合异常停车特征。期间，后方多辆车辆因避让该车而减速行驶，影响了正常通行秩序。此行为符合异常停车判断标准中的多项特征：车辆在非停车区域完全静止、未开启警示灯、未按规定车道行驶。
788,5641,二轮车辆闯入_20230721140501_突发事件_33393698.mp4,异常停车,正常,2023年7月21日14时05分02秒，在外环高速莘庄立交东（外）路段，一辆二轮摩托车从左侧车道驶入主路，行驶于多车道高速公路的中间区域，未在专用通道或允许通行区域行驶，且无明显禁止标志区域，驾驶员佩戴头盔，车辆无牌照特征，该行为属于二轮车辆闯入高速公路的危险驾驶行为，对周边正常行驶的机动车构成潜在安全隐患，导致部分车辆紧急避让，存在较大交通风险。
789,5642,异常停车_20240625180222_突发事件_35725201.mp4,异常停车,拥堵,2024年6月25日18时05分至18时26分，位于城市快速路某路段（路面标有“非机动车”字样），一辆白色面包车在行车道上异常停车，车辆完全静止且开启双闪灯，后方多辆车辆被迫减速绕行，造成短时交通拥堵。该行为发生在雨天湿滑路面上，进一步加剧了通行风险，符合异常停车的判断标准。
790,5643,拥堵_20240316145206_突发事件_35416360.mp4,正常,拥堵,2024年3月16日14时55分，外环高速沪太立交西1（内）路段出现交通拥堵事件，现场多辆小轿车、货车及厢式运输车在行车道上缓慢行驶或停滞，车辆排成长队，持续时间超过10秒且无缓解趋势，主要集中在右侧车道，部分车辆因前方拥堵而减速变道，导致整体通行效率下降。涉事车辆包括白色面包车、红色厢式货车、黑色轿车及多辆私家车，均处于低速行驶状态，未见明显事故或障碍物导致的突发阻塞，但因车流量大且道路存在瓶颈，造成通行不畅，符合拥堵判断标准。异常特征表现为车辆密集、行驶速度显著降低，影响范围覆盖多个车道，持续时间较长，符合典型拥堵特征。
791,5644,异常停车_20230716094748_突发事件_1153365.mp4,正常,__UNK__,2023年7月16日星期日上午9时47分至9时48分，北环高速富锦路路段道路上有不明物体，该物体体积较小且静止于行车道上，未被及时清理。有车辆经过该区域时发现异物未除，遂采取紧急避让措施，导致后方车辆出现短暂绕行和减速行为，存在一定的交通安全隐患。根据视频分析，该抛洒物对交通影响较小，但属于典型的抛洒物异常事件，可能由事故后遗落之物所致，当前正由清障车辆逐步清理。
797,5650,异常停车_20240530103359_突发事件_35653736.mp4,异常停车,正常,2024年5月30日星期四上午10:33至10:34，在某高速公路路段，发生了一起多车事故。涉事车辆包括一辆白色轿车和一辆白色SUV，其中白色SUV在行驶过程中突然停车，驾驶员下车查看情况，导致后方车辆被迫减速或绕行，引发了交通拥堵。事故现场可见车辆位置异常，白色SUV停靠在车道内，影响了后方车辆的正常通行。此异常停车行为和车辆的异常停车行为，使得后续车辆被迫减速或变道，造成了严重的交通拥堵现象。此外，该路段为多车道高速公路，车流量较大，而事故车辆的异常停车行为进一步加剧了交通压力，影响了道路的正常通行秩序。
798,5651,异常停车_20230716092657_突发事件_1153304.mp4,正常,__UNK__,2023年7月16日星期日09:26:53至09:27:50期间，在一条多车道高速公路的右侧车道上，出现红色物体（疑似为抛洒物）于画面底部左侧位置，位于道路边缘且未被及时清理。该物体在视频开始时即已存在，未见明显车辆掉落或撞击过程，但后续多辆过往车辆未发现及时避让或减速行为，表明该物体可能来自前方货车货箱掉落。涉事车辆未在画面中明确显示，但根据位置及车辆通行情况推测，可能为后方大型货车运输过程中货物固定不当所致。此事件虽未造成直接碰撞或停车，但对后方车辆行车安全构成潜在威胁，属于典型抛洒物异常事件，需及时发现与处理。
799,5652,拥堵_20240301074816_突发事件_35381136.mp4,拥堵,正常,2024年3月1日7时48分至7时49分，G60市区方向至S4金山方向路段出现交通拥堵事件。该路段为多车道高架道路，车流密集，车辆以缓慢速度行驶，部分车辆处于停滞状态，形成持续性排队现象。涉事车辆包括多辆轿车、货车、客车及大型运输车，如白色大巴、红色集装箱货车、白色厢式货车等，均在正常车道内行驶，未见异常停车或事故迹象。车辆间距明显缩小，后方车辆被迫减速并保持安全距离，整体通行效率显著下降。拥堵主要集中在道路中段，影响范围较长，持续时间超过一分钟，且无缓解趋势，符合典型拥堵特征。现场未发现施工设施、抛洒物或交通事故痕迹，推测拥堵可能由前方车流汇聚或突发性流量饱和导致。
800,5653,拥堵_20231226073659_突发事件_35262655.mp4,拥堵,正常,2023年12月26日星期二早上7点36分至7点37分，外环高速吴中路路段出现严重交通拥堵。该路段为双向多车道高速公路，左侧方向车流密集，车辆行驶缓慢，部分车辆处于低速移动或短暂停滞状态，排队长度持续延伸，影响通行效率。右侧方向车流相对顺畅，但受左侧拥堵影响，整体通行能力下降。涉事车辆包括大量轿车、货车、客车及公交车，其中红色集装箱货车、白色厢式货车、黄色大巴车等在画面中较为显眼。车辆均正常行驶，未见异常停车、事故或抛洒物等现象，也无明显施工迹象。拥堵主要集中在左侧主干道，可能与早高峰车流量大有关，导致后方车辆被迫减速并排成长队，形成典型早高峰拥堵特征。
802,5655,拥堵_20231123065055_突发事件_35141719.mp4,拥堵,正常,2023年11月23日06:50:50至06:51:48期间，在S4市区方向至S20内枪机1监控路段，右侧车道靠近护栏处出现一个白色塑料袋，随后在车辆持续行驶过程中，该白色塑料袋被多辆过往车辆抛洒至右侧车道。现场未见驾驶员，但其存在对后方车辆造成潜在安全隐患，部分车辆在接近该区域时有紧急避让行为，其中有多辆货车和轿车减速绕行。该抛洒物尺寸较小，但为潜在危险物品，属于典型抛洒物异常事件，影响正常通行秩序。
803,5656,异常停车_20240512110043_突发事件_35582924.mp4,异常停车,正常,2024年5月12日11时00分33秒至11时01分38秒，外环高速沪渝立交段出现异常停车事件。一辆白色货车在右侧车道内完全静止，车辆开启双闪灯，驾驶员下车查看，车辆后方多辆汽车被迫减速绕行。该车停靠位置位于行车道内，非停车区域，且无交通信号灯或标志允许停车，导致后方车辆通行受阻，形成局部拥堵。该异常停车行为持续约1分钟，影响了右侧行车道的正常交通秩序。
804,5657,异常停车_20240624010217_突发事件_35720497.mp4,异常停车,正常,2024年6月24日01时02分至01时03分，外环高速吴淞江桥南路段，一辆红色货车在右侧应急车道内长时间静止不动，车辆未开启双闪灯，且无明显故障迹象或驾驶员在车旁处理情况，导致后方车辆被迫绕行或减速，影响了该车道的正常通行秩序。该行为符合异常停车特征，存在安全隐患。
805,5658,异常停车_20240511102825_突发事件_35581105.mp4,异常停车,拥堵,2024年5月11日10时38分至10时39分，外环高速京沪立交南2枪机2监控画面显示，该路段出现严重交通拥堵，车辆行驶缓慢，多车道内车辆排成长队，车流密度极高，部分车辆处于停滞状态。涉事车辆包括大量轿车、货车及厢式运输车，其中红色货车和白色面包车较为显眼，车辆在多个车道内持续低速移动或短暂停滞，未见明显事故或障碍物导致阻塞，但整体通行效率显著下降，后方车辆被迫减速并频繁变道以维持秩序，现场无施工迹象，也未发现异常停车、抛洒物或二轮车辆闯入等情况，拥堵主要由早高峰车流量大及天气因素共同引发，属于典型早高峰时段的常态化交通拥堵事件。
806,5659,异常停车_20230718134257_突发事件_1961016.mp4,正常,拥堵,2023年7月13日13时42分至13时43分，外环高速仙霞路（内）路段出现拥堵交通事件。该路段为多车道高速公路，双向车流密集，车辆包括轿车、货车、客车及大型运输车等各类机动车。从视频画面可见，右侧车道车辆行驶缓慢，部分车辆处于低速移动或短暂停滞状态，形成连续排队现象，持续时间超过一分钟且无缓解趋势。左侧车道虽有车辆正常通行，但整体车速明显低于正常水平，部分车辆频繁变道，加剧了通行压力。拥堵区域位于高架桥下，道路两侧绿树成荫，未见施工设施或事故迹象，也无抛洒物或异常停车情况。该拥堵主要由车流量大导致，可能与早高峰时段交通压力叠加有关，影响了该路段的通行效率，属于典型的城市快速路拥堵事件。
807,5660,占道施工_20240414000951_运行安全_35489090.mp4,占道施工,正常,2024年4月14日00:09至00:10期间，在外环高速曹安路枪机2处，发生了一起占道施工交通事件。现场可见多辆工程车辆和施工人员在进行作业，施工人员穿着反光背心，操作设备，车道被锥桶遮挡，导致车道数量减少，车辆需变道或减速通行。施工区域设有警示牌和闪烁警示灯，对过往车辆的正常行驶造成一定影响，车辆被迫减速或绕行，但整体交通秩序未出现严重混乱。此事件符合占道施工的异常特征，包括施工设施遮挡车道、施工人员现场作业以及车辆需变道或减速等现象。
808,5661,占道施工_20230816233912_运行安全_34592138.mp4,占道施工,正常,2023年8月16日23时39分至23时40分，外环高速沪太立交东1-1 03路段夜间发生占道施工交通事件。现场可见多辆工程车辆停靠在道路右侧车道，包括一辆黄色工程车、一辆红色货车及一辆黄色吊车，车辆均开启警示灯，周围设置有多个橙白相间的交通锥桶，形成临时隔离区域。施工区域位于道路右侧，占用部分行车道，导致该车道通行能力下降，后方车辆需减速绕行。施工区域未见明显施工人员活动，但存在明显的施工设施布置，且施工区域与正常行车方向有明显分流，对过往车辆造成一定影响。整体交通流保持缓慢通行状态，未出现严重拥堵或事故情况。
809,5662,占道施工_20231224015650_运行安全_35255807.mp4,占道施工,正常,2023年12月24日01:58至01:59期间，外环高速铁力路西枪机2路段夜间发生占道施工交通事件。现场可见多辆工程车辆停靠在右侧车道，包括一辆黄色工程车和一辆红色货车，均开启警示灯，周围设置大量红白相间的交通锥桶，形成临时隔离带，占用部分行车道。施工区域未见明显施工人员活动，但车辆通行速度明显降低，后方车辆需减速绕行通过施工区域。该施工行为导致车道数量减少，影响了正常交通流，存在潜在安全隐患，符合占道施工特征。
811,5664,拥堵_20230809091108_突发事件_34550769.mp4,拥堵,正常,2023年6月9日09时10分04秒至09时11分02秒，外环高速蕴藻浜桥北2（外）路段出现异常停车事件。在该时间段内，一辆红色货车在右侧应急车道内完全静止，未开启双闪灯，且驾驶员未在车内，车辆处于非正常行驶状态。该车停靠位置位于道路右侧护栏旁，占据部分行车道空间，导致后方车辆被迫减速绕行，影响了正常交通流。此行为符合异常停车判断标准中的多项特征：完全静止、无合法停车标志允许、未开启警示灯、影响后方车辆通行。
812,5665,占道施工_20230918234725_运行安全_34818306.mp4,正常,占道施工,2023年9月18日23时47分至23时48分，位于城市高架桥路段的夜间监控画面显示，该路段右侧车道被一排红白相间的交通锥桶封闭，形成临时隔离带，车辆需绕行至左侧车道通行。期间，多辆货车、轿车及一辆应急车（包括一辆蓝色警车和一辆红色消防车）依次通过该区域，车流平稳，未见明显拥堵或事故迹象。由于车道被部分封闭，车辆需减速并变道行驶，对通行效率产生一定影响。现场无施工人员、警示标志或其他异常情况，交通秩序正常，属于典型的占道施工类交通异常事件。
813,5666,异常停车_20240531113320_突发事件_35657891.mp4,拥堵,正常,2024年5月31日11时37分04秒至11时38分02秒，外环高速吴淞江桥南路段出现异常停车事件。一辆白色厢式货车在右侧车道内完全静止，未开启双闪灯，驾驶员下车在车尾处活动，车辆长时间停靠在行车道上，导致后方多辆车辆被迫减速绕行，影响了该路段的正常通行秩序。该行为不符合高速公路临时停车规定，且无明显故障迹象或紧急情况，属于非紧急情况下的违规停车，存在安全隐患。
816,5669,异常停车_20240614132418_突发事件_35704549.mp4,异常停车,拥堵,2024年6月13日14时28分至14时29分，外环高速沪太立交西段出现交通拥堵事件。该路段为多车道高速公路，双向车流密集，其中南向北方向车辆行驶缓慢，部分车辆处于停滞状态，形成明显排队现象。涉事车辆包括多辆轿车、货车及厢式运输车，其中一辆红色集装箱货车、一辆白色厢式货车和一辆白色面包车等在车流中穿行，未见异常停车或事故迹象。车辆间距较小，后方车辆被迫减速并保持低速行驶，导致通行效率下降。现场未见施工设施、抛洒物或交通事故痕迹，也无二轮车辆闯入情况，但因车流量大且车辆类型多样，造成整体通行不畅，符合拥堵判断标准。
819,5672,异常停车_20230721033029_突发事件_33393073.mp4,正常,__UNK__,2023年7月21日03时30分至03时31分，外环高速虹梅南路路段夜间监控画面显示，一辆二轮车辆（疑似电动车或摩托车）从右侧车道驶入主干道，行驶于机动车道内，未在专用非机动车道或辅路行驶，且无明显禁止标志区域存在。该二轮车辆在车流中穿行，存在逆行、横穿车道等危险行为，驾驶员未佩戴头盔，车辆无牌照特征明显，其闯入行为导致后方多辆汽车紧急避让，造成短暂交通干扰，存在较大安全隐患。该事件符合二轮车辆闯入交通异常特征，属于典型违规进入机动车道的危险行为。
821,5674,占道施工_20240322230926_运行安全_35433096.mp4,占道施工,正常,2024年3月22日23时09分至23时10分，G60市区方向至S20内1路段发生占道施工交通事件。现场可见多辆车辆在夜间行驶过程中，道路右侧车道被一排红白相间的交通锥桶封闭，形成明显的施工隔离带，车道数量减少，车辆需变道行驶。施工区域前方有工程车辆和警示灯闪烁，提示存在施工活动。涉事车辆包括多辆轿车、货车及一辆警车，均正常行驶并遵守交通规则，未发生拥堵或事故。由于车道被占用，车辆需减速并绕行，影响了通行效率，但整体交通秩序未出现严重混乱。异常特征为车道被物理隔离、警示灯闪烁、车辆行驶路径改变，符合占道施工的典型特征。
822,5675,抛洒物_20240116064632_运行安全_35320458.mp4,正常,__UNK__,抛洒物
823,5676,占道施工_20240521230951_运行安全_35618456.mp4,占道施工,拥堵,2024年5月21日23时09分至23时10分，外环高速南大路北（内）路段发生占道施工交通事件。现场可见多排橙白相间的交通锥桶沿道路左侧车道有序摆放，形成临时隔离带，部分车道被封闭，车辆需绕行或减速通过。施工区域未见明显施工人员或工程设备，但锥桶排列整齐且持续存在，表明正在进行或准备进行道路施工。该施工导致左侧车道通行能力下降，后方车辆行驶速度减缓，存在轻微拥堵风险。整体交通流保持有序，但存在因施工引发的车道变窄和行车风险。
825,5678,异常停车_20240624165019_突发事件_35722342.mp4,异常停车,正常,2024年6月24日16时50分至16时51分，位于城市高架桥路段的监控画面显示，一辆红色货车在右侧车道内长时间静止不动，车辆开启双闪灯，且无驾驶员在车内活动迹象，周围其他车辆正常行驶但需绕行避让。该车停靠位置位于行车道内，非停车区域，且无交通信号灯或标志允许停车，符合异常停车特征。
826,5679,拥堵_20230926155918_突发事件_34866011.mp4,拥堵,正常,2023年9月26日15时59分至16时00分，G2进外环外圈匝道03路段出现交通拥堵事件。该路段为多车道高速公路，车流密集，主要由货车和轿车组成，其中红色厢式货车、白色厢式货车、白色面包车及多辆大型集装箱卡车等大型车辆在道路上缓慢行驶或停滞，部分车辆间距离过近，通行速度明显下降。车辆在多个车道内持续排队，未见明显事故或障碍物，但整体车流密度较高，导致通行效率降低。由于车流量大且无明显施工或抛洒物迹象，推测拥堵可能由高峰时段车流集中或前方存在未被捕捉的瓶颈区域引起。该拥堵影响了该路段的正常通行秩序，存在潜在安全隐患。
830,5683,拥堵_20231101092102_突发事件_35029708.mp4,正常,拥堵,2023年11月1日星期三上午9时08分至9时09分，北环高速同济路立交南段出现交通拥堵事件。该路段为多车道高速公路，双向车流密集，其中南向车道车辆行驶缓慢，车距明显缩短，车辆呈连续排队状态，部分车辆在车道内低速移动或短暂停滞，未见完全停止。涉事车辆包括多辆轿车、货车、客车及公交车，均在正常行驶过程中因前方车流积压而减速或停顿。拥堵主要集中在靠近立交桥区域，影响范围覆盖多个车道，持续时间约一分钟且无缓解趋势，符合典型拥堵特征。现场未发现异常停车、施工设施、二轮车辆闯入、抛洒物或交通事故等直接诱因，但车流密度高、通行效率下降，属于典型的城市高峰时段交通拥堵现象。
831,5684,拥堵_20240311175236_突发事件_35401800.mp4,拥堵,正常,2024年3月11日17时52分，外环高速北翟路立交北方向交通，监控画面显示该路段车辆行驶缓慢，车流密集，多辆轿车、货车及大型运输车在车道内排队缓行，部分车辆刹车灯持续亮起，显示车辆处于低速或停止状态，形成明显的拥堵现象。涉事车辆包括红色集装箱货车、绿色篷布覆盖货车、白色厢式货车、黑色轿车及黄色出租车等，均在正常行驶过程中因前方交通压力导致通行效率下降。由于车距极短，后方车辆频繁变道以维持速度，整体通行速度显著降低，且无明显事故或施工迹象，但车流密度极高，已构成典型拥堵事件，影响了该路段的正常交通秩序。
832,5685,二轮车辆闯入_20230719205021_突发事件_6964404.mp4,正常,__UNK__,2023年7月19日20时50分22秒，在外环高速沪嘉立交南段，一辆二轮车从右侧车道驶入主路，进入高速公路行车道，该车辆未在专用通道或允许区域通行，驾驶员佩戴头盔，且车辆有明显牌照，属于典型的二轮车辆闯入高速公路的异常事件。
833,5686,拥堵_20231214105941_突发事件_35223641.mp4,拥堵,正常,2023年11月4日10时59分40秒左右，在外环高速沪太立交西段，监控画面显示多车道正常行驶的车辆中，右侧应急车道与主车道之间出现散落的橙色锥桶状物体，疑似为施工或事故后遗弃物。该异物位于道路右侧护栏附近，未见明显车辆碰撞痕迹或停靠行为，但有车辆在经过该区域时出现轻微避让动作，表明存在潜在安全隐患。涉事车辆未明确显示，但现场无人员下车处理，也未见施工警示标志或作业人员。该抛洒物可能来自过往货车运输或施工车辆掉落，对后方车辆构成视觉干扰和行车风险，属于典型的抛洒物交通异常事件。
836,5689,占道施工_20231020230244_运行安全_34970425.mp4,拥堵,正常,2023年10月20日23时02分至23时03分，G60市区方向至S20内1路段发生占道施工交通事件。现场可见多辆工程车辆停靠在道路右侧，包括一辆带有警示灯的作业车和一辆黄色工程车，周围布设了大量红白相间的交通锥桶，形成临时隔离带，占用部分车道。施工区域前方设有“前方施工”警示牌和限速30公里/小时标志，提示过往车辆减速通行。多名身穿反光背心的施工人员在锥桶旁进行作业，部分人员在移动锥桶或调整交通设施。该施工导致车道变窄，车辆需绕行或减速通过，影响了正常交通流。异常特征包括：施工设施密集、警示标志清晰、施工人员在场作业、车辆通行受阻且速度降低，符合占道施工的判断标准。
837,5690,异常停车_20240604101555_突发事件_35671162.mp4,正常,异常停车,2024年5月4日10时19分43秒至10时20分10秒，外环高速沪太立交西3枪机1监控画面显示，在道路右侧应急车道上有一辆白色厢式货车长时间静止停放，车辆未开启双闪灯，且无明显故障迹象或驾驶员在车旁活动，符合异常停车行为。
842,5695,占道施工_20230815234023_运行安全_34587926.mp4,占道施工,正常,2023年8月25日23时40分至23时41分，外环高速顾戴路北（内）路段夜间出现占道施工交通事件。现场可见多辆工程车辆停靠在道路右侧车道，包括一辆黄色工程车和一辆红色货车，周围设置有多个橙白相间的交通锥桶，形成临时隔离区域。施工区域位于行车道一侧，导致该车道被部分封闭，车辆需绕行或减速通过。施工区域内可见施工人员活动，部分车辆因避让施工区域而变道行驶，车流速度有所减缓，但整体通行未出现严重拥堵。该施工行为符合占道施工标准，存在明显的施工设施、警示标志及车道封闭情况，对正常交通流造成一定影响。
843,5696,拥堵_20240102131205_突发事件_35286554.mp4,正常,拥堵,2023年12月21日13时12分，S20内至G60出省方向的高架路段发生交通拥堵事件，地点位于通往杭州方向（G60）与浦东机场方向（S20）交汇处附近。视频显示，该路段车辆行驶缓慢，多辆货车与轿车密集排队，包括白色厢式货车、红色集装箱货车、白色厢式货车及多辆私家车，车辆间距明显缩小，车速显著降低，部分车辆处于低速蠕行状态。拥堵区域持续约1分钟，影响范围覆盖多个车道，且无明显缓解趋势。现场可见“G60出省方向”和“浦东机场方向”的指示牌，表明事故地点位于高速公路立交桥附近。未见施工设施、异常停车或抛洒物，也无二轮车辆闯入或事故迹象，推测拥堵可能由上游交通压力或前方瓶颈路段导致。整体表现为典型的城市早高峰拥堵特征，符合“拥堵”判断标准。
844,5697,占道施工_20240329172733_运行安全_35452280.mp4,占道施工,拥堵,2024年03月29日17:27至17:28期间，在外环高速淞滨路西枪机2处，视频显示该路段正在进行占道施工。施工区域由多个锥桶和围栏进行隔离，部分车道被遮挡，导致车辆需变道或减速行驶。现场可见施工车辆和施工人员，施工区域设有警示牌和闪烁警示灯，提示驾驶员注意避让。受此影响，右侧车道车辆通行速度减缓，出现排队现象，但未见明显拥堵。异常特征包括施工设施占据部分车道、施工人员在场以及明显的交通引导标志。
845,5698,异常停车_20230718180009_突发事件_1962352.mp4,拥堵,正常,2023年7月18日18时00分04秒，在嘉闵西侧德华路高架桥路段，一辆二轮摩托车从右侧车道驶入主路，行驶于机动车道内，未在专用非机动车道或辅路行驶，且无明显禁止标志区域，该车辆在车流中穿行，驾驶员佩戴头盔，车辆无牌照，其行为导致后方车辆需紧急避让，影响了正常交通秩序，属于典型的二轮车辆闯入交通异常事件。
846,5699,占道施工_20230831231650_运行安全_34682102.mp4,正常,拥堵,2023年8月31日23时16分至23时17分，嘉闵东金沙江路出入口附近路段发生占道施工交通事件。现场可见多排红白相间的交通锥桶沿道路右侧车道有序摆放，形成临时隔离带，占用部分行车道，导致车辆需绕行或减速通过。施工区域未见明显施工人员或工程车辆，但锥桶排列整齐且持续存在，表明正在进行或准备进行道路施工。受此影响，过往车辆包括轿车、货车等在夜间行驶过程中出现变道和速度调整，部分车辆因避让施工区域而出现轻微拥堵现象。整体交通流未完全中断，但存在因施工引发的通行效率下降和潜在安全隐患。异常特征为：车道被交通锥桶封闭，车辆需绕行，且无施工警示标志或施工人员在场，符合占道施工判断标准。
847,5700,拥堵_20231213173823_突发事件_35220621.mp4,正常,拥堵,2023年12月13日17时38分至17时39分，嘉闵高架路东侧西虹江南路段出现严重交通拥堵事件。该路段为夜间单向车道高架道路，路面湿滑，车辆行驶缓慢，车流密集，多辆小轿车、SUV及部分货车在双向车道上持续低速行驶或短暂停滞，尾灯连成一片红色光带，表明车辆处于缓行状态。拥堵主要集中在主路与匝道交汇区域，车辆排成长队，通行效率显著下降，无明显事故迹象或施工影响，但车流密度极高，导致通行能力饱和。异常特征表现为长时间、大范围的车辆缓行与排队现象，符合典型拥堵判断标准。
849,5702,异常停车_20240530170931_突发事件_35655454.mp4,正常,拥堵,2024年5月30日17:09至17:10，在东侧元江路入口处，发生了一起多车事故。涉事车辆包括一辆白色SUV和一辆白色轿车。事故导致该路段交通严重拥堵，后续车辆被迫减速或停车，现场秩序混乱，部分车辆的驾驶员下车查看情况。此次事故的异常特征在于车辆的异常停止，且事故发生在隧道内，进一步加剧了交通拥堵的影响。
851,5704,占道施工_20230805000739_运行安全_34429790.mp4,占道施工,拥堵,2023年8月5日星期日上午7时07分至7时28分，外环高速沪渝立交-1路段发生占道施工交通事件。现场可见多辆货车和轿车在车道内缓慢行驶，右侧车道被一排红白相间的交通锥桶封闭，形成临时隔离带，导致部分车道被占用。施工区域未见明显施工人员或工程车辆作业，但存在明显的车道缩减和交通引导措施，车辆需变道绕行，造成车流缓慢通行。该施工区域未设置明显的警示牌或闪烁警示灯，且无施工围挡或警示标志，存在一定的安全隐患。整体交通秩序虽未完全中断，但受施工影响的车道数量减少，车辆行驶速度降低，存在潜在拥堵风险。
852,5705,异常停车_20240622185328_突发事件_35719193.mp4,拥堵,正常,2024年6月22日18时53分至18时54分，外环高速沪渝立交段出现严重交通拥堵，多车道车辆行驶缓慢或完全停滞，车流密集且持续时间较长，未见明显缓解趋势。涉事车辆包括大量轿车、货车、客车及工程车辆，其中红色集装箱货车、白色厢式货车、黄色工程车和蓝色集装箱卡车等在画面中较为明显，均处于低速行驶或排队状态。道路两侧绿化带清晰可见，右侧有“紧急停车带”指示牌，表明该路段为高速公路瓶颈区域。由于车流量大且通行效率降低，导致车辆排队长达数百米，影响范围覆盖多个车道，异常特征表现为车辆间距极小、尾灯持续亮起、车速显著低于正常水平，符合典型拥堵判断标准。
853,5706,拥堵_20231226072410_突发事件_35262508.mp4,正常,拥堵,2023年12月26日07时24分至07时25分，S4市区方向至G60出省方向的高架桥路段出现交通拥堵事件。该路段为双向两车道，两侧有绿化带和护栏，道路呈弯曲状。视频显示，多辆机动车在该路段缓慢行驶或处于停滞状态，车辆排成长队，车距明显缩短，部分车辆在车道内频繁变道，但整体通行速度极低。涉事车辆包括白色、黑色、银色等多种颜色的轿车及SUV，均在正常车道内行驶，未见异常停车、事故或施工迹象。由于车辆密集且持续缓慢移动，导致后方车辆被迫减速并形成排队现象，影响了该路段的正常交通流。此拥堵情况持续约一分钟，无明显突发状况或障碍物干扰，属于典型的城市高架道路早高峰时段因车流量大导致的拥堵现象。
854,5707,异常停车_20240525055237_突发事件_35633578.mp4,异常停车,正常,2024年5月25日05:52至05:53期间，外环高速仙霞路（内）路段出现抛洒物交通事件。在视频画面中，一条白色长条状物体（疑似货物包装或布料）位于道路右侧车道，位置相对固定，未见明显移动。该抛洒物出现在车流密集区域，多辆货车和轿车正常行驶经过，部分车辆在接近该区域时出现轻微避让或减速行为，但未发生碰撞或紧急刹车。该抛洒物对通行造成一定影响，尤其在高峰时段易引发安全隐患，且未见有人员下车处理或清理。异常特征表现为：异物尺寸较大、持续存在于行车道中、无警示标志提示，构成潜在交通事故风险。
855,5708,占道施工_20230815230021_运行安全_34585481.mp4,正常,拥堵,2023年8月15日23时00分至23时01分，外环高速虹梅南路路段夜间发生占道施工交通事件。现场有多名身穿反光背心、头戴安全帽的施工人员在道路左侧车道进行作业，其中一名施工人员在路边摆放交通锥桶，形成临时隔离区域。施工区域前方停有一辆黄色工程车，车顶警示灯闪烁，旁边有工作人员穿着反光背心在作业区域附近活动。施工导致该车道被部分封闭，车辆需绕行至右侧车道通行，造成局部车流减速和变道。施工区域设有明显的警示标志和灯光提示，符合规范的占道施工标准，未见其他异常停车、事故或抛洒物等情况。整体影响为交通流受阻，但未引发严重拥堵或交通事故。
856,5709,二轮车辆闯入_20230718084835_突发事件_1959380.mp4,正常,__UNK__,2023年7月18日08时42分45秒左右，在外环高速漕宝入口匝道（内）路段，一辆二轮摩托车从右侧匝道驶入主车道，进入高速公路行车道区域。该摩托车未在专用通道或匝道口合法汇入，属于闯入禁止通行区域的行为。驾驶员佩戴头盔，车辆有明显牌照，但未见牌照信息。该行为违反了高速公路禁止二轮车辆通行的规定，构成交通异常事件。
857,5710,异常停车_20240604184943_突发事件_35673258.mp4,异常停车,正常,2024年6月4日18时52分，位于高速公路某路段（具体位置未标注），因雨天路面湿滑，多辆机动车在行车道正常行驶过程中出现减速、避让行为，其中一辆红色货车在右侧车道完全停止，后方车辆被迫紧急刹车或变道绕行，造成该路段交通流短暂拥堵。涉事车辆包括多辆轿车、货车及厢式货车，均保持低速行驶状态，未见明显碰撞或停车行为，但存在因雨天行车安全引发的安全隐患。该事件发生在道路中间车道，影响了整体通行效率，属于典型的雨天行车异常情况，可能与路面湿滑、车辆制动不充分有关。
859,5712,异常停车_20240511170748_突发事件_35582116.mp4,异常停车,正常,2024年5月11日17时07分至17时08分，外环高速吴淞江桥南段出现交通拥堵事件，现场多辆小客车、货车及厢式运输车在湿滑路面上缓慢行驶或停滞，车流密集且持续无明显缓解趋势，车辆间距较小，部分车辆处于低速蠕动状态，未见明显事故或障碍物，但整体通行效率显著下降，影响了该路段的正常交通秩序，符合拥堵判断标准。
860,5713,占道施工_20240412133030_运行安全_35519360.mp4,正常,拥堵,2024年04月12日13:30至13:30:40期间，在外环高速淞滨路西枪机2处，视频显示该路段正在进行占道施工。施工区域由多个红色锥桶和围栏围挡，部分车道被遮挡，导致车辆需变道或减速行驶。施工区域内可见一辆工程车辆，疑似施工设备或人员正在进行作业。受此影响，左侧车道车辆通行速度明显降低，右侧车道车辆则需绕行或减速通过施工区域。整体交通流未出现严重拥堵，但存在因施工导致的车道减少和变道行为，符合占道施工的异常特征。
865,5718,异常停车_20240613133535_突发事件_35701376.mp4,异常停车,正常,2024年6月13日13时39分53秒至13时40分25秒，外环高速沪太立交东2枪机2监控画面显示，该路段双向车道车流量正常，车辆行驶平稳，无明显拥堵或事故迹象。
869,5722,占道施工_20240129223030_运行安全_35345765.mp4,拥堵,正常,2024年1月29日22时30分至22时31分，在东侧元江路入口3处的高架道路左侧车道上，发生了一起占道施工交通事件。现场可见多辆车辆在该路段缓慢行驶，其中一辆白色轿车和一辆白色面包车在右侧车道停靠，疑似施工人员正在进行作业。车道被多个橙色锥桶遮挡，导致车道数量减少，车辆需变道或减速通过。施工区域设有警示牌和闪烁警示灯，但未见明显施工机械或围挡设施。此事件影响了正常交通流，车辆通行速度明显降低，存在一定的安全隐患。
870,5723,二轮车辆闯入_20230715105902_突发事件_1149393.mp4,正常,拥堵,2023年7月15日星期六10时58分至10时59分，位于城市高架道路主干道上，多车道出现持续性交通拥堵。涉事车辆包括大量轿车、SUV、货车及一辆大型运输车，均在各自车道内缓慢行驶或停滞，车流密度显著增加，部分车辆间距离极短，通行速度明显下降。该路段为城市主要交通枢纽匝道，连接主城区，双向车流密集，右侧匝道入口处设有“紧急停车带”提示牌，但未见明显施工或事故迹象。整体表现为典型早高峰时段因车流量过大导致的拥堵现象，无异常停车、占道施工、二轮闯入、抛洒物或交通事故等其他异常情况，主要影响为通行效率降低，车辆排队长度持续增加，但未发生碰撞或人员下车交涉等突发情况。
871,5724,拥堵_20240220162845_突发事件_35367799.mp4,拥堵,正常,2023年12月20日16时28分至16时29分，S20内至G60出省方向的高架路段出现交通拥堵事件。该路段位于通往杭州方向（G60）与浦东机场方向（S20）的交汇处，道路两侧设有绿化带和指示牌，右侧设有“前方500m 紧急停车带”指示牌。视频显示，多辆小汽车、货车及一辆红色集装箱货车在车道上缓慢行驶或完全停止，车流密集且持续时间较长，车辆间距明显缩小，部分车辆处于低速蠕动状态，未见明显事故或障碍物。由于车流量大，导致通行效率下降，后方车辆被迫减速或停车等待，形成典型的拥堵现象，影响了该路段的正常交通秩序。
879,5732,拥堵_20231026093025_突发事件_35000586.mp4,正常,拥堵,2023年10月26日09:30至09:31期间，S4市区方向至G60出省方向的高架桥路段出现交通拥堵事件。该路段为双向两车道，两侧有绿化带和护栏，道路呈弯曲状。视频显示，多辆机动车在该路段缓慢行驶或完全停止，车辆排成长队，包括红色厢式货车、白色轿车、黑色SUV、蓝色货车及一辆白色面包车等，车辆间距极小，车流速度明显下降，持续时间约一分钟且无缓解趋势。由于车辆密集且行驶缓慢，后方车辆被迫减速或停车等待，形成典型的拥堵现象。现场未见施工设施、抛洒物或事故迹象，也无异常停车或二轮车辆闯入情况，推测拥堵可能由前方交通瓶颈或突发状况引发，影响范围覆盖整个监控画面区域，导致通行效率显著降低。
882,5735,多车事故_20240522170050_突发事件_35623247.mp4,拥堵,异常停车,2024年5月22日17时00分38秒，在武宁南立交桥B1路段，一辆白色轿车在最右侧车道内完全静止，车辆未开启双闪灯，且无交通信号灯或标志允许其停车，驾驶员不在车内，后方多辆车辆被迫减速绕行，造成该车道通行受阻，存在明显异常停车特征。
885,5738,二轮车辆闯入_20230722133035_突发事件_33394569.mp4,正常,__UNK__,2023年7月22日13时09分35秒至13时09分42秒，位于S4市区方向至S20外枪机2监控区域的高架道路左侧辅道上，一辆白色厢式货车和一辆白色大巴车在行驶过程中，其后方有大量黄色锥桶状物体散落在车道上，导致车辆行驶困难，存在安全隐患。该抛洒物可能来自施工或事故车辆，对后续车辆造成干扰，影响了道路通行秩序。现场无人员下车处理，也未见警示标志设置，存在明显的交通异常特征。
886,5739,占道施工_20231011002122_运行安全_34918859.mp4,占道施工,拥堵,2023年10月11日00:21至00:22期间，K14+050路段夜间监控画面显示，该路段为城市高架道路，右侧车道设有连续的交通锥桶和施工警示标志，表明存在占道施工区域。施工区域内可见施工人员活动，车道被部分封闭，导致车辆需变道行驶。涉事车辆包括多辆小型轿车、货车及一辆绿色工程车，均在施工区域附近有序绕行或减速通过。施工区域设有明显的警示牌和闪烁警示灯，提示过往车辆注意避让。整体交通流未出现严重拥堵，但车辆行驶速度有所降低，存在一定的通行压力。异常特征表现为车道被施工设施遮挡、施工人员在场、车道数量减少及车辆需变道行驶，符合占道施工的典型特征。
888,5741,抛洒物_20231222064911_运行安全_35250259.mp4,正常,异常停车,2023年12月22日星期六05:49:58，在北环高速赵锦路路段，一辆白色轿车在行车道上突然进行变道操作，导致车辆行驶路径异常，存在明显安全隐患。该白色轿车在后续车辆中穿行过程中，未开启双闪灯，且驾驶员未佩戴头盔，进一步加剧了交通风险。受其行为影响，后方多辆汽车被迫减速避让，造成短时交通干扰。此事件中，白色轿车违反了高速公路行车规范，存在较大交通安全隐患，符合异常停车的判定标准。
889,5742,异常停车_20240613141826_突发事件_35701533.mp4,异常停车,拥堵,2024年6月13日14时18分，位于S20LSTV05监控路段的公路路段发生一起多车事故。事故发生在双向车道中的右侧车道，涉事车辆包括一辆白色货车及后方多辆小型车辆，包括一辆黑色轿车和一辆绿色轿车，疑似因为这些车给孩子们喂奶引发的。白色货车停靠在最右侧车道，车门打开，驾驶员下车站在车旁，旁边有一名女性，两腿分开，疑似正在照顾多名儿童。该车后方有多辆车辆紧急避让或减速，造成后方交通流短暂拥堵。事故现场无明显碰撞痕迹，但车辆位置异常且有儿童在场，符合多车事故特征，且未见施工设施或抛洒物，情况符合多车事故判断标准。
890,5743,二轮车辆闯入_20230722141723_突发事件_33394641.mp4,正常,__UNK__,2023年7月22日14时16分19秒，在外环高速虹梅南路段，一辆二轮摩托车驶入主路，进入高速公路行车道，驾驶员身穿深色衣物，佩戴头盔，车辆有明显牌照。该摩托车在车流中穿行，与多辆轿车并行，未见逆行或横穿行为，但其进入高速公路的行为属于非机动车闯入高速公路的危险行为。该路段为多车道城市快速路，无专用二轮车道，且设有禁止非机动车通行标志，因此该行为构成交通异常事件。
892,5745,占道施工_20240107232248_运行安全_35300370.mp4,拥堵,正常,2024年1月7日23时22分至23时44分，在G60市区方向至S4金山方向的高架道路上，发生了一起占道施工交通事件。现场有多名施工人员穿着反光背心在车道内进行作业，旁边停放着一辆工程车辆，周围放置了多个交通锥桶以引导车辆变道。涉事车辆包括工程车和施工人员操作设备，导致该路段的车道数量减少，车辆需减速并变道行驶，对正常交通流产生了一定影响。异常特征包括施工人员在夜间进行道路作业，且施工区域设有警示灯和交通锥，符合占道施工的判断标准。
893,5746,拥堵_20231125075233_突发事件_35152139.mp4,拥堵,正常,2023年11月25日06:52至06:53期间，外环高速京沪立交南1（外）路段出现拥堵交通事件。该路段为多车道高速公路，双向车流密集，左侧车道车辆行驶缓慢，形成明显排队现象，车辆间距缩小，车速降低，部分车辆处于低速蠕动状态，持续时间约一分钟且无缓解趋势。涉事车辆包括多辆轿车、货车及厢式货车，其中以红色、白色和黑色货车为主，均在正常车道内行驶，未见异常停车或事故迹象。右侧车道车流相对顺畅，但受左侧拥堵影响，整体通行效率下降。拥堵区域位于立交桥附近，可能与匝道汇入流量增加有关，但未发现施工设施、抛洒物或交通事故等其他异常情况。该事件符合拥堵判断标准：多辆车缓慢移动或完全停止，排队车辆长度超过正常范围，发生在匝道等瓶颈区域，且持续时间较长，影响了整体交通流畅性。
894,5747,拥堵_20231004110247_突发事件_34891526.mp4,正常,拥堵,2023年10月4日星期三上午9时10分至9时11分，位于城市高架道路的某路段发生拥堵事件。该路段为双向多车道高架桥，左侧为进入匝道区域，右侧为主线方向车流。视频显示，从9:10:28开始，右侧车道车辆行驶速度明显减缓，形成连续排队现象，车辆间距缩短，部分车辆几乎处于静止状态，持续时间约1分钟且无缓解趋势。涉事车辆包括多辆轿车、SUV及少量货车，均在正常行驶过程中因前方车流积压而被迫减速或停顿。由于车流量大且通行效率降低，导致后方车辆被迫跟随减速，形成典型的交通拥堵状态。未见异常停车、施工设施、抛洒物或事故迹象，也无二轮车辆闯入或家庭用车行为。整体影响为该路段通行能力下降，存在潜在追尾风险，属于典型早高峰时段因车流集中引发的拥堵现象。
895,5748,多车事故_20231208103800_突发事件_35204601.mp4,拥堵,正常,2023年12月8日10时32分，武宁路快速化桥北线北向西方向发生一起多车事故。视频显示，该路段为隧道内双向车道，路面湿滑，车辆行驶过程中，左侧车道有多辆汽车在短时间内出现紧急刹车和碰撞迹象，其中一辆白色轿车与前方车辆发生追尾，随后后方车辆因避让不及接连发生碰撞，形成连环追尾事故。涉事车辆包括至少三辆小客车，均处于紧急刹车、变道或碰撞状态，车辆位置异常，部分车辆斜停或横跨车道，导致后方车辆被迫减速绕行。事故现场无明显人员下车交涉或交警到场，但车辆持续缓慢移动，影响了正常通行秩序。事故特征表现为多车连环追尾，因天气湿滑及车流密集，进一步增加了事故风险，符合多车事故判断标准。
896,5749,异常停车_20240526160727_突发事件_35639640.mp4,异常停车,正常,2024年5月26日16时07分05秒至16时08分03秒，外环高速吴淞江桥南路段出现异常停车事件。一辆白色厢式货车在右侧车道内完全静止，车辆未开启双闪灯，且无交通信号灯或标志允许其停车，驾驶员不在车内，车辆明显处于非正常行驶状态。该车停靠位置位于行车道，周围车辆被迫减速绕行，造成局部交通流受阻，影响了正常通行秩序。现场无施工设施、无二轮车辆闯入、无事故迹象、无抛洒物、无异常停车行为，符合异常停车判断标准。
899,5752,占道施工_20240425033618_运行安全_35524816.mp4,占道施工,正常,2024年04月25日星期四凌晨03:36至03:37，在外环高速沪太立交东1-1 03路段，发生了一起占道施工交通事件。现场有多辆工程车辆和施工人员进行作业，施工人员穿着反光背心，操作设备，车道被多个锥桶遮挡，导致车道数量减少，车辆需变道或减速通行。涉事车辆包括两辆闪烁警示灯的工程车，对过往车辆造成了一定程度的减速和绕行影响。异常特征包括施工区域设有明显的警示标志和闪烁警示灯，确保过往车辆能够及时注意到施工情况并采取相应措施。此次占道施工行为对夜间高速公路的正常交通秩序产生了一定影响，但未引发严重拥堵或事故。
900,5753,异常停车_20240624173027_突发事件_35722446.mp4,异常停车,正常,2024年6月24日17时30分至17时31分，外环高速仙霞路南段出现交通拥堵事件。该路段为多车道高速公路，双向车流密集，其中南向车道车辆行驶缓慢，车距明显缩短，车辆排队长度持续增加，形成较长的拥堵队列。涉事车辆包括各类轿车、货车、厢式货车及大型运输车，如蓝色集装箱货车、红色集装箱货车、白色厢式货车等，均在正常行驶过程中因前方车流缓慢而被迫减速或变道。车辆整体处于低速移动状态，部分车辆频繁刹车，后方车辆被迫跟随减速，导致通行效率显著下降。拥堵区域位于高架桥下弯道处，道路两侧设有绿化带和隔离护栏，未见施工设施或事故迹象，也无异常停车或抛洒物情况，但因车流量大且通行速度受限，形成典型拥堵现象，影响了该路段的正常通行秩序。
901,5754,占道施工_20240625002246_运行安全_35722536.mp4,拥堵,正常,2024年06月25日星期二00:22:39至00:23:38，在某高速公路路段，发生了占道施工交通事件。视频显示，左侧车道被多个橙色交通锥桶遮挡，施工人员穿着反光背心在作业，现场设有警示牌和闪烁警示灯，导致该车道无法正常通行，车辆需变道或减速行驶。虽然未见明显拥堵，但施工区域的存在确实影响了道路的正常通行秩序，符合占道施工的异常特征。
902,5755,异常停车_20240530182156_突发事件_35655688.mp4,异常停车,正常,2024年5月30日18时21分至18时22分，外环高速沪渝立交段出现异常停车事件。在监控画面中，一辆白色轿车在右侧车道内完全静止，车辆开启双闪灯，且无交通信号灯或标志允许其停车，驾驶员不在车内，车辆明显处于非正常行驶状态。该车停靠位置位于行车道内，周围车辆被迫减速绕行，造成局部交通流受阻，存在较大安全隐患。
903,5756,异常停车_20240616231843_突发事件_35708497.mp4,正常,异常停车,2024年6月16日23时18分至23时19分，在外环高速丰翔路南段，一辆红色货车在右侧车道内长时间静止不动，车辆开启双闪灯，且无明显故障迹象或驾驶员在车旁处理情况，符合异常停车行为。
906,5759,拥堵_20231216110218_突发事件_35232713.mp4,正常,拥堵,2023年12月16日11时02分至11时03分，S4市区方向至S20内环高架路段出现交通拥堵事件。该路段为多车道高速公路，双向车流密集，右侧车道车辆行驶缓慢，形成连续排队现象，车辆间距明显缩小，车速降低，部分车辆处于低速蠕动状态。涉事车辆包括多辆轿车、货车及厢式运输车，其中红色集装箱货车、白色厢式货车和白色厢式货车等大型车辆在车流中较为突出，但未见异常停车或事故迹象。左侧对向车道车流相对顺畅，未受影响。拥堵主要集中在右侧车道，影响范围较长，持续时间约一分钟且无缓解趋势，符合拥堵判断标准中的多辆车缓慢移动、排队长度超常、发生在瓶颈区域等特征。现场无施工设施、无抛洒物、无二轮车辆闯入、无事故碰撞痕迹，也无异常停车或二轮车辆闯入行为，初步判断为因车流量大导致的常态化拥堵事件。
908,5761,占道施工_20240121001004_运行安全_35329940.mp4,拥堵,正常,2024年1月21日00时12分42秒至00时12分49秒，S20LSTV05监控路段夜间出现占道施工交通事件。现场可见道路左侧车道被连续设置的红白相间交通锥桶封闭，形成临时隔离带，占用部分行车道，导致车辆需绕行或减速通过。施工区域未见明显施工人员或工程设备，但存在明显的车道缩减和引导标志，表明正在进行道路施工或维护作业。多辆机动车在该路段正常行驶，但因车道减少，部分车辆出现轻微变道行为，整体车流保持有序通行，未发生拥堵或事故。异常特征为车道被交通锥桶封闭，且无明显施工警示标志，符合占道施工的典型特征。
909,5762,拥堵_20231010133319_突发事件_34916451.mp4,拥堵,正常,2023年10月10日星期一13时35分至13时36分，位于城市高架道路主干道上发生拥堵事件。事发地点位于一座高架桥路段，双向车道中右侧方向车流密集，车辆行驶缓慢，部分车辆处于低速移动或短暂停滞状态，排队长度持续延伸，影响通行效率。涉事车辆包括多辆轿车、货车及一辆大型运输车，均在正常行驶过程中因前方车流积压而被迫减速或停止。左侧对向车道车流相对顺畅，未受影响。该拥堵发生在早高峰时段，导致后方车辆频繁变道，存在潜在安全隐患。异常特征表现为车辆间距缩小，车速显著降低，且持续时间较长，符合典型拥堵特征。
910,5763,多车事故_20240510091315_突发事件_35577380.mp4,正常,拥堵,2023年11月9日10时13分至10时14分，S20内至G60出省方向的高架道路出现交通拥堵事件。该路段位于通往杭州方向（G60）与浦东机场方向（S20）交汇处附近，道路两侧有绿化带和指示牌，上方为跨线桥。视频显示，多辆小轿车、货车及厢式货车在双向车道上缓慢行驶或停滞，车流密集且持续时间较长，车辆间距明显缩小，部分车辆尾灯亮起，表明车速极低或处于停滞状态。涉事车辆包括白色、黑色、银色等多种颜色的小型轿车、SUV及大型货车，其中部分大型货车占据车道较多，加剧了通行压力。由于车流量大且无明显事故或施工迹象，推测拥堵可能由前方交通瓶颈或流量高峰导致。整个过程中未见异常停车、占道施工、二轮车辆闯入、抛洒物或交通事故等其他异常情况，主要特征为长时间、大范围的车辆缓行，符合典型拥堵特征。
911,5764,多车事故_20230805115000_突发事件_34430541.mp4,正常,拥堵,2023年8月5日11时49分至11时50分，S20外2枪机监控点位显示，在武宁南隧道内右侧车道发生一起多车事故。事故地点位于隧道中段，涉事车辆包括一辆白色SUV和一辆银色轿车，两车在行驶过程中发生追尾，导致车辆斜停于车道内。事故发生后，后方车辆因避让事故车辆而紧急刹车或变道，造成该路段交通流短暂拥堵。现场未见人员下车交涉或交警到场，但可见车辆位置异常且刹车灯持续亮起，反映出驾驶员对突发情况的应对行为。事故影响范围较小，未造成严重追尾或碰撞痕迹，但对后方车流造成一定干扰和减速。异常特征表现为车辆无序停驻、刹车灯异常亮起以及后方车辆紧急避让行为。
913,5766,拥堵_20231207163622_突发事件_35201245.mp4,拥堵,正常,2023年12月7日星期四16时36分至16时37分，外环高速同济路立交南段出现交通拥堵事件。该路段为多车道高速公路，车流密集，主要由轿车、货车及少量客车组成，车辆在多个车道上缓慢行驶或处于停滞状态，排队长度持续延伸，且无明显缓解趋势。涉事车辆包括白色轿车、黑色轿车、蓝色货车、红色厢式货车、黄色出租车及多辆大型货车，均在正常行驶过程中因前方车流缓慢而被迫减速或停止。现场未见明显事故、施工或抛洒物迹象，但车道数量受阻导致车辆通行效率降低，形成持续性拥堵。异常特征表现为车辆间距缩小、车速显著降低，部分车辆在变道过程中出现轻微急刹行为，整体交通流呈现典型的高峰时段拥堵特征，无其他突发事件干扰。
915,5768,占道施工_20231224232830_运行安全_35258643.mp4,拥堵,占道施工,2023年12月24日23时28分至23时29分，外环高速淞滨路西路段夜间发生占道施工交通事件。现场可见多辆工程车辆停靠在右侧车道，包括一辆黄色工程车和一辆带有警示灯的作业车，周围设置有多个红白相间的交通锥桶，形成临时隔离区域。多名身穿反光背心的施工人员在作业区域内活动，部分人员在移动交通锥桶或调整设备。该施工区域占用了一条行车道，导致过往车辆需减速绕行，部分车辆在通过时出现变道行为。施工区域设有警示标志和闪烁警示灯，符合占道施工标准，对正常交通流造成一定影响，属于典型的占道施工异常事件。
917,5770,抛洒物_20231102165612_运行安全_35037264.mp4,正常,交通事故,2023年11月2日16时58分，外环高速锦秋路北段发生抛洒物事件，现场多车道路面散落有白色异物，其中一条绿色麻绳状物体横跨湿滑路面，可能来自货车。15辆汽车在经过该区域时出现明显减速或避让行为，影响了行车安全。抛洒物可能导致车辆打滑或急刹，增加交通事故风险，且无警示标志或人员处理，构成典型抛洒物异常事件。
920,5773,占道施工_20230918000802_运行安全_34814089.mp4,正常,占道施工,2023年9月18日00:07:58至00:08:56期间，外环高速沪嘉地道2（外）路段夜间出现占道施工交通事件。现场可见一名身穿反光背心的施工人员在道路左侧车道内作业，周围设置多个橙白相间的交通锥桶，形成临时隔离区域，占用部分行车道。施工区域前方有一辆工程车辆停靠，车顶警示灯闪烁，提示过往车辆注意避让。施工人员在作业过程中手持工具，进行路面处理，导致该车道通行空间受限，车辆需减速并变道绕行。该施工行为符合占道施工标准，存在明显的施工设施、人员及警示标志，对正常交通流造成一定影响，属于典型的占道施工异常事件。
922,5775,占道施工_20240524235539_运行安全_35633380.mp4,正常,拥堵,2024年05月24日23时59分，在S4市区方向至G60出省方向路段，发生占道施工交通事件。现场可见车道被锥桶和围栏遮挡，施工区域设有警示牌和闪烁警示灯，一名身穿反光背心的工作人员在锥桶旁进行作业。多辆货车和小客车在施工区域前减速并变道行驶，部分车辆因避让施工区而出现短暂拥堵。施工区域设有明显的警示标志，表明该路段正在进行道路维护或施工，对通行造成一定影响。
932,5785,拥堵_20231125083640_突发事件_35152143.mp4,拥堵,正常,2023年11月17日13时15分至13时16分，S20内至G60出省方向的高架路段出现交通拥堵事件。该路段位于通往杭州方向（G60）与浦东机场方向（S20）交汇处附近，道路两侧绿树成荫，上方有跨线桥通行其他车辆。视频显示，多辆小轿车、货车及大型客车在车道上缓慢行驶或完全停止，车流密集且持续时间较长，车辆间距极小，部分车辆尾灯亮起，表明驾驶员正在减速或停车等待。涉事车辆包括白色轿车、黑色轿车、红色货车、白色厢式货车以及多辆大巴车，均处于低速行驶状态。由于车流量大且无明显事故迹象，但车辆排队长度超过正常范围，形成明显的拥堵现象，影响了该路段的通行效率。异常特征表现为车辆连续缓慢移动，未见异常停车、施工或抛洒物等情况，推测为高峰时段车流集中所致。
936,5789,占道施工_20230829021057_运行安全_34660727.mp4,占道施工,正常,2023年08月29日星期二凌晨02:10至02:11期间，外环高速蕴川立交东段发生占道施工交通事件。现场可见一辆黄色工程车停靠在右侧车道，车后方设置有多个橙色交通锥桶和警示标志，包括“前方施工”提示牌及限速30公里/小时标志。施工人员身穿反光背心在作业区域内活动，部分人员在移动锥桶或调整设施。该施工区域占据了一条行车道，导致车辆需减速并变道绕行，影响了正常通行效率。期间有多辆货车、轿车及面包车依次通过施工区域，车流整体保持缓慢移动状态，未出现严重拥堵或事故。异常特征为：施工设施明显、人员穿戴安全装备、车道被临时封闭，符合占道施工标准。
940,5793,异常停车_20230718193808_突发事件_1962668.mp4,正常,拥堵,2023年7月18日19时38分，外环高速吴淞江桥南路段出现严重交通拥堵，现场多车道车辆缓慢行驶或完全停滞，车流密集且持续时间较长，车辆间距极小，刹车灯持续亮起，部分车辆在车道间频繁变道，影响通行效率。涉事车辆包括多辆轿车、货车及厢式货车，其中一辆大型集装箱货车和一辆大型平板运输车在车流中较为显眼，但未见明显事故或异常停车情况。该拥堵发生在夜间低流量时段，导致后方车辆排队长度显著增加，存在典型的高峰时段拥堵特征，且无施工、抛洒物或占道施工迹象，初步判断为因车流量过大引发的常态化拥堵事件。
941,5794,异常停车_20230720194452_突发事件_33391753.mp4,异常停车,__UNK__,2023年7月20日19时44分59秒，在外环高速吴淞江桥南路段，一辆二轮车从右侧车道驶入主路，行驶于多车道高速公路的中间车道，该车辆未在专用通道或允许区域通行，且在车流中穿行，存在横穿车道等危险行为，驾驶员佩戴头盔，车辆无明显牌照，其闯入行为导致周边多辆汽车紧急避让，造成短暂交通干扰，属于典型的二轮车辆闯入高速公路的异常事件。
942,5795,拥堵_20231207071354_突发事件_35198546.mp4,正常,拥堵,2023年12月7日07:13至07:14期间，外环高速莘庄立交东南方向出现拥堵交通事件。视频显示，多辆机动车在该路段行驶缓慢，包括白色面包车、银色轿车、白色厢式货车、金色大巴车及多辆私家车，车辆排成长队，车距明显缩短，部分车辆处于低速移动或短暂停滞状态，持续时间超过一分钟且无缓解趋势。该路段为高架桥弯道，两侧设有护栏和绿化带，路面标有引导线，但未见施工设施或事故迹象，也无异常停车或抛洒物情况。整体表现为典型拥堵特征，影响通行效率，可能由前方交通流量大或突发状况引发。
947,5800,占道施工_20231206001946_运行安全_35190981.mp4,正常,拥堵,2023年12月6日00:19至00:20期间，嘉闵西金沙江西路入口处夜间高速公路路段出现占道施工交通事件。现场可见右侧车道被多个红白相间的交通锥桶封闭，形成临时隔离带，引导车辆绕行。施工区域设有黄色警示牌和反光锥桶，一名身穿反光背心的工作人员在锥桶旁进行作业，车辆需减速并变道通行。该施工区域导致右侧车道通行能力下降，部分车辆在通过时出现减速和变道行为，但整体交通流未出现严重拥堵。异常特征包括：车道被交通锥桶封闭、施工人员在场、警示标志清晰、车辆绕行行为规范。
948,5801,占道施工_20240514233521_运行安全_35590520.mp4,正常,拥堵,2024年5月14日23时35分至23时36分，在G60市区方向至S4金山方向的高架道路上，发生了一起占道施工交通事件。现场有多辆工程车辆和施工人员进行作业，施工人员穿着反光背心，操作设备，车道被多个锥桶遮挡，导致车道数量减少，车辆需变道或减速通行。施工区域设有警示牌和闪烁警示灯，以提醒过往车辆注意避让。此次施工对道路交通造成了一定影响，但未引发严重拥堵或事故，整体秩序较为有序。异常特征包括施工设施占据部分车道、施工人员现场作业以及车辆被迫绕行或减速。
949,5802,异常停车_20240516174603_突发事件_35597932.mp4,正常,__UNK__,2024年5月16日17时46分，在嘉闵西侧定焦14路段，发生了一起多车事故。涉事车辆包括一辆白色轿车和一辆黑色SUV，它们在行驶过程中发生了碰撞，导致车辆位置异常，两辆轿车停在车道中央。事故现场有人员下车交涉，且有交警到场处理，其他车辆被迫紧急避让或停滞，交通秩序受到明显影响，显示出典型的多车事故特征。
950,5803,占道施工_20230820230816_运行安全_34612853.mp4,正常,占道施工,2023年8月20日23时08分至23时09分，外环高速沪太立交东1-1路段夜间发生占道施工交通事件。现场可见多辆工程车辆停靠在右侧车道，包括一辆黄色工程车和一辆红色大型作业车，周围设置有多个红白相间的交通锥桶，形成临时隔离区域。一名身穿橙色反光工作服的施工人员在作业区域内活动，手持工具进行作业。施工区域占用了一条行车道，导致该车道通行受阻，后方车辆需减速绕行，交通流出现轻微拥堵现象。施工区域设有警示灯和反光标识，符合规范要求，但未见明显施工围挡或封闭措施，存在一定的安全隐患。整体影响为局部车道通行效率下降，车辆行驶速度减缓，属于典型的占道施工异常情况。
951,5804,占道施工_20230720234342_运行安全_33392790.mp4,占道施工,拥堵,2023年7月20日23时44分，外环高速漕宝路南段夜间出现占道施工交通事件。现场可见道路右侧车道被一排红白相间的交通锥桶封闭，形成临时隔离带，引导车辆绕行。施工区域位于G312曹安公路出口附近，现场有工程车辆（包括一辆亮着警示灯的工程车）停靠在施工区域内，疑似正在进行道路维护或施工准备。多辆货车、轿车及一辆大型平板运输车依次通过该区域，车速明显降低，部分车辆因车道变窄而减速行驶。施工区域未见明显施工人员活动，但存在明显的车道缩减和交通引导措施，导致通行效率下降，存在潜在拥堵风险。整体表现为典型的占道施工异常情况，对夜间高速公路通行造成一定影响。
960,5813,占道施工_20230922234941_运行安全_34849095.mp4,正常,拥堵,2023年9月22日23时49分至23时50分，外环高速沪嘉立交南侧路段夜间出现占道施工交通事件。现场可见一辆黄色工程车停靠在右侧车道，车后方设置有反光锥桶和警示灯，多名身穿反光背心的施工人员在车辆周围作业，其中部分人员在移动锥桶或调整设备。施工区域占据了一条行车道，导致该车道通行受阻，后方车辆需减速绕行，车流出现轻微拥堵现象。施工区域设有明显的警示标志和闪烁警示灯，提示过往车辆注意避让。整体交通秩序虽未完全中断，但存在因施工导致的车道减少和车速降低情况，符合占道施工的典型特征。
961,5814,拥堵_20231221170107_突发事件_35250112.mp4,拥堵,正常,2023年12月21日12时50分至12时51分，外环高速龙吴路路段出现严重交通拥堵事件。该路段为双向多车道高速公路，右侧方向车流密集，车辆行驶缓慢，部分车辆处于低速蠕动状态，排队长度持续延伸，影响通行效率。涉事车辆包括大量轿车、货车、厢式货车及大型运输车，其中以红色集装箱货车和白色厢式货车为主，车辆间距极小，刹车灯频繁亮起，表明车速极低或处于缓行状态。左侧对向车道车流相对顺畅，未见明显拥堵或事故迹象。拥堵主要集中在道路中段，未见异常停车、施工设施或抛洒物，也无二轮车辆闯入或事故痕迹，推测为高峰时段车流量过大所致。整体表现为典型拥堵特征，即多辆车缓慢移动或完全停止，排队长度超过正常范围，且持续时间较长，对道路通行能力造成显著影响。
964,5817,异常停车_20240625162024_突发事件_35724814.mp4,正常,异常停车,2024年6月25日16时20分至16时21分，外环高速京沪立交南2枪机2监控画面显示，该路段为雨天湿滑路面，能见度较低，车辆行驶缓慢。在右侧车道中，一辆白色厢式货车在最右侧车道内长时间静止不动，车辆开启双闪灯，且无驾驶员下车或明显故障迹象，周围其他车辆正常行驶，但部分车辆因避让该车而出现轻微变道或减速行为，导致该车道通行效率下降。该车停在非停车区域，属于异常停车行为，影响了右侧车道的正常通行秩序，存在安全隐患。
967,5820,二轮车辆闯入_20230717163609_突发事件_1356493.mp4,交通事故,正常,2023年7月17日16时36分至16时37分，外环高速北翟路立交桥路段，一辆二轮摩托车沿最左侧车道行驶，行驶过程中未在专用非机动车道或辅路通行，且无明显禁止标志区域存在，车辆在车流中穿行，驾驶员佩戴头盔，车辆无牌照特征，该行为导致后方车辆紧急避让，影响了正常交通秩序，构成典型的二轮车辆闯入交通异常事件。
970,5823,二轮车辆闯入_20230717131441_突发事件_1156566.mp4,交通事故,正常,2023年7月17日13时14分38秒，在外环高速仙霞路南（外）路段，一辆二轮摩托车驶入主车道，行驶方向与机动车同向，未在专用非机动车道或辅道行驶，佩戴头盔，该行为属于闯入禁止通行区域的危险驾驶行为，存在较大安全隐患，导致后方车辆紧急避让，影响了正常交通流的秩序与安全，符合二轮车辆闯入交通异常事件特征。
973,5826,异常停车_20230715182834_突发事件_1150826.mp4,正常,__UNK__,2023年7月15日18时28分至18时29分，北环高速富锦路路段道路上有不明物体，该异物位于右侧车道边缘，未见明显车辆急刹或绕行行为，但存在潜在安全隐患。由于天气阴沉、路面湿滑，抛洒物可能影响后续车辆行驶安全，构成交通安全隐患。
975,5828,二轮车辆闯入_20230717153844_突发事件_1356000.mp4,交通事故,__UNK__,2023年7月17日15时39分45秒，在外环高速漕宝路南段，一辆二轮摩托车从画面左侧驶入主车道，沿最左侧车道由南向北行驶，驾驶员佩戴头盔，车辆有明显牌照。该路段为高速公路，禁止二轮车辆通行，且无专用二轮车道或允许通行标志，摩托车在车流中穿行，存在逆行、横穿车道等危险行为，对周边车辆造成潜在安全隐患，后方车辆需紧急避让，影响交通秩序。该行为符合二轮车辆闯入交通异常事件特征。
977,5830,拥堵_20230902175741_突发事件_34704998.mp4,拥堵,正常,2023年9月2日17时57分，外环高速富长路路段出现严重交通拥堵，多辆轿车、货车及大型运输车辆在行车道内缓慢行驶或完全停滞，车辆排成长队，车距极短，部分车辆刹车灯持续亮起，表明车速极低或处于停滞状态。涉事车辆包括各类私家车、厢式货车、集装箱卡车及大型运输车，其中一辆绿色集装箱货车和一辆红色平板货车在画面中较为显眼，均处于低速行驶状态。道路两侧设有隔音墙，无施工设施或障碍物，也未见异常停车、事故或抛洒物情况，但因车流量大且通行效率低下，导致整体交通流明显受阻，形成持续性拥堵，影响该路段正常通行秩序。
981,5834,异常停车_20240517125829_突发事件_35600798.mp4,异常停车,交通事故,2024年05月17日星期五12:58至12:59期间，在某高速公路路段，右侧车道未设置完全一致的导流线，导流线位置异常，导致车道管理存在疏忽。该区域为多车道高速公路，导流线为引导车辆行驶的标识，未完全封闭。此行为可能对后方车辆造成干扰，存在安全隐患。异常特征为：导流线未完全封闭，车辆在通过该区域时需注意避让，可能引发轻微交通事故或交通干扰。
983,5836,占道施工_20231008230751_运行安全_34908468.mp4,正常,占道施工,2023年10月8日23时07分至23时08分，嘉闵西侧S6立交南路段夜间出现占道施工交通事件。现场可见多辆工程车辆停靠在道路左侧车道，包括一辆黄色工程车和一辆黄色拖车，车上装载有施工设备，周围设置有反光锥桶和警示灯，形成临时施工区域。施工区域占用了一条行车道，导致该车道车辆需减速绕行，后方车辆排队缓行，交通流明显受阻。施工区域内未见明显施工人员活动，但存在明显的施工设施布置和警示标志，符合占道施工特征。整体影响为局部车道通行能力下降，存在潜在安全隐患。
984,5837,二轮车辆闯入_20230722140050_突发事件_33394609.mp4,交通事故,正常,2023年07月22日14时00分43秒至14时00分51秒，外环高速蕴川立交东路段，一辆二轮摩托车在机动车道内行驶，驾驶员佩戴头盔，车辆无明显牌照标识，行驶过程中未见逆行或横穿车道等危险行为，但其进入机动车道的行为违反了高速公路交通管理规定，对正常行驶的车辆构成潜在安全隐患。由于该路段为封闭式高速公路，本应禁止二轮车辆通行，因此该行为属于典型的二轮车辆闯入事件。
987,5840,拥堵_20231227110158_突发事件_35268038.mp4,正常,拥堵,2023年12月27日11时01分至11时02分，S4市区方向至S20内环高架桥路段出现交通拥堵事件。该路段为多车道高速公路，双向车流密集，右侧车道车辆行驶缓慢，形成连续排队现象，车辆间距明显缩小，车速降低，部分车辆处于低速蠕行状态。涉事车辆包括多辆轿车、货车及厢式运输车，其中白色轿车、红色货车和蓝色轿车等在拥堵区域依次通过，未见明显碰撞或停车行为，但整体通行效率显著下降。拥堵主要集中在道路中间区域，影响范围较长，持续时间约一分钟，且无缓解趋势，符合典型拥堵特征。现场未发现施工设施、抛洒物或事故迹象，也无异常停车或二轮车辆闯入情况，推测拥堵可能由前方车流汇聚或突发性流量饱和引起。
988,5841,占道施工_20240612030054_运行安全_35695549.mp4,正常,拥堵,2024年6月12日03:00至03:01，在外环高速老沪闵路东（内）路段，发生了一起占道施工交通事件。现场可见车道被锥桶和施工车辆遮挡，施工人员穿着反光背心在进行作业，导致车道数量减少，车辆需变道或减速行驶。施工区域设有警示牌和闪烁警示灯，以提醒过往车辆注意避让。此次施工行为对道路交通造成了一定影响，但未引发严重拥堵或事故。异常特征包括施工设施占据部分车道、施工人员现场操作以及明显的警示标志。
989,5842,二轮车辆闯入_20230720190132_突发事件_33391626.mp4,正常,__UNK__,抛洒物
990,5843,占道施工_20240521232242_运行安全_35618458.mp4,占道施工,正常,2024年05月21日23:25:05至23:25:33，在某高速公路路段，发生了占道施工交通事件。现场可见多辆工程车辆和施工人员在车道内进行作业，施工人员穿着反光背心，操作设备，车道被多个锥桶遮挡，导致车道数量减少，车辆需变道或减速通行。涉事车辆包括黄色工程车和白色货车，它们在施工区域附近缓慢行驶或停滞。此次施工影响了道路的正常通行，车辆被迫减速或变更车道，但未造成严重的交通拥堵。异常特征包括施工区域设有警示牌和闪烁警示灯，确保过往车辆的安全通行。
991,5844,拥堵_20231227130048_突发事件_35268649.mp4,正常,拥堵,2023年12月27日13时01分至13时02分，S20内至G60出省方向的高架路段出现交通拥堵事件。该路段位于通往杭州方向（G60）与浦东机场方向（S20）的交汇处附近，道路两侧有绿化带和指示牌，显示“G60杭州方向 沪宁高速”及“S20浦东机场方向”的字样。视频中可见多辆汽车、货车及大型罐车在双向车道上缓慢行驶或完全停止，车辆排成长队，车距明显缩短，部分车辆处于静止状态，持续时间超过1分钟且无缓解趋势。涉事车辆包括轿车、厢式货车、罐车等，其中右侧车道有一辆大型油罐车和一辆白色厢式货车尤为显眼，均处于静止状态。由于车流密集，车辆通行速度显著下降，导致后方车辆被迫减速或绕行，形成典型的拥堵现象。现场未见施工设施、事故痕迹或抛洒物，也无异常停车或二轮车辆闯入情况，推测拥堵可能由前方交通瓶颈或流量高峰引发，影响范围覆盖整个监控画面，且持续时间较长，符合拥堵判断标准。
992,5845,占道施工_20230719230358_运行安全_6965062.mp4,正常,占道施工,2023年7月19日23时03分至23时04分，外环高速丰翔路-1 02路段夜间发生占道施工事件。现场可见一辆黄色工程车停靠在道路右侧车道，车顶闪烁着红蓝警示灯，车身周围摆放了多个红白相间的交通锥桶，形成临时隔离带，占用部分行车道。一名身穿反光背心的工作人员在工程车旁进行作业，期间有其他车辆（包括轿车、货车及大型客车）依次通过施工区域，车速明显降低，部分车辆需变道绕行。该施工区域未见明显施工机械或围挡，但存在明显的车道缩减和车辆减速行为，符合占道施工特征。整体交通流未受显著影响，但存在潜在安全隐患。
993,5846,拥堵_20230815081329_突发事件_34581862.mp4,拥堵,正常,2023年08月03日星期一08:15至08:16期间，位于城市快速路某路段（道路两侧有绿化带，中央隔离带）出现交通拥堵事件。该路段为多车道高速公路，双向车流密集，其中南向北方向车辆行驶缓慢，车距明显缩短，部分车辆处于低速蠕动状态，未见完全停止。涉事车辆包括多辆轿车、SUV、货车及厢式货车，均在正常车道内行驶，未发现异常停车、事故或占道施工迹象。车辆整体移动速度显著降低，后方车辆被迫减速并排缓行，形成持续性拥堵。拥堵影响范围覆盖多个车道，持续时间约一分钟且无缓解趋势，符合典型早高峰时段因车流量大引发的交通拥堵特征。现场未发现抛洒物、施工设施或二轮车辆闯入等情况，也无人员下车交涉或交警到场处理，推测拥堵可能由上游路段流量积压或前方道路瓶颈所致。
995,5848,占道施工_20230919012110_运行安全_34818627.mp4,拥堵,占道施工,2023年9月19日凌晨1点21分至1点22分，外环高速漕宝入口匝道（内）路段发生占道施工交通事件。现场可见一辆工程车辆停靠在右侧车道，车顶警示灯闪烁，周围设置了一排红白相间的交通锥桶，形成临时隔离带，占用部分行车道。该施工区域位于匝道入口附近，导致车辆需绕行或减速通过，影响了正常通行秩序。施工区域设有明显的警示标志和灯光提示，但未见明显施工人员活动，推测为夜间临时作业。整体交通流虽未完全中断，但存在明显的车道缩减和车速降低现象，属于典型的占道施工异常情况。
996,5849,占道施工_20230726230638_运行安全_33405704.mp4,正常,拥堵,2023年7月26日23时06分至23时07分，外环高速莘庄立交东南方向路段夜间出现占道施工交通事件。现场可见一辆黄色工程车停靠在道路右侧车道，车顶警示灯闪烁，周围设置多排橙白相间的交通锥桶，形成临时隔离带，占用部分行车道。两名身穿反光背心的施工人员在锥桶旁进行作业，其中一人手持工具，另一人靠近锥桶边缘，疑似进行道路维护或施工作业。该施工区域未见明显施工机械，但通过锥桶和警示灯对车道进行封闭，导致车辆需绕行或减速通过。过往车辆包括多辆货车、轿车及面包车，均按指示减速通过，未出现拥堵或事故现象。施工区域位于高架桥上，夜间照明条件良好，施工区域与主线车流保持一定距离，未对通行造成显著影响。整体表现为典型的占道施工行为，具备施工设施、人员、警示设备及车辆通行受阻等特征。
1001,5854,占道施工_20240425060228_运行安全_35524993.mp4,正常,拥堵,2024年04月25日星期四06:02:28，在外环高速铁山路路段，发生了一起多车事故。涉事车辆包括一辆红色轿车和一辆白色轿车，这些车辆在行驶过程中发生了碰撞，导致车辆位置异常，其中红色轿车斜停在车道上，白色轿车在其前方。事故现场有人员下车交涉，且有交警到场处理，交通秩序受到严重影响，车道被明显的障碍物遮挡，其他车辆被迫减速或绕行，造成了交通拥堵。异常特征表现为车辆碰撞痕迹明显，且事故区域设有警示锥桶，以防止无关车辆进入事故区域。
1002,5855,异常停车_20240622095421_突发事件_35718488.mp4,异常停车,正常,2024年6月22日09时54分12秒至09时55分10秒，外环高速莘庄立交东（外）路段，一辆红色厢式货车在最左侧车道完全静止，车辆开启双闪灯，驾驶员下车在车旁停留并进行操作，期间有其他车辆绕行或减速通过，该车在非停车区域长时间停留，导致后方车辆被迫绕行，影响了正常交通流。该行为违反了高速公路禁止随意停车的规定，构成异常停车事件。
1007,5860,多车事故_20240613090315_突发事件_35700753.mp4,正常,__UNK__,2024年06月13日09:03:15至09:04:09，在某高速公路路段，发生了一起多车事故。涉事车辆包括一辆黄色面包车和一辆白色轿车，这些车辆在行驶过程中发生了碰撞，导致车辆位置异常，其中黄色面包车和前方车辆发生碰撞，后方车辆被迫减速或绕行。现场有人员下车交涉，其中一名人员站在事故车辆旁，另一名人员在另外一辆车辆旁。这样的交涉行为表明，事故已经造成交通秩序受到影响，且未见明显施工或抛洒物等其他干扰因素，因此判定为一起多车事故，具备典型多车追尾特征。
1009,5862,拥堵_20231224182723_突发事件_35258518.mp4,拥堵,正常,2023年12月24日18时27分至18时28分，嘉闵西侧定焦04监控点位拍摄到隧道内发生交通拥堵事件。事发地点位于元江路方向的隧道内，多辆机动车在正常行驶过程中出现减速、变道现象，车流密度显著增加，车辆间距明显缩小，部分车辆尾灯亮起，表明车速降低或刹车频繁。涉事车辆包括多辆轿车、SUV及一辆白色面包车，均在车道内缓慢前行或短暂停滞，未见异常停车或事故迹象。由于车流持续积压，后方车辆被迫跟随减速，形成排队缓行状态，影响了整体通行效率。该拥堵发生在夜间，隧道内无施工设施或障碍物，也未发现抛洒物或二轮车辆闯入等情况，初步判断为因车流量过大导致的常态化拥堵，但持续时间较长且无缓解趋势，符合拥堵判断标准。
1012,5865,二轮车辆闯入_20230717173555_突发事件_1456538.mp4,正常,__UNK__,2023年7月17日17时35分至17时36分，外环高速北翟路立交北侧路段，一辆二轮摩托车沿最右侧车道行驶，驾驶员佩戴头盔，车辆无明显牌照，该行为属于闯入高速公路禁止通行区域的危险驾驶行为，对周边车辆造成潜在安全隐患，导致部分车辆紧急避让，影响了道路通行秩序。
1014,5867,二轮车辆闯入_20230718174633_突发事件_1962307.mp4,正常,__UNK__,2023年7月18日17时46分35秒，在外环高速吴中路路段，一辆二轮摩托车从画面左侧驶入主车道，驾驶员身穿蓝色上衣，头戴头盔，车辆未见明显牌照。该摩托车在车流中穿行，与多辆小汽车并行，未见专用二轮车道或允许通行标志，且该路段为高速公路，禁止非机动车及二轮车辆通行。其行为属于闯入禁止通行区域的危险驾驶行为，对周边车辆造成潜在安全隐患，引发后方车辆紧急避让，影响道路通行安全。该事件符合二轮车辆闯入交通异常特征，存在较大交通风险。
1016,5869,异常停车_20240605101314_突发事件_35675435.mp4,正常,异常停车,2024年6月5日10时13分至10时14分，外环高速吴淞江桥南路段，一辆红色货车在右侧应急车道内长时间静止不动，车辆未开启双闪灯，驾驶员下车活动，后方车辆被迫绕行或减速通过，造成该车道通行效率下降，存在异常停车特征。
1017,5870,二轮车辆闯入_20230715120457_突发事件_1149574.mp4,正常,__UNK__,2023年7月15日12时04分30秒左右，在外环高速北翟路立交北侧路段，一辆二轮摩托车从画面左侧驶入高速公路主车道，行驶方向与机动车一致，驾驶员佩戴头盔，车辆有明显牌照。该摩托车在主车道内持续行驶，期间未出现逆行或横穿行为，但其出现在无专用二轮车道的高速公路上，属于禁止通行区域，构成二轮车辆闯入交通事件。
1020,5873,占道施工_20231120010208_运行安全_35124474.mp4,拥堵,正常,2023年11月20日01:02至01:03期间，外环高速沪嘉地道内发生占道施工交通事件。现场可见一辆工程车辆停靠在道路左侧车道，车灯开启，车身带有警示标志，周围设置多个橙白相间的交通锥桶，形成临时隔离区域。该施工区域占据部分行车道，导致车辆需减速并变道通行。多辆轿车和货车依次通过该区域，部分车辆因避让施工区域而出现轻微减速和变道行为，交通流受到一定影响。现场无明显施工人员活动，但施工设施已布置完毕，符合占道施工特征。该事件持续约一分钟，期间未见明显交通事故或拥堵现象，但车道数量减少对正常交通造成一定影响。
1021,5874,占道施工_20231016233621_运行安全_34947486.mp4,占道施工,正常,2023年10月16日23时36分至23时37分，外环高速顾戴路路段夜间发生占道施工交通事件。现场可见一辆黄色工程车停靠在最左侧车道，车后方设置多组红白相间的交通锥桶，形成临时隔离带，占用部分行车道。两名身穿反光背心的施工人员在车辆附近作业，其中一人手持工具在移动，另一人站在车旁。施工区域未见明显警示牌或闪烁警示灯，但交通锥桶已将车道部分封闭，导致车辆需减速绕行通过。该施工行为造成该车道通行能力下降，后方车辆出现排队现象，影响了正常交通流。异常特征为：车道被施工设施遮挡、施工人员穿戴反光背心、存在警示锥桶及工程车辆，符合占道施工标准。
1023,5876,二轮车辆闯入_20230721105632_突发事件_33393501.mp4,正常,__UNK__,2023年7月21日10时55分35秒左右，在外环高速吴淞江桥路段，一辆黑色二轮摩托车从右侧车道驶入主路，进入高速公路行车道，该车辆未在专用通道或匝道口合法汇入，且在车流密集区域穿行，存在逆行和横穿车道的危险行为，驾驶员佩戴头盔，车辆无明显牌照，其闯入行为导致周边车辆紧急避让，造成短时交通干扰，属于典型的二轮车辆闯入高速公路的异常交通事件。
1024,5877,二轮车辆闯入_20230719074347_突发事件_1965676.mp4,正常,异常停车,2023年7月19日13时19分至13时20分，外环高速仙霞路（内）路段出现异常停车事件。一辆白色轿车在右侧应急车道完全静止，车辆未开启双闪灯，驾驶员下车查看情况，符合异常停车行为。
1025,5878,占道施工_20230826003919_运行安全_34643710.mp4,拥堵,正常,2023年8月26日00:39至00:40期间，外环高速沪太立交东1-2路段夜间出现占道施工交通事件。现场可见道路左侧车道被一排红白相间的交通锥桶封闭，形成临时隔离带，部分车道被占用，导致车辆需绕行或减速通过。左侧车道有一辆黄色工程车停靠在路边，车旁有工作人员站立，疑似正在进行道路维护或施工作业。多辆货车、轿车及面包车依次通过该区域，车速较慢，部分车辆因车道变窄而出现轻微变道行为。右侧车道未受影响，通行正常。整体交通流未出现拥堵，但存在因施工导致的车道减少和车辆变道现象，符合占道施工特征。
1026,5879,异常停车_20240623110046_突发事件_35719796.mp4,异常停车,正常,2024年6月23日11时00分33秒至11时01分33秒，外环高速丰翔路南段监控画面显示，一辆白色货车在最右侧车道内长时间静止不动，车辆未开启双闪灯，驾驶员不在车内，且无明显故障迹象。该车停靠位置位于道路右侧护栏旁，占用行车道，导致后方多辆车辆被迫减速绕行，影响了正常交通流。此行为符合异常停车特征，存在安全隐患，可能引发追尾或二次事故。
1027,5880,二轮车辆闯入_20230722063742_突发事件_33394190.mp4,正常,__UNK__,2023年07月22日星期六06:37:39，在外环高速蕴川立交东路段，一辆白色二轮摩托车在主车道内行驶，该车辆未在专用非机动车道或辅路通行，且在多车道高速公路上逆行并横穿车道，存在明显危险驾驶行为。该摩托车在车流中穿行，与多辆小汽车并行，导致后方车辆需紧急避让，存在较大交通风险。其行为违反了高速公路禁止二轮车辆通行的规定，属于典型的二轮车辆闯入事件，对道路安全构成威胁。
1028,5881,二轮车辆闯入_20230718094247_突发事件_1959789.mp4,正常,拥堵,2023年7月18日星期二上午9时42分至9时43分，北环高速同济路立交南段出现交通拥堵事件。该路段为多车道高速公路，车流密集，主要由轿车、货车及小型客车组成，其中包含一辆红色货车、一辆黄色货车、一辆白色面包车和一辆蓝色货车等。视频显示，车辆在多个车道上缓慢行驶，部分车辆间距极小，整体车速明显降低，形成持续性缓行状态，未见明显的事故或障碍物导致停车，但交通流呈现持续性拥堵特征，影响了道路通行效率。该拥堵发生在立交桥附近区域，可能与前方交通信号或匝道汇入车流有关，但未观察到施工设施、抛洒物或异常停车情况，因此判定为典型的城市早高峰时段的交通拥堵现象。
1029,5882,抛洒物_20230718004456_运行安全_1959300.mp4,拥堵,__UNK__,抛洒物
1030,5883,拥堵_20231212165754_突发事件_35216270.mp4,正常,拥堵,2023年12月16日12时57分至12时58分，外环高速吴淞江桥南路段出现严重交通拥堵，多车道车辆行驶缓慢，车流密集且持续无明显缓解趋势。涉事车辆包括大量轿车、货车及厢式运输车，其中红色货车、白色厢式货车和黄色工程车较为显眼，车辆在多个车道内缓慢移动或完全停止，部分车辆刹车灯长时间亮起，显示车辆处于低速蠕行状态。该路段为高速公路主干道，双向车道，右侧有绿化带隔离，左侧为对向车道。现场未见明显事故、施工或抛洒物迹象，也无异常停车或二轮车辆闯入情况，但车流密度极高，导致通行效率显著下降，影响范围覆盖多个车道，持续时间约一分钟且无缓解迹象，符合典型拥堵事件特征。
1032,5885,占道施工_20240512074512_运行安全_35582526.mp4,占道施工,正常,2024年5月12日星期日07:45:07，在一条城市高架桥上，发生了一起占道施工交通事件。视频显示，右侧车道被多个锥桶和施工车辆遮挡，包括一辆黄色工程车和一辆白色货车，施工人员穿着反光背心在车道内进行作业。由于施工设施的遮挡，该路段的车道数量减少，导致车辆需变道或减速行驶，对正常交通流产生了一定影响。现场未见明显的警示牌或闪烁警示灯，但施工区域设有明显的警示锥桶，提醒过往车辆注意避让。整体来看，此次占道施工事件符合异常停车的判断标准，存在施工车辆停放、施工人员活动以及车道被临时封闭等特征。
1033,5886,拥堵_20230920090627_突发事件_34829567.mp4,正常,拥堵,2023年9月20日星期三上午9时06分，外环高速铁山路路段出现交通拥堵事件，现场多车道车辆行驶缓慢，车流密集且持续排队，车辆间距明显缩小，部分车辆处于低速移动或短暂停滞状态，未见明显事故或障碍物，但整体通行效率显著下降，影响范围覆盖多个车道，持续时间超过10秒，符合拥堵判断标准。
1034,5887,异常停车_20240621171132_突发事件_35717590.mp4,拥堵,异常停车,2024年6月21日17时11分28秒至17时12分26秒，外环高速莘朱路路段出现异常停车事件。一辆白色轿车在最右侧车道内长时间静止不动，车辆开启双闪灯，驾驶员下车查看情况，车辆处于非停车区域且无交通信号灯或标志允许停车。
1036,5889,异常停车_20230717114310_突发事件_1156526.mp4,正常,拥堵,2023年7月17日星期一11时43分至11时44分，位于城市快速路某路段（道路两侧绿树成荫，设有中央隔离护栏），一辆白色厢式货车在右侧车道内长时间静止不动，车辆未开启双闪灯，驾驶员下车活动，后方多辆车辆被迫减速绕行，造成短时交通拥堵，该行为符合异常停车特征。
1039,5892,占道施工_20230816231146_运行安全_34592023.mp4,正常,拥堵,2023年8月16日23时11分至23时12分，S20外环线至S4金山方向的高架路段发生占道施工交通事件。现场可见一辆工程车辆停靠在道路右侧，车顶闪烁着蓝红警示灯，周围设置了一排橙白相间的交通锥桶，形成临时隔离带，占用部分车道。该施工区域位于道路右侧，车辆需绕行至左侧车道通行。期间有多辆轿车和货车依次通过施工区域，车流速度有所减缓，但整体交通未出现严重拥堵。施工区域未见明显施工人员活动，但存在明显的施工设施布置，符合占道施工特征。
1040,5893,二轮车辆闯入_20230719185000_突发事件_5963867.mp4,正常,__UNK__,2023年07月19日18时49分45秒，在外环高速蕴川立交东路段，一辆白色二轮摩托车从右侧车道驶入主路行车道，行驶过程中未在专用非机动车道或辅路通行，且在车流密集区域穿行于多辆小汽车之间，存在逆行、横穿车道等危险行为，驾驶员佩戴头盔，车辆无明显牌照标识，该行为导致周边车辆紧急避让，存在较大安全隐患，属于典型的二轮车辆闯入高速公路交通异常事件。
1042,5895,二轮车辆闯入_20230720082412_突发事件_6967466.mp4,正常,__UNK__,2023年7月20日08时24分10秒至08时24分36秒，北环高速同济路立交南段，一辆二轮车在湿滑路面上行驶，沿道路中间车道由南向北行驶，期间未见明显专用通道或禁止标志，且未佩戴头盔，车辆无牌照特征，该行为导致后方车辆紧急避让，存在较大安全隐患，属于典型的二轮车辆闯入交通异常事件。
1044,5897,占道施工_20240215081320_运行安全_35363043.mp4,正常,占道施工,2024年02月15日星期四08:13至08:14期间，在某高速公路路段，发生了占道施工交通事件。现场可见车道被多个红色锥桶遮挡，施工区域设有警示牌，但未见明显施工人员或工程车辆进行操作。涉事车辆包括多辆货车和轿车，它们被迫减速或变道绕行，导致该路段交通流量受到影响，车辆行驶速度明显降低。异常特征包括锥桶排列整齐且占据部分行车道，且施工区域设有警示标志，但缺乏必要的施工人员和设备，进一步加剧了交通压力。
1048,5901,占道施工_20240518000843_运行安全_35602490.mp4,正常,占道施工,2024年5月18日00:08:35至00:09:32期间，外环高速吴淞江桥路段夜间出现占道施工交通事件。现场可见多辆货车和轿车在道路右侧车道正常行驶，但车道内设置了一排红白相间的交通锥桶，形成临时隔离带，将部分车道封闭。一名身穿反光背心的施工人员在锥桶旁作业，手持工具进行路面维护或清理工作。该施工区域导致右侧车道通行能力下降，车辆需变道绕行，影响了正常交通流。施工区域未见明显警示牌或闪烁警示灯，但锥桶排列整齐且持续存在，符合占道施工特征。整体交通秩序虽未完全中断，但存在轻微拥堵风险，属于典型的占道施工异常情况。
1049,5902,异常停车_20240517175500_突发事件_35602132.mp4,正常,拥堵,2024年5月17日17时54分至17时55分，外环高速漕宝入口匝道（外）路段出现严重交通拥堵。该路段为多车道高速公路，车流密集，主要由轿车、货车及大型运输车辆组成，包括红色集装箱货车、蓝色厢式货车、黄色工程车以及多辆私家车。车辆在多个车道上缓慢行驶或完全停滞，排队长度持续延伸，且无明显缓解趋势，部分车辆在车道间频繁变道，导致通行效率下降。拥堵主要集中在靠近入口匝道区域，影响范围覆盖多个车道，导致后方车辆被迫减速并保持安全距离，整体交通流呈现典型的高峰时段拥堵特征。异常特征表现为车辆密度高、行驶速度极低、车距极小，且无施工或事故迹象，推测为高峰时段车流量过大所致。
1051,5904,占道施工_20230819230311_运行安全_34608597.mp4,正常,拥堵,2023年8月19日23时03分至23时04分，位于高速公路左侧车道发生占道施工事件。现场有多辆工程车辆停靠在路边，包括一辆黄色工程车和一辆蓝色货车，周围设置了一排红白相间的交通锥桶，形成临时施工区域。多名身穿反光背心的施工人员在锥桶旁进行作业，其中部分人员在移动锥桶或调整交通设施。施工区域占用了一条行车道，导致过往车辆需减速绕行，影响了该路段的通行效率。施工区域设有警示灯和反光标识，符合规范要求，但未设置明显的施工围挡和警示牌，存在一定的安全隐患。整体交通流保持缓慢通行状态，未出现严重拥堵或事故。
1053,5906,异常停车_20240530155945_突发事件_35655010.mp4,正常,拥堵,2024年5月30日15时15分59秒，在嘉闵西侧定焦09监控点位的隧道内，右侧车道靠近护栏处出现一块白色纸板状异物，该异物位于道路最右侧车道，未被及时清理。后续时间内，未见有车辆因抛洒物发生碰撞或急刹行为，但后方车辆需保持足够距离绕行，导致整体车流出现轻微拥堵。该异物为异物的典型特征，疑似由后方货车运输过程中掉落，但未及时发现和处置，存在潜在安全隐患。
1056,5909,占道施工_20231009011715_运行安全_34908818.mp4,拥堵,占道施工,2023年10月9日星期一凌晨1点17分至1点18分，位于城市高架桥路段的交通监控画面显示，该区域因占道施工导致交通流量明显受阻。现场可见道路右侧车道被施工围挡和锥桶封闭，施工车辆停放在施工区域内，部分施工设施已布置完毕并开启警示灯，提示过往车辆注意避让。施工区域设有“前方施工”提示牌，且施工区域内可见施工人员活动，进一步证实为占道施工行为。受此影响，多辆货车和轿车在该路段减速行驶，部分车辆变道绕行，车流出现短暂缓行现象。施工区域未见明显事故或拥堵，但存在车道被占用、车道数量减少的情况，属于典型的占道施工异常事件。
1057,5910,占道施工_20240324002036_运行安全_35435229.mp4,占道施工,正常,2024年3月24日00:20:28至00:21:28，在嘉闵西金沙江西路入的高速公路上，发生了一起占道施工交通事件。现场可见多辆工程车辆和施工人员在右侧车道进行作业，施工人员穿着反光背心，操作设备，车道被锥桶遮挡，导致车道数量减少，车辆需变道或减速通行。施工区域设有警示牌和闪烁警示灯，提醒过往车辆注意避让。此事件影响了该路段的正常交通秩序，导致部分车辆被迫减速或绕行，但未造成严重的交通拥堵。异常特征包括施工设施占据部分车道、施工人员现场作业以及明显的警示标志。
1059,5912,二轮车辆闯入_20230720225116_突发事件_33392563.mp4,正常,__UNK__,2023年7月20日22时51分10秒至22时51分18秒，外环高速蕴川立交东1枪机2监控画面显示，在夜间照明条件下，一辆二轮车辆（疑似电动车或摩托车）从道路左侧绿化带边缘驶入主车道，沿最左侧车道向远处行驶，期间未见其进入专用非机动车道或辅路，且无明显禁止标志区域存在。该路段为城市快速路，设有明确的机动车道与非机动车道划分，且无专用二轮车道或明显禁止标志，二轮车辆在主车道内穿行存在较大安全隐患，可能引发追尾或侧碰事故。该行为符合二轮车辆闯入交通异常特征，属于典型违规进入主路的行为。
1060,5913,异常停车_20240508120043_突发事件_35570142.mp4,正常,异常停车,2024年5月24日12时00分34秒至12时01分32秒，外环高速丰翔路南段监控画面显示，一辆黑色轿车在最右侧车道行驶过程中突然减速并完全停止，车辆未开启双闪灯，驾驶员未下车，后方多辆车辆因避让该车而紧急刹车或变道。该车在非停车区域长时间静止，且无明显故障迹象或警示标志，属于异常停车行为，影响了正常交通流，存在安全隐患。
1066,5919,抛洒物_20240517112110_运行安全_35600593.mp4,正常,拥堵,2024年5月17日11时21分05秒至11时22分03秒，在外环高速曹安路北枪机2处，一辆红色平板货车在行车道上异常停车，车辆完全静止且未开启双闪灯，导致后方多辆车辆被迫减速避让，造成短时交通拥堵。该行为违反了非停车区域禁止停车的规定，且无交通信号灯或标志允许停车，明显不符合临时停车规则，存在安全隐患。
1067,5920,二轮车辆闯入_20230722141512_突发事件_33394633.mp4,交通事故,正常,2023年7月22日14时15分07秒，在嘉闵东金沙江路出入口附近的高架道路上，一辆二轮摩托车驶入主路，行驶过程中未在专用通道或允许区域通行，且在车流密集区域穿行，驾驶员佩戴头盔，车辆有明显牌照标识。该行为属于典型的二轮车辆闯入高速公路的异常交通事件，对周边正常行驶的机动车造成潜在安全隐患，影响了道路通行安全。
1069,5922,占道施工_20240419021307_运行安全_35498642.mp4,正常,占道施工,2024年4月2日19时13分至19时14分，外环高速吴中入口匝道（内）路段发生占道施工交通事件。现场可见多辆工程车辆停靠在右侧车道，包括一辆黄色工程车和一辆白色货车，周围设置有多个红白相间的交通锥桶，形成临时隔离区域。施工人员身穿反光背心，在车道内活动，部分人员在移动交通锥桶或调整车道。该施工行为导致右侧车道被占用，车辆需绕行至左侧车道通行，造成局部车流减速和变道，但整体交通秩序未出现严重混乱。异常特征表现为车道被施工设施遮挡、施工人员在场操作以及交通锥桶的布置，符合占道施工的典型特征。
1074,5927,占道施工_20231102225532_运行安全_35038387.mp4,占道施工,拥堵,2023年11月2日22时55分至22时56分，外环高速仙霞路（内）路段夜间出现占道施工交通事件。现场可见一辆黄色工程车停靠在右侧车道，车后方设置多个红白相间的交通锥桶，形成临时隔离带，占用部分行车道。一名身穿反光背心的工作人员在工程车旁进行作业，车辆缓慢通行。该施工区域导致右侧车道通行能力下降，后方车辆需减速并变道绕行，部分货车和轿车在通过时明显放慢速度。施工区域设有警示灯和指示牌，提示前方施工，但未见明显的施工围挡或大型机械作业。整体交通流保持有序，未出现拥堵或事故现象，但存在因施工导致的车道减少和车辆变道行为，符合占道施工的典型特征。
1076,5929,占道施工_20230825002230_运行安全_34637344.mp4,正常,占道施工,2023年8月25日星期五凌晨00:22至00:23期间，在某城市高架桥路段，发生了一起占道施工交通事件。现场可见一辆工程车辆停在道路中央，车顶闪烁着警示灯，周围摆放了多个橙色交通锥桶，形成临时隔离带，占用了一条行车道。该施工区域导致车辆需绕行或减速通过，影响了正常交通流。施工区域设有明显的警示标志和灯光提示，符合占道施工的标准特征，且未见施工人员活动，但工程车辆的存在明显表明正在进行或准备进行施工操作。此事件对过往车辆造成一定程度的通行延误，属于典型的占道施工异常情况。
1077,5930,二轮车辆闯入_20230719093605_突发事件_1965789.mp4,正常,__UNK__,2023年7月19日09时29分04秒，在外环高速蕴川立交东2枪机2监控范围内，一辆二轮摩托车从画面左侧驶入主车道，驾驶员身穿深色衣物并佩戴头盔，车辆在多车道高速公路上行驶，未见明显违规行为但存在闯入禁止通行区域的行为。该路段为城市快速路，设有明确禁行标志，且无专用非机动车道，摩托车在车流中穿行，周围车辆未出现紧急避让或减速情况，整体交通秩序未受显著影响。该行为属于二轮车辆闯入高速公路的典型异常事件，存在较大安全隐患。
1081,5934,占道施工_20230804000523_运行安全_34424882.mp4,占道施工,正常,2023年8月4日00:05至00:06期间，外环高速京沪立交南2枪机1监控画面显示，该路段夜间出现占道施工交通事件。现场可见一辆黄色工程车停靠在右侧车道，车顶警示灯闪烁，车身周围设置多个红白相间的交通锥桶，形成临时隔离区域。多名身穿反光背心的施工人员在工程车旁作业，部分人员在移动锥桶或调整交通设施。施工区域占用了一条行车道，导致后方车辆需减速绕行，车流出现轻微拥堵现象。施工车辆及人员均处于正常作业状态，未见异常停车或事故行为，但车道数量减少，影响了正常通行秩序，符合占道施工特征。
1083,5936,异常停车_20240614134513_突发事件_35704597.mp4,异常停车,拥堵,2024年06月14日星期五13:45:00至13:45:59，在外环高速沪渝立交处，发生了一起多车事故。涉事车辆包括一辆黑色轿车和一辆白色SUV，黑色轿车和白色SUV发生了碰撞。事故导致车辆位置异常，部分车辆横跨车道或斜停在路中央，严重影响了交通秩序。现场有人员下车交涉，其他车辆被迫紧急避让或停滞，造成了严重的交通拥堵。整个事件中，异常特征包括车辆明显的碰撞痕迹、交涉人员的行为以及交通秩序的混乱和持续的通行受阻。
1086,5939,异常停车_20240529075343_突发事件_35649032.mp4,异常停车,正常,2024年5月29日星期六上午7时57分至7时58分，位于高速公路主线双向车道中的一段路段发生一起多车事故。事故发生在道路右侧车道，涉事车辆包括一辆白色轿车及右后方黑色轿车，该黑色轿车在行驶过程中与白色轿车发生轻微碰撞，导致白色轿车斜停于车道内，动作明显异常。事故发生后，驾驶员下车查看情况，现场未见明显人员受伤或车辆严重损坏，但事故造成通行受阻，后方车辆排起长队持续延伸，影响正常交通流速。同时，一辆黄色出租车在事故区域最终停靠至路边进行短暂停留，疑似处理突发。整体事故表现为多车追尾及临时停车，符合多车事故特征，且无施工或抛洒物等其他干扰因素，属于正常交通矛盾事件。
1091,5944,异常停车_20240529175435_突发事件_35651400.mp4,异常停车,正常,2024年5月29日17时53分30秒至17时54分38秒，外环高速沪太立交西2枪机监控画面显示，一辆白色厢式货车停靠在道路右侧应急车道内，车辆开启双闪灯，驾驶员下车后在车旁停留，随后返回车内。该车辆长时间静止于非停车区域，导致后方部分车辆被迫减速绕行，影响了应急车道的正常通行功能。该行为符合异常停车特征，存在安全隐患，且未按规定设置警示标志，属于典型违规停车事件。
1092,5945,拥堵_20231229144754_突发事件_35276903.mp4,正常,拥堵,2023年12月26日14时47分至14时48分，外环高速曹安路路段出现严重交通拥堵事件。该路段为双向多车道高速公路，右侧方向车流密集，车辆行驶缓慢，部分车辆处于停滞状态，排队长度持续延伸，影响通行效率。涉事车辆包括大量轿车、货车及厢式运输车，其中大型货车占据较多车道，导致车流密度高。车辆整体呈现低速行驶状态，未见明显事故或异常停车情况，但因车流量大且通行速度显著降低，形成典型拥堵现象。拥堵主要集中在道路中段，未见施工设施、抛洒物或交通事故痕迹，也无二轮车辆闯入或占道行为，推测拥堵可能由前方交通瓶颈或高峰时段车流叠加所致。现场无人员下车交涉或交警到场处理，也未发现异常停车行为，整体表现为持续性、区域性交通拥堵，对道路通行能力造成较大影响。
1093,5946,拥堵_20240104125922_突发事件_35292041.mp4,拥堵,正常,2024年1月4日星期四中午12:59至13:00，在城市高架桥主干道上，发生了一起持续的交通拥堵事件。视频显示，多辆轿车、货车和大型运输车辆在该路段缓慢移动或完全停止，排队车辆长度超过正常范围，且持续一段时间未见缓解趋势。涉事车辆包括红色集装箱货车、白色厢式货车、黄色工程车以及多辆私家车，它们在多个车道上密集排列，导致后方车辆被迫减速或停滞。此拥堵发生在高架桥的主干道上，影响了多个车道的正常通行，造成交通流不畅，后方车辆出现明显积压现象。异常特征表现为车辆行驶速度极低，部分车辆甚至处于静止状态，且无明显事故或施工迹象，推测可能因早高峰车流量过大或前方道路存在瓶颈所致。
1095,5948,异常停车_20240617205704_突发事件_35710685.mp4,拥堵,正常,2024年6月17日20时57分，外环高速吴淞江桥南路段发生一起多车事故。事故发生在夜间，监控画面显示一辆黑色轿车停靠在最右侧车道靠近护栏处，车门打开，两名人员站在车旁，疑似车辆故障或发生碰撞后停车。该车所在车道未开启双闪灯，且无明显警示标志，导致后方车辆需减速避让。周围多辆汽车正常行驶，但因该车异常停车造成局部交通流受阻，部分车辆变道绕行，引发轻微拥堵。其他车辆未见明显碰撞痕迹或人员下车交涉行为，整体交通秩序仍在维持中，但存在安全隐患。此事件符合“异常停车”特征，主要影响为对通行效率的干扰和潜在二次事故风险。
1096,5949,二轮车辆闯入_20230720071647_突发事件_6967286.mp4,正常,拥堵,2023年7月20日07时15分至07时16分，外环高速漕宝入口匝道（内）路段出现交通拥堵事件。该路段为多车道高速公路，路面湿滑，天气阴雨，能见度较低。视频显示，从07:15:09开始，主车道车辆行驶缓慢，车流密集，车辆间距明显缩小，部分车辆处于低速蠕行状态，尤其在左侧车道形成连续排队现象，车辆持续移动但速度显著降低。涉事车辆包括轿车、货车、厢式货车及大型运输车等，均在正常行驶过程中受阻，未见异常停车、事故或施工迹象。右侧匝道车流相对顺畅，但受主路影响整体通行效率下降。拥堵持续时间约一分钟，无明显突发事故或障碍物，推测为雨天湿滑路面导致的通行能力下降所致，属于典型的城市高速路高峰时段拥堵特征。
1097,5950,异常停车_20230722172928_突发事件_33394850.mp4,正常,拥堵,2023年7月22日17时29分至17时30分，嘉闵西侧定焦05监控点位拍摄到隧道内发生多车事故。事故发生在隧道中段，涉事车辆包括一辆白色SUV和一辆银色轿车，多辆车辆在行驶过程中发生人员交涉。见两辆黑色轿车停靠在右侧车道，驾驶员下车与另一名女性乘客交流，疑似发生口角冲突。随后，有两名青年男性从车辆中下车与后方人员沟通，另一名女性从驾驶位下车并靠近应急车道。事故造成该路段交通拥堵，车辆排队缓慢通行，后方车辆被迫减速或变道绕行。现场未见明显抛洒物或施工设施，但车辆碰撞痕迹及人员下车交涉行为符合多车事故特征。整体影响较小，未造成严重排队现象，但存在潜在安全隐患。
1098,5951,拥堵_20231008183856_突发事件_34907693.mp4,拥堵,正常,2023年10月8日18时38分至18时39分，外环高速沪太立交东1-1 03路段夜间出现交通拥堵事件。该路段为多车道高架道路，车流密集，车辆以缓慢速度行驶，刹车灯持续亮起，形成明显的红色光带，表明车辆处于低速或停滞状态。涉事车辆包括多辆轿车、货车及厢式运输车，其中可见白色厢式货车、绿色集装箱货车、黄色工程车以及多辆私家车，均在正常车道内行驶但受阻于前车缓慢移动。由于车流持续缓慢移动，后方车辆被迫排队等候，部分车辆出现变道绕行行为，导致通行效率下降。拥堵区域位于高架桥弯道处，两侧设有隔音屏障，无施工迹象、无事故车辆停靠、无抛洒物或异常停车情况，也未见二轮车辆闯入或人员下车交涉行为，整体表现为典型的高峰时段交通拥堵现象，影响范围覆盖多个车道，持续时间约一分钟且无缓解趋势。
1099,5952,占道施工_20230824003322_运行安全_34630989.mp4,占道施工,正常,2023年8月24日00:33至00:34期间，嘉闵高架东侧隧道内发生占道施工事件。现场可见多辆工程车辆停靠在道路右侧，包括一辆黄色工程车和一辆红色警车，周围设置有多个橙白相间的交通锥桶，形成临时隔离区域。施工人员身穿反光背心，在车辆附近活动，进行作业或指挥交通。车道被部分封闭，导致车辆需绕行或减速通过，影响了正常通行效率。该区域无明显施工标志或警示灯，但交通锥桶的布置符合占道施工标准，且施工区域设有警示灯，符合占道施工的典型特征。
1100,5953,占道施工_20240117235242_运行安全_35325088.mp4,占道施工,正常,2024年01月17日23:55:09至23:55:27，在外环高速铁力路西枪机2处发生占道施工交通事件，现场可见多辆车辆在夜间行驶过程中需绕行或减速通过施工区域，施工区域由锥桶和围栏围挡，部分车道被遮挡，导致车道数量减少，车辆通行速度降低。施工区域未见明显施工人员或工程设备，但存在明显的车道变更行为，影响了正常交通流。异常特征包括车道数量减少、车辆需变道或减速以及警示锥桶的使用，符合占道施工的判断标准。
1101,5954,异常停车_20240605094543_突发事件_35675304.mp4,异常停车,正常,2024年6月5日09时45分42秒至09时46分09秒，外环高速丰翔路南段，一辆白色厢式货车停靠在右侧应急车道内，车辆开启双闪灯，驾驶员下车后在车旁停留，车辆处于完全静止状态，持续时间超过30秒。现场无明显施工标志或警示设施，也未见其他施工活动痕迹，后方车辆正常行驶未受影响，但该车辆占用应急车道且未按规定设置警示标志，存在安全隐患。该行为符合异常停车特征，属于非紧急情况下的违规停车行为。
1102,5955,拥堵_20231123072351_突发事件_35141996.mp4,拥堵,正常,2023年11月23日07时23分至07时24分，嘉闵高架西侧定焦06监控点位记录到一段持续的交通拥堵事件。事发地点位于城市高架桥路段，双向车道中右侧车道车辆排成长队，车流缓慢移动，多辆轿车、SUV及一辆黄色大巴车（车牌号沪A 0KJJ）等车辆在车道内依次排队前行，未见明显事故或障碍物。左侧车道车流相对顺畅，但整体通行效率显著下降。涉事车辆包括白色、黑色、红色、绿色等多种颜色的小型轿车及面包车，均处于正常行驶状态，未发生碰撞或停车行为。由于车辆密集且持续缓慢移动，导致后方车辆被迫减速并保持安全距离，形成典型的早高峰时段拥堵现象。此异常特征符合“拥堵”判断标准，表现为多辆车缓慢移动或完全停止，排队长度超过正常范围，且发生在交通流量高峰期，影响了道路通行能力。
1103,5956,二轮车辆闯入_20230717143917_突发事件_1158078.mp4,正常,__UNK__,2023年7月17日14时39分15秒，在外环高速莘庄立交东（外）路段，一辆二轮摩托车从左侧车道驶入主路，行驶于多车道高速公路的中间区域，未在专用通道或允许通行区域行驶，且无明显禁止标志区域，驾驶员佩戴头盔，车辆有牌照，属于典型的二轮车辆闯入高速公路的异常交通事件。
1106,5959,占道施工_20231201002334_运行安全_35175521.mp4,拥堵,正常,2023年12月1日00:23至00:24期间，嘉闵西金沙江西路入口处发生占道施工交通事件。现场可见一辆工程作业车停靠在右侧车道，车顶警示灯闪烁，周围设置多个红白相间的交通锥桶，形成临时隔离带，占用部分行车道。两名身穿反光背心的施工人员在车道内活动，其中一人手持警示牌，另一人靠近锥桶进行布置。该施工区域未完全封闭车道，但已对通行造成影响，车辆需减速绕行通过。现场无明显事故迹象，但施工设施及人员行为符合占道施工标准，属于正常交通管理措施。
1110,5963,占道施工_20230826004344_运行安全_34643728.mp4,拥堵,占道施工,2023年8月26日00:43至00:44期间，嘉闵西侧真南路出口路段夜间发生占道施工交通事件。现场可见一辆工程作业车停靠在右侧车道，车顶警示灯持续闪烁，车身周围设置多个红白相间的交通锥桶，形成临时隔离带，占用部分行车道。该施工区域位于道路右侧靠近出口匝道处，车辆需绕行或减速通过。期间有多辆机动车（包括轿车、货车及面包车）正常行驶，部分车辆因施工区域影响而变道或减速，但整体交通流未出现明显拥堵。施工区域未见施工人员活动，但存在明显的施工设施布置特征，符合占道施工标准。该事件导致右侧车道通行能力下降，对过往车辆行驶造成一定影响，属于典型的占道施工异常情况。
1111,5964,拥堵_20240227073701_突发事件_35376357.mp4,正常,拥堵,2023年7月16日07:36至07:37期间，在城市高架道路的右侧车道发生了一起多车事故，地点位于靠近匝道入口处。事故涉及二辆车，视频中俩车已经追尾停靠在最右侧车道。事故发生后，驾驶员下车在路边查看受损情况，未见明显人员受伤，随即上车离开。事故区域车辆行驶缓慢，后方车辆被迫减速或变道绕行，形成短时拥堵。现场无明显的施工设施或抛洒物，但事故车辆位置异常且存在碰撞痕迹，符合多车事故特征。
1112,5965,拥堵_20231209141123_突发事件_35207663.mp4,正常,拥堵,2023年12月9日星期六14时41分至14时42分，外环高速同济路立交南侧路段出现交通拥堵事件。该路段位于城市高架桥上，道路两侧设有绿化带，左侧为红色护栏，右侧为连续的机动车道，中间设有隔离带。视频显示，多辆小汽车、货车及厢式货车在主车道上缓慢行驶，车流密集且持续时间较长，车辆间距明显缩小，部分车辆处于低速移动或短暂停滞状态，尤其在靠近立交桥入口处形成排队现象，车辆排队长度超过百米，且无缓解趋势。涉事车辆包括白色轿车、黑色轿车、绿色货车、红色集装箱货车等，均在正常行驶过程中受阻，未见异常停车、事故或施工迹象。由于车流量大，导致通行效率下降，后方车辆被迫减速并保持安全距离，影响了整体道路通行能力。该拥堵事件主要由高峰时段车流集中引发，属于典型的城市快速路瓶颈区域拥堵特征，无明显抛洒物、占道施工或二轮车辆闯入等其他异常情况。
1114,5967,拥堵_20240301090114_突发事件_35381618.mp4,拥堵,正常,2024年3月1日星期五上午9时01分至9时02分，位于城市高架桥路段的交通监控画面显示，该路段出现持续性交通拥堵现象。该路段为双向多车道高架桥，右侧车道被一排红白相间的交通锥桶封闭，形成明显的施工或分流区域，车辆在该区域内缓慢行驶，部分车辆排队长度超过百米，车流密度显著增加。涉事车辆包括多辆轿车、SUV及一辆黄色工程车，均在正常行驶中未见异常停车或事故迹象，但整体车速明显低于正常通行水平，且车辆间距缩小，存在轻微跟车现象。由于右侧车道封闭，导致车辆需向左侧车道变道或减速，影响了道路的正常通行效率。此事件符合占道施工的异常特征，表现为车道被临时封闭、车辆被迫绕行或减速、通行能力下降。
1115,5968,异常停车_20230717170422_突发事件_1356661.mp4,异常停车,拥堵,2023年7月17日17时44分至17时45分，外环高速吴中路路段出现交通拥堵事件。该路段为多车道高速公路，双向车流密集，左侧车道车辆行驶缓慢，形成明显排队现象，车辆间距缩小，车速降低，部分车辆处于低速蠕行状态。涉事车辆包括多辆轿车、货车及厢式货车，其中以红色和白色货车为主，车辆在车道内依次缓慢前行，未见明显碰撞或停车行为。右侧车道车流相对顺畅，但受左侧拥堵影响，整体通行效率下降。拥堵区域位于高架桥下，道路两侧绿植茂密，上方有“S4市区方向”指示牌及限速40公里/小时标志，未见施工设施或事故迹象。该拥堵主要由早高峰车流量大导致，未发现异常停车、占道施工、二轮闯入、抛洒物或交通事故等其他异常情况，属于典型早高峰时段的交通拥堵现象。
1116,5969,异常停车_20240511101336_突发事件_35581084.mp4,异常停车,拥堵,2024年5月14日星期六10时13分至10时14分，位于城市高架道路的某路段发生一起多车事故。事故发生在双向车道中的右侧车道，涉事车辆包括一辆白色轿车和一辆黑色轿车，已经在最右侧车道双闪停靠疑似发生追尾事故。部分车辆存在明显碰撞痕迹，驾驶员下车查看情况，造成该车道通行受阻，后方车辆被迫减速绕行，交通流出现短暂拥堵。事故未见明显抛洒物或人员伤亡，但车辆位置异常且存在紧急避让行为，符合多车事故特征。现场未见施工设施或人员，也未发现进一步的交通事故处理行为，整体影响有限但存在潜在安全隐患。
1117,5970,多车事故_20240625090006_突发事件_35723177.mp4,拥堵,__UNK__,2024年06月25日星期二09:00:05至09:01:00，在上行水产路入口匝道03处发生多车事故。视频中可以看到，一辆白色轿车与白色客车在行车道上发生碰撞，导致白色轿车停驶，白色客车停在右侧车道上，车门打开，驾驶员下车查看情况，另一名人员也从后方车辆下车靠近。事故现场有大量车辆避让或减速绕行，交通流受到明显影响，后方车辆排队缓慢通行。该事件符合多车事故判断标准，表现为两辆及以上车辆出现明显碰撞痕迹、车辆位置异常及车辆人员下车处理等特征。
1118,5971,拥堵_20240110161041_突发事件_35308749.mp4,正常,拥堵,2024年1月10日16时10分，在嘉闵高架西侧定焦04监控点位，隧道内出现严重交通拥堵。画面显示，多辆小轿车、SUV及一辆白色面包车在该路段缓慢行驶或完全停止，车辆尾灯持续亮起，表明车流处于低速蠕动状态。道路两侧为隔音屏障，无施工迹象，亦未见二轮车辆闯入或抛洒物，但车辆密集且间距极小，通行效率显著下降，符合典型拥堵特征，影响了整体道路通行能力。
1121,5974,异常停车_20240509221720_突发事件_35575664.mp4,异常停车,正常,2024年5月9日22时17分至22时18分，外环高速吴淞江桥南路段，一辆装载木材的货车在右侧车道内长时间静止不动，车辆未开启双闪灯，驾驶员在车旁活动，车辆处于异常停车状态。该车后方有大量车辆正常行驶，部分车辆因避让而出现轻微变道行为，影响了交通流的顺畅性。现场无施工设施、无人员下车交涉，也未见明显故障迹象，符合异常停车特征。
1123,5976,拥堵_20231213133123_突发事件_35219506.mp4,拥堵,正常,2023年12月14日13时38分至13时39分，S20内至G60出省方向的高架路段出现交通拥堵事件。该路段位于通往杭州方向（G60）与浦东机场方向（S20）的交汇处附近，道路两侧有绿化带和指示牌，显示“G60杭州方向 沪宁高速”及“S20浦东机场方向”。视频中可见多辆机动车包括轿车、货车、厢式货车及大型运输车在双向车道上缓慢行驶或完全停滞，车辆间距明显缩小，车流密度显著增加，部分车辆处于低速蠕动状态。涉事车辆包括红色、白色、蓝色及绿色篷布覆盖的货车、白色厢式货车、蓝色轿车以及一辆黄色工程车，均在正常行驶过程中因前方拥堵而被迫减速或停止。由于车辆排队长度超过正常范围且持续一段时间无缓解趋势，导致通行效率显著下降，形成典型的交通拥堵现象。现场未见事故、施工或异常停车迹象，也无二轮车辆闯入或抛洒物等其他干扰因素，主要异常特征为车辆密集、行驶速度极低以及车道内车辆持续缓慢移动，符合典型拥堵特征。
1127,5980,异常停车_20230719071109_突发事件_1966981.mp4,正常,拥堵,2023年7月19日07时11分04秒至07时12分01秒，外环高速丰翔路路段出现异常停车事件。一辆白色厢式货车在右侧应急车道内完全静止，车辆未开启双闪灯，且无明显故障迹象。该车停靠位置位于道路右侧护栏旁，占用应急车道，导致后方多辆货车及轿车被迫减速绕行，形成短暂拥堵。此行为违反高速公路行车规定，存在安全隐患，影响道路通行效率。
1128,5981,拥堵_20240226181148_突发事件_35375566.mp4,正常,拥堵,2024年2月26日18时11分至18时12分，外环高速武威路南（内）路段出现严重交通拥堵事件。该路段为多车道高速公路，夜间照明条件下，车流密集，车辆以缓慢速度行驶，部分车辆处于停滞状态，后方车辆持续排队，形成明显拥堵带。涉事车辆包括大量轿车、货车及厢式运输车，其中红色、白色和黑色轿车较为集中，车辆间距极小，刹车灯持续亮起，表明车速极低或处于缓行状态。道路右侧设有“前方施工”警示牌，提示前方存在施工区域，但未见施工人员或工程车辆。整体交通流呈现持续性缓行特征，无突发事故或抛洒物迹象，但因施工影响导致车道数量减少，车辆通行效率降低，形成典型拥堵现象。
1131,5984,异常停车_20240623044909_突发事件_35719229.mp4,异常停车,正常,2024年06月23日星期四凌晨04:49:09至04:50:06期间，在一条城市高架道路的左侧车道上，一辆白色厢式货车停靠在道路最外侧车道上，车辆开启双闪灯，驾驶员下车后在车旁停留，车辆长时间静止不动，且无明显施工或故障迹象，周围车辆正常行驶但部分车辆因避让该车而轻微调整车道，导致局部交通流受阻。该车停放位置位于非停车区域，属于非允许停车的临时停靠，且驾驶员不在车内，符合异常停车特征。
1132,5985,拥堵_20231208134647_突发事件_35205084.mp4,拥堵,正常,2023年12月8日13时46分至13时47分，外环高速莘庄立交北段出现严重交通拥堵事件。该路段为多车道高架道路，双向车流密集，车辆包括轿车、货车、厢式货车及大型集装箱运输车等。视频显示，从13:46:43开始，车辆行驶速度明显减缓，排队长度持续增加，形成较长的拥堵车队，尤其在右侧车道和中间车道更为明显，车辆间距极小，部分车辆处于低速蠕动状态。拥堵影响范围覆盖多个车道，且无明显缓解趋势，符合拥堵判断标准中“多辆车缓慢移动或完全停止”、“排队车辆长度超过正常范围”、“持续一段时间且无缓解趋势”的特征。现场未见施工设施、事故痕迹或异常停车情况，也无二轮车辆闯入或抛洒物迹象，初步判断为因车流量过大导致的常态化拥堵事件，可能与立交桥下游区域车流汇聚有关。
1134,5987,拥堵_20231124073334_突发事件_35147683.mp4,正常,拥堵,2023年11月24日07:59至07:60期间，外环高速龙吴路路段出现严重交通拥堵，多车道车辆行驶缓慢或完全停滞，车流密集且持续时间较长，未见明显事故或障碍物。涉事车辆包括大量轿车、货车、客车及大型集装箱运输车，其中以白色、黑色、红色等颜色的私家车为主，部分车辆因前方拥堵被迫减速或停车，导致整体通行效率显著下降。拥堵影响范围覆盖多个车道，尤其在中间和右侧车道尤为明显，车辆排队长达数百米，尾灯连成一片，表明车辆处于低速蠕动状态。异常特征表现为车流密度极高，车辆间距极小，无明显施工或事故迹象，推测为高峰时段常态化拥堵，可能与车流量大、道路瓶颈或前方突发状况有关。
1135,5988,拥堵_20231216104611_突发事件_35232613.mp4,正常,拥堵,2023年12月16日10时46分至10时47分，外环高速莘庄立交北段出现交通拥堵事件。该路段为多车道高架道路，车流密集，主要由轿车、货车及厢式运输车组成，其中包含红色、白色、蓝色等多种颜色的车辆。视频显示，车辆在多个车道上缓慢行驶，部分车辆间距明显缩小，车速降低，形成连续的缓行状态，未见完全停止或事故迹象。拥堵主要集中在靠近立交桥入口区域，车辆排队长度持续增加，影响范围覆盖多个车道，导致通行效率下降。未发现异常停车、施工设施、抛洒物或二轮车辆闯入等其他异常情况，整体表现为典型的城市快速路高峰时段拥堵现象，可能由上游交通压力或前方路口分流导致。
1138,5991,占道施工_20240615011240_运行安全_35705457.mp4,占道施工,正常,2024年6月15日01:12至01:13，在东侧元江路入口3处，发生了一起占道施工交通事件。现场可见车道被多个锥桶遮挡，施工车辆停在施工区域内，施工人员穿着反光背心进行操作。由于施工设施的遮挡，车道数量减少，导致过往车辆需变道或减速行驶，影响了道路的正常通行。异常特征包括施工区域设有警示牌和闪烁警示灯，确保过往车辆能够及时注意到施工情况并采取相应措施。整体来看，此次占道施工对夜间交通造成了一定的影响，但未引发严重拥堵或事故。
1139,5992,异常停车_20240624062942_突发事件_35720712.mp4,拥堵,正常,2024年6月24日星期一早上7点29分至7点30分，外环高速吴中路路段出现交通拥堵事件。该路段为双向多车道高速公路，路面湿滑，天气阴雨。视频显示，右侧车道车辆行驶缓慢，车流密集，多辆货车和轿车排成长队，包括红色集装箱货车、白色厢式货车、蓝色集装箱车以及各类私家车，其中部分车辆刹车灯持续亮起，表明车速极低或处于缓行状态。左侧车道虽有车辆正常通行，但整体车流量较大，且无明显拥堵迹象。从画面中可见，右侧车道车辆间距较小，存在轻微排队现象，但未出现完全停滞或事故迹象。拥堵主要集中在主路与匝道交汇区域，可能因前方出口分流或车流汇聚导致。未发现占道施工、异常停车、抛洒物或二轮车辆闯入等其他异常情况，整体表现为典型的早高峰时段的交通拥堵特征，影响了该路段的通行效率。
1141,5994,占道施工_20230725035754_运行安全_33398713.mp4,占道施工,正常,2023年7月20日23时58分至23时59分，外环高速富长路西段夜间出现占道施工交通事件。现场可见多排红白相间的交通锥桶沿道路右侧车道有序摆放，形成临时隔离带，占用部分行车道，导致车辆需绕行或减速通过。施工区域未见明显施工人员或工程车辆作业，但交通锥桶的布置方式符合占道施工特征，提示该路段正在进行道路维护或施工。该区域车流正常，未出现拥堵或事故，但车辆通行速度有所降低，存在潜在安全隐患。异常特征为：交通锥桶排列整齐、车道被部分封闭、车辆行驶路径受限，符合占道施工判断标准。
1144,5997,异常停车_20240516034534_突发事件_35594548.mp4,异常停车,正常,2024年5月16日03:45至03:46，在外环高速京沪立交（内）路段，发生了一起占道施工交通事件。视频中可以看到，右侧车道被锥桶和施工设施遮挡，施工人员穿着反光背心在进行作业，导致该区域的车道数量减少，车辆被迫变道或减速行驶。涉事车辆包括施工车辆和途经的各类社会车辆，它们的行为明显受到施工影响，无法正常通行。异常特征包括施工区域设有警示牌和闪烁警示灯，以提醒过往车辆注意避让，确保行车安全。整体来看，此次占道施工对夜间高速公路的交通流量产生了一定影响，但未造成严重拥堵或事故。
1148,6001,二轮车辆闯入_20230717163424_突发事件_1356477.mp4,正常,__UNK__,2023年7月17日16时31分04秒，在外环高速曹安路北向南方向，一辆二轮摩托车从右侧车道驶入主干道，进入高速公路行车区域，驾驶员身穿深色衣物，佩戴头盔，车辆无明显牌照。该摩托车在车流中穿行，与多辆小汽车并行，未见逆行或横穿行为，但其出现在无专用二轮车道的高速公路上，属于禁止通行区域，构成二轮车辆闯入交通事件。该行为对周边车辆造成潜在干扰，存在安全隐患，尤其在车流密集区域可能引发紧急避让情况。现场无施工设施、无抛洒物、无事故迹象，但该二轮车闯入行为已违反交通规则，属于典型二轮车辆闯入异常事件。
1150,6003,拥堵_20230825181640_突发事件_34654764.mp4,正常,__UNK__,2023年8月1日13时15分，外环高速沪太立交东段，一辆二轮车驶入主路，行驶过程中未按规定在专用道或非机动车道通行，而是直接进入机动车道并持续向前行驶，存在横穿车道的危险行为。该二轮车在车流密集区域穿行，周围多辆汽车紧急避让，造成短暂交通干扰。该行为违反了高速公路禁止二轮车辆通行的规定，属于典型的二轮车辆闯入事件，对道路安全构成严重威胁。
1152,6005,占道施工_20230804020234_运行安全_34423395.mp4,正常,占道施工,2023年8月4日星期五凌晨2点02分至2点03分，G2进外环外圈匝道03路段出现占道施工交通事件。现场可见多排橙白相间的交通锥桶沿道路右侧车道有序摆放，形成临时隔离带，占用部分行车道，导致车辆需绕行或减速通过。施工区域未见明显施工人员或工程车辆，但交通锥桶的布置方式符合占道施工特征，提示该区域正在进行或准备进行道路施工。受此影响，过往车辆包括轿车、货车等在夜间行驶过程中出现变道和速度调整，部分车辆因避让交通锥桶而减速，造成局部交通流受阻。整体异常特征表现为车道被非永久性设施占用，且无明显施工人员活动迹象，属于典型的占道施工行为。
1154,6007,异常停车_20230715112614_突发事件_1149478.mp4,拥堵,正常,2023年7月15日11时26分至11时27分，位于城市快速路某路段（具体位置未标注），多辆货车和轿车在正常行驶过程中出现异常停车情况，其中一辆红色货车在右侧车道完全静止，未开启双闪灯，且驾驶员未在车内活动，车辆后方车辆被迫减速绕行，造成该车道通行受阻，存在明显的异常停车特征。该行为导致后方车辆行驶缓慢，影响了整体交通流的顺畅性，符合异常停车的判断标准。
1156,6009,抛洒物_20240608161910_运行安全_35687723.mp4,交通事故,拥堵,2024年06月08日16:20至16:21，在外环高速京沪铁路桥南枪机2处，车道上出现抛洒物。该抛洒物为白色纸张，尺寸较大，足以引起后方车辆紧急避让或减速。多辆汽车在经过该区域时明显减速，部分车辆紧急变道以避免碰撞，导致该路段出现短暂拥堵和交通异常。异常特征包括抛洒物在车道上的明显可见性和车辆因避让而发生的急刹或变道行为，这些都表明了抛洒物的存在对交通流畅性造成了显著影响。
1158,6011,多车事故_20240617073026_突发事件_35708952.mp4,拥堵,异常停车,2024年06月17日星期一07:30:18，在一条城市高架道路上，一辆白色轿车在最右侧车道完全静止，驾驶员下车后在车尾处停留并弯腰查看，车辆长时间占据车道，导致后方车辆被迫减速绕行，形成局部拥堵。该行为不符合交通规则，属于异常停车事件，影响了道路通行效率和行车安全。
1159,6012,拥堵_20230821160726_突发事件_34617244.mp4,正常,拥堵,2023年08月21日16时07分至16时08分，位于城市高架道路某路段（具体位置未标注）出现持续性交通拥堵事件。该路段为多车道高架桥，双向通行，右侧车道车辆行驶缓慢，车流密集，车辆间距明显缩小，部分车辆处于低速移动或短暂停滞状态，持续时间超过一分钟且无缓解趋势。涉事车辆包括各类轿车、货车、厢式货车及出租车，其中白色、黑色、红色等颜色较为明显的货车较为突出。车辆在多个车道内缓慢前行，未见异常停车、事故或施工迹象，也无二轮车辆闯入或抛洒物情况。拥堵主要集中在靠近右侧护栏的车道，影响范围覆盖多个车道，导致后方车辆排队长度显著增加，存在典型的高峰时段瓶颈区域特征。整体交通流呈现低速缓行状态，符合拥堵判断标准。
1160,6013,二轮车辆闯入_20230718182633_突发事件_1962430.mp4,正常,__UNK__,2023年7月18日18时26分30秒左右，在S20内至沪闵高架路段，一辆二轮车驶入右侧辅路，该车辆未在专用非机动车道行驶，且在无明显隔离设施的情况下进入机动车通行区域，存在闯入行为。该二轮车驾驶员佩戴头盔，车辆有牌照，属于典型的二轮车辆闯入交通异常事件。
1162,6015,异常停车_20240510011349_突发事件_35575685.mp4,异常停车,正常,2024年5月10日01时13分至01时14分，外环高速仙霞路（内）路段发生一起异常停车事件。一辆白色货车在右侧车道内长时间静止不动，车辆开启双闪灯，且无明显故障迹象或驾驶员在车旁活动，导致后方车辆被迫绕行或减速避让，影响了该车道的正常通行秩序。该车停靠位置位于道路右侧护栏旁，处于非停车区域，且无交通信号灯或标志允许停车，符合异常停车特征。
1164,6017,异常停车_20240529101343_突发事件_35649862.mp4,异常停车,正常,2024年5月29日10时17分至10时18分，外环高速沪太立交东2枪机2监控画面显示，该路段为多车道高速公路，道路两侧设有绿化带，右侧设有绿色护栏。视频中可见多辆机动车在正常行驶过程中，其中一辆白色厢式货车在右侧车道中段位置突然减速并完全停止，且无明显故障迹象，车辆处于完全静止状态，持续时间超过10秒，符合异常停车特征。
1166,6019,占道施工_20231213005823_运行安全_35218223.mp4,拥堵,占道施工,2023年12月13日00:58至00:59期间，外环高速顾戴路北（内）路段夜间出现占道施工交通事件。现场可见多辆工程车辆停靠在道路右侧车道，包括一辆黄色工程车和一辆蓝色警用车辆，周围设置有多个红白相间的交通锥桶，形成临时隔离带，占用部分行车道。施工区域有身穿反光背心的工作人员在路边作业，部分车辆因施工导致车道变窄，行驶速度减缓，后方车辆需减速通过。该施工区域未见明显施工设备或围挡，但存在明显的车道缩减和交通引导措施，导致通行效率下降，存在潜在安全隐患。整体表现为典型的占道施工异常情况。
1167,6020,占道施工_20230814042652_运行安全_34574460.mp4,正常,拥堵,2023年8月14日星期四凌晨4时26分至4时27分，外环高速南翟路立交北侧路段发生占道施工交通事件。现场可见一辆黄色工程车停靠在右侧车道，车顶闪烁警示灯，车身周围摆放多个红白相间的交通锥桶，形成临时隔离区域。一名身穿反光背心的工作人员在锥桶附近活动，进行作业或指挥交通。该施工区域位于道路右侧，占用了一条行车道，导致过往车辆需减速绕行，通行效率下降。多辆货车、轿车及面包车依次通过该区域，部分车辆因避让施工区域而出现轻微变道行为。施工区域未见明显施工设备或围挡，但存在明显的交通引导措施，符合占道施工特征。整体交通流未出现严重拥堵，但存在潜在安全隐患，需加强现场管理与警示。
1168,6021,占道施工_20230821000711_运行安全_34612980.mp4,拥堵,正常,2023年8月24日00:07至00:08期间，在城市高架道路右侧车道发生占道施工事件。施工区域位于道路右侧靠近护栏处，由一排红白相间的交通锥桶围挡，形成临时隔离带，并设有警示灯和反光标识。现场有一辆黄色工程车停靠在施工区域内，车顶装有闪烁警示灯，车身前方有工作人员穿着反光背心在进行作业。该工程车缓慢移动并持续闪烁警示灯，表明正在进行夜间道路维护或施工作业。由于施工占用部分车道，导致右侧车道通行能力下降，过往车辆需减速并变道绕行，影响了正常交通流。整个过程中未见明显交通事故或拥堵现象，但存在因施工导致的车道减少和车辆变道行为，符合占道施工的典型特征。
1169,6022,多车事故_20240624164123_突发事件_35722317.mp4,正常,拥堵,2024年3月24日17时16分至17时17分，嘉闵西侧定焦09隧道内发生交通拥堵事件。隧道内双向车道中，右侧车道车辆行驶缓慢，车流密集，多辆轿车、SUV及一辆黄色校车排队缓行，车距明显缩短，尾灯持续亮起，部分车辆刹车灯长时间亮起，表明车辆处于低速或停滞状态。左侧车道车流相对顺畅，但受右侧拥堵影响，整体通行效率下降。拥堵区域位于隧道出口附近，可能因前方匝道汇入车流或出口分流导致。未见异常停车、施工、事故或抛洒物等情况，也无二轮车辆闯入或人员下车交涉行为，推测为常规性交通拥堵，持续时间约一分钟且无缓解趋势，对通行造成一定影响。
1170,6023,占道施工_20231213232339_运行安全_35220870.mp4,正常,拥堵,2023年12月13日23时23分至23时54分，外环高速松滨路西段夜间监控画面显示，该路段右侧车道设置有连续排列的红色和白色相间的交通锥桶，形成明显的施工隔离带，表明正在进行占道施工。施工区域位于道路右侧靠近中央绿化带一侧，未见明显施工人员活动，但车道被部分封闭，导致车辆需绕行或减速通过。多辆货车、客车及小轿车在该区域行驶，其中部分车辆因避让施工区域而调整车道，造成局部车流速度减缓。整体交通秩序未出现严重拥堵，但存在因施工引发的通行效率下降和潜在安全隐患。异常特征表现为车道被施工设施围挡、车辆行驶路径改变以及警示锥桶设置，符合占道施工判断标准。
1171,6024,占道施工_20230902010824_运行安全_34689926.mp4,占道施工,正常,2023年9月2日01:08至01:09期间，位于城市高架桥路段的夜间监控画面显示，该路段被多个交通锥桶封闭，形成一条明显的车道引导线，车辆需绕行或减速通过。现场可见多辆机动车在正常行驶过程中，包括一辆红色警车在01:08:15左右进入画面，随后在01:09:15左右驶出，均未发生碰撞或异常停车行为。该区域存在明显的车道缩减和车辆排队现象，表明存在占道施工情况。交通锥桶沿道路呈直线排列，占用部分行车道，导致通行空间减少，车辆行驶速度降低，存在潜在拥堵风险。未见施工人员、工程车辆或抛洒物等其他异常情况，整体交通秩序受施工影响但未发生严重阻塞。
1175,6028,异常停车_20240624123038_突发事件_35721820.mp4,异常停车,正常,2024年6月24日12时34分，外环高速沪太立交东2枪机监控画面显示，双向车道车流正常行驶，一辆黑色轿车停靠在最右侧应急车道内，车辆开启双闪灯，未见驾驶员。
1177,6030,占道施工_20240421020038_运行安全_35503877.mp4,正常,拥堵,2024年4月21日02时00分至02时01分，外环高速天山路路段夜间发生占道施工交通事件。现场可见一辆黄色工程车停靠在右侧车道，车顶闪烁着警示灯，车身周围设置了一排红白相间的交通锥桶，形成临时隔离带，占用部分行车道。一名身穿反光背心的工作人员在锥桶旁进行作业，手持工具进行路面处理。该施工区域导致右侧车道通行空间受限，过往车辆需减速并变道绕行，部分车辆在接近施工区时明显放慢速度。整体交通流未出现严重拥堵，但存在因施工引发的通行效率下降和车辆变道行为，符合占道施工的典型特征。
1182,6035,异常停车_20240516184200_突发事件_35598210.mp4,异常停车,拥堵,2021年5月16日18时41分至18时42分，外环高速漕宝入口匝道（内）路段出现严重交通拥堵。该路段为多车道高速公路，车流密集，车辆包括轿车、货车、客车及大型集装箱运输车等，其中以红色和白色货车为主，部分车辆在多个车道上缓慢行驶或完全停止，形成持续性拥堵。拥堵主要集中在靠近入口匝道区域，车辆排队长度超过百米，且无明显缓解趋势，部分车辆因避让或减速导致后方车辆频繁变道，影响通行效率。现场未见施工设施、异常停车或事故迹象，也无抛洒物或二轮车辆闯入情况，整体表现为典型的高峰时段交通拥堵现象，主要影响为通行速度显著下降，存在潜在安全隐患。
1183,6036,占道施工_20240604231322_运行安全_35673287.mp4,拥堵,正常,2024年6月4日23时13分至23时14分，在外环高速南大路北（内）路段，发生了一起占道施工交通事件。现场可见多辆工程车辆和施工人员在进行作业，车道被多个锥桶遮挡，导致车辆需变道或减速通行。施工区域设有警示牌和闪烁警示灯，影响了该路段的正常交通秩序，车辆被迫绕行或减速，整体交通流量有所减缓。异常特征包括施工设施占据部分车道、施工人员在场操作设备以及车辆被迫改变行驶路线。
1185,6038,占道施工_20240413010300_运行安全_35487719.mp4,拥堵,正常,2024年4月13日01:02:50至01:03:53期间，外环高速顾戴路路段夜间发生占道施工交通事件。现场可见一辆黄色工程车停靠在最左侧车道，车后方设置多组反光锥桶，形成临时施工区域，一名身穿反光背心的工作人员在车辆旁进行作业。该施工区域占用了一条行车道，导致后续车辆需减速并变道绕行，影响了正常通行秩序。施工区域设有警示灯和交通锥桶，提示过往车辆注意避让。整体来看，该事件符合占道施工特征，存在明显的施工设施、人员及警示措施。
1186,6039,抛洒物_20240310083721_运行安全_35398334.mp4,异常停车,__UNK__,2024年6月10日00:37:15至00:38:14期间，外环高速曹安路北方向路段出现抛洒物交通事件。视频显示，在道路中间车道上有一块白色布状物体被遗留在行车道上，疑似从过往车辆货箱中掉落。该物体在多辆货车和轿车经过时未见明显移动，但部分车辆在接近该区域时有轻微减速或避让行为，尤其是左侧车道车辆更为明显减速并逐渐通过该区域。涉事车辆为红色集装箱货车在前方经过时短暂绕行避让该物体。该抛洒物未被及时清理，持续存在于路面，对道路安全构成潜在威胁，且未见有人员或车辆停车处理。
1188,6041,异常停车_20230719164041_突发事件_2968989.mp4,异常停车,拥堵,2023年7月19日16时40分至16时41分，外环高速丰翔路路段出现交通拥堵事件。该路段为多车道高速公路，双向车流密集，右侧车道车辆行驶缓慢，车距明显缩短，部分车辆处于低速移动或短暂停滞状态，持续时间约一分钟且无缓解趋势。涉事车辆包括各类轿车、货车、客车及大型运输车，其中红色货车、白色厢式货车和蓝色集装箱货车较为显著。车辆在多个车道内保持低速行驶，未见明显碰撞或事故迹象，但整体通行效率显著下降，后方车辆被迫减速并排成队列，形成典型的拥堵现象。左侧对向车道车流相对顺畅，未受影响。该拥堵发生在城市快速路主干道，可能与高峰时段车流量大有关，但未发现异常停车、施工、抛洒物或交通事故等其他异常情况，主要表现为典型交通拥堵特征。
1190,6043,拥堵_20230920095332_突发事件_34829870.mp4,正常,拥堵,2023年9月20日09时53分至09时54分，G60市区方向至S20外环线高架路段发生占道施工交通事件。现场可见道路左侧车道被多个黄色警示牌和锥桶遮挡，形成施工区域，施工人员身穿反光背心在作业区域内活动，车辆需绕行或减速通过。涉事车辆包括多辆小型轿车、货车及大型运输车，其中部分货车装载货物并占用行车道，导致车道通行能力下降。该施工区域未设置明显的警示标志，但通过锥桶和警示牌已对过往车辆造成一定影响，车辆行驶速度减缓，存在轻微拥堵现象。异常特征为施工设施占据部分车道，且无明显施工人员穿戴反光装备，可能存在安全隐患。
1196,6049,拥堵_20231010075017_突发事件_34915275.mp4,正常,拥堵,2023年10月16日星期二早上7点49分至7点50分，外环高速松滨路西段出现严重交通拥堵事件。该路段为多车道高速公路，双向车流密集，车辆以缓慢速度行驶，部分车辆处于停滞状态，排队长度持续延伸，未见明显事故或障碍物导致阻塞。涉事车辆包括各类轿车、货车、客车及出租车，均在正常行驶过程中因前方车流缓慢而被迫减速或停止。车辆在车道内保持有序排列，未发现异常停车、占道施工、二轮车辆闯入或抛洒物等情况。整体交通流呈现典型早高峰拥堵特征，车辆间距极小，通行效率显著下降，但未发生碰撞或紧急避让行为，也无人员下车交涉或交警到场处理。此拥堵可能由前方道路瓶颈或流量高峰引发，对通行造成较大影响，属于典型的城市早高峰拥堵事件。
1197,6050,占道施工_20231225005124_运行安全_35258672.mp4,正常,占道施工,2023年12月25日星期一凌晨00:51至00:52期间，外环高速淞滨路西路段夜间出现占道施工交通事件。现场可见一辆黄色工程车缓慢行驶在道路右侧车道，车后方设置了一排红白相间的交通锥桶，形成临时隔离带，占用部分行车道。两名身穿反光背心的施工人员在锥桶旁进行作业，其中一人手持工具在锥桶旁移动，另一人靠近护栏观察。施工区域前方有大型货车和轿车正常行驶，但因施工导致右侧车道通行空间受限，车辆需减速绕行。该施工行为符合占道施工标准，存在明显的施工设施、人员及警示标志，对交通流造成一定影响，属于典型的占道施工异常事件。
1200,6053,占道施工_20240419003923_运行安全_35498638.mp4,正常,拥堵,2024年4月19日00:39至00:40期间，外环高速武威路南（内）路段出现严重交通拥堵事件。该路段为多车道高速公路，夜间照明条件下，车流密集，车辆以缓慢速度行驶，部分车辆处于停滞状态，车距极短，刹车灯持续亮起，形成明显的红色光带。涉事车辆包括大量轿车、货车、厢式货车及大型运输车，其中有多辆大型货车和集装箱运输车在车流中缓慢移动或完全停止。由于车流量大且通行速度极低，导致后方车辆被迫减速并排队等候，形成持续性拥堵。现场未见明显事故、施工或抛洒物迹象，也无异常停车或二轮车辆闯入情况，但整体车流密度极高，影响范围覆盖多个车道，持续时间超过一分钟且无缓解趋势，符合典型拥堵特征。
1202,6055,二轮车辆闯入_20230722224327_突发事件_33395049.mp4,正常,__UNK__,2023年7月22日22时43分28秒，在外环高速京沪立交南段，一辆二轮车驶入主路，其行为违反了高速公路禁止非机动车通行的规定，存在严重安全隐患。该二轮车在车流中穿行，与多辆轿车和货车近距离交错，导致后方车辆紧急避让，部分车辆减速或变道，对道路交通安全造成明显影响。此事件属于典型的二轮车辆闯入高速公路的异常交通行为，具有较高的安全隐患。
1203,6056,抛洒物_20240312194136_运行安全_35404854.mp4,异常停车,正常,2024年3月12日19时41分至19时42分，外环高速淞滨路西路段，一辆白色货车在最右侧车道内完全静止，车辆未开启双闪灯，且无交通信号灯或标志允许其停车，驾驶员不在车内，车辆明显处于异常状态。该车长时间停靠在行车道上，导致后方多辆车辆被迫减速绕行，影响了正常交通流，构成典型的异常停车事件。
1204,6057,拥堵_20240221073552_突发事件_35367958.mp4,正常,拥堵,2024年02月21日星期三07:38:53至07:39:08，在外环高速铁力路西段，发生了一起多车事故交通事件。涉事车辆包括一辆白色轿车和一辆黑色轿车，两车在行驶过程中发生碰撞，导致白色轿车斜停在车道上，黑色轿车则停在其右侧。事故发生后，驾驶员下车查看情况，周围的人则紧急避让或停步绕行。此次事故导致后方车辆被迫减速或绕行，交通流量明显受阻，形成了持续的拥堵现象，尤其在雨天湿滑的路面上，行车安全与秩序受到严重影响。异常特征表现为车辆位置异常、人员下车交涉、后方车辆紧急避让，符合多车事故的判断标准。
1205,6058,占道施工_20231211231259_运行安全_35212057.mp4,正常,占道施工,2023年12月11日23时12分至23时13分，外环高速沪太立交东1-2路段夜间发生占道施工交通事件。现场可见一名身穿反光背心、头戴安全帽的施工人员在道路右侧车道内作业，身旁放置蓝色工具箱及红色警示标志，周围设置多排红白相间的交通锥桶，形成临时隔离带，占用部分行车道。施工区域前方有一辆黄色工程车停靠，车顶闪烁警示灯，提示过往车辆注意避让。多辆货车、轿车及面包车依次通过该区域，车速明显降低，部分车辆因避让施工区域而变道行驶，造成局部通行效率下降。施工区域未见明显围挡或大型机械，但存在明显的施工警示标志和灯光提示，符合占道施工特征。该施工行为持续影响道路通行，存在潜在安全隐患。
1206,6059,占道施工_20240414211709_运行安全_35490320.mp4,拥堵,正常,2024年04月14日21:17:00至21:18:03，在北环高速同济路立交南段，发生了一起占道施工交通事件。现场可见车道被多个施工车辆和锥桶遮挡，施工人员穿着反光背心在操作设备，导致车道数量减少，车辆需变道或减速通行。施工区域设有警示牌和闪烁警示灯，对过往车辆的正常行驶造成一定影响，车辆被迫绕行或减速通过，显示出典型的占道施工异常特征。
1207,6060,拥堵_20230904082533_突发事件_34704884.mp4,正常,拥堵,2023年9月26日08时25分至08时26分，外环高速蕴藻浜桥北1（外）路段出现交通拥堵事件。该路段为多车道高速公路，双向车流密集，左侧车道车辆行驶缓慢，形成明显排队现象，车辆间距缩小，车速降低，部分车辆处于低速蠕动状态，持续时间超过10秒且无缓解趋势。涉事车辆包括多辆轿车、货车及厢式货车，其中红色集装箱货车和白色厢式货车较为集中，均在正常车道内行驶但受阻。右侧车道车流相对顺畅，未受影响。拥堵区域位于外环高速蕴藻浜桥南段，道路两侧设有绿化带和交通标志，无施工设施或障碍物，也未见异常停车、事故或抛洒物情况。整体表现为典型的早高峰时段因车流量大导致的通行效率下降，属于常态化拥堵事件，未发现其他异常行为。
1208,6061,拥堵_20231009070458_突发事件_34910529.mp4,正常,拥堵,2023年10月9日早上7点04分至7点55分，嘉闵西侧汇聚机箱路段出现交通拥堵事件。该路段为高架道路，双向车道中右侧车道车辆密集，车流缓慢移动，多辆轿车、SUV及一辆白色面包车依次排队前行，车距明显缩短，刹车灯持续亮起，表明车辆处于低速行驶或短暂停滞状态。左侧车道车流相对顺畅，但受右侧拥堵影响，整体通行效率下降。现场未见施工设施、异常停车或事故迹象，也无二轮车辆闯入或抛洒物情况，推测拥堵可能由前方交通流量集中或早高峰车流叠加所致。该事件持续约30秒，期间车辆持续缓慢移动，未发生碰撞或人员下车交涉行为，但通行速度显著降低，符合典型拥堵特征。
1210,6063,异常停车_20240510163351_突发事件_35578843.mp4,异常停车,正常,2024年5月10日16时13分至16时14分，外环高速丰翔路南路段出现异常停车事件。一辆红色货车在右侧车道内完全静止，未开启双闪灯，驾驶员不在车内，车辆无明显故障迹象，持续占据行车道。该车停靠位置位于道路右侧护栏旁，周围无施工设施或警示标志，也未见警示灯，符合异常停车行为。由于该车停放位置位于正常行车道，且无交通信号灯或标志允许停车，导致后方多辆汽车被迫减速绕行，影响了通行效率，存在较大安全隐患。
1212,6065,占道施工_20230802230147_运行安全_33417700.mp4,占道施工,正常,2023年8月02日23时01分至23时03分，外环高速丰翔路-1 02路段夜间发生占道施工交通事件。现场可见一辆黄色工程车停靠在最右侧车道，车顶警示灯闪烁，车身周围设置多个橙白相间的交通锥桶，形成临时隔离带，占用部分行车道。一名身穿反光背心的工作人员在车辆后方缓慢行走，疑似进行现场作业或巡查。该施工区域导致右侧车道通行空间受限，车辆需减速绕行，影响了正常交通流。整体画面显示施工区域布置规范，但存在一定的安全隐患，需加强夜间作业管控。
