index,id,video,gt_label,pred_label,pred_text
0,4853,占道施工_20230820045634_运行安全_34614824.mp4,拥堵,多车事故,2023年8月20日04:56:15，在外环高速联谊路东向西方向，监控画面显示最右侧车道上有一排橙白相间的交通锥桶，呈线性排列，位于道路右侧护栏旁，该区域为施工区域。随后一辆白色厢式货车、一辆白色面包车及多辆小型轿车和货车在该区域正常行驶。2023年8月20日04:56:16，外环高速联谊路出口下3km处的交通标志显示，该出口限速80km/h，限速60km/h。2023年8月20日04:56:17，一辆白色厢式货车从右侧车道驶过，未见明显异常。2023年8月20日04:56:18，一辆红色货车从右侧车道驶入施工区域，随后驶离，未见异常。2023年8月20日04:56:19，一辆黄色工程车从右侧车道驶入施工区域，随后驶离，未见异常。2023年8月20日04:56:20，一辆红色货车从右侧车道驶入施工区域，随后驶离，未见异常。2023年8月20日04:56:21，一辆白色厢式货车从右侧车道驶入施工区域，随后驶离，未见异常。2023年8月20日04:56:22，一辆白色厢式货车从右侧车道驶入施工区域，随后驶离，未见异常。2023年8月20日04:56:23，一辆白色厢式货车从右侧车道驶入施工区域，随后驶离，未见异常。2023年8月20日04:56:24，一辆白色厢式货车从右侧车道驶入施工区域，随后驶离，未见异常。2023年8月20日04:56:25，一辆白色厢式货车从右侧车道驶入施工区域，随后驶离，未见异常。2023年8月20日04:56:26，一辆白色厢式货车从右侧车道驶入施工区域，随后驶离，未见异常。2023年8月20日04:56:27，一辆白色厢式货车从右侧车道驶入施工区域，随后驶离，未见异常。2023年8月20日04:56:28，一辆白色厢式货车从右侧车道驶入施工区域，随后驶离，未见异常。2023年8月20日04:56:29，一辆白色厢式货车从右侧车道驶入施工区域，随后驶离，未见异常。2023年8月20日04:56:30，一辆白色厢式货车从右侧车道驶入施工区域，随后驶离，未见异常。2023年8月20日04:56:31，一辆白色厢式货车从右侧车道驶入施工区域，随后驶离，未见异常。2023年8月20日04:56:32，一辆白色厢式货车从右侧车道驶入施工区域，随后驶离，未见异常。2023年8月20日04:56:33，一辆白色厢式货车从右侧车道驶入施工区域，随后驶离，未见异常。2023年8月20日04:56:34，一辆白色厢式货车从右侧车道驶入施工区域，随后驶离，未见异常。2023年8月20日04:56:35，一辆白色厢式货车从右侧车道驶入施工区域，随后驶离，未见异常。2023年8月20日04:56:36，一辆白色厢式货车从右侧车道驶入施工区域，随后驶离，未见异常。2023年8月20日04:56:37，一辆白色厢式货车从右侧车道驶入施工区域，随后驶离，未见异常。2023年8月20日04:56:38，一辆白色厢式货车从右侧车道驶入施工区域，随后驶离，未见异常。2023年8月20日04:56:39，一辆白色厢式货车从右侧车道驶入施工区域，随后驶离，未见异常。2023年8月20日04:56:40，一辆白色厢式货车从右侧车道驶入施工区域，随后驶离，未见异常。2023年8月20日04:56:41，一辆白色厢式货车从右侧车道驶入施工区域，随后驶离，未见异常。2023年8月20日04:56:42，一辆白色厢式货车从右侧车道驶入施工区域，随后驶离，未见异常。2023年8月20日04:56:43，一辆白色厢式货车从右侧车道驶入施工区域，随后驶离
1,4854,拥堵_20240321123303_突发事件_35430436.mp4,拥堵,多车事故,2023年9月21日12时26分至12时27分，外环高速沪太立交东段出现多车事故交通事件。现场可见白色轿车、蓝色货车、红色平板货车等多辆机动车在行车道正常行驶中，一辆红色平板货车与前方蓝色集装箱货车停靠于右侧车道，导致后方车辆紧急刹车并形成局部拥堵。右侧车道货车未开启双闪灯，车身有明显碰撞痕迹，疑似发生追尾事故。左侧车道车辆因避让而变道，造成通行受阻，部分车辆在缓慢通行中形成排队现象。视频中未见明显碰撞痕迹或人员下车交涉，但车辆位置异常且无警示措施，符合多车事故特征。
2,4855,异常停车_20240624112654_突发事件_35721711.mp4,异常停车,多车事故,2024年6月24日11时26分52秒至11时27分51秒，外环高速沪渝立交段出现多车事故交通事件。画面显示，从11:26:50至11:27:50，一辆黑色轿车与白色轿车在行车道上发生碰撞，车辆出现明显碰撞痕迹，黑色轿车停于事故车辆旁，白色轿车斜停于右侧车道。随后，一辆红色货车及多辆其他车辆在主车道上紧急刹车并有序绕行，导致后方车辆形成严重排队现象，交通流明显受阻，存在追尾及侧翻情况。事故区域无施工设施，未见人员下车交涉或交警到场处理，但车辆持续缓慢移动，影响了该路段持续通行。异常特征表现为多车连续碰撞、车辆位置异常、后方车辆紧急避让及持续缓行。
5,4858,异常停车_20240623150949_突发事件_35720119.mp4,异常停车,多车事故,2024年06月23日15:13:00至15:13:59，在外环高速联谊路西枪机1处，发生了一起多车事故。涉事车辆包括一辆红色货车、一辆白色轿车，其中红色货车与前方白色轿车疑似发生碰撞，导致车辆位置异常，出现横跨车道及道的现象。事故导致后方车辆出现缓行和变道避让行为，交通流受到明显影响，形成了短暂的拥堵情况。异常特征表现为车辆明显的碰撞痕迹、位置异常以及后方车辆的紧急避让行为。
7,4860,异常停车_20240511021033_突发事件_35579528.mp4,异常停车,多车事故,2024年5月11日02时10分至02时11分，外环高速莘朱路路段，一辆红色货车在右侧应急车道内完全静止，车辆开启双闪灯，车辆位置异常且无明显故障迹象，疑似发生故障。该车导致后方少数车辆被迫减速避让。现场无其他车辆发生碰撞或停车行为，但该车异常停放行为已构成交通安全隐患。
8,4861,拥堵_20240305081000_突发事件_35388729.mp4,拥堵,多车事故,2024年03月05日08时12分至08时13分，外环高速铁力路西段出现多车事故交通事件。视频显示，该路段为雨天湿滑路面，多辆小轿车、货车及一辆黑色大巴车在行车道和最右侧车道内行驶，车流密集且车速较快，车辆间距离过近，部分车辆出现明显追尾或碰撞痕迹，导致车辆位置异常，部分车辆横跨车道或斜停，引发后方车辆紧急避让、减速及绕行。涉事车辆包括白色轿车、黑色轿车、白色面包车等，均处于正常或异常停车状态，未见明显碰撞痕迹或人员下车交涉。事故区域无施工设施、抛洒物或二轮车辆闯入迹象，也无异常停车或二轮车辆闯入行为，但车辆密集排列、通行受阻且存在明显的碰撞痕迹，符合多车事故特征。事故影响范围较大，导致该路段通行效率下降，存在安全隐患。
10,4863,占道施工_20240421095734_运行安全_35504665.mp4,占道施工,多车事故,2024年04月21日10:09:35至10:09:44，外环高速蕴川立交东2枪机2监控画面显示，一辆白色轿车与一辆灰色轿车在行车道上发生碰撞，黑色轿车横向停靠在应急车道内，导致后方车辆紧急刹车并绕行避让，形成短时拥堵。随后，另一辆黑色轿车从右侧车道驶来超越事故车辆，与白色轿车发生碰撞，两车均处于低速行驶状态，且发生追尾。事故现场可见多辆小轿车停放在车道内，部分车辆出现明显横穿车道现象，且无明显施工或抛洒物迹象，初步判断为多车追尾事故。事故区域位于沪太立交附近，对交通造成持续影响，车辆排队长度超过正常范围，且持续缓慢移动。
11,4864,占道施工_20240222105430_运行安全_35369125.mp4,占道施工,多车事故,2024年02月22日星期四10:57:33至10:57:44，在外环高速申川立交西枪机2处，多车事故发生。视频显示，该路段有多辆车出现明显的碰撞痕迹，车辆位置异常，部分车辆横跨车道或斜停，严重影响了交通秩序。涉事车辆包括多辆轿车和货车，它们的位置异常是由于前车急刹或碰撞事故导致。事故现场有人员下车查看情况，其他车辆被迫紧急避让或停滞，造成了交通拥堵和持续的通行缓慢。异常特征表现为车辆碰撞痕迹、位置异常以及后方车辆的紧急避让行为。
14,4867,异常停车_20240606112804_突发事件_35678999.mp4,异常停车,多车事故,2024年6月6日11时29分58秒至11时30分56秒，外环高速漕宝入口匝道（内）路段发生一起多车事故。事故发生在道路右侧车道，涉事车辆包括一辆红色集装箱货车、一辆红色集装箱货车，二轮车辆（摩托车）参与碰撞。视频显示，红色集装箱货车与二轮车辆发生碰撞后停在行车道上，横跨车道，导致后方车辆被迫减速或绕行。受影响车辆包括多辆轿车和货车，其中一辆红色货车停在右侧车道，而另一辆红色货车则侧倒。事故现场有多辆车出现紧急避让和停滞行为，其他车辆被迫变道避让，造成该路段交通流短暂受阻。事故未见明显人员下车交涉或交警到场处理，但可见后方车辆行驶谨慎，存在排队现象。异常特征表现为二轮车辆闯入、车辆位置异常、后方车辆紧急避让，符合多车事故判断标准。
15,4868,多车事故_20240530152809_突发事件_35654829.mp4,多车事故,异常停车,2024年5月30日15时28分14秒至15时29分12秒，外环高速莘朱路路段，一辆白色轿车与银色轿车在最右侧车道发生碰撞，导致两车出现异常停车现象，车辆位置异常，横跨车道并倚靠于 vectors，导致后方车辆需减速避让，造成后方车辆紧急变道和减速的短暂拥堵。该事件中，白色轿车和银色轿车均开启双闪灯，驾驶员下车查看情况，后方车辆因避让而出现明显减速和排队现象，影响了该路段的正常通行秩序。异常特征为车辆明显横跨车道、引发后续交通干扰，符合异常停车的判断标准。
17,4870,异常停车_20240614105451_突发事件_35704233.mp4,多车事故,异常停车,2024年6月14日10时59分12秒至10时59分40秒，外环高速沪太立交东2枪机监控画面显示，一辆蓝色货车与一辆白色轿车在最右侧应急车道停靠，未发生碰撞但存在异常停车特征。
19,4872,抛洒物_20240316111134_运行安全_35415772.mp4,抛洒物,二轮车辆闯入,2021年5月16日14时46分09秒，在外环高速虹梅南路路段，一辆红色货车在行车道上突然停车，导致后方多辆车辆紧急避让。该红色货车后方道路中央出现红色布状异物，影响后续车辆正常通行，其他车辆出现绕行或减速行为。后续车辆中无明显故障，但该行为造成局部交通秩序紊乱，存在安全隐患。异常特征表现为：红色货车在非停车区域完全静止，后方车辆被迫绕行，且无明显警示标志或防护措施，构成典型的二轮车辆闯入交通异常事件。
21,4874,占道施工_20240323090249_运行安全_35433956.mp4,占道施工,异常停车,2024年03月23日星期六上午09:02:40，外环高速松滨路西段，一辆白色轿车在道路中央隔离带附近停靠，车辆未开启双闪灯，符合异常停车行为。
22,4875,拥堵_20240101175120_突发事件_35284434.mp4,拥堵,多车事故,2024年1月1日17时51分至17时52分，外环高速莘庄立交东（外）路段发生一起多车事故。事故发生在夜间，监控画面显示该路段车流密集，车辆行驶缓慢。在右侧车道中，一辆白色轿车与前方货车发生追尾事故。涉事车辆包括至少两辆小轿车及一辆平板货车，均处于横跨车道关系，导致后方车辆紧急刹车或绕行。事故现场可见多辆车灯闪烁，车辆位置异常，部分车辆斜停或横跨车道，影响通行秩序。事故未见人员下车交涉或交警到场处理，但可见后方车辆出现明显减速和排队现象，存在安全隐患。该事件符合多车事故判断标准，主要异常特征为多辆车无序停驻、车辆位置异常及后方车辆避让行为。
24,4877,占道施工_20240430000257_运行安全_35546785.mp4,拥堵,抛洒物,2024年4月30日00:05:04至00:06:03期间，外环高速沪太立交西3枪机1监控画面显示，一辆黄色工程车停靠在右侧应急车道，车后放置了多个红白相间的交通锥桶，形成临时隔离带，一名身穿反光背心的工作人员在锥桶旁进行作业。该区域为高速公路右侧车道，车辆通行受阻，但未见明显拥堵或事故迹象。现场无其他二轮车辆或二轮车辆闯入现象，也未发现异常停车、施工或抛洒物等情况。整体交通流保持正常状态，车辆行驶方向一致，未出现减速、绕行或紧急避让行为，表明该事件为常规施工或路面维护作业，未构成交通异常。
25,4878,占道施工_20240427231609_运行安全_35538441.mp4,占道施工,多车事故,2024年4月23日22时15分至22时17分，G60市区方向至S4金山方向路段发生多车事故。现场有多辆机动车发生碰撞或紧急避让行为，包括一辆轿车与货车发生追尾，导致车辆位置异常并横跨车道。后续车辆（如面包车、轿车）被迫减速避让，其他车辆出现紧急变道和亮起警示灯现象，交通流明显受阻，车辆排队缓慢通行。该事件符合多车事故判断标准，涉事车辆普遍存在碰撞痕迹及位置异常，且造成该路段通行效率下降，存在安全隐患。
27,4880,占道施工_20231010231541_运行安全_34918688.mp4,拥堵,二轮车辆闯入,2023年10月10日23时15分至23时16分，嘉闵西侧真南路出口路段夜间发生二轮车辆闯入交通事件。视频中一辆摩托车从画面下方驶入主车道，沿道路中间车道行驶，驾驶员身穿红色上衣并佩戴头盔，车辆无明显牌照标识。该摩托车在车流中穿行，与正常行驶的机动车并行，存在逆行、横穿车道等危险行为，且未在专用非机动车道或允许通行区域行驶，属于闯入禁止通行区域的异常行为。该行为导致部分车辆紧急避让，造成局部交通秩序紊乱，存在较大安全隐患。现场无其他车辆发生碰撞或事故，但该二轮车辆闯入行为已构成交通异常，属于典型二轮车辆闯入事件。
28,4881,占道施工_20240523232826_运行安全_35628713.mp4,占道施工,抛洒物,2024年05月23日23:28:15至23:28:45，在某高速公路路段，一辆白色轿车与一辆白色货车疑似发生碰撞，停在行车道内，人员下车查看情况。该车抛洒出大量白色沙袋，明显影响后方车辆通行。后方多辆汽车减速绕行，形成短暂缓行现象，且无明显施工或二轮车辆闯入迹象，初步判断为因货物抛洒导致的交通异常，属于“抛洒物”交通事件。
30,4883,拥堵_20231026084656_突发事件_35000276.mp4,拥堵,异常停车,2023年10月26日08时46分38秒，在外环高速曹安路路段，一辆红色货车在最右侧车道上异常停车，车辆开启双闪灯，驾驶员下车后站在车旁，随后车辆再次启动离开。该行为导致后方车辆出现减速避让，影响了右侧车道的通行秩序。现场无明显故障迹象，也未见警示标志设置，属于非紧急情况下的违规停车，存在安全隐患。
31,4884,抛洒物_20240402065256_运行安全_35459975.mp4,拥堵,二轮车辆闯入,2024年04月02日06:52:50至06:53:47，沪宁转外环外圈路段出现二轮车辆闯入交通事件。一辆摩托车在非机动车道区域行驶，随后在06:53:03左右驶入主车道，并在06:53:06左右驶出画面。该摩托车未见明显牌照，其行为违反了交通规则，属于二轮车辆闯入异常事件。
32,4885,异常停车_20240515114643_突发事件_35592570.mp4,异常停车,多车事故,2024年5月15日11时46分至11时47分，外环高速仙霞路（内）路段出现多车事故交通事件。视频显示，该路段为多车道高速公路，车流密集，包含轿车、货车、客车及大型运输车辆。在视频起始位置（靠近出口匝道），已发生多车事故，涉事车辆包括白色轿车、黑色轿车等，导致后方车辆紧急刹车、绕行或停滞，形成明显的交通拥堵。现场可见部分车辆位置异常，如横跨车道的货物脱落、驾驶员下车查看情况等，进一步加剧了交通堵塞。事故区域未见明显抛洒物或人员下车交涉，但车辆排队长度持续增加，影响范围覆盖多个车道，造成后方车辆缓慢通行或完全停止。整体异常特征表现为多车追尾碰撞痕迹、车辆间存在紧急避让行为以及交通流明显受阻。
33,4886,拥堵_20240112102255_突发事件_35313655.mp4,拥堵,二轮车辆闯入,2023年12月12日12时20分至12时21分，外环高速武威路南（内）路段出现二轮车辆闯入交通事件。在视频画面中，两辆二轮车在车流密集区域行驶，未见明显违规行为，但该路段为高速公路，禁止非机动车及摩托车通行，且无专用二轮车道或明显禁止标志，车辆在车流中穿行存在较大安全隐患。该行为属于典型闯入行为，影响了正常交通秩序，构成交通异常事件。
34,4887,拥堵_20240305072834_突发事件_35388499.mp4,拥堵,多车事故,2024年3月5日7时28分至7时29分，S20外至G60出省方向3枪机2监控区域出现多车事故。事故发生在高速公路左侧车道，涉事车辆包括一辆白色货车、一辆白色轿车及多辆其他小型汽车，发生事故后车辆位置异常，部分车辆横跨车道还斜停，造成交通流明显受阻。事故发生后，现场未见交警到场处理，但车辆持续缓慢行驶，且在后续时间内无缓解趋势，符合多车事故的典型特征：多辆车位置异常、影响正常通行秩序。
35,4888,二轮车辆闯入_20230718135047_突发事件_1961042.mp4,多车事故,二轮车辆闯入,2023年7月18日13时50分43秒，在外环高速莘庄立交北段，一辆二轮摩托车从画面左侧驶入主车道，沿最左侧车道由南向北行驶，驾驶员身穿深色衣物并佩戴头盔，车辆为普通两轮电动或摩托车，未见明显牌照。该车在无专用二轮车道且无禁止标志区域的高速路段内闯入主行车道，存在横穿车道等危险行为，对后方正常行驶的机动车构成潜在安全隐患，导致部分车辆为避让而紧急变道或减速，影响了道路通行秩序。该行为符合“二轮车辆闯入”异常特征，属于典型违规进入高速公路的危险驾驶行为。
36,4889,拥堵_20240106090708_突发事件_35296938.mp4,拥堵,多车事故,2024年1月8日05:07至05:08期间，在S20内至G60出省方向的高速公路上，发生了一起多车事故。涉事车辆包括一辆白色SUV和一辆白色货车，两车在行驶过程中发生碰撞，导致车辆位置异常，白色货车斜停在车道上，白色SUV则紧随其后停下。事故现场有多名人员下车查看情况，部分车辆紧急避让或停滞，交通秩序受到严重影响。该事故的异常特征表现为两车明显碰撞痕迹和车辆位置异常，对道路通行造成了显著影响。
38,4891,拥堵_20240108171924_突发事件_35302871.mp4,拥堵,多车事故,2024年01月18日17:21:55至17:22:03，在外环高速富长路西枪机1处，多车事故发生。视频显示，该路段为夜间高速公路，车辆密集，以货车和轿车为主。第二辆至第五辆车辆出现明显碰撞痕迹，车辆位置异常，部分车辆横跨车道或斜停，导致交通流受阻。事故导致后方车辆被迫减速或绕行，形成短暂拥堵。未见人员下车交涉或交警到场处理，但事故车辆保持一定距离，未见明显的追尾碰撞。此事件属于典型的多车事故，具有明显的碰撞痕迹和车辆位置异常特征，对通行秩序造成一定影响。
39,4892,二轮车辆闯入_20230722214347_突发事件_33395018.mp4,二轮车辆闯入,多车事故,2023年7月22日21时43分48秒，在外环高速北翟路立交北段，一辆二轮车从右侧车道驶入主路，进入机动车道行驶，其行为属于闯入禁止通行区域。该二轮车在无专用二轮车道且无明显允许通行标志的情况下，直接进入机动车道并持续行驶，导致后方多辆汽车紧急避让，其中一辆白色轿车因避让不及发生碰撞，最终引发后方车辆减速绕行或停车，造成短暂交通秩序紊乱。该事件符合“二轮车辆闯入”异常特征，表现为二轮车辆非法进入机动车道并发生碰撞事故。
44,4897,拥堵_20240226164333_突发事件_35375317.mp4,拥堵,多车事故,2024年2月26日16时43分至16时44分，S4市区方向至G60出省方向的高架桥路段发生一起多车事故。事故地点位于一座设有白色护栏的桥面，周边绿树成荫，路面标有黄色导流线。视频显示，一辆白色大巴车与前方白色轿车、黑色轿车、白色轿车及一辆绿色公交车均存在明显碰撞痕迹，车辆位置异常，呈现斜停或半静止状态，部分车辆横跨车道，造成后方车辆被迫减速绕行。涉事车辆包括白色大巴、黑色SUV、白色轿车、白色轿车、绿色公交车，均处于不同程度的停顿或缓慢移动状态，部分车辆开启双闪灯。事故现场未见明显人员下车交涉或交警到场处置，但后方车辆因避让事故车辆而形成连续排队现象，交通流受到明显影响，符合多车事故特征。异常特征表现为多车碰撞、车辆位置异常、引发后车避让行为，且持续时间较长，对通行效率造成显著影响。
46,4899,拥堵_20231027080039_突发事件_35006223.mp4,拥堵,多车事故,2023年10月22日星期一08:10至08:11期间，某城市高速公路双向车道出现明显交通拥堵现象，事发路段为多车道高速公路，中间设有隔离护栏，两侧为绿化带。视频显示，右侧车道车辆排成长队，车流缓慢移动，部分车辆几乎处于静止状态，持续时间约一分钟且无缓解趋势，符合拥堵判断标准。左侧车道车流相对顺畅，但受右侧拥堵影响，整体通行效率下降。涉事车辆包括多辆轿车、货车、厢式货车及一辆红色平板拖车，其中红色平板拖车上装载有大型集装箱货车和装载有木材的平板拖车，拖车在车道内缓慢行驶，未发生碰撞。右侧车道右侧有大型红色平板拖车停靠，疑似为事故车辆，但未见明显碰撞痕迹或人员下车处置。由于右侧车道车辆密集排队，导致后方车辆被迫减速并保持安全距离，影响了整体通行秩序。异常特征表现为车辆间距缩小、行驶速度显著降低、车辆间无空隙，符合多车事故判断标准。
47,4900,拥堵_20231208081125_突发事件_35203668.mp4,抛洒物,多车事故,2023年12月8日星期五上午8时11分至8时12分，位于城市高架道路的监控画面显示，一辆白色轿车与一辆灰色轿车在行车道上发生碰撞，白色轿车斜停靠于黑色轿车旁边，黑色轿车同样采取紧急刹车措施。事故后，两车均开启双闪灯，后方车辆被迫减速绕行，造成短时拥堵。事故区域位于高架桥上，周边有多辆汽车及货车通行，车流密集，车速明显降低，部分车辆在通过该区域时出现变道避让行为。现场未见人员下车交涉或交警到场处理，但车辆位置异常且存在明显碰撞痕迹，符合多车事故特征。
48,4901,拥堵_20231103170641_突发事件_35042801.mp4,拥堵,多车事故,2023年11月3日17时06分至17时07分，嘉闵西侧定焦03监控点位拍摄到隧道内发生多车事故。事故发生在隧道中段，涉事车辆包括多辆小轿车及一辆白色厢式货车，视频中可见多辆车出现明显碰撞痕迹，部分车辆斜停在车道，车身位置异常，紧急避让或停滞。事故造成隧道交通流明显受阻，车辆排队缓慢通行，影响了隧道正常通行效率。现场未见人员下车交涉或交警到场，但车辆之间存在明显的碰撞痕迹和碰撞痕迹，符合多车事故特征。此事件属于典型的多车事故，对交通流造成持续影响。
49,4902,异常停车_20230718221620_突发事件_1963284.mp4,异常停车,多车事故,2023年7月18日22时16分至22时17分，夜间高速公路路段出现多车事故。涉事车辆包括一辆白色货车、一辆白色轿车，两车在行驶过程中发生碰撞，导致车辆位置异常，斜停在左侧车道。事故发生后，后方车辆紧急避让或减速绕行，造成该路段交通流受阻，通行速度明显下降，其他车辆被迫绕行或排队缓行。事故现场未见明显抛洒物或人员下车交涉，但车辆碰撞痕迹清晰可见，影响了各自行车安全与车道利用效率。异常特征表现为多车连续碰撞、车辆位置异常、后方车辆紧急避让，符合多车事故判断标准。
51,4904,异常停车_20240605172354_突发事件_35677124.mp4,异常停车,多车事故,2024年5月8日17时27分至17时28分，位于高速公路某路段处，一辆白色轿车与前方轿车发生追尾事故。事故现场有多辆车辆快速远距离避让或停顿，造成通行效率下降，存在安全隐患。涉事车辆包括两辆白色轿车，因信息不全，无法确认具体驾驶员行为或车辆牌照，但明显看到后方车辆刹车灯亮起形成连锁反应，符合多车事故的典型特征。该事故导致后方车辆被迫减速绕行，交通流出现短暂滞缓，属于典型多车事故，影响了道路的正常通行秩序。
54,4907,占道施工_20240514225729_运行安全_35590516.mp4,占道施工,多车事故,2024年05月14日22:57:09至22:57:28，在外环高速铁力路西枪机2处，发生了一起多车事故。涉事车辆包括一辆红色轿车和一辆白色SUV，两车在行驶过程中发生了碰撞，导致车辆位置异常，红色轿车斜停在车道上，白色SUV则紧随其后。事故现场有人员下车查看情况，工作人员进行了交涉，交通秩序受到一定程度的影响，其他车辆被迫减速或绕行，以安全通过事故区域。异常特征表现为车辆明显碰撞痕迹和驾驶员及人员的行为，符合多车事故的判断标准。
55,4908,拥堵_20231029113032_突发事件_35014493.mp4,拥堵,异常停车,2023年10月29日11时17分至11时18分，外环高速京沪立交南（外）路段，多辆小轿车、货车在匝道合流区域停靠，车辆未开启双闪灯，且无明显故障迹象，存在异常停车行为。
56,4909,占道施工_20230806231920_运行安全_34537966.mp4,拥堵,二轮车辆闯入,2023年8月6日23时19分至23时20分，嘉闵西侧汇聚机箱路段夜间出现二轮车辆闯入交通事件。一辆摩托车从画面右侧驶入主车道，沿道路右侧车道行驶，驾驶员身穿橙色反光背心，佩戴头盔，车辆无明显牌照标识。该摩托车在车流中穿行，与正常行驶的机动车并行，存在逆行、横穿车道等危险行为，且未在专用非机动车道或允许通行区域行驶，属于禁止通行区域闯入机动车道。其行为导致后方车辆需减速避让，影响了主车道通行秩序，构成交通安全隐患。现场无其他车辆与其发生碰撞，但该二轮车辆闯入行为已构成交通异常，符合“二轮车辆闯入”异常特征。
59,4912,占道施工_20230816005058_运行安全_34587905.mp4,占道施工,二轮车辆闯入,2023年8月16日00:50:53至00:51:52期间，外环高速老沪闵路东（内）路段夜间监控画面显示，多辆机动车在行车道上正常行驶，一辆红色货车在中间车道行驶，后方有轿车、厢式货车及一辆警车跟随前车缓慢通行。期间，一辆白色轿车在右侧车道与前方车辆发生轻微碰撞，导致后方车辆紧急刹车并形成明显的交通拥堵。涉事车辆包括白色轿车、红色货车、黑色轿车，均处于碰撞静止状态，未见明显追尾或完全静止，但车辆位置异常且刹车灯持续亮起，表明存在追尾事故。事故区域位于高架桥弯道处，周围无施工设施或抛洒物，也无二轮车辆闯入现象，整体交通流受影响持续一段时间，形成局部缓行。
60,4913,二轮车辆闯入_20230721130522_突发事件_33393643.mp4,二轮车辆闯入,多车事故,2023年7月21日13时05分23秒，在武宁路地道南线西向东方向，一辆白色轿车与蓝色轿车在行车道内发生碰撞，蓝色轿车斜停靠于白色轿车右侧，白色轿车则完全停止。事故发生后，两名人员下车在路边查看情况，未见明显抛洒物或施工迹象。该事件属于多车事故，特征表现为多辆汽车或货车在隧道内发生碰撞，且造成后方车辆紧急刹车或绕行，影响了该路段的正常通行秩序。
61,4914,异常停车_20231203152800_突发事件_35182360.mp4,异常停车,多车事故,2023年12月3日15时27分，武宁路地道北线东向西方向，一辆白色轿车与前方车辆发生追尾事故，涉事车辆包括白色轿车及后续白色轿车，两车发生追至车道中央，形成明显的交通异常停车现象。事故现场未见明显抛洒物，车辆位置异常，导致后方车辆紧急刹车或绕行避让，造成短时交通流受阻。影响范围覆盖车道，后方车辆排队减速，符合多车事故特征。异常特征表现为车辆位置异常、后方车辆避让行为及持续的交通干扰。
62,4915,占道施工_20240211001435_运行安全_35360036.mp4,占道施工,多车事故,2024年02月11日星期日00:14:32至00:15:30，在某高速公路路段，视频显示该区域存在多车事故的异常交通事件。涉事车辆包括一辆轿车和一辆货车，两车在行驶过程中发生碰撞事故，导致车辆位置异常，部分车辆横跨车道或斜停，其中货车停在路中央，引导后方车辆减速避让。现场有人员下车交涉。此事件导致道路通行受阻，车道被占用，后方车辆被迫绕行或减速，影响了该路段的正常交通流。异常特征表现为车道上有明显碰撞痕迹和车辆位置异常，且未见施工或抛洒物等其他干扰因素，符合多车事故的判断标准。
63,4916,拥堵_20240313172531_突发事件_35407751.mp4,拥堵,多车事故,2024年3月13日17时25分至17时26分，外环高速天山路路段发生一起多车事故。事故发生在道路右侧车道，多辆轿车和货车在行驶过程中因前方车辆减速或停车引发连环追尾，导致至少三辆以上车辆出现碰撞痕迹，其中一辆红色货车、一辆白色厢式货车及多辆轿车出现碰撞迹象，部分车辆斜停或缓慢移动。事故造成该车道交通流明显受阻，后方车辆排队缓慢通行，交通流速下降，形成短暂拥堵。现场未见人员下车交涉或交警到场处理，但可见事故车辆位置异常，部分车辆横跨车道，影响正常行车秩序，符合多车事故判断标准中“多车碰撞”、“车辆碰撞痕迹”、“车辆位置异常”及“交通流受阻”的特征，属于理性高危行为。
66,4919,拥堵_20240316134738_突发事件_35416214.mp4,拥堵,多车事故,2024年3月16日13时50分35秒至13时50分44秒，位于城市快速路南向车道，一辆红色货车与前方车辆发生追尾碰撞。红色货车右侧车道行驶的黑色轿车与前方车碰撞后停靠于护栏旁，疑似驾驶员下车查看情况。两车发生碰撞，导致后方车辆紧急刹车并出现短暂拥堵。红色货车未发生碰撞，驶离现场。事故造成该车道通行受阻，后方车辆排队缓慢行驶，交通流明显放缓，形成短时拥堵。右侧车道车辆位置异常，部分车辆横跨车道，存在安全隐患。左侧车道车流密集，车辆行驶缓慢，通行效率降低。现场无明显人员下车交涉或交警到场处理，但事故车辆均正常行驶，无明显碰撞痕迹或车辆损坏，符合多车事故特征。
67,4920,占道施工_20240517005312_运行安全_35598296.mp4,占道施工,多车事故,2024年5月17日00:52:58至00:53:56，外环高速莘庄立交北段发生多车事故。现场可见多辆汽车和货车在道路上行驶，其中一辆红色货车与一辆白色轿车疑似发生追尾碰撞，车辆位置异常，横跨车道并斜停于行车道内。事故区域车辆密集，部分车辆紧急避让或减速绕行，造成该路段交通流受阻，车辆排队长度超过正常范围。现场有人员下车查看情况，一名身穿橙色反光背心的工作人员在事故车辆旁进行现场指挥。整体交通虽未完全中断，但存在明显的缓行和变道行为，符合多车事故的典型特征。
69,4922,异常停车_20230716095332_突发事件_1153383.mp4,多车事故,拥堵,2023年7月16日09时53分至09时54分，外环高速丰翔路-1路段，多辆机动车在湿滑路面上正常行驶，其中白色厢式货车、红色货车、白色面包车及多辆轿车和二轮车（摩托车）在行车道和匝道区域正常行驶。未见明显二轮车辆闯入事件。视频中未发现二轮车辆违规行驶或障碍，所有车辆均保持正常行驶状态，未发生碰撞、追尾、侧滑或异常停车等事故迹象，也无抛洒物或占道施工情况。整体交通流保持有序，无拥堵或缓行现象，符合雨天高速道路通行特点。
72,4925,二轮车辆闯入_20230717165524_突发事件_1356626.mp4,多车事故,二轮车辆闯入,2023年7月17日16时54分28秒，外环高速京沪铁路桥南路段，一辆二轮车从右侧车道驶入主路，进入机动车道行驶，车辆有明显牌照。该二轮车在无专用非机动车道且无明显允许通行标志的情况下，直接闯入多车道高速公路行驶区域，驾驶员佩戴头盔，车辆有牌照，属于典型的二轮车辆闯入交通异常事件。
77,4930,异常停车_20240613165503_突发事件_35702382.mp4,异常停车,多车事故,2024年6月13日16时55分至16时56分，外环高速丰翔路南段监控画面显示，一辆白色轿车与一辆白色货车在最右侧车道发生碰撞，导致白色轿车斜停靠于应急车道，车门打开，驾驶员下车站在车旁。该行为导致后方多辆车辆紧急避让或减速绕行，造成短时拥堵。涉事车辆均未开启双闪灯，且无明显故障迹象。事故现场位于G312曹安公路与S2多景路交汇处，该区域为高速公路主干道，车流密集，但未出现明显施工或抛洒物迹象。整个事件中，两车发生追尾，已构成多车事故，影响了道路通行效率并存在安全隐患。
79,4932,占道施工_20231012001030_运行安全_34924644.mp4,占道施工,拥堵,2023年10月12日星期四凌晨00:10:28，在城市高架道路夜间行驶过程中，监控画面显示一条车道被连续设置的红白相间交通锥桶封闭，形成明显的隔离带，该区域车道被完全封闭。期间，多辆机动车在该封闭区域内正常行驶，包括轿车、货车及大型客车，车辆均保持正常行驶状态，未出现紧急避让或碰撞情况。由于夜间光线较暗且路面湿滑，部分车辆在接近锥桶区时有轻微减速行为。未观察到二轮车辆或异常停车、占道施工、事故、抛洒物等情况，整体交通流保持畅通，无拥堵或阻塞现象。该封闭区域未对主线交通造成明显影响，但存在潜在安全隐患，建议加强夜间行车安全管理。
81,4934,异常停车_20240618013100_突发事件_35710710.mp4,异常停车,多车事故,2024年6月18日01时30分43秒至01时31分42秒，外环高速吴淞江桥南路段夜间监控画面显示，一辆白色轿车在最右侧应急车道停靠，车辆开启双闪灯，符合停车行为。
82,4935,占道施工_20230903005103_运行安全_34696362.mp4,拥堵,二轮车辆闯入,2023年9月3日00:50:58至00:51:56期间，外环真南路入口路段夜间出现二轮车辆闯入交通事件。在视频画面右侧最外侧车道，一辆白色电动车或摩托车从画面左侧驶入，沿最右侧车道行驶，未见明显专用二轮车道或禁止标志，车辆在夜间灯光照射下行驶过程中未见明显佩戴头盔，且无牌照特征。该二轮车辆在车流中穿行，与多辆轿车、货车并行，存在逆行、横穿车道等危险行为，对正常行驶的机动车造成潜在安全隐患，导致部分车辆减速避让，影响了道路通行秩序。该行为符合二轮车辆闯入的异常特征，属于典型违规进入主路的危险驾驶行为。
84,4937,拥堵_20240116133145_突发事件_35322341.mp4,拥堵,二轮车辆闯入,2024年1月16日13时31分至13时32分，在外环高速莘庄立交东（外）路段，多辆二轮车辆闯入主路行车道，包括一辆黄色电动车和一辆红色摩托车，其行为属于非机动车违规驶入高速公路，且在车流密集区域穿行，导致周边车辆紧急避让，存在较大安全隐患，构成典型的二轮车辆闯入交通异常事件。
87,4940,占道施工_20240311001653_运行安全_35399564.mp4,占道施工,多车事故,2024年03月11日星期一00:19:50至00:20:03期间，外环高速铁力路西段发生一起多车事故。视频显示，事故发生在夜间，道路照明良好，路面湿滑。涉事车辆包括前方黑色轿车、白色轿车及面包车等，其中黑色轿车与后方车辆发生追尾，导致车辆位置异常，横跨车道并斜停。现场有多名人员下车查看情况，部分人员站在警示灯旁。事故造成交通流明显受阻，后方车辆缓慢通行，形成短时拥堵。异常特征表现为多车碰撞、车辆位置异常及人员下车处置，符合多车事故判断标准。
88,4941,拥堵_20231103090554_突发事件_35040932.mp4,拥堵,二轮车辆闯入,2023年11月3日09时05分52秒至09时06分51秒，外环高速莘庄立交东南方向路段，一辆蓝色二轮车在导流线内行驶，未按规定在专用通道通行，且无明显警示标志，车辆在行驶过程中横穿主车道，存在逆行和横穿车道等危险行为，驾驶员佩戴头盔，车辆无牌照，其闯入行为导致后方多辆汽车紧急避让并减速，造成短暂交通干扰，属于典型的二轮车辆闯入交通异常事件。
89,4942,二轮车辆闯入_20230721001015_突发事件_33392899.mp4,二轮车辆闯入,拥堵,2023年7月21日00:09:15至00:10:13期间，外环高速沪嘉立交南段夜间行车过程中，多个车道内车辆出现缓慢行驶或短暂停滞现象，车流密集且车辆间距较小，整体通行速度明显降低，部分车辆存在频繁刹车行为。现场无明显施工设施、二轮车辆闯入或抛洒物情况，也未见异常停车或事故痕迹，但多车道连续数秒内车辆排队长度较长，且车流密度较高，符合拥堵判断标准，表明该路段存在交通拥堵现象。
92,4945,占道施工_20231020232802_运行安全_34970511.mp4,占道施工,拥堵,2023年10月20日23时27分至23时28分，嘉闵高架路东侧嘉美路南段夜间监控画面显示，一辆白色轿车与前方车辆发生追尾碰撞，导致两车停在行车道内，后方车辆紧急刹车避让，造成该路段交通流明显受阻。事故现场有多辆轿车和货车正常行驶，但因事故引发了交通拥堵，车辆在车道内频繁变道、减速，部分车辆绕行至相邻车道，影响了整体通行效率。涉事车辆包括白色轿车，未见人员下车或车辆双闪停靠，但事故区域设置有交通锥桶隔离，表明该区域正在进行交通管制或施工，可能为引发事故的诱因。该事件符合多车事故判断标准，表现为两车碰撞痕迹、后方车辆避让行为以及交通流受阻和拥堵现象。
94,4947,占道施工_20230909002352_运行安全_34746468.mp4,占道施工,多车事故,2023年9月9日星期六00:23:50至00:24:48期间，K14+050路段发生一起多车事故。视频显示，该路段为夜间高速公路，双向车流密集，车辆包括轿车、货车、客车及大型运输车等。在右侧车道中段位置，有多辆轿车和货车发生碰撞事故，导致部分车辆横向偏移、刹车灯持续亮起，形成明显的交通阻滞。涉事车辆包括一辆红色集装箱货车、一辆白色厢式货车以及多辆小轿车，部分车辆停在行车道上，占据位置，影响后续车辆正常通行。现场未见明显人员下车交涉或交警到场处理，但事故造成该车道通行受阻，后方车辆排队缓慢行驶，交通流明显受阻。事故原因分析未在视频中明确，但根据现场特征判断，可能为追尾或侧碰事故。整体异常特征表现为多车连续碰撞、车辆位置异常、刹车灯密集亮起以及后方车辆紧急避让行为，符合多车事故判断标准。
95,4948,占道施工_20230902222328_运行安全_34695991.mp4,拥堵,二轮车辆闯入,2023年9月2日22时23分至22时24分，外环高速龙吴路路段夜间出现二轮车辆闯入交通事件。视频中可见两辆二轮车在高速公路主路行驶，未见明显违规行为，但该区域为禁止非机动车通行的高速公路，二轮车进入该路段属于闯入行为。该二轮车在车流中穿行，与多辆轿车及货车并行，存在较大安全隐患，导致后方车辆需紧急避让或减速，影响了正常行车秩序。现场无其他异常停车或施工情况，也未发现抛洒物或二轮车与非机动车发生碰撞等直接诱因，但该行为已构成交通安全隐患，属于典型的二轮车辆闯入异常事件。
98,4951,异常停车_20240623005339_突发事件_35719206.mp4,异常停车,多车事故,2024年6月23日00时53分36秒至00时54分35秒，嘉闵高架东侧隧道内，一辆白色轿车与前方车辆发生追尾事故后停在行车道内。事故车辆未完全静止，后方黑色轿车斜停靠于左侧车道，其前车已完全停车，疑似多车追尾事故发生。事故区域无施工迹象，也无二轮车辆闯入情况。后方车辆正常行驶，出现减速、变道避让等行为，但整体交通流未受明显影响，仍保持通行状态。事故车辆影响期间，隧道内车流持续通过，未出现拥堵或紧急避让情况，但存在潜在安全隐患。异常特征表现为多车碰撞痕迹明显、车辆位置异常且无警示措施，符合多车事故判断标准。
100,4953,二轮车辆闯入_20230719084238_突发事件_1965769.mp4,二轮车辆闯入,异常停车,2023年7月19日08时42分45秒左右，在S20LSTV03监控路段，一辆红色货车在最右侧车道停靠，车辆开启双闪灯，驾驶员下车后站在车旁，未见明显故障迹象。该车后方有多辆车辆减速避让，交通流出现短暂缓行。该停车行为发生在非停车区域，且无交通信号灯或标志允许停车，属于异常停车。后方车辆行驶缓慢，部分车辆绕行至相邻车道，造成局部通行延误。该车长时间静止未移动，存在安全隐患，影响正常交通秩序。
102,4955,抛洒物_20240530074153_运行安全_35652730.mp4,抛洒物,二轮车辆闯入,"2024年5月30日07:41至07:42期间，外环高速丰翔路南段发生一起多车事故。视频显示，该路段为双向多车道高速公路，道路两侧绿树成荫，右侧设有绿色护栏。事故发生在由北向南方向的G30高速入口附近，区域车流密集。

在07:41:53左右，一辆白色面包车与前方白色轿车发生追尾碰撞，导致两车停在行车道内，事故车辆开启双闪灯。受影响车包括后方多辆轿车和货车，包括红色集装箱货车、白色厢式货车及黑色轿车等，均出现位置异常或刹车灯亮起的情况。事故造成该车道通行受阻，后方车辆被迫减速绕行，形成短时拥堵。现场未见明显人员下车交涉或交警到场处理，但可见后方车辆排队缓慢移动，交通流明显受阻。

事故特征符合多车事故判断标准：多辆车出现碰撞痕迹、位置异常、车辆间发生追尾或侧碰，且事故区域为高速公路主干道，影响范围较长，持续时间较长，符合“二轮车辆闯入”异常事件判定标准。"
103,4956,多车事故_20240530085706_突发事件_35653363.mp4,拥堵,二轮车辆闯入,2024年5月30日08时56分59秒至08时57分59秒，外环高速顾戴路北（内）路段出现二轮车辆闯入交通事件。一辆黄色摩托车从右侧画面边缘驶入主车道，随后在车流中穿行，未见其有专用通行区域或允许通行标志，且该路段为高速公路，禁止二轮车辆通行。摩托车在车流中穿行，周围有多辆轿车、货车及客车正常行驶，存在较大安全隐患，导致部分车辆紧急避让，影响了道路通行秩序和行车安全。该行为符合二轮车辆闯入的异常特征，属于典型违规进入主路的行为。
105,4958,占道施工_20230818024706_运行安全_34600742.mp4,拥堵,二轮车辆闯入,2023年8月18日02时46分至02时47分，外环高速沪太立交东段夜间出现二轮车辆闯入交通事件。一辆摩托车从画面右侧驶入高速公路主路，沿最右侧车道行驶，驾驶员身穿反光背心，佩戴头盔，车辆有明显牌照。该摩托车在车流中穿行，与正常行驶的货车、轿车并行，未见逆行或横穿车道等危险行为，但其进入高速公路的行为违反了高速公路禁止二轮车辆通行的规定，构成二轮车辆闯入交通异常。
109,4962,异常停车_20240526115932_突发事件_35638639.mp4,异常停车,二轮车辆闯入,2024年5月25日14时03分左右，外环高速京沪立交（内）路段，一辆红色货车与前方车辆发生追尾后继续行驶， parity violation（二轮车辆闯入）。
110,4963,异常停车_20240606120515_突发事件_35679057.mp4,异常停车,多车事故,2024年6月6日11时05分至11时06分，外环高速吴中路路段出现多车事故。涉事车辆包括一辆红色货车、一辆白色货车，部分车辆出现碰撞痕迹，停在行车道内，导致车辆位置异常，部分车辆半静止或缓慢移动。事故区域未见明显拥堵，但交通流受到明显影响，车辆间存在紧急避让行为。异常特征表现为车辆密集排列、行驶速度下降，且无施工或抛洒物等其他干扰因素，符合多车事故判断标准。
113,4966,占道施工_20231116003349_运行安全_35106756.mp4,占道施工,异常停车,2023年11月16日00时33分45秒至00时34分43秒，嘉闵西桃浦公路南路段夜间监控画面显示，一辆白色轿车在右侧车道行驶过程中突然减速并完全停止，车辆未开启双闪灯，且驾驶员未见下车或采取警示措施。该车后方有多辆车辆正常行驶，部分车辆因该车异常停车而减速避让。随后，该车在持续静止约1分钟后车辆重新启动并继续行驶。现场无施工设施、抛洒物或二轮车辆闯入等其他异常情况，也未发现碰撞痕迹或其他事故车辆，但该车异常停车行为造成后方车辆通行受阻，存在安全隐患。
115,4968,拥堵_20240208073929_突发事件_35357603.mp4,拥堵,多车事故,2024年02月08日星期四07:39:22至07:40:21期间，在城市高架桥路段，一辆白色轿车与一辆白色货车在右侧车道发生交通事故。白色轿车和货车停靠在车道内，白色轿车斜停在货车前方，导致货车位置异常，部分车辆明显碰撞痕迹，车身出现位移。事故造成后方车辆被迫减速避让，形成短暂拥堵。涉事车辆包括白色轿车、白色货车，无明显人员下车交涉或交警到场处理，但可见后方车辆有序退让行为。事故区域无抛洒物，但存在多车事故的典型特征：车辆位置异常、后方车辆紧急避让、交通流受阻。
116,4969,抛洒物_20240202164712_运行安全_35351446.mp4,抛洒物,多车事故,2024年2月16日02:49至02:50，在外环高速蕴藻浜桥北1（外）路段，发生了一起多车事故。涉事车辆包括一辆轿车和一辆SUV，两车在行驶过程中发生了碰撞，导致车辆位置异常，部分车辆横跨车道或斜停。事故现场有人员下车交涉，且有交警到场处理，其他车辆被迫紧急避让或停滞，交通秩序受到严重影响，后续车辆出现缓慢移动甚至完全停止的情况，形成了短暂的拥堵现象。此事件的异常特征在于多辆车出现碰撞痕迹且位置异常，严重影响了该路段的正常通行。
118,4971,占道施工_20230815014904_运行安全_34580009.mp4,占道施工,多车事故,2023年8月15日01时49分，外环高速吴中入口匝道（内）发生多车事故。现场有多辆机动车在夜间行驶中，右侧车道出现明显拥堵并逐渐减速，其中一辆白色轿车和前方货车位置异常，疑似发生追尾碰撞。右侧车道车辆停放位置导致后方车辆被迫减速绕行，部分车辆在灯柱附近紧急刹车。现场设有警示锥桶，一名身穿反光背心的工作人员在护栏旁站立指挥交通，未见明显抛洒物或事故碰撞痕迹，但车辆密集且通行缓慢，符合多车事故特征。
119,4972,占道施工_20231210002635_运行安全_35208250.mp4,占道施工,多车事故,2023年12月10日星期日凌晨00:26至00:27期间，北环高速铁力路地道东段发生多车事故。现场可见多辆汽车在夜间行驶过程中出现追尾、侧碰现象，车辆位置异常，部分车辆横跨车道或斜停，导致交通流明显受阻。右侧车道有车辆停靠，疑似发生追尾导致停车，影响后续车辆通行。事故区域无明显施工设施或抛洒物，但车辆密集且灯光闪烁，符合多车事故特征，表现为多车碰撞、追尾事故。
122,4975,占道施工_20240530012527_运行安全_35651647.mp4,拥堵,多车事故,2024年05月30日星期四凌晨01:25:23，在城市高架道路夜间行驶过程中，视频显示左侧车道出现连续多车碰撞痕迹和位置异常的交通事件。涉事车辆包括多辆轿车和货车，其车辆在行驶过程中出现明显追尾、侧碰及横跨车道的碰撞行为，导致现场车辆姿态异常，部分车辆刹车灯持续亮起，存在明显的碰撞痕迹（如车辆位置异常、碰撞后重新排列）。事故区域位于高架桥中央车道，设置了一排红白相间的交通锥桶进行隔离警示，但未见明显人员下车交涉或交警到场处理。该事件导致左侧车道通行受阻，后方车辆被迫减速绕行，形成短暂拥堵，符合多车事故的典型特征，且持续时间较长，影响了整体道路通行效率。
123,4976,拥堵_20230725074639_突发事件_33398640.mp4,拥堵,异常停车,2023年7月25日07时46分35秒，在外环高速漕宝路北，一辆白色轿车在最右侧车道行驶过程中突然减速并完全停止，驾驶员未下车，车辆未见明显故障迹象。随后车辆在车道上长时间静止，影响了右侧车道的正常通行秩序。该行为符合异常停车判断标准中的“车辆在非停车区域完全静止”“无信号灯或标志允许停车”等特征，属于异常停车事件。
124,4977,二轮车辆闯入_20230719084953_突发事件_1965724.mp4,二轮车辆闯入,多车事故,2024年3月1日14时10分，Broadwater Inn出口附近路段发生多车事故。右侧应急车道内两辆红色货车及一辆白色货车疑似因为追尾红色货车导致位置异常，车辆横跨车道并出现明显碰撞痕迹，部分车辆斜停或缓慢移动。左侧应急车道无车辆出现，但事故影响导致该车道通行受阻。现场未见交警到场，但车辆间存在明显的碰撞痕迹和位置异常，符合多车事故特征。
127,4980,占道施工_20240427231202_运行安全_35538438.mp4,占道施工,二轮车辆闯入,2024年4月27日23时11分59秒至23时12分58秒，外环高速老沪闵路东（内）路段发生二轮车辆闯入事件。一辆摩托车在高速公路主车道上行驶，驾驶员佩戴头盔，车辆无明显牌照标识。该摩托车在车流中穿行，与正常行驶的轿车、货车等机动车并行，存在横穿车道等危险行为，且无专用二轮车道或明显禁止标志，导致后方多辆汽车紧急避让，造成短暂交通干扰，存在较大安全隐患。该行为符合二轮车辆闯入判断标准，属于典型违规闯入事件。
128,4981,异常停车_20240624005704_突发事件_35720496.mp4,异常停车,多车事故,2024年06月24日00:57:00至00:57:59，在上行中春路出口匝道处，视频显示该路段正在发生多车事故。涉事车辆包括一辆白色轿车及多辆其他车辆，其中一辆黑色轿车在行驶过程中与前方白色轿车发生碰撞，导致后方多辆车辆紧急刹车或碰撞。事故地点位于高架桥上，光线较暗，事故车辆停在右侧车道，造成后方车辆排队缓行并出现短暂拥堵。视频中可见两车明显碰撞痕迹，车辆位置异常，横跨车道，导致后续车辆避让或减速，存在人员下车交涉的迹象。此事件符合多车事故判断标准，表现为多辆车出现碰撞痕迹、车辆位置异常、引发后方车辆紧急避让或停车等特征。
130,4983,异常停车_20240530151012_突发事件_35654713.mp4,异常停车,二轮车辆闯入,2024年5月30日15:06至15:07，外环高速吴淞江桥南路段右侧车道发生一起多车事故。事故涉及二轮车辆（疑似摩托车）行驶至主路，与前方白色货车发生碰撞，导致车辆位置异常，部分车辆横跨车道或斜停，造成后方车辆紧急避让、减速。现场无明显人员下车交涉或交警到场，但可见多辆车为事故所扰，车辆开启双闪灯，影响了该路段的正常通行秩序。该事故符合“二轮车辆闯入”异常事件特征，且无其他异常行为或事故迹象。
132,4985,占道施工_20230819234302_运行安全_34608691.mp4,占道施工,二轮车辆闯入,2023年8月19日23时42分至23时43分，嘉闵西京沪立交南入路段夜间出现二轮车辆闯入交通事件。一辆二轮车在主路最左侧车道行驶，与前方轿车并行，未见明显违规变道或逆行行为，但其进入主路的行为属于非机动车闯入机动车道。该二轮车在车流中穿行，存在与多辆汽车发生距离，存在较大安全隐患。该路段为高速公路立交桥，无专用二轮车道，且无禁止标志提示，但根据现场情况判断，该二轮车属于违规进入主路的危险车辆，对正常交通秩序构成潜在威胁。
133,4986,占道施工_20240326231211_运行安全_35443106.mp4,占道施工,二轮车辆闯入,2024年3月26日23时12分至23时13分，外环高速漕宝路北段夜间出现二轮车辆闯入交通事件。一辆摩托车从右侧画面边缘进入主车道，沿最右侧车道行驶，驾驶员身穿橙色反光背心，佩戴头盔，车辆为普通黑色摩托车。该路段为高速公路，设有“小客车 ”“货车 客”等道路标志，无专用二轮车道或允许通行标志，且无专用二轮车道指示牌。该摩托车在车流中穿行，与正常行驶的轿车、货车及出租车混行，存在逆行、横穿车道等危险行为，且未见明显警示灯或防护栏阻挡，存在较大安全隐患。该行为属于二轮车辆闯入高速公路的异常交通行为，对行车安全构成潜在威胁，影响道路通行秩序。
134,4987,占道施工_20240324070403_运行安全_35435425.mp4,占道施工,二轮车辆闯入,2024年03月24日07时07分23秒至07时07分32秒，外环高速铁力路西段出现二轮车辆闯入交通事件。一辆黄色工程车停靠在道路左侧应急车道，车后方沿车道方向设置了一排红白相间的交通锥桶，形成隔离带，将部分车道封闭。一辆黄色工程车后方停靠一辆白色轿车，两车均未见人员下车。一辆白色轿车从右侧车道驶入，沿封闭车道行驶过程中，其行为符合二轮车辆闯入判断标准。该行为导致部分车道通行受阻，影响了应急车道的正常使用，构成交通安全隐患。
136,4989,拥堵_20231107082450_突发事件_35060189.mp4,拥堵,多车事故,2023年11月7日星期二上午8时24分至8时25分，北环高速宝杨路路段出现多车事故交通事件。该路段为双向多车道高速公路，车流密集，包含轿车、SUV及部分货车。视频显示，右侧车道有多辆轿车和货车在行驶过程中出现连续追尾现象，车辆位置异常，部分车辆横跨车道或斜停，导致后方车辆紧急刹车、绕行或减速。事故区域未见明显抛洒物或人员下车交涉，但车辆碰撞痕迹明显，且有车辆连续发生追尾。左侧对向车道车流正常，未受影响。事故造成该路段交通流明显受阻，车辆排队长度持续增加，通行效率下降，符合多车事故的典型特征。
139,4992,拥堵_20231125085330_突发事件_35152142.mp4,拥堵,多车事故,2023年11月25日08时53分至08时54分，位于城市高架道路南向车道（由G312、S4西环方向转至S20内）发生多车事故。视频显示，该路段双向车流密集，一辆白色轿车与前方白色轿车发生追尾碰撞，导致车辆位置异常，横跨车道并斜停，后方黑色轿车紧急避让或减速绕行。事故造成该车道通行受阻，后方车辆排队缓慢行驶，形成短时拥堵。涉事车辆包括白色轿车、黑色轿车，均处于静止状态，未见人员下车交涉或交警到场处理。事故区域无明显施工设施或抛洒物，但事故车辆占据部分车道，影响正常通行秩序，符合多车事故的典型特征。
140,4993,抛洒物_20240216203149_运行安全_35364108.mp4,抛洒物,二轮车辆闯入,2024年2月16日20时31分至20时32分，外环高速曹安路北段监控画面显示，夜间车辆正常行驶。右侧车道边缘有明显二轮车辆闯入交通事件。涉事车辆为一辆白色电动车，未在专用非机动车道或允许通行区域行驶，在无交通信号灯或标志允许的情况下，直接驶入高速公路主车道，存在逆行、横穿车道等危险行为，驾驶员未佩戴头盔，车辆无牌照特征明显。该二轮车在多辆汽车之间穿行，导致后方车辆紧急避让，影响了正常行车秩序，构成严重交通安全隐患。现场无其他车辆与其发生碰撞或事故，但其闯入行为已构成典型的二轮车辆闯入异常事件。
141,4994,拥堵_20231103084448_突发事件_35040848.mp4,拥堵,多车事故,2023年11月23日星期五10时40分，城市快速路南向车道发生一起多车事故。事故地点位于一辆绿色公交车与左侧灰色SUV发生碰撞，导致两车位置异常，蓝色车门打开，灰色车辆斜倚左侧，绿色公交车右侧放置一个红色物体。事故造成两车驾驶员下车查看情况，未见明显人员受伤，但该路段交通流较为密集，车辆排队缓慢通行，影响了后续车辆正常行驶，形成短暂拥堵。事故区域无施工设施或抛洒物，也无二轮车辆闯入现象，但车辆间存在碰撞痕迹和紧急避让行为，符合多车事故特征。
142,4995,抛洒物_20240604045959_运行安全_35669310.mp4,抛洒物,多车事故,2024年6月4日星期五05:59:56至05:59:55期间，在外环高速沪太立交东1-1 03路段，一辆白色轿车与一辆灰色SUV疑似发生碰撞，在其车辆后方，两车均停于行车道上，碰撞后两车及后方车辆（包括货车、轿车及厢式货车）出现缓慢行驶并存在并线变道行为，导致后方交通流受阻，存在明显的多车事故特征，且事故区域无缓解趋势，符合多车事故判断标准。
143,4996,拥堵_20240101173956_突发事件_35284424.mp4,拥堵,多车事故,2024年1月1日17:39至17:40，在G60市区方向至S20外的高速公路上，发生了一起多车事故。视频显示，事故发生在夜间，道路湿滑，能见度较低。涉事车辆包括多辆轿车和SUV，它们在行驶过程中发生了碰撞，导致车辆位置异常，部分车辆横跨车道或斜停在路面上。现场有人员下车查看情况，交警也迅速赶到现场进行处理。事故对道路交通造成了显著影响，车辆排队缓慢行驶，整体交通秩序受到严重影响。异常特征表现为车辆明显的碰撞痕迹、刹车灯亮起、车辆位置异常以及现场人员干预。
145,4998,拥堵_20240130181424_突发事件_35347139.mp4,拥堵,多车事故,2024年1月30日18时14分，在嘉闵高架东侧西虹江南路段夜间监控画面中，出现多车事故的异常特征。视频显示，该路段双向车道均出现车辆行驶缓慢现象，其中右侧车道车辆密集，多辆汽车尾灯亮起，表明存在严重交通拥堵。左侧车道虽有车辆正常通行，但整体车速明显降低，部分车辆在接近画面中央时出现急刹或变道行为，疑似因突发情况导致碰撞发生。右侧车道右侧有一辆白色轿车与前方车辆发生追尾，导致后方车辆紧急刹车并形成明显的交通拥堵队列。现场未见明显抛洒物或人员下车交涉，也无施工或二轮车辆闯入迹象，但多车追尾事故特征明显，表现为多车连续碰撞、位置偏移及后方车辆参与连锁反应。事故区域无明显警示标志或应急设施，但整体交通流已受阻，影响了该路段的通行效率。
147,5000,占道施工_20240327003307_运行安全_35443112.mp4,占道施工,多车事故,2024年3月27日00:32至00:33期间，外环高速虹梅南路路段夜间发生多车事故，涉事车辆包括一辆红色货车、一辆白色厢式货车及多辆其他小型车辆，发生碰撞事故。视频中可见事故区域车辆斜停或急刹，部分车辆刹车灯亮起，现场设有警示标志和锥桶进行隔离。事故导致该路段交通流明显受阻，车辆排队缓慢通行，存在明显的拥堵现象，影响了道路的正常通行效率。异常特征表现为车辆位置异常、紧急避让行为、人员下车处理等，符合多车事故的判断标准。
148,5001,异常停车_20240510075910_突发事件_35576724.mp4,拥堵,多车事故,2024年5月10日07时59分，外环高速龙吴路路段发生一起多车事故。事故位于道路中间车道，涉事车辆包括一辆白色面包车、一辆白色厢式货车，二车在行驶过程中发生碰撞，导致面包车斜停或直立于车道中央，后方多辆轿车紧急避让或减速绕行。事故发生后，部分车辆在该区域停顿或缓慢通行，造成该路段交通流受阻，车辆排队长度持续增加，影响范围约两公里。异常特征表现为车辆位置异常，横跨车道，且无明显施工或抛洒物干扰，符合多车事故判断标准。
149,5002,二轮车辆闯入_20230719213652_突发事件_6964615.mp4,二轮车辆闯入,多车事故,2023年7月19日21时36分至21时37分，外环高速沪太立交东1-1路段夜间出现多车事故交通事件。现场有多辆机动车在夜间行驶中发生碰撞事故，其中一辆红色货车与多辆小轿车发生追尾，导致车辆位置异常，横跨车道并出现明显碰撞痕迹，部分车辆在主路上停顿或缓慢移动。事故造成该路段交通流受阻，后方车辆被迫减速绕行，形成短暂拥堵。涉事车辆包括一辆红色货车、多辆轿车及一辆黄色出租车，均处于异常停车状态，未见人员下车交涉或交警到场处置。事故影响范围较大，至少有三辆以上车辆参与碰撞，现场存在明显的车辆位置变化和灯光闪烁现象，符合多车事故特征。
152,5005,拥堵_20230725063953_突发事件_33398650.mp4,拥堵,二轮车辆闯入,2023年7月25日08时39分至08时40分，外环高速莘庄立交东（外）路段出现二轮车辆闯入交通事件。画面中可见两辆二轮车在主车道上行驶，未见明显违规行为，但该路段为高速公路，禁止非机动车及摩托车通行，且无专用二轮车道或明显禁止标志，车辆在车流密集区域穿行，存在较大安全隐患。该行为属于典型闯入禁止区域的危险驾驶行为，虽未引发事故，但已构成交通异常，影响道路通行安全。
153,5006,拥堵_20230803073540_突发事件_33419873.mp4,拥堵,异常停车,2023年8月7日03时35分至03时36分，外环高速丰翔路南段监控画面显示，该路段为多车道高速公路，车流密集，以轿车、货车及厢式运输车为主。视频显示，多辆机动车在行驶过程中出现明显减速、避让或频繁变道行为，尤其在画面右侧车道，车辆排成长队，行驶缓慢，部分车辆几乎处于静止状态，持续时间超过1分钟且无缓解趋势。涉事车辆包括白色轿车、黑色SUV、红色轿车、白色厢式货车及大型集装箱卡车等，均保持低速行驶或短暂停滞状态，未见碰撞痕迹或人员下车交涉，也无明显抛洒物或施工设施。所有车辆均正常行驶，未发生二轮车辆闯入或异常停车事件。该路段为城市快速路，无施工隔离设施，也无二轮车辆违规通行标识，排除二轮车辆闯入判断标准。整体交通流呈现持续性缓行状态，符合拥堵判断特征，属于典型交通异常停车事件。
155,5008,占道施工_20231010001353_运行安全_34913276.mp4,占道施工,多车事故,2023年10月10日星期二凌晨2点14分，夜间城市高架道路出现二轮车辆闯入交通事件。一辆白色电动车在右侧应急车道上行驶，未见明显违规行为，但其出现在禁止非机动车通行的机动车道区域，属于闯入行为。该车在行驶过程中未与其他车辆发生碰撞，但存在安全隐患，影响了正常交通秩序。该路段为多车道高架桥，夜间照明良好，路面湿滑，车辆行驶速度快，二轮车与正常行驶的机动车混行，构成潜在碰撞风险。
156,5009,异常停车_20240622034145_突发事件_35717773.mp4,异常停车,二轮车辆闯入,2024年6月22日03时41分至03时42分，在S20内至S20A15S路段，视频显示该道路右侧车道发生一起多车事故。事故地点位于一块交通指示牌附近，未见明显双闪停车措施。涉事车辆包括两辆白色厢式货车及多辆轿车，多车在行驶过程中因前方车辆减速或停车引发碰撞，导致后方车辆紧急避让或减速，形成短暂拥堵。事故现场未见明显人员下车交涉或交警到场处理，但可见后方车辆迅速适应事故影响继续行驶。该事故特征符合“多车事故”判断标准，且未发现二轮车辆闯入迹象，初步判断为单方事故。
157,5010,占道施工_20231214023213_运行安全_35220912.mp4,占道施工,多车事故,2023年12月14日星期四凌晨2点32分至2点33分，G2进外环外圈匝道03路段发生一起多车事故。视频显示，该路段为夜间照明良好的城市快速路，双向车道被多个红白相间的交通锥桶分隔。一辆白色轿车与前方车辆发生追尾事故，导致两车停在行车道内，导致后方车辆被迫减速或绕行。涉事车辆包括多辆轿车和货车，均处于静止状态，未见人员下车或交警处理。事故造成该车道通行受阻，后方车辆排队缓慢通行，形成短时拥堵。异常特征表现为车辆密集排列，刹车灯持续亮起，且无明显施工或抛洒物迹象，初步判断为多车追尾事故。
158,5011,占道施工_20240302231215_运行安全_35384921.mp4,占道施工,多车事故,2024年3月2日23时12分至23时13分，在S4市区方向至S20内枪机1路段，发生一起多车事故。涉事车辆包括一辆红色轿车、一辆白色轿车，其中红色轿车与前方车辆发生追尾，形成多车事故。事故现场有人员下车交涉，车辆位置异常，部分车辆横跨车道或斜停，导致该路段交通流受阻。其他车辆因事故而紧急避让或停滞，造成通行受阻，持续时间较长，影响了道路的正常通行秩序。异常特征表现为车辆碰撞痕迹明显、位置异常以及后方车辆紧急避让行为。
159,5012,抛洒物_20240609013024_运行安全_35688092.mp4,抛洒物,多车事故,2024年6月9日01时30分至01时32分，外环高速沪嘉地道内发生多车事故，地点位于曹安公路约3.5公里处。视频显示，该路段为夜间高速公路，路面照明良好。事故发生在隧道入口附近区域，车流密集。从视频中可见，多辆小轿车在通过该区域时与前方车辆发生追尾碰撞，导致车辆位置异常，部分车辆横跨车道或斜停，严重影响了道路通行秩序。现场未见明显人员伤亡，但已造成交通流明显受阻，存在明显的车辆碰撞痕迹和刹车灯亮起现象，符合多车事故的典型特征。
160,5013,二轮车辆闯入_20230721000756_突发事件_33392882.mp4,二轮车辆闯入,多车事故,2023年7月21日00:07:52至00:08:01期间，S20外环线至S4金山方向的高架道路上发生多车事故。画面显示，该路段为夜间照明良好但车流量较大的双向车道，道路右侧为高架桥结构，左侧为对向车道。一辆黑色轿车在行驶过程中与前方车辆发生追尾碰撞，导致后方多辆轿车紧急刹车或绕行避让，形成短暂交通拥堵。涉事车辆包括至少三辆轿车，均处于横跨车道或斜停状态，部分车辆位置异常，部分车辆灯光闪烁。事故现场未见明显人员下车交涉或交警到场处理，但后方车辆被迫减速绕行，交通流受到明显影响，形成短时缓行。异常特征表现为车辆位置异常、多车碰撞痕迹、车道被占用及后方车辆避让行为。
161,5014,抛洒物_20240528130659_运行安全_35646209.mp4,抛洒物,异常停车,2024年5月28日13时10分至13时11分，G60市区方向至S20内2枪机2监控路段，一辆红色货车在前方车道完全静止，后方多辆小轿车和货车因其影响而紧急刹车或变道避让，该车停车位置位于道路右侧车道，车辆明显处于故障状态，导致后方车辆被迫减速绕行，形成交通拥堵，符合多车事故异常停车特征。
162,5015,占道施工_20230924232504_运行安全_34857743.mp4,占道施工,二轮车辆闯入,2023年9月24日23时25分至23时26分，夜间城市高架道路出现多车事故交通事件。事故发生在城市高架桥上，双向车道均处于开启的夜间行车状态。画面显示右侧车道有多名身穿反光背心的工作人员在车道边缘设置交通锥桶进行隔离，现场有红色警示灯闪烁，车辆在通过该区域时需减速并绕行避让。右侧车道有一辆白色厢式货车和一辆黄色工程车停靠在应急车道，疑似为事故车辆。左侧车道车辆正常行驶，但因右侧车道存在人员干预措施导致车流速度下降，部分车辆出现变道避让行为。整个过程中未见明显碰撞痕迹或人员下车交涉，但车辆在接近隔离区域时出现排队缓行现象，符合“多车事故”判断标准中的异常停车、二轮车辆闯入、人员下车处理等特征。
164,5017,二轮车辆闯入_20230715123425_突发事件_1149676.mp4,二轮车辆闯入,异常停车,2023年7月15日12时39分32秒至12时40分01秒，外环高速曹安路北枪机2监控画面显示，该路段为双向多车道高速公路，道路两侧绿树成荫，交通流正常。一辆红色货车在最右侧车道行驶过程中突然减速并完全停止，且驾驶员未下车查看情况，后方车辆因避让该车而紧急刹车或变道。该车在非停车区域长时间静止，影响了正常通行秩序，符合异常停车特征。
165,5018,异常停车_20240622104255_突发事件_35718551.mp4,异常停车,多车事故,2024年06月22日10:43:03至10:43:47，在上行中春路出口匝道处，未知车辆在行驶过程中导致多车事故。涉事车辆包括一辆白色SUV和一辆白色轿车，发生碰撞事故，两车出现明显碰撞痕迹，且出现侧偏撞形态。事故 AREA 覆盖了多个车道，导致车辆被迫紧急刹车、变道或停滞，交通流明显受阻，形成短暂拥堵。后续车辆行驶速度显著降低，整个路段车距极小，存在人员下车查看情况的迹象。异常特征表现为车辆位置异常、刹车灯密集亮起、后方车辆减速避让，且无明显施工或抛洒物干扰，符合多车事故特征。
168,5021,多车事故_20240621152616_突发事件_35717354.mp4,多车事故,拥堵,2024年6月21日15:26至15:27，在嘉闵西侧定焦07路段，发生了一起多车事故。涉事车辆包括一辆红色轿车和一辆白色SUV，两车在行驶过程中发生碰撞，将车辆斜停在车道上。事故现场有多名人员下车查看情况，部分车辆开启双闪灯，影响了后方车辆的正常通行。该事故导致后方车辆被迫减速或绕行，交通流量明显减缓，形成了短暂的拥堵现象。异常特征表现为车辆位置异常、人员下车交涉以及车辆位置异常和紧急避让行为。
170,5023,异常停车_20240516005056_突发事件_35594538.mp4,异常停车,多车事故,2024年5月16日00:50:53至00:51:52期间，外环高速丰翔路南段夜间监控画面显示，多辆机动车在行车道上发生碰撞事故。涉事车辆包括一辆白色厢式货车、一辆白色厢式货车，其中白色厢式货车与前方车辆发生追尾碰撞，随后在车道内停车，车辆位置异常，横跨部分车道，导致后方车辆被迫减速或绕行。事故现场可见多辆车灯光闪烁，有车辆紧急避让动作，后方车辆出现明显减速和排队现象。事故区域无施工设施，也无二轮车辆闯入迹象，但车辆碰撞痕迹明显，符合多车事故特征。
171,5024,拥堵_20231213164305_突发事件_35220430.mp4,拥堵,多车事故,2023年12月13日16时43分，S4市区方向至S20内环高架路段出现多车事故交通事件。视频显示，该路段双向车道车流密集，以货车和轿车为主，车辆行驶缓慢。右侧车道靠近中央护栏处，多辆轿车和货车因前方车辆减速或停车引发追尾、碰撞，导致车辆位置异常，部分车辆横跨车道或斜停，造成局部交通秩序混乱。涉事车辆包括红色集装箱货车、白色厢式货车及多辆小轿车，其中一辆红色集装箱货车与前方白色轿车发生明显碰撞，后方车辆紧急避让或减速，形成连锁反应。事故区域无明显抛洒物，但车辆间存在明显的碰撞痕迹和紧急避让行为，导致通行受阻，车辆排队长度持续增加，影响了整体通行效率。异常特征表现为车辆密集排列、刹车灯频繁亮起、车道间存在明显空隙、驾驶员下车查看情况等，符合多车事故判断标准。
172,5025,抛洒物_20240519134159_运行安全_35607164.mp4,抛洒物,多车事故,2024年5月19日13时42分，位于高速公路左侧车道区域，一辆白色轿车与前方货车发生轻微碰撞。事故发生后，驾驶员下车查看情况，后方车辆被迫减速绕行，形成短暂拥堵。现场无明显警示标志或施工设施，车辆异常停车在路肩，且无明显二轮车辆闯入迹象，符合多车事故的典型特征。
174,5027,拥堵_20240301140843_突发事件_35382342.mp4,拥堵,异常停车,2024年3月1日14时08分45秒至14时09分43秒，嘉闵西侧定焦03监控画面显示，隧道内双向车道车流正常行驶。一辆白色轿车在右侧车道行驶过程中突然减速并完全停止，车辆开启双闪灯，驾驶员下车查看，随后车辆重新启动继续行驶。该车停靠在行车道内，非停车区域，且无交通信号灯或标志允许临时停车，属于典型的异常停车行为。
176,5029,占道施工_20240524214447_运行安全_35633356.mp4,占道施工,多车事故,2024年5月24日21时44分至21时45分，在S6转外环内圈下匝道处，视频显示该路段有多辆机动车和二轮车辆发生碰撞事故。涉事车辆包括多辆小轿车、摩托车及货车，其中二轮车辆闯入主线车道，其行为导致其在车道内行驶过程中与多辆机动车发生避让或碰撞。异常特征表现为二轮车辆在无专用通道的情况下进入机动车道，且与前方及两侧车辆存在明显碰撞痕迹，部分车辆出现停驶或横跨车道现象，导致整体交通流受阻，其他车辆被迫减速或绕行。事故造成该路段通行效率下降，存在安全隐患。
178,5031,占道施工_20230804014203_运行安全_34424962.mp4,拥堵,二轮车辆闯入,2023年8月4日凌晨1时41分至1时42分，S20LSTV06监控路段发生多车事故。事发地点位于夜间高速公路某路段，道路两侧设有绿化带和护栏，路面湿滑。涉事车辆包括一辆红色货车、一辆白色厢式货车及多辆其他小型车辆，其中红色货车停靠在右侧车道，车后方设置大量橙色交通锥桶进行隔离，一名身穿反光背心的工作人员在车旁指挥或检查。白色厢式货车紧随其后，车头位置出现明显碰撞痕迹，车辆出现轻微碰撞后性，导致车辆位置异常。事故造成该车道通行受阻，后方车辆被迫减速绕行，形成短暂拥堵。现场未见明显抛洒物或人员伤亡，但事故车辆采取了警示措施，且后方车辆行为符合“二轮车辆闯入”异常事件特征。整体交通流受影响较小，但存在潜在安全隐患。
182,5035,占道施工_20240314205553_运行安全_35410880.mp4,拥堵,多车事故,2024年03月14日星期四20:55:50至20:56:48，位于高速公路某路段，视频显示该区域存在多车事故的异常交通事件。涉事车辆包括一辆白色货车、一辆白色轿车等，其中白色轿车与前方货车发生追尾事故，导致车辆位置异常，横跨车道并斜停。事故现场有人员下车查看情况，周围车辆被迫减速避让，交通秩序受到严重影响，紧急避让行为导致后方车流出现持续缓行和排队现象。异常特征表现为车辆密集排列、刹车灯频繁亮起、车道被占用以及后方车辆出现紧急变道和减速行为，符合多车事故判断标准。
183,5036,拥堵_20240110160646_突发事件_35308732.mp4,拥堵,多车事故,2024年1月10日16时06分至16时07分，S4市区方向至G60出省方向的高架桥路段发生一起多车事故。事故地点位于桥梁中央隔离带两侧车道，涉事车辆包括一辆金色大巴车、一辆黑色轿车及多辆其他小型汽车，其中黑色轿车与前方黑色轿车发生追尾碰撞，导致车辆位置异常，横跨车道并斜停于最右侧车道。事故造成该车道通行受阻，后方车辆被迫减速或变道绕行，形成短暂拥堵。现场未见人员下车交涉或交警到场，但可见事故车辆位置异常且存在追尾、侧碰痕迹，符合多车事故特征，影响了正常交通流。
184,5037,抛洒物_20231231182528_运行安全_35281903.mp4,抛洒物,异常停车,2023年12月31日18时25分至18时26分，位于某城市高架桥路段的监控画面显示，该路段为双向多车道高架道路，右侧设有隔音屏和护栏，左侧为行车道。视频显示，多辆机动车在该路段正常行驶。在18:25:23至18:26:20期间，画面中有一辆红色轿车在右侧车道行驶过程中突然减速并完全停止，且该车停在行车道内，无停车标志或信号灯允许停车，后方车辆被迫减速绕行。随后，该车启动并驶离该路段，其他车辆陆续通过。该车停车行为持续约1分钟，期间未见其他车辆碰撞或异常停车设施使用，也未发现抛洒物或二轮车辆闯入迹象，但其突然静止且无明显紧急情况，符合异常停车特征。
187,5040,占道施工_20240212124637_运行安全_35360738.mp4,占道施工,异常停车,2023年10月12日12时46分34秒，在城市快速路左侧车道，一辆黄色工程车停靠在路边，车辆后方放置了多个红色警示牌和交通锥桶，形成临时隔离带，该区域未见明显施工活动。工程车停靠位置位于道路右侧应急车道与行车道之间，车辆开启双闪灯，驾驶员下车在车旁活动，随后返回车内。该停车行为导致部分车辆需减速绕行，影响了右侧车道的通行效率，存在安全隐患。现场无其他车辆碰撞或事故迹象，但工程车停放位置属于非紧急情况下占用行车道的行为，属于异常停车事件。
188,5041,占道施工_20231224003234_运行安全_35255801.mp4,拥堵,二轮车辆闯入,2023年12月24日星期日凌晨00:34:45至00:35:03期间，外环高速江杨北路路段出现二轮车辆闯入交通事件。在视频画面中，一辆二轮车在高速公路主路左侧车道行驶，其行为属于非机动车闯入高速公路。该二轮车未在专用通道或允许区域通行，且在车流密集的夜间高速路段行驶，导致周边多辆汽车紧急避让，部分车辆减速绕行，存在较大安全隐患。该行为违反了高速公路禁止二轮车辆通行的规定，构成典型的二轮车辆闯入异常事件，对道路安全构成威胁。
191,5044,占道施工_20230804235444_运行安全_34429800.mp4,拥堵,多车事故,2023年8月4日晚上7时54分至7时55分，外环高速沪渝立交-1枪机1监控画面显示，夜间高速公路车流密集，多辆机动车在正常行驶中，其中一辆红色集装箱货车与前方白色轿车疑似发生碰撞，导致后方车辆紧急刹车或绕行避让，形成短暂交通拥堵。涉事车辆包括红色集装箱货车、白色轿车及多辆小型汽车，均处于异常停车状态，车辆位置异常，部分车辆横跨车道或斜停，影响行车安全。现场设有交通锥桶和警示标志，但未见明显人员下车交涉或交警到场处理，表明事故已造成通行受阻。该事件符合多车事故判断标准，表现为车辆碰撞痕迹、位置异常、引发交通阻塞及存在人员疏导不足等特征。
193,5046,占道施工_20240621001032_运行安全_35715839.mp4,占道施工,异常停车,2024年6月21日00:09:05至00:10:03，在S26沪常高速地面联友路下匝道（K14+795金丰路下匝道口）处，多辆机动车在夜间行驶过程中出现车辆异常停车现象。涉事车辆包括多辆轿车和货车，它们在匝道口附近临时停车，导致后方车辆被迫减速或绕行。这一异常停车行为造成了后方交通流的中断，影响了道路的正常通行秩序，且未见明显施工或事故迹象，初步判断为偶发性交通异常，而非事故。
195,5048,抛洒物_20240522071741_运行安全_35619586.mp4,抛洒物,多车事故,2024年5月22日7时17分至7时18分，外环高速吴中路路段发生一起多车事故。事故发生在双向车道中的南向车道，涉事车辆包括一辆白色货车、一辆白色厢式货车，俩车停靠在行车道上，导致后方多辆车辆紧急刹车或绕行避让。事故发生后，现场有多辆车缓慢行驶，车流出现短暂拥堵。现场可见明显车辆碰撞痕迹和异常停顿，所有车辆姿态不正常，部分车辆横跨车道，存在明显碰撞痕迹，且无明显施工或抛洒物迹象，初步判断为多车追尾事故。该事件导致后方车辆排队缓行，交通流受到明显影响，符合多车事故的典型特征。
196,5049,占道施工_20240114031807_运行安全_35316842.mp4,占道施工,异常停车,2024年1月4日13时18分，外环高速虹梅南路路段夜间监控画面显示，一辆红色消防车停靠在道路左侧应急车道，车顶警示灯闪烁，车身周围摆放多个红白相间的交通锥桶，形成临时隔离带。该区域为高速公路行车道旁，无施工迹象，但车辆处于静止状态，符合异常停车特征。
197,5050,异常停车_20240515172009_突发事件_35594101.mp4,拥堵,抛洒物,2024年5月15日17时20分至17时21分，G60市区方向至S4金山方向路段，监控画面显示多辆机动车在夜间行驶中，道路右侧出现散落的橙色圆形物体，随后车辆在经过该区域时出现轻微避让和减速行为，表明存在可能为抛洒物的情况。该异物来自过往车辆货箱，且未见明显车辆碰撞或停车处理行为，表明该异物来自货车货箱，影响了正常通行安全。未出现车辆碰撞、异常停车或施工等直接诱因，但抛洒物对交通安全影响较小，未构成严重交通异常。
199,5052,拥堵_20240226174539_突发事件_35375519.mp4,拥堵,多车事故,2024年2月26日17时45分至17时46分，沪闵高架至S4金山方向路段发生一起多车事故。视频显示该路段为双向车道，道路两侧设有绿化带，监控范围内有多辆机动车包括轿车、SUV及大型客车在行驶过程中发生碰撞事故。涉事车辆包括一辆白色大巴车和一辆白色厢式货车，部分车辆停靠在车道中央，后方车辆被迫减速或绕行，形成短暂拥堵。其中，一辆白色大巴车与前方黑色轿车疑似发生追尾，导致其位置异常，横跨车道。另一辆白色厢式货车在右侧车道与红色轿车发生轻微碰撞，车辆出现明显斜停情况。现场未见明显人员下车交涉或交警到场处理，但事故造成该路段交通流减缓，车辆排队长度持续增加，存在明显的交通阻塞现象。该事件符合多车事故判断标准，表现为多车碰撞、车辆位置异常及交通流受阻。
200,5053,占道施工_20231018010809_运行安全_34953125.mp4,占道施工,拥堵,2023年10月18日凌晨1时08分至1时09分，外环高速莘庄立交东（外）路段发生一起多车事故。现场有多辆机动车在夜间行驶中发生碰撞事故，左侧两车道有多辆小轿车及货车出现明显碰撞痕迹，车辆位置异常，部分车辆横跨车道或斜停，导致交通流受阻。其中一辆红色货车与前方车辆发生追尾，产生较大车辆移动。随后，一辆黄色工程车从右侧车道驶离，协助处理事故。其他车辆紧急刹车或绕行避让，造成该路段交通流缓慢通行，车辆排队长度持续增加，影响范围较大。事故未见明显抛洒物，但车辆碰撞痕迹清晰可见，符合多车事故特征，且无施工或二轮车辆闯入迹象，初步判断为因车外事故引发的交通拥堵事件。
202,5055,占道施工_20231208031956_运行安全_35202161.mp4,占道施工,多车事故,2023年12月8日03时19分至03时20分，嘉闵高架东侧民生路北段发生多车事故。视频显示，该路段为夜间照明良好但车流量大的高架道路，一辆白色轿车与前方车辆发生追尾事故。涉事车辆包括一辆白色轿车，因发生碰撞导致车辆位置异常，白色轿车斜停于行车道，前方车辆则完全静止，形成明显的交通堵塞。事故现场有人员下车交涉，未见明显抛洒物或施工迹象，但车辆碰撞痕迹清晰可见，且有警车闪烁警示灯协力交通疏导。事故造成该车道通行受阻，后方车辆被迫减速绕行，形成短时缓行。整体交通流受到影响，存在潜在追尾风险，符合多车事故判断标准中“多车碰撞”及“车辆位置异常”的特征。
203,5056,占道施工_20231214224406_运行安全_35226762.mp4,占道施工,多车事故,2023年12月17日14时44分至14时45分，外环高速京沪立交南段发生一起多车事故。视频显示，右侧车道有多辆货车及轿车出现明显减速和碰撞痕迹，其中一辆白色货车与前方车辆发生追尾，随后停车于行车道。左侧车道未见异常。事故现场有多名驾驶员下车查看情况，部分车辆紧急避让或停于车道内，造成该区域交通流明显受阻。事故造成局部拥堵，后续车辆排队缓慢通行。视频中未见明显抛洒物或人员伤亡情况，但存在多车碰撞迹象、车辆位置异常及刹车灯密集亮起等特征，符合多车事故判断标准。
204,5057,占道施工_20231211011703_运行安全_35209633.mp4,占道施工,多车事故,2023年12月11日星期一凌晨1点17分至1点17分58分，上行水产路入口匝道03路段出现多车事故交通事件。现场位于城市高架道路夜间，监控画面显示该路段为双向多车道高速公路，照明良好，右侧车道有黄色工程车停靠，车后方有施工围挡及警示标志。左侧车道车辆正常行驶，部分车辆与右侧车道车流发生轻微避让或减速行为，其中一辆黄色工程车与前方白色货车停靠位置存在疑似追尾碰撞痕迹，两车均有明显碰撞痕迹及位置偏移，导致车辆位置异常。事故区域未见明显人员下车或交警到场处置，但车辆在夜间高速通行环境中发生碰撞概率较高，存在引发追尾、侧滑等二次事故风险。影响范围主要集中在黄色工程车与白色货车之间，对交通流造成一定影响，但整体通行秩序未受严重影响，未发现二轮车辆闯入或异常停车情况。异常特征主要表现为多车追尾、车辆灯光异常、位置异常等典型多车事故特征，符合典型多车事故判断标准。
205,5058,拥堵_20240208172331_突发事件_35358444.mp4,拥堵,二轮车辆闯入,2024年02月08日17:23至17:24，位于城市高架桥路段，未发生二轮车辆闯入事件的异常交通状况。视频中显示多车道正常行驶的机动车，包括轿车、货车、客车及大型运输车辆，均在各自车道内有序行驶，未观察到二轮车或电动车在主路行驶或逆行。该路段无二轮车辆，符合二轮车辆闯入判断标准。
206,5059,占道施工_20230912005644_运行安全_34769245.mp4,占道施工,二轮车辆闯入,2023年9月12日00:56:38至00:57:35期间，嘉闵西京沪立交南入路段夜间出现二轮车辆闯入交通事件。一辆黄色摩托车在主车道上行驶，未在专用非机动车道或辅道通行，直接进入机动车道并持续向前行驶。该摩托车在车流中穿行，与多辆小汽车并行，存在逆行、横穿车道等危险行为，驾驶员佩戴头盔，车辆无明显牌照标识。其行为导致后方小汽车紧急避让，部分车辆减速绕行，对主车道交通秩序造成干扰，存在较大安全隐患。该路段为城市快速路，禁止二轮车辆通行，此事件属于典型的二轮车辆闯入异常交通行为。
207,5060,拥堵_20240124075529_突发事件_35334707.mp4,拥堵,多车事故,2024年4月13日13时58分至13时59分，外环高速沪嘉立交南路段发生一起多车事故。事故发生在双向车道中的南向车道，涉事车辆包括一辆白色面包车、一辆白色厢式货车，其中白色面包车与后方轿车发生追尾，随后其他车辆紧急避让或减速，造成该区域交通流短暂拥堵。现场可见多车碰撞痕迹且车辆位置异常，部分车辆斜停或横跨车道，造成后续车辆被迫绕行或减速，影响了通行效率。该事故符合多车事故特征，且未见明显施工或抛洒物等其他干扰因素，初步判断为突发性多车追尾事故。
208,5061,占道施工_20231028034247_运行安全_35008868.mp4,占道施工,二轮车辆闯入,2023年10月28日03时42分至03时43分，外环高速吴中路路段夜间出现二轮车辆闯入交通事件。期间，一辆白色电动车在高速公路主车道上行驶，未见明显违规行为，但其出现在无专用二轮车道的高速道路上，属于闯入禁止通行区域。该车在行驶过程中未见佩戴头盔，且在车流中穿行，存在横穿车道等危险行为，导致后方车辆需紧急避让或减速，存在较大安全隐患。现场无其他车辆发生碰撞或事故，其他车辆均正常行驶，但该二轮车在多车道高速环境中的闯入行为已构成交通异常，符合“二轮车辆闯入”异常特征。
210,5063,异常停车_20231228223224_突发事件_35273744.mp4,异常停车,拥堵,2023年12月28日22时32分至22时33分，外环高速漕宝入口匝道（内）发生多车事故。视频显示，该路段夜间照明良好，车辆行驶缓慢。在右侧车道中，一辆白色厢式货车与前方货车发生追尾碰撞。涉事车辆包括白色轿车、厢式货车及大型集装箱卡车等，均处于正常行驶状态但因前方碰撞导致车道被占，后方车辆紧急刹车或变道避让，形成短暂拥堵。现场未见人员下车交涉或交警到场，但事故区域车辆存在明显碰撞痕迹和位置异常，部分车辆刹车灯持续亮起，表明存在紧急避让和减速行为。事故造成该车道通行效率下降，后续车辆排成长队，影响范围较长，但整体交通仍保持缓慢流动状态。异常特征表现为多车碰撞、车辆位置异常及持续性拥堵。
211,5064,异常停车_20240516101422_突发事件_35596379.mp4,异常停车,多车事故,2024年5月16日10时14分20秒至10时15分19秒，外环高速丰翔路南段，一辆白色轿车与一辆白色厢式货车停靠在最右侧车道，车辆开启双闪灯，驾驶员下车查看，随后一辆红色货车从右侧车道驶过该停车区域。该行为未见明显故障，也无紧急情况示意紧急避让，但停车位置位于非紧急车道，且无交通信号灯或标志允许停车，属于非紧急情况下违规停车，影响了正常行车秩序，存在安全隐患。
212,5065,拥堵_20230810161038_突发事件_34558441.mp4,拥堵,多车事故,2023年8月10日16时10分至16时11分，外环高速莘朱路路段出现多车事故交通事件。事故发生在道路右侧车道，多辆轿车和货车在行驶过程中出现紧急避让或减速行为，其中一辆白色轿车与前方车辆发生追尾，导致车辆位置异常，横跨车道形成抛洒物。现场可见多辆车斜停或缓慢移动，后方车辆被迫减速绕行，交通流明显受阻，车辆排队长度持续增加。异常特征表现为车辆间距离过近、刹车灯频繁亮起以及部分车辆主动避让行为。该事件未造成严重拥堵，但对通行秩序造成一定影响，属于典型的多车追尾事故。
213,5066,占道施工_20240117022125_运行安全_35322868.mp4,占道施工,多车事故,2024年1月17日02时21分至02时22分，在S4市区方向至G60出省方向的路段上，发生了一起多车事故。涉事车辆包括一辆大型货车和一辆轿车，两车在行驶过程中发生了碰撞，导致车辆位置异常，部分车辆斜停在车道上。事故现场有人员下车查看情况，交通秩序受到严重影响，后方车辆被迫减速或绕行，交通流明显受阻，但未出现大规模拥堵。此次事故的异常特征在于多辆车同时发生碰撞，且事故区域内的车辆均出现了明显的紧急避让和停滞行为，显示出典型的多车连环事故特征。
216,5069,拥堵_20240129130206_突发事件_35344996.mp4,拥堵,多车事故,2024年3月19日14时30分至14时31分，S20内至G60出省方向的高架路段发生多车事故。涉事车辆包括一辆白色货车、一辆白色轿车及多辆其他小型汽车，其中白色轿车与前方货车发生追尾碰撞，导致车辆位置异常，部分车辆横跨车道或斜停，造成交通流受阻。事故现场未见明显人员下车交涉或交警到场，但车辆持续缓慢行驶，后方车辆出现紧急刹车、变道避让现象，导致该路段通行效率下降。事故持续时间较长，影响范围较大，且无施工或抛洒物等其他干扰因素，初步判断为多车追尾事故。
217,5070,拥堵_20231027074806_突发事件_35006048.mp4,拥堵,多车事故,2023年10月27日02时48分，外环高速莘庄立交东（外）路段，一辆白色轿车与一辆绿色轿车发生并行缓行，导致车辆变道行为，后方多辆汽车因避让该行为而紧急刹车或变道，造成短时车流紊乱，车辆排队长度逐渐增加，未见明显碰撞或追尾现象，但存在明显的车辆变道和急刹行为，符合“多车事故”判断标准中的“多车同时走走停停”“变道急刹”“紧急避让”等异常特征。
218,5071,异常停车_20230720141316_突发事件_33390267.mp4,异常停车,抛洒物,2023年7月20日14时13分15秒，在外环高速莘庄立交东（外）路段，一辆黑色轿车与红色轿车在行车道上发生碰撞，导致黑色轿车斜停于车道内，红色轿车斜靠车道进行避让。两车均已离开原车道，造成后方多辆汽车紧急刹车或绕行。事故区域车流密集，车辆行驶缓慢，存在明显排队现象，符合多车事故特征，且无施工设施或抛洒物等其他干扰因素。
219,5072,拥堵_20240316164340_突发事件_35416634.mp4,拥堵,异常停车,2024年3月16日16时46分38秒，在外环高速蕴川立交西路段，一辆红色货车在最右侧车道上异常停车，车辆完全静止且未开启双闪灯，疑似发生故障或违规停车。该行为导致后方多辆车辆被迫减速避让，交通流出现短暂缓行，影响了道路通行效率。异常特征表现为车辆非正常停放、未开启警示灯且无驾驶员在车旁处理，符合异常停车判断标准。
220,5073,异常停车_20240529084732_突发事件_35649482.mp4,多车事故,异常停车,2024年5月29日08时13分38秒至08时14分36秒，外环高速丰翔路南段监控画面显示，一辆红色货车在道路右侧应急车道内完全静止，车辆未开启双闪灯，驾驶员未下车处理，后方多辆小型轿车、货车及大型运输车辆因避让该车而出现明显变道和减速行为，导致该车道通行效率下降，存在安全隐患。该车停靠位置位于道路右侧护栏旁，紧邻绿化带，周围无施工设施或警示标志，且无人员下车处理，符合异常停车特征。
221,5074,二轮车辆闯入_20230721115756_突发事件_33393564.mp4,多车事故,二轮车辆闯入,2023年7月20日10时57分至10时58分，S20内至内虹桥立交方向，一辆二轮车辆在道路右侧辅路行驶，随后在主路行驶过程中与多辆机动车并行。该二轮车辆未出现逆行、横穿车道等危险行为，但其闯入主路的行为属于非机动车违规进入机动车道，存在横穿车道的风险，对正常行驶的机动车构成潜在安全隐患，导致部分车辆紧急避让，影响了主路的行车秩序和通行安全，符合“二轮车辆闯入”异常特征。
222,5075,异常停车_20240518054712_突发事件_35602634.mp4,异常停车,多车事故,2024年5月18日07时17分30秒，外环高速北翟路立交北段，多辆汽车和货车在行驶过程中，一辆白色轿车、一辆黑色轿车与前方灰色轿车、黑色轿车追尾后发生追尾事故。事故发生后，涉事车辆在车道内短暂停留和停滞，导致后方车辆被迫减速避让，形成短暂拥堵，影响道路通行效率。事故现场未见明显抛洒物或人员下车交涉，但未见其他二轮车辆或异常停车事件，整体交通仍处于缓慢通行状态。异常特征为多车碰撞、停车影响，符合多车事故判断标准。
224,5077,拥堵_20240321110224_突发事件_35430273.mp4,拥堵,异常停车,2023年10月21日11时05分35秒，在外环高速沪太立交西段，一辆红色货车在行车道上突然停车，导致后方多辆车辆紧急避让。该货车完全静止于非停车区域，且无交通信号灯或标志允许停车，存在明显异常停车行为。由于该车停放在行车道上，影响了后方车辆的正常通行，导致部分车辆减速绕行，形成局部交通拥堵。现场可见多辆轿车和货车在经过该车附近时明显放慢速度，以避免碰撞。该事件属于在非停车区域违规停车，构成交通异常停车。
225,5078,占道施工_20231028034248_运行安全_35008869.mp4,占道施工,二轮车辆闯入,2023年10月28日03时42分至03时43分，外环高速吴中入口匝道（内）路段出现二轮车辆闯入交通事件。视频中可见两辆二轮车在主车道上行驶，未见明显佩戴头盔或悬挂牌照，驾驶员佩戴头盔但车辆无明显牌照标识。该二轮车在无专用非机动车道且无允许通行标志的情况下，在车流密集区域穿行，与多辆轿车及货车并行，存在逆行、横穿车道等危险行为，对正常行驶的机动车构成潜在安全隐患，导致部分车辆紧急避让或减速避让，影响了道路通行秩序和行车安全。现场无施工设施、抛洒物或其他异常情况，交通整体保持流动状态，但该二轮车的闯入行为已构成交通异常，属于典型二轮车辆闯入事件。
228,5081,异常停车_20230720131040_突发事件_33389877.mp4,抛洒物,二轮车辆闯入,2023年7月20日13时10分至13时11分，外环高速沪渝立交段出现二轮车辆闯入交通事件。在视频画面右侧车道，一辆黑色摩托车从右侧驶入高速公路主路，沿最右侧车道行驶，驾驶员佩戴头盔，车辆无明显牌照标识。该摩托车在雨天湿滑路面上正常行驶，未见逆行或横穿行为，但其出现在禁止非机动车通行的高速公路主路区域，属于二轮车辆闯入交通异常情况。该行为对后方车辆造成潜在安全隐患，导致部分车辆紧急避让或减速，影响了正常行车秩序。现场无其他车辆发生碰撞或事故，但该二轮车辆的闯入行为已构成交通异常。
229,5082,异常停车_20230718122756_突发事件_1960711.mp4,异常停车,多车事故,2023年7月18日12时28分04秒，在外环高速丰翔路路段，两辆红色货车与白色货车发生轻微碰撞。事故发生在该路段的左侧车道，两车停靠在行车道上，驾驶员下车查看情况，后方车辆被迫减速绕行，导致该路段车流缓慢通行。现场未见明显人员伤亡或严重损坏，但存在车辆间碰撞痕迹和轻微减速行为，符合多车事故特征。
230,5083,占道施工_20240515230059_运行安全_35594524.mp4,占道施工,异常停车,2024年5月23日15时03分59秒至15时04分38秒，外环高速蕴川立交桥北段右侧应急车道上，一辆白色轿车停靠在道路右侧护栏边，车辆开启双闪灯，驾驶员下车后站在车旁，随后长时间停留。该车辆未对其他车辆造成明显影响，但该行为属于非紧急情况下在应急车道内停车，存在潜在安全隐患。现场无施工设施或警示标志，也未见其他二轮车辆闯入迹象，因此该事件属于异常停车。
232,5085,异常停车_20240623163321_突发事件_35720238.mp4,异常停车,二轮车辆闯入,2024年6月23日16时33分18秒至16时34分17秒，外环高速仙霞路（内）路段发生二轮车辆闯入事件。一辆摩托车从画面左侧驶入高速公路主车道，随后在多车道间穿行，期间未见明显专用二轮车道或禁止标志，其行为导致后方车辆紧急避让并减速，对正常交通流造成干扰，属于典型的二轮车辆闯入高速公路的异常交通行为。
234,5087,占道施工_20240521003405_运行安全_35613493.mp4,占道施工,多车事故,2024年5月21日晚上7点33分至7点34分，S20外环高速申花路南段发生多车事故。在视频中可以看到，一辆黄色工程车停靠在左侧应急车道上，车身周围设置了一排交通锥桶，疑似用于隔离事故区域。涉事车辆包括工程车在内的多辆汽车在该区域出现碰撞痕迹，部分车辆横向偏移或减速绕行，导致车道通行受阻。现场有人员下车查看情况，显示出事故的紧急性和复杂性。整体交通流受到一定影响，车辆排队缓慢移动，符合多车事故的异常特征。
235,5088,二轮车辆闯入_20230719091351_突发事件_1966474.mp4,二轮车辆闯入,多车事故,2023年7月19日星期三上午9时13分至9时14分，外环高速同济路路段发生一起多车事故。事故发生在道路右侧车道，涉事车辆包括一辆白色厢式货车、一辆白色轿车及多辆其他小型汽车，其中白色厢式货车与前方车辆发生追尾碰撞，导致后方车辆紧急避让、减速并形成拥堵。事故现场有多名驾驶员下车查看情况，部分车辆放置警示标志。事故造成该车道通行受阻，后方车辆排队缓慢行驶，交通流明显受阻。事故未见明显人员伤亡伤亡，但事故车辆位置异常，横跨车道，形成追尾痕迹，符合多车事故特征。
236,5089,抛洒物_20230728105300_运行安全_33409350.mp4,抛洒物,异常停车,2023年7月28日10时53分，位于城市高架桥路段的监控画面显示，一辆红色货车在左侧车道行驶过程中突然减速并完全停止，车辆停在行车道内，无明显停车标志或故障迹象。该车后方有多辆轿车和货车正常行驶，但部分车辆在接近该车时有轻微避让动作。该异常停车行为持续约10秒，期间无人员下车或车辆启动情况，且周围无施工设施或抛洒物等其他异常情况，符合临时停车判断标准中的“车辆在非停车区域完全静止”“无可见故障迹象”“未开启双闪灯”等特征。该车停放位置位于城市高架桥主干道，周围为城市建筑群和城市快速路通行特征，其异常停车行为对正常交通流造成一定影响，属于典型的临时性交通管制或故障性停车事件。
239,5092,占道施工_20240126021838_运行安全_35337939.mp4,占道施工,多车事故,2024年01月26日星期期02:18至02:19期间，外环高速宝杨路路段出现多车事故交通事件。一辆白色轿车与前方事故车辆在行车道上发生碰撞，导致车辆位置异常，部分车辆横跨车道或斜停，造成后方车辆紧急避让并减速。涉事车辆包括一辆白色轿车，事故现场有多名人员下车查看情况，其中一人站在应急车道处理事故，另一人靠近车辆进行交涉。事故区域设置多个交通锥桶隔离，车道被部分封闭，车辆排队缓慢通行。该事件符合多车事故判断标准，表现为多车碰撞、车辆碰撞痕迹、交通流受阻及人员下车处理等特征。
240,5093,占道施工_20230904222820_运行安全_34710093.mp4,占道施工,多车事故,2023年9月4日22时28分至22时29分，北环高速友谊路路段夜间发生一起多车事故，事发地点位于友谊路南向北方向，涉事车辆包括一辆白色轿车、一辆白色SUV等，两车在行驶过程中发生碰撞，导致车辆位置异常，其中白色轿车斜停于行车道，白色SUV紧随其后并斜插至主车道，造成后方车辆紧急避让并减速。事故现场有多名车辆人员下车查看情况，现场放置了多个交通锥以隔离事故区域。该事故造成该路段通行效率下降，车辆排队长度逐渐增加，后续车辆出现缓行现象，且无明显缓解趋势，符合多车事故的典型异常特征。
242,5095,拥堵_20230821152020_突发事件_34617197.mp4,拥堵,多车事故,2023年8月21日15时28分至15时29分，外环高速沪太立交东段出现多车事故交通事件。视频显示，事故区域车辆密集，多辆轿车和货车在行驶过程中出现异常停车或碰撞痕迹，部分车辆横跨车道或斜停，导致后方车辆被迫减速、变道或紧急避让。其中可见红色集装箱货车、蓝色轿车及白色SUV等车辆疑似发生追尾碰撞，导致车道数量减少，引发交通拥堵。现场未见明显人员下车交涉或交警到场处理，但车辆位置异常且存在明显碰撞痕迹，符合多车事故判断标准。事故影响范围较大，导致该路段通行效率显著下降，车辆排队长度持续增加。
243,5096,占道施工_20240522004641_运行安全_35618472.mp4,拥堵,二轮车辆闯入,2024年05月22日09:50:23至09:51:20期间，外环高速富长路西段出现二轮车辆闯入交通事件。一辆黑色摩托车从画面右侧驶入主车道，随后在主车道内行驶并逐渐向右侧车道移动，期间未见其进入专用非机动车道或辅路。该路段为高速公路，禁止二轮车辆通行，且无专用二轮车道设置，摩托车在无专用通道的情况下强行进入主车道，存在较大安全隐患。现场未见驾驶员佩戴头盔，车辆无明显牌照标识，其行为违反了高速公路通行规定，构成典型的二轮车辆闯入异常事件。
244,5097,异常停车_20240515215245_突发事件_35594521.mp4,抛洒物,多车事故,2024年5月21日51时52分39秒至51时53分28秒，S20外至S4金山方向高架路段发生多车事故。视频显示，该路段为夜间照明良好的城市快速路，双向车道被绿化带分隔。右侧车道有一辆黑色轿车停靠，车后方有明显碰撞痕迹，车辆位置异常，疑似发生追尾碰撞。左侧车道多辆汽车正常行驶，但因右侧车辆停驻导致通行受阻，车辆后方车辆出现减速避让和排队现象，交通流受到一定影响。现场未见人员下车或交警到场处置，但车辆之间存在明显的碰撞痕迹和位置异常，符合多车事故特征。此事件属于典型多车事故，影响了该路段的正常通行秩序。
245,5098,拥堵_20231207064925_突发事件_35198145.mp4,抛洒物,拥堵,2023年12月7日10时58分至10时59分，外环高速沪嘉地道2（外）路段出现“多车事故”交通事件。事故发生在道路左侧车道区域，多辆小轿车及货车在行驶过程中发生碰撞碰撞痕迹明显，车辆位置异常，部分车辆横跨车道或斜停，导致后方车辆被迫减速或绕行。现场未见明显人员下车交涉或交警到场处理，但可见事故车辆停放在车道内，影响了该路段通行秩序。事故发生后，该路段车流出现缓慢通行和排队现象，持续时间较长，符合多车事故引发的交通拥堵特征。
247,5100,占道施工_20240116233955_运行安全_35322847.mp4,占道施工,多车事故,2024年1月16日23时39分至23时40分，S4市区方向至G60出省方向的高架桥上发生多车事故。事故发生在夜间，道路湿滑，能见度较低。在桥梁中间车道，一辆白色轿车与前方车辆发生追尾，导致两车停在行车道内，事故车辆未开启双闪灯。后方一辆黑色轿车与前车渣ole同向行驶，也处于停止状态，与事故车辆短暂并行。第三辆及以上车辆为事故而减速避让，导致交通流明显受阻，形成连锁拥堵。现场有人员下车查看情况，部分人员在护栏边停留或行走，存在安全隐患。整个过程中，事故车辆持续静止，未移动，影响了后续车辆的正常通行，符合多车事故的异常特征。
250,5103,异常停车_20240518224326_突发事件_35605564.mp4,异常停车,二轮车辆闯入,2024年5月18日星期六22时43分23秒，在外环高速沪渝立交段，监控画面显示多车道正常行驶的车辆中，右侧应急车道与主车道之间出现明显异物，疑似为货车货箱掉落导致，导致后车绕行或减速避让，此为二轮车辆闯入事件。
251,5104,拥堵_20231229144739_突发事件_35276900.mp4,拥堵,二轮车辆闯入,2023年12月29日14时47分至14时48分，外环高速莘朱路路段出现二轮车辆闯入交通事件。视频画面显示，在该时间段内，两辆二轮车（疑似电动车或摩托车）出现在高速公路主车道，行驶方向与机动车流一致，未见明显违规变道或逆行行为。但该路段为高速公路，禁止二轮车辆通行，且无专用二轮车道或明显禁止标志，车辆在车流密集区域穿行，存在较大安全隐患。由于该路段车流量较大，二轮车与正常行驶的轿车、货车混行，导致部分车辆出现避让动作，影响了行车秩序和安全。此事件符合“二轮车辆闯入”异常特征，属于典型违规进入高速公路的交通违法行为。
253,5106,拥堵_20230725075100_突发事件_33398639.mp4,拥堵,二轮车辆闯入,2023年7月20日07时50分35秒，在外环高速曹安路北枪机2监控点位，多辆机动车在正常行驶过程中，未发现车辆在行车道或应急车道内无故停车。随后，一辆白色厢式货车和一辆蓝色货车从右侧车道驶过，均保持正常行驶状态，未出现减速或避让行为。视频中未观察到二轮车辆（摩托车、电动车或非机动车）出现在非机动车道或允许通行区域的迹象，也未发现抛洒物或异常停车情况。整体交通流保持畅通，无拥堵或事故迹象，但存在潜在二轮车辆闯入风险，建议加强对二轮车辆通行监管。
255,5108,抛洒物_20240307155754_运行安全_35393847.mp4,抛洒物,多车事故,2024年3月15日15:52至15:53期间，外环高速北翟路立交北方向出现多车事故。视频显示，该路段为多车道高速公路，车流密集，包含轿车、货车、厢式货车及大型运输车辆等多种类型车辆。在视频画面右侧车道，一辆白色轿车与前方货车发生追尾碰撞，导致货车位置异常，横跨车道，影响后续车辆正常通行。白色轿车因碰撞导致后方追尾，出现停顿和轻微倾斜，下方车辆被迫减速避让。涉事货车为红色集装箱货车，另一辆白色厢式货车，均处于碰撞状态，部分部件脱落或受损。事故导致右侧车道通行受阻，后方车辆排队缓慢行驶，形成短时拥堵。未见人员下车交涉或交警到场处理，但事故区域无明显施工设施或抛洒物，初步判断为突发性多车追尾事故。该事件符合“多车事故”判断标准，表现为两车及以上车辆发生碰撞、碰撞痕迹明显、车辆位置异常、引发连锁反应等特征。
256,5109,占道施工_20230903015223_运行安全_34696446.mp4,占道施工,多车事故,2023年9月3日凌晨1点52分至1点53分，外环高速沪嘉立交南段出现多车事故交通事件。现场可见多辆车辆在夜间行驶过程中出现明显异常情况，包括车辆碰撞痕迹、位置异常及紧急避让等现象。最右侧车道有一辆白色轿车与前方车辆发生追尾碰撞，导致后方车辆紧急刹车并绕行避让。左侧车道有车辆因前方事故减速并变道，形成局部拥堵。视频中可见两辆小轿车发生追尾，导致车辆位置异常，横跨车道，影响通行安全。现场未见施工设施、抛洒物或二轮车辆闯入，但多车事故特征明显，存在多车事故判定标准中典型碰撞痕迹、车辆位置异常及紧急避让行为。
257,5110,异常停车_20240614100701_突发事件_35704139.mp4,异常停车,多车事故,2024年6月14日10时06分57秒至10时07分54秒，外环高速吴淞江桥南路段，一辆绿色货车在右侧应急车道静止，后方设置警示标志。一辆绿色货车在行驶过程中发生故障，导致车道内部分车辆停靠，后方车辆减速避让。该事件符合异常停车判断标准，属于多车事故。
258,5111,拥堵_20230814075015_突发事件_34575630.mp4,拥堵,多车事故,2023年8月14日07时50分至07时51分，S20市区方向方向至G60出省方向路段，出现多车事故交通事件。视频显示，该路段为双向两车道，道路两侧绿树成荫，天气晴朗。右侧车道有多辆汽车、货车及一辆白色大巴车停靠，车辆在行驶过程中出现连续追尾现象，导致后方车辆紧急刹车并形成明显的交通拥堵。涉事车辆包括白色大巴车、黑色轿车、白色轿车等，部分车辆位置异常，横跨车道或斜停，严重影响了道路通行秩序。事故现场未见明显人员下车交涉或交警到场处理，但车辆密集且行驶缓慢，持续时间较长，符合多车事故的典型特征。此事件属于典型的多车事故，造成该路段通行效率显著下降，存在较大安全隐患。
259,5112,异常停车_20240622182042_突发事件_35719182.mp4,异常停车,多车事故,2024年6月22日18时20分39秒至18时21分38秒，嘉闵西京沪立交南入匝道处发生一起多车事故。视频显示，该路段为双向多车道高架道路，天气为雨天，路面湿滑。在画面左侧车道，一辆白色轿车与前方白色轿车发生追尾碰撞。由于发生追尾，后方白色轿车被迫紧急刹车并占据部分车道，导致后方车辆减速避让，形成短暂拥堵。此外，白色轿车与前车同时右转，导致第二辆车（即白色轿车）出现同样右转行为，进一步加剧了交通混乱。事故现场未见明显人员下车交涉或交警到场处理，但可见多辆车存在明显的碰撞痕迹（如明显碰撞痕迹、位置异常），且车辆位置异常，横跨车道或斜停，影响了正常通行秩序。此事件符合多车事故判断标准，表现为多车碰撞、碰撞痕迹、车辆位置异常及引发后续交通影响。
263,5116,占道施工_20240618001753_运行安全_35710703.mp4,占道施工,多车事故,2024年6月18日00:17:54至00:18:53，在嘉闵西侧定焦13路段，发生了一起多车事故。涉事车辆包括一辆红色轿车和一辆蓝色轿车，它们在行驶过程中发生了碰撞，导致车辆位置异常，两辆轿车停在车道上。事故现场有人员下车交涉，且有交警到场处理，其他车辆被迫紧急避让或停滞，交通秩序受到明显影响，显示出典型的多车事故特征。
264,5117,异常停车_20240625101152_突发事件_35723358.mp4,异常停车,多车事故,2024年6月25日10时15分左右，在城市快速路的主车道上，一辆白色轿车与前方轿车发生追尾事故。事故现场有多辆车停靠在应急车道，部分车辆紧急避让或减速，导致该路段交通流明显受阻，通行效率下降，形成短暂的拥堵现象。涉事车辆包括两辆白色轿车，因事故导致后方车辆被迫绕行或长时间停滞，存在安全隐患。异常特征表现为车辆间距离极短，存在追尾、刮擦痕迹，且事故区域无施工设施或抛洒物，初步判断为因车距过近导致的追尾事故。
265,5118,异常停车_20240515004132_突发事件_35590526.mp4,异常停车,多车事故,2024年5月15日00:11:30至00:12:30期间，外环高速莘朱路路段夜间监控画面显示，多辆机动车在行车道上正常行驶，一辆白色轿车与前方车辆发生追尾事故。事故现场未见明显抛洒物，两车均处于行驶状态，且均已停车，导致后方车辆紧急刹车避让。涉事车辆为白色轿车，另一车白色，事故后形成明显的交通拥堵。该事件符合多车事故判断标准，表现为车辆碰撞痕迹、后方车辆紧急避让行为以及交通流受阻等特征。
268,5121,异常停车_20240517231721_突发事件_35602488.mp4,拥堵,二轮车辆闯入,2024年5月23日17时17分23秒至17时18分21秒，外环高速仙霞路（内）路段发生二轮车辆闯入事件。一辆摩托车在主车道上行驶，驾驶员佩戴头盔，车辆无明显牌照标识。该摩托车在车流中穿行，与正常行驶的多辆轿车、货车形成交叉干扰，存在较大安全隐患。其行为属于非机动车非法闯入高速公路主车道，且无专用二轮车道或明显禁止标志，导致周边车辆紧急避让，引发短暂交通秩序混乱，对行车安全构成严重威胁。
269,5122,拥堵_20240116134401_突发事件_35322368.mp4,拥堵,多车事故,2024年01月16日星期二13:43至13:44，在外环高速吴中路-1枪机1处，多车事故发生，其中涉事车辆包括多辆货车、轿车和摩托车等，位于事故区域中央位置的两辆红色货车处于异常停车状态，导致后方车辆被迫减速绕行，形成短暂拥堵，其他车辆紧急避让或缓慢通行，事故现场可见多车碰撞痕迹及车辆位置异常，且无明显施工或抛洒物迹象，初步判断为多车事故事件。
270,5123,异常停车_20240623144907_突发事件_35720080.mp4,异常停车,二轮车辆闯入,2024年06月23日14:49:03至14:49:59，在某高速公路路段，一辆二轮车辆闯入主车道。该二轮车辆行为表现为在行车道内行驶，未在专用非机动车道或辅道内通行，直接进入机动车道并持续向前行驶，存在逆行、横穿车道等危险行为。驾驶员佩戴头盔，车辆无明显牌照标识，其闯入行为导致后方多辆汽车紧急避让，部分车辆减速绕行，对正常交通流造成干扰，存在较大安全隐患。此事件符合“二轮车辆闯入”异常特征，属于典型交通违规行为。
272,5125,占道施工_20240304011053_运行安全_35386404.mp4,占道施工,多车事故,2024年03月01日04:13:35至04:13:52期间，在外环高速蕰藻浜桥北1（外）路段，发生了一起多车事故。涉事车辆包括一辆白色轿车和一辆白色货车，两车在右侧车道发生了碰撞事故，导致车辆位置异常，白色轿车斜停在车道上，白色货车则紧随其后并出现明显碰撞痕迹。事故现场有人员下车查看情况，交通标志线区域设有警示灯，后续车辆被迫减速绕行，交通流受到明显影响，其他车辆出现缓慢通行现象，形成了短暂的拥堵。异常特征表现为车辆碰撞痕迹明显、位置异常以及人员下车处理，符合多车事故的判断标准。
274,5127,拥堵_20231026080136_突发事件_35000153.mp4,拥堵,多车事故,2023年10月26日星期四上午8时01分，外环高速铁山路路段出现多车事故交通事件。事故发生在高速公路主车道上，涉事车辆包括多辆小轿车及货车，其中一辆蓝色货车和一辆白色厢式货车疑似发生碰撞，导致车辆位置异常，斜停或横跨车道。现场可见车辆刹车灯亮起，部分车辆紧急避让或减速绕行，造成该路段交通流受阻，车辆排队长度持续增加，通行效率显著下降。事故未见明显碰撞痕迹或人员下车交涉，但车辆密集排列且行驶速度明显降低，符合多车事故特征。异常特征表现为车辆密集排列、刹车灯持续亮起、车道占用严重以及后方车辆被迫绕行或减速。
276,5129,抛洒物_20240608122022_运行安全_35687131.mp4,抛洒物,多车事故,2024年6月6日08时29分14秒至08时30分12秒，外环高速吴淞江桥路段，多辆机动车在桥面并发生位置异常停车或事故，其中一辆白色货车、一辆白色厢式货车及多辆轿车均出现停顿或减速，车辆位置异常，部分车辆横跨车道并导致后方车辆紧急刹车或绕行避让，未见明显施工、抛洒物或二轮车辆闯入，主要异常特征为多车并行和平行车道同时受困，影响正常通行秩序，且无明显警示标志或人员处置，存在安全隐患。
277,5130,拥堵_20231115071621_突发事件_35102429.mp4,拥堵,多车事故,2023年11月15日02时16分至02时17分，外环高速京沪立交南段出现多车事故交通事件。画面显示，右侧车道有多辆轿车和货车在行驶过程中出现紧急避让或减速行为，导致右侧车道车流缓慢通行，部分车辆间有明显的追尾、碰撞痕迹。左侧车道车流相对正常，但亦有车辆因前方事故而减速避让。涉事车辆包括多辆白色轿车、黑色轿车及大型货车，其中部分车辆在变道时与前方车辆发生碰撞，导致车辆位置异常或存在追尾事故。事故地点位于G312国道出口匝道附近，未见明显抛洒物或人员下车交涉，但车辆间存在明显的碰撞痕迹和紧急避让行为，符合多车事故特征。该事件造成右侧车道通行受阻，车辆排队长度持续增加，影响了整体交通流畅性。
279,5132,拥堵_20231026090607_突发事件_35000420.mp4,拥堵,多车事故,2023年10月26日09时06分，外环高速漕宝路北段监控画面显示，一辆白色轿车与一辆灰色轿车在行车道上发生碰撞，白色轿车斜停靠于多辆轿车前面，涉事车辆均静止，未见人员下车。事故后，后方多辆汽车因避让或减速造成拥堵，包括黑色轿车、白色SUV等，车辆在多个车道上缓慢行驶，部分车辆出现变道绕行行为。现场无明显施工设施或抛洒物，也未见二轮车辆闯入，但白色轿车异常停车导致后方车辆紧急刹车，符合多车事故中因非停车区域突发事故的典型特征，影响了整体通行效率，属于典型的多车事故。
282,5135,抛洒物_20240515092403_运行安全_35592221.mp4,抛洒物,异常停车,2024年5月15日09时23分05秒至09时24分03秒，外环S6枪机2监控画面显示，一辆白色轿车在曹安公路入口附近的高速公路行车道上行驶，车辆突然减速并完全停止，且驾驶员未下车查看情况。该车停在应急车道，周围无施工设施或事故迹象，也未见明显碰撞痕迹或其他抛洒物，导致后方多辆汽车紧急刹车或绕行避让，交通流出现短暂拥堵。该车长时间静止且无警示措施，构成异常停车行为，对正常通行造成影响。
283,5136,二轮车辆闯入_20230720205446_突发事件_33392012.mp4,二轮车辆闯入,多车事故,2023年7月20日晚上20时54分40秒左右，在嘉闵西侧S6立交南路段，一辆二轮车从右侧车道驶入主路，进入机动车道行驶，其行为属于闯入禁止通行区域。该二轮车在夜间灯光照射下较为显眼，行驶过程中未见明显专用二轮车道标识或禁止标志，驾驶员佩戴头盔，车辆无牌照特征，其行为违反了交通规则，对正常行驶的机动车构成潜在安全隐患。该事件持续约1分钟，期间未见其他车辆紧急避让或发生碰撞，但整体交通流出现短暂缓行，存在较大交通风险。
285,5138,占道施工_20230918000708_运行安全_34814090.mp4,占道施工,多车事故,2023年9月18日00:07:00至00:07:59期间，嘉闵西金沙江西路入口处发生多车事故。在视频中可以看到，右侧车道靠近中央隔离带处有一辆黑色轿车停靠，车旁有人员站立，疑似车辆故障或事故。左侧车道有多辆机动车正常行驶，但因右侧车道存在异常停车行为，导致后方车辆被迫减速避让。其中一辆白色轿车在经过该区域时明显减速并停车，其后方多辆汽车因避让而出现急刹、变道等行为，形成短暂拥堵。此外，一辆红色轿车在事故车辆右侧停靠，进一步加剧了交通压力。整个事件中，右侧车道事故车辆占据部分车道，导致大量车辆变道绕行，交通流明显受阻，符合多车事故的异常特征。
286,5139,异常停车_20240621201008_突发事件_35717757.mp4,异常停车,多车事故,2024年6月21日20时10分至20时11分，外环高速吴淞江桥南路段发生一起多车事故。事故发生在夜间，路面湿滑，车辆行驶缓慢。在道路右侧应急车道上，一辆白色厢式货车与一辆白色面包车发生碰撞，车辆停靠在应急车道，车门打开，驾驶员下车站在车旁。涉事车辆包括两辆小型客车，一辆红色货车，以及多辆其他小型轿车和货车。事故导致该应急车道车辆停滞，形成局部拥堵。现场未见明显人员下车交涉或交警到场处理，但事故车辆占据应急车道，影响紧急救援通道，存在安全隐患。异常特征表现为多车碰撞痕迹、车辆异常停放及持续缓行，符合多车事故判断标准。
290,5143,占道施工_20231118231235_运行安全_35120671.mp4,占道施工,二轮车辆闯入,2023年11月18日23时12分至23时13分，外环高速顾戴路路段夜间出现二轮车辆闯入交通事件。一辆摩托车在主车道上行驶，驾驶员佩戴头盔，车辆无明显牌照标识。该摩托车在车流中穿行，与多辆货车、轿车并行，存在逆行、横穿车道等危险行为，且未在专用非机动车道或允许通行区域行驶，属于禁止通行区域闯入。其行为导致周边车辆紧急避让，部分车辆减速绕行，对正常交通秩序造成干扰，存在较大安全隐患。现场未见施工设施、抛洒物或事故痕迹，也无二轮车辆与机动车混行现象，但因其闯入行为已构成交通异常，属于典型二轮车辆闯入事件。
291,5144,占道施工_20240510000455_运行安全_35575681.mp4,拥堵,多车事故,2024年5月10日00:04:25至00:05:23，在S26沪常高速CCTV16（K14+780上海地道出口）路段，发生了一起多车事故。涉事车辆包括一辆大型货车和一辆大型客车，两车在行驶过程中发生碰撞，导致货车停在车道上，车身位置异常，横跨车道。客车因此受影响，停在事故现场。现场放置了多个交通锥桶进行隔离，过往车辆被迫减速避让，交通秩序受到一定影响。此事件符合多车事故的判定标准，表现为两辆及以上机动车碰撞、追尾、侧碰或停车即事故事件。
292,5145,异常停车_20240517180136_突发事件_35602193.mp4,异常停车,多车事故,2024年5月17日01:51:33至01:52:30，外环高速丰翔路南段发生多车事故。观察视频显示，该路段为高速公路双向车道，事故发生在道路右侧车道，涉事车辆包括多辆轿车和SUV，其中有多辆汽车与前方车辆发生追尾碰撞，导致车辆位置异常，部分车辆横跨车道或斜停于主路，造成交通流受阻。现场未见明显人员下车交涉或交警到场，但事故区域车辆行驶速度明显降低，后方车辆出现缓行并排队减速，影响了正常通行秩序。此事件符合多车事故判断标准，表现为多车碰撞、车辆碰撞痕迹、交通流紊乱以及存在人员下车交涉等特征。
294,5147,占道施工_20240524230758_运行安全_35633373.mp4,占道施工,二轮车辆闯入,2024年5月24日23时07分56秒至23时08分55秒，外环高速老沪闵路东（内）路段发生二轮车辆闯入事件。一辆摩托车从右侧画面边缘驶入主车道，随后在车流中穿行，期间未见明显专用二轮车道或禁止标志，其行为导致后方车辆紧急避让并减速，对正常交通秩序造成干扰。该摩托车在夜间高速行驶过程中佩戴头盔，无明显牌照标识，属于典型的二轮车辆闯入异常事件。
296,5149,拥堵_20240221071925_突发事件_35367921.mp4,二轮车辆闯入,多车事故,2023年7月21日08时24分39秒，在S20内至G60出省方向的高架道路上，一辆白色轿车与前方车辆发生追尾事故，该事故导致两车在行车道内发生追尾，后方车辆紧急刹车并绕行。事故区域车流密集，车辆包括轿车、货车、客车及公交车均在正常行驶，但存在紧急避让、减速等行为。现场未见明显人员下车交涉或交警到场，但事故导致后方车辆形成长队列，影响了通行效率，属于典型的多车追尾事故，具备明显的交通异常特征。
297,5150,二轮车辆闯入_20230718085552_突发事件_1959396.mp4,二轮车辆闯入,异常停车,2023年7月18日08时56分45秒至08时56分53秒，外环高速吴中路路段，一辆红色货车在行车道内完全静止，车辆未开启双闪灯，驾驶员下车处理，后方多辆汽车因避让该车而紧急刹车或变道，造成短暂交通干扰。该车位于道路右侧车道，未见明显故障，但驾驶员行为属于非紧急情况下的异常停车，影响了正常交通秩序，符合“异常停车”判断标准。
300,5153,异常停车_20230717211102_突发事件_1956593.mp4,异常停车,二轮车辆闯入,2023年7月17日21时11分04秒至21时11分55秒，外环高速吴中入口匝道（外）路段出现二轮车辆闯入交通事件。一辆载有货物的红色货车在右侧车道行驶过程中，其后方停靠的货车车厢内装载着大量货物，车上人员身穿橙色反光背心，驾驶一氧化碳防护服。该二轮车在无专用非机动车道且无明显允许通行标志的情况下，沿主车道行驶，与正常行驶的多辆机动车并行，存在逆行风险。该行为导致部分车辆减速避让，影响了行车秩序，构成二轮车辆闯入异常交通事件。
302,5155,占道施工_20240331163029_运行安全_35456833.mp4,占道施工,多车事故,2024年03月31日16:30:15至16:30:45，在外环高速松 temples - 2（外）路段，发生了一起多车事故。涉事车辆包括一辆白色轿车和一辆白色货车，两车在行驶过程中发生碰撞事故，导致白色轿车和白色货车位置异常，横跨车道并斜停。事故现场有人员下车交涉，且车辆位置异常，严重影响了该路段的正常通行秩序。异常特征表现为多车碰撞痕迹明显，车辆位置异常，现场有人员处理，符合多车事故的判断标准。
303,5156,异常停车_20240509150751_突发事件_35574422.mp4,异常停车,多车事故,2024年5月9日15时07分45秒至15时08分42秒，外环高速莘庄立交东（外）路段，一辆白色轿车与一辆灰色轿车发生追尾事故，两车在行车道内发生碰撞，导致白色轿车斜停于车道内，灰色轿车在其前方。事故发生后，驾驶员下车在车旁停留，后方车辆被迫减速避让，导致该路段交通流明显受阻，形成短暂拥堵。涉事车辆包括白色轿车、灰色轿车，无其他异常车辆或事故区域存在抛洒物等情况。事故造成局部通行效率下降，但未引发多车追挂或严重堵塞，影响范围较小，后续车辆仍能正常行驶。
304,5157,拥堵_20230919154608_突发事件_34823661.mp4,拥堵,异常停车,2023年9月19日15时45分54秒，在G60市区方向至S20内2枪机2监控范围内，道路右侧应急车道内有一辆白色货车静止停放，车辆未开启双闪灯，且无明显故障迹象。该车后方约100米处设有黄色警示牌和“紧急停车”提示标志，表明该区域已对过往车辆造成潜在安全隐患。随后，多辆货车、轿车及面包车在该区域缓慢通行，部分车辆因避让该静止车辆而出现变道和减速行为，导致车流整体通行受阻。现场未见其他异常停车或事故迹象，但该车长时间静止且未按规定设置警示标志，构成异常停车行为，对交通秩序造成一定影响。
307,5160,拥堵_20230817005031_突发事件_34594619.mp4,拥堵,多车事故,2023年8月17日00:49:17至00:50:17期间，外环高速沪太立交东段出现多车事故交通事件。现场有多辆货车、轿车及一辆蓝色SUV在夜间行驶过程中出现异常停车或碰撞痕迹，其中一辆红色货车与一辆白色厢式车在右侧车道停靠疑似追尾，导致车辆位置异常，横跨部分车道，引发后方车辆紧急避让、减速及绕行。涉事车辆包括但不限于蓝色集装箱货车、红色厢式货车、白色厢式车及一辆蓝色SUV，部分车辆刹车灯持续亮起，显示处于静止或低速行驶状态。事故区域车辆排成长队，占据车道空间，导致后方车辆被迫减速并形成拥堵态势，影响了该路段正常通行秩序。异常特征表现为车辆横向排列紧密、刹车灯持续亮起、车辆位置异常及后方车辆紧急避让行为，符合多车事故判断标准。
308,5161,异常停车_20240604100347_突发事件_35671119.mp4,拥堵,多车事故,2023年10月16日14时50分至14时51分，外环高速吴中入口匝道（外）路段发生一起多车事故。事故发生在道路右侧车道，涉事车辆包括一辆红色货车、一辆白色厢式货车、一辆黑色轿车及多辆其他小型车辆，其中红色货车与前方车辆发生追尾碰撞，导致车辆位置异常，横跨车道并斜停于右侧车道；白色厢式货车也出现追尾，驾驶员下车查看情况，另一车辆被迫避让或减速绕行；黑色轿车与后方车辆有明显碰撞痕迹，车辆出现明显侧滑或碰撞痕迹，且第二车道车辆密集，形成拥堵。事故现场有多人下车查看，部分车辆紧急变道，造成该路段通行受阻。事故造成交通流受阻，车辆排队长度逐渐增加，影响范围较大。异常特征表现为多车碰撞、车辆位置异常、人员下车处理车辆避让行为，符合多车事故判断标准。
309,5162,拥堵_20230725073724_突发事件_33398642.mp4,拥堵,多车事故,2023年7月25日07时37分至07时38分，S20外至G60出省方向路段出现多车事故交通事件。视频显示，该路段为双向多车道城市快速路，右侧车道车辆行驶缓慢，左侧车道车流相对正常。右侧车道靠近中央绿化带处，多辆轿车和货车出现排队缓行，车辆间距明显缩小，部分车辆刹车灯持续亮起，表明车流处于低速行驶或短暂拥堵状态。右侧车道车辆包括蓝色、红色、白色等不同颜色的轿车及货车，其中红色厢式货车和蓝色货车尤为显眼。左侧车道车辆未见明显异常，整体车流保持有序通行。从画面中未发现二轮车辆闯入、抛洒物或施工占道等情况，但右侧车道车辆因前方车流密集导致通行受阻，形成局部拥堵，符合多车事故引发的交通异常特征。
310,5163,拥堵_20231218084041_突发事件_35238464.mp4,拥堵,二轮车辆闯入,2023年12月23日10时09分至10时10分，外环高速蕴川立交南段出现二轮车辆闯入交通事件。视频显示，一辆白色摩托车在主车道上行驶，未见其进入专用非机动车道或辅路，直接闯入主车道，驾驶员佩戴头盔，车辆无明显牌照标识。该摩托车在车流中穿行，与多辆轿车及货车并行，存在逆行、横穿车道等危险行为，且未在专用非机动车道内行驶，属于禁止通行区域闯入。该行为导致周边车辆紧急避让，部分车辆减速绕行，对正常交通秩序造成干扰，存在较大安全隐患。现场无施工设施、抛洒物或其他异常情况，交通流量较大，二轮车辆闯入事件影响范围较小，但已构成典型二轮车辆闯入异常交通事件。
312,5165,异常停车_20230715131342_突发事件_1149825.mp4,异常停车,多车事故,2023年7月15日13时13分44秒，在外环高速金山方向至G32宁启路段，监控画面显示右侧应急车道上有一辆白色轿车停靠，车辆疑似发生故障或事故，随后一辆白色集装箱货车也短暂停靠在路边。随后多辆机动车从其左侧车道正常行驶通过，部分车辆在接近该区域时出现减速、变道等避让行为，表明该处存在潜在安全隐患，可能与前方车辆突发情况导致驾驶员紧急停车或事故相关。现场无明显施工设施或人员，但存在车辆异常停车、非紧急情况下占用应急车道等干扰交通的行为，符合“多车事故”异常特征。
313,5166,异常停车_20240607122524_突发事件_35683599.mp4,拥堵,异常停车,2024年6月7日12时25分至12时26分，外环高速莘朱路路段，一辆红色货车在左侧应急车道内完全静止，车辆未开启双闪灯，车辆无明显故障迹象，该行为符合“异常停车”判断标准。
314,5167,二轮车辆闯入_20230717135559_突发事件_1157988.mp4,二轮车辆闯入,异常停车,2023年7月18日13时55分，S20外环线至S400金周公路方向3枪机2监控画面显示，一辆白色轿车在道路右侧车道行驶过程中突然减速并完全停止。该白色轿车位于道路右侧最外侧车道，紧邻绿化带，后方车辆正常通行未见异常。随后，一辆黑色摩托车从右侧车道驶入，沿最右侧车道行驶，与白色轿车并行，但未发生碰撞。该事件属于非紧急情况下突然停车，且无交通信号灯或标志允许停车，存在明显异常特征，符合“异常停车”判断标准。
316,5169,占道施工_20240120230804_运行安全_35329936.mp4,占道施工,多车事故,2024年01月20日23:10:45至23:10:56，外环高速富长路西，夜间监控画面显示，多辆机动车在行车道上发生碰撞事故。涉事车辆包括一辆蓝色货车、一辆白色厢式货车及多辆其他车辆，如面包车和轿车，其中蓝色货车与前方车辆发生追尾，导致车道相撞。事故现场有多名人员下车查看情况，部分车辆停靠于应急车道，造成该路段交通流明显受阻，后方车辆被迫减速或绕行，形成短暂拥堵。事故特征表现为多车碰撞、碰撞痕迹、车辆位置异常及人员下车处置，符合多车事故判断标准。
318,5171,占道施工_20231022232105_运行安全_34979090.mp4,拥堵,二轮车辆闯入,2023年10月22日23时21分至23时22分，外环高速莘庄立交东南方向路段出现二轮车辆闯入交通事件。视频显示，一辆摩托车从画面右侧驶入主车道，随后在主路行驶并逐渐向左侧车道移动。该摩托车未在专用非机动车道或允许通行区域行驶，且在无明显隔离设施的情况下进入机动车道，存在逆行、横穿车道等危险行为，驾驶员佩戴头盔，车辆无牌照特征明显。该行为导致后方多辆汽车紧急避让，部分车辆减速绕行，对正常交通流造成干扰，存在较大安全隐患。现场未见施工设施、抛洒物或事故痕迹，但该二轮车辆在夜间高速环境下闯入主路属于典型闯入行为，属于严重交通违规事件。
319,5172,多车事故_20240405093600_突发事件_35467883.mp4,异常停车,多车事故,2024年4月5日09时35分至09时36分，在武宁路地道南线西向东方向发生多车事故。现场有多辆汽车和一辆摩托车在行车道上发生碰撞事故，涉事车辆包括一辆红色轿车、一辆白色SUV，其中红色轿车与前方车辆发生碰撞，导致车辆位置异常，横跨车道并部分停车于车道中。现场有多人下车查看情况，部分人员聚集在事故车辆旁，有车辆紧急避让或减速，造成后方车辆排队缓行。事故未见明显碰撞痕迹，但车辆位置异常明显，且现场有人员交涉，符合多车事故特征。该事件导致车道通行受阻，影响了该路段的正常交通流。
321,5174,二轮车辆闯入_20230721140318_突发事件_33393694.mp4,二轮车辆闯入,多车事故,2023年7月21日14时03分25秒，在嘉闵西桃浦公路南路段，一辆白色轿车与前方车辆发生追尾事故，两车均处于行驶中，导致白色轿车斜停在行车道内，影响后方车辆正常通行。事故现场无明显人员下车交涉或交警到场，但可见多辆车辆减速绕行，反映出事故对道路交通的影响。该事件符合“多车事故”判断标准，表现为两车碰撞痕迹明显、位置异常且引发后续车辆避让行为。
323,5176,占道施工_20230819230756_运行安全_34614829.mp4,占道施工,多车事故,2023年8月19日23时07分至23时08分，外环高速沪太立交东段夜间出现多车事故。视频显示，该路段为双向多车道高速公路，夜间照明良好，路面湿滑。右侧车道有多辆货车及轿车发生事故，右侧车道车辆部分停车，车距明显缩短，前方有一辆蓝色货车与前方车辆发生追尾，导致区域交通流受阻。左侧车道未见明显事故，但有多辆小客车正常行驶经过该路段，未出现异常停车或二轮车辆闯入情况。事故区域车辆持续缓慢行驶，存在明显的车辆碰撞痕迹和位置异常，符合多车事故特征。整体交通流受影响较小，但存在潜在追尾风险。
324,5177,占道施工_20240523011217_运行安全_35623963.mp4,占道施工,多车事故,2024年5月23日01时12分15秒至01时13分09秒，沪宁上行进出口路段夜间，道路右侧应急车道旁设有红白相间的交通锥桶，形成临时隔离带，一辆白色厢式货车停靠在应急车道旁，车辆开启双闪警示灯，未见驾驶员在车旁活动。随后，一辆蓝色货车从右侧车道驶过，沿主路正常行驶。随后，一辆红色货车从左侧车道驶入，在应急车道与前方车辆发生轻微追尾事故，涉事车辆包括货车、轿车，部分车辆停靠在应急车道，造成现场短暂拥堵。事故现场无明显人员下车交涉或交警到场处理，但存在明显的车辆碰撞痕迹和异常停车行为，符合多车事故特征。
325,5178,多车事故_20240615170147_突发事件_35706881.mp4,多车事故,二轮车辆闯入,2024年6月15日17时01分至17时02分，嘉闵西侧定焦05监控点位拍摄到隧道内双向车道车流密集、通行速度缓慢的状况。未见明显二轮车辆闯入事件，也无多车事故迹象。画面中可见多辆小汽车、SUV、面包车及一辆黄色出租车在隧道内正常行驶，车辆间距较小，车流呈现持续缓慢移动状态，符合拥堵判断标准中“多辆车缓慢移动或完全停止”“排队车辆长度超过正常范围”“排队车辆持续执行同一任务”等特征。整体交通流呈现典型拥堵特征，未发现二轮车辆闯入事件。
326,5179,拥堵_20240116105943_突发事件_35321896.mp4,拥堵,多车事故,2024年1月16日10:59至11:00，外环高速莘朱路路段，多辆轿车、货车及一辆红色货车在行驶过程中，由于前方车辆发生追尾事故，导致该路段车流缓慢通行，车辆间距明显缩小，部分车辆被迫减速或停车，形成短暂拥堵。涉事车辆包括多辆小轿车、厢式货车及大型货车，其中一辆红色货车因事故停于行车道，进一步加剧了交通压力。事故地点位于莘朱路，周围有绿化带和居住区，未见明显施工设施或抛洒物，但车辆碰撞痕迹及位置判断，符合多车事故特征。事故影响了该路段的正常通行秩序，车辆排队长度持续增加，通行效率显著下降，属于典型的多车事故异常停车事件。
327,5180,异常停车_20240624123347_突发事件_35721832.mp4,异常停车,多车事故,2024年6月24日12时37分，外环高速沪太立交东2相机监控画面显示，双向车道车流正常行驶，无异常情况。
330,5183,占道施工_20231211231122_运行安全_35212069.mp4,异常停车,二轮车辆闯入,2023年12月11日23时11分至23时12分，外环高速顾戴路北（内）路段夜间出现二轮车辆闯入交通事件。视频显示，多辆二轮车在高速公路主路行驶，期间未见明显违规变道或逆行行为，但该路段为高速公路，禁止非机动车通行，二轮车闯入属于典型违规行为。涉事车辆为红色、白色及黑色，车辆在车流中穿行，存在较大安全隐患，导致后方多辆汽车紧急避让，部分车辆减速绕行，造成短暂交通干扰。现场无施工设施、抛洒物或事故迹象，但二轮车在高速道路行驶属于严重交通违规行为，存在较大安全隐患。
333,5186,异常停车_20240517235647_突发事件_35602489.mp4,异常停车,多车事故,2024年5月17日23时56分至23时57分，嘉闵高架东侧隧道内发生一起多车事故。视频显示，隧道内为双向车道，路面湿滑，车辆行驶中，左侧车道俩车出现追尾迹象，右侧车道一辆白色轿车与前方车辆发生追尾，随后停车处理。事故导致后方车辆被迫减速避让，形成局部拥堵。现场无明显人员下车交涉或交警到场，但车辆位置异常且存在碰撞痕迹，符合多车事故特征。该事件导致车道通行受阻，影响了隧道内交通流的正常运行。
334,5187,异常停车_20240508132207_突发事件_35570319.mp4,异常停车,拥堵,2024年5月8日13时22分05秒至13时22分59秒，外环高速沪渝立交段右侧车道发生一起多车事故，地点位于沪渝高速外关路北向南方向，现场有多辆小轿车及货车在行驶过程中发生碰撞碰撞痕迹明显，涉事车辆包括一辆红色货车、一辆白色厢式货车、一辆黑色轿车等，导致车辆位置异常，部分车辆横跨车道或斜停，发生重大交通事故。事故发生后，现场有多人下车查看情况，未见交警到场处理，但事故车辆持续缓慢移动，影响通行秩序，且事故区域车辆道车流明显受阻，形成短暂拥堵。
335,5188,二轮车辆闯入_20230722133611_突发事件_33394582.mp4,二轮车辆闯入,异常停车,2023年7月22日13时36分，S20外环线至S4金山方向高架路段，监控画面显示左侧护栏旁有一辆白色轿车静止停靠，未见驾驶员下车处理情况，符合异常停车特征。
336,5189,二轮车辆闯入_20230721133655_突发事件_33393668.mp4,二轮车辆闯入,多车事故,2023年7月21日13时36分52秒至13时37分02秒，位于S4市区方向至S20的高架道路路段，一辆白色轿车与一辆黑色轿车发生轻微碰撞。该事故发生在道路左侧车道，白色轿车斜停靠于护栏旁，黑色轿车紧随其后并斜停于同一车道，右侧车辆也短暂异常停靠。两车均未开启双闪灯，且存在明显的碰撞痕迹，导致车辆位置异常，横跨部分车道，影响了后续车辆的正常通行。事故造成局部交通流减缓，但未造成严重拥堵。现场未见人员下车交涉或交警到场处理，但车辆存在明显的碰撞痕迹和位置异常，符合多车事故特征。
337,5190,异常停车_20240510100530_突发事件_35577578.mp4,拥堵,异常停车,2024年5月10日06时05分22秒至06时06分19秒，外环高速龙吴路路段，一辆红色货车在行车道内完全静止，车辆开启双闪灯，驾驶员下车查看，随后一辆黑色轿车从其右侧车道驶入并正常行驶，两车不存在交通要合行为，但红色货车未开启警示灯，符合异常停车行为。
339,5192,异常停车_20230723142300_突发事件_33396284.mp4,异常停车,拥堵,2023年7月23日14时20分43秒，在隧道内右侧车道，一辆白色轿车与前方车发生追尾事故后停在道路，导致两车位置明显异常，白色轿车停于事故车辆旁，影响了右侧车道通行。随后，一辆红色轿车从右侧车道驶过，未见明显撞击并完全停止，但后方车辆因避让该事件出现减速、变道等行为，存在潜在追尾风险。事故区域无施工设施，也无二轮车辆闯入现象，但因多车碰撞叠加，造成局部交通流受阻，形成短暂拥堵。现场可见橙色交通锥标识隔离区域，未见人员下车交涉或交警到场处理，但车辆持续缓慢通行，影响正常通行效率。
340,5193,二轮车辆闯入_20230720231920_突发事件_33392686.mp4,二轮车辆闯入,多车事故,2023年7月20日23时19分22秒，在外环高速吴淞江桥路段，两辆黑色轿车与一辆白色SUV疑似发生碰撞，车辆位置异常，车辆横跨车道，导致后方车辆紧急避让。该事件符合“多车事故”判断标准，现场有多辆机动车出现碰撞痕迹和位置异常情况，严重影响了道路通行与安全。
341,5194,占道施工_20240322233644_运行安全_35433098.mp4,占道施工,多车事故,2024年5月23日03时10分05秒，外环高速蕴藻浜桥北2（外）路段夜间监控画面显示，一辆白色轿车与一辆灰色SUV疑似发生碰撞，位于道路中间车道区域，两车均处于静止状态，车辆位置异常，疑似发生碰撞事故。事故区域由多辆红色警示锥桶围挡，形成隔离区，后方车辆减速绕行或停滞。涉事车辆包括白色轿车、灰色SUV，无明显移动或碰撞痕迹，但车辆姿态明显异样，符合多车事故判断标准中“两辆及以上机动车发生碰撞、追尾、事故后共同滞留”的特征，且未见人员下车交涉或交警到场处置，仍维持现有交通秩序。该事件属于典型多车事故，影响范围主要集中在左侧车道，对通行造成一定影响，但整体交通流仍保持畅通。
342,5195,拥堵_20240226180514_突发事件_35375560.mp4,抛洒物,多车事故,2024年2月26日18时05分至18时06分，嘉闵东柴塘北路入口处夜间高速公路发生多车事故。视频显示，该路段车流密集，多辆小轿车、货车及一辆白色面包车在该路段行驶。在画面右侧车道，一辆白色面包车与前方车辆发生追尾碰撞，导致车辆位置异常，后方车辆被迫减速或绕行，形成局部拥堵。涉事车辆包括白色面包车，均出现不同程度的停顿或停滞现象，导致后方车辆排队缓行。现场未见明显人员下车交涉或交警到场处理，但事故区域车辆行驶速度明显下降，存在明显的交通干扰和碰撞痕迹，符合多车事故的典型特征。
343,5196,占道施工_20230810235656_运行安全_34560354.mp4,占道施工,多车事故,2023年8月10日23时56分至23时57分，嘉闵东柴塘北路入口处夜间高速公路路段出现“多车事故”交通异常事件。事发地点位于监控画面右侧车道，多辆机动车在行驶过程中发现车辆碰撞，导致车道内车辆紧急刹车、绕行或停滞。涉事车辆包括一辆黄色工程车，未见明显碰撞痕迹或车辆损坏，但已引发后方车辆紧急避让和减速行为。事故区域车辆密集，部分车辆因避让而形成短时拥堵，影响了该路段通行效率。异常特征表现为多车连续碰撞痕迹、车辆位置异常（横跨车道或斜停）、后方车辆紧急避让行为以及主路通行秩序受扰。整体判断为典型多车事故，但未见明显碰撞痕迹或车辆损伤证据，推测为突发性变道或事故。
344,5197,二轮车辆闯入_20230722222751_突发事件_33395041.mp4,二轮车辆闯入,多车事故,2023年7月22日22时27分48秒，外环S6立交内圈上匝道处，监控画面显示该路段为多车道高架道路，车流密集，夜间照明条件下车辆行驶正常。在视频开始阶段，右侧车道靠近中央隔离带处发生一起多车事故，随后车辆在该区域发生碰撞并紧急刹车或停车。涉事车辆包括一辆白色轿车、一辆白色厢式货车，其中白色轿车与前方车辆发生追尾，形成局部拥堵。事故现场有人员下车交涉，周围车辆被迫减速避让，造成通行效率下降，后方车辆出现连续缓行现象。事故区域未见明显抛洒物或施工设施，但车辆位置异常，且无明显警示标志，符合多车事故判断标准，影响了该路段的正常通行秩序。
345,5198,占道施工_20240108001832_运行安全_35300382.mp4,占道施工,多车事故,2024年01月08日星期一凌晨00:13:23至00:18:23期间，在某城市高架道路夜间行车道上发生一起多车事故。事故发生在双向车道中的南向车道，涉事车辆包括一辆白色货车、一辆白色厢式货车及多辆后方跟随的车辆，现场有多名驾驶员下车查看情况。视频显示，车辆在行驶过程中出现碰撞痕迹，且车辆位置异常，部分车辆横跨车道或斜停，导致交通流明显受阻。现场有人员下车交涉，未见明显碰撞痕迹，但车辆之间存在明显的碰撞痕迹和轻微追尾现象。该事故造成右侧车道通行受阻，后方车辆排队缓行，交通流受到一定影响。异常特征表现为多车连续碰撞、车辆位置异常、人员下车处理以及后续车辆减速避让。
347,5200,占道施工_20230725005318_运行安全_33398335.mp4,占道施工,多车事故,2023年7月25日00:53至00:54期间，嘉闵高架路东侧嘉美路南路段夜间发生一起多车事故。事故发生在高架桥上，涉事车辆包括一辆大型工程车及多辆正常行驶的机动车，其中一辆工程车与前方车辆发生追尾碰撞，导致车道内车辆紧急避让、减速。事故造成该路段交通流明显受阻，车辆排队缓慢通行，部分车辆因避让事故车辆而变道，造成局部拥堵。现场未见明显人员下车交涉或交警到场处理，但事故车辆占据部分车道，影响通行效率，符合多车事故的典型特征，主要表现为车辆碰撞痕迹、后方车辆紧急避让行为以及交通流受阻等。
348,5201,异常停车_20240624184732_突发事件_35722520.mp4,抛洒物,拥堵,2024年6月24日18时47分至18时48分，外环高速曹安路北段，多辆轿车、货车及一辆红色货车在雨天湿滑路面上行驶，车辆均正常开启刹车灯，形成连续红色光带。未见明显碰撞或停车行为。该路段车流量大，车辆行驶缓慢，形成典型拥堵特征，影响通行效率。
349,5202,异常停车_20240623002312_突发事件_35719203.mp4,异常停车,多车事故,2024年6月23日00:23:09至00:24:05期间，外环高速莘朱路路段出现多车事故。涉事车辆包括一辆白色厢式货车、一辆白色轿车，两车位于左侧车道，疑似发生追尾碰撞。事故未见明显碰撞痕迹，但车辆位置异常，横跨车道，导致后方车辆紧急刹车或绕行。事故区域无施工设施，也未见二轮车辆闯入，也无抛洒物或异常停车情况。事故造成该路段通行效率下降，多辆车需减速避让，形成短时缓行。异常特征为多车连续碰撞，车辆姿态异常，是造成事故的典型表现。
351,5204,异常停车_20240517114812_突发事件_35600635.mp4,异常停车,抛洒物,2024年05月17日星期五11:48:09，在高速公路左侧车道处，多辆轿车和货车出现低速行驶并保持轻微并线或变道的行为，其中有多辆轿车和货车在行驶过程中突然减速或避让，导致右侧车道车流与之发生轻微交织。现场未见明显交通事故痕迹或车辆碰撞痕迹，但车辆行驶速度极快，部分车辆因避让或变道失败而产生轻微跟车距离不均，存在潜在安全隐患。该区域为多车道高速公路，车流密集，且无施工或抛洒物等异常情况，因此判定为典型的高峰期车流异常，主要特征为车辆间频繁变道与提速行为，对右侧车道通行造成一定影响。
352,5205,异常停车_20240110053300_突发事件_35306113.mp4,异常停车,多车事故,2024年1月5日05时32分35秒至05时33分03秒，武宁路地道北线东向西方向发生一起多车事故。视频显示，地道内为隧道环境，路面湿滑，两旁有白色墙体。在05时32分35秒，一辆黑色轿车与前方车辆发生追尾事故，随后车辆停在行车道上。05时33分03秒，一辆红色轿车从右侧车道驶入，随后与前车追尾车发生并行。现场有多辆小轿车和一辆电动车，其中一辆红色轿车与黑色轿车发生追尾，两车均有明显碰撞痕迹，横跨车道并导致后方车辆紧急避让或停滞。涉事车辆包括多辆小型轿车、摩托车及电动车，均处于正常行驶状态但因事故引发连锁反应，部分车辆紧急变道或减速避让，造成该路段通行受阻。事故未见人员下车交涉或交警到场处理，但可见后方车辆行驶安全风险较高，存在引发追尾、侧滑等二次事故的可能。异常特征表现为多车连续碰撞、车辆位置异常、后方车辆紧急避让，符合多车事故判断标准。
353,5206,多车事故_20240621121139_突发事件_35716923.mp4,多车事故,二轮车辆闯入,2024年6月21日12时10分43秒至12时11分40秒，外环高速北翟路立交北方向多车道出现二轮车辆闯入交通事件。一辆黑色摩托车从右侧画面边缘进入主车道，沿最右侧车道向前行驶，驾驶员佩戴头盔，车辆无明显牌照标识。该摩托车在车流中穿行，与正常行驶的多辆货车、客车及轿车并行，未见其开启转向灯或采取避让措施，存在较大安全隐患。由于该路段为高速公路，禁止二轮车辆通行，该摩托车闯入行为属于典型违规闯入事件，构成交通异常。
354,5207,拥堵_20231226085936_突发事件_35263292.mp4,拥堵,多车事故,2023年12月26日08时59分至09时00分，嘉闵高架西侧定焦04监控点位显示，隧道内双向车道车流正常行驶，车辆均保持有序通行。未发现二轮车辆在行车道内行驶或出现闯入现象，也无明显二轮车辆事故迹象。现场所有车辆均在规定车道内行驶，无异常停车、减速或绕行行为，亦未见非机动车或货车闯入主路的情况。整体交通秩序良好，无拥堵、抛洒物或事故迹象，不符合“多车事故”判断标准。
355,5208,拥堵_20240315065016_突发事件_35411243.mp4,拥堵,二轮车辆闯入,2024年3月15日06:50:00至06:51:00期间，外环高速龙吴路路段出现二轮车辆闯入交通事件。一辆白色电动车从右侧车道驶入主路，行驶于机动车道内，驾驶员佩戴头盔，车辆无明显牌照标识。该车在行驶过程中未见逆行或横穿车道等危险行为，但其进入机动车道的行为违反了高速公路交通管理规定，对正常行驶的车辆构成潜在安全隐患。由于该路段为封闭式高速公路，本应禁止二轮车辆通行，因此该行为属于典型的二轮车辆闯入异常事件。
356,5209,拥堵_20231208085055_突发事件_35203980.mp4,拥堵,多车事故,2023年12月8日星期五上午8时50分至8时51分，外环高速吴中路路段出现多车事故交通事件。事故发生在双向车道的右侧车道区域，视频显示该区域车流密集，车辆以较快的速度行驶。在画面右侧车道，多辆轿车和货车在行驶过程中出现轻微碰撞痕迹，车辆位置异常，部分车辆横跨车道或斜停，导致后续车辆紧急避让或减速。涉事车辆包括多辆白色轿车、黑色轿车及大型货车，其中部分车辆与事故无关但受影响。事故现场未见明显人员下车交涉或交警到场处理，但车辆间的碰撞痕迹明显，影响了该路段的通行效率。整体交通流速减缓，车辆排队长度逐渐增加，但未出现严重拥堵。异常特征表现为多车碰撞行为、车辆位置异常及后续车辆缓行，符合多车事故判断标准。
357,5210,二轮车辆闯入_20230718200039_突发事件_1962737.mp4,二轮车辆闯入,多车事故,2023年7月18日20时00分35秒至20时01分03秒，外环高速龙吴路路段夜间监控画面显示，道路双向车流密集，车辆行驶缓慢。在20时00分38秒左右，一辆白色轿车与前方轿车发生追尾碰撞，导致两车停在行车道内，后方多辆轿车及货车因避让或减速造成连锁拥堵。事故车辆未完全静止，随后被后方车辆陆续超越。现场未见明显人员下车交涉或交警到场处理，但车辆间存在明显的碰撞痕迹和刹车痕迹，符合多车事故特征，影响了整体通行效率，属于典型的交通异常事件。
358,5211,拥堵_20231016122903_突发事件_34945179.mp4,拥堵,多车事故,2023年10月16日12时29分至12时30分，位于城市高架桥路段的主干道上发生一起多车事故。事故发生在高架桥右侧车道区域，涉事车辆包括一辆红色货车、一辆白色厢式货车及多辆其他小型汽车，其中红色货车与前方白色厢式货车发生追尾碰撞。事故导致后方车辆出现明显拥堵，多辆车斜停或缓慢移动，刹车灯持续亮起，队列长度超过百米。现场未见人员下车交涉或交警到场，但可见多辆车位置异常，部分车辆存在追尾、侧翻等情况，符合多车事故特征。该事件导致右侧行车道通行受阻，对整体交通流产生持续影响。
359,5212,抛洒物_20240608222551_运行安全_35688088.mp4,抛洒物,多车事故,"2024年3月8日22时25分至22时26分，在外环北侧K208+490路段，监控画面显示该车道上有一辆红色轿车与一辆白色轿车发生碰撞。涉事车辆包括白色轿车， forged immediately after collision. 随后，该白色 car was taken to the side of the road, and the driver got out to check the situation. Another car drove by suddenly from the opposite direction. The white car swerved and crossed the center line, deviating from normal traffic flow. The collision caused the white car to hit a curb, and its brake lights were on, indicating that it might have been involved in a minor accident."
360,5213,拥堵_20230922141132_突发事件_34846186.mp4,拥堵,多车事故,2023年9月22日14时11分至14时12分，外环高速沪太立交东1-1 03路段发生多车事故。现场可见多辆汽车和货车在雨天湿滑路面上行驶，右侧车道有一辆白色轿车与前方货车发生追尾，货车黑色平板货车与前方货车发生碰撞，导致两车位置异常。左侧车道有一辆白色轿车与前方货车发生追尾，货车为红色集装箱货车，两车发生碰撞，导致车辆位置异常。事故导致后方车辆被迫减速避让，交通流出现短暂拥堵，部分车辆绕行至右侧车道。所有车辆均处于正常行驶状态，未见人员下车或紧急刹车行为，但存在明显的碰撞痕迹和位置异常，符合多车事故特征。
361,5214,拥堵_20230912175105_突发事件_34781917.mp4,拥堵,多车事故,2023年9月12日17时50分至17时51分，外环高速蕴川立交东段出现多车事故交通事件。视频显示，道路行车道上、车道上有多辆汽车、货车及一辆白色厢式货车发生碰撞碰撞，车辆位置异常，部分车辆横跨车道或斜停，导致整体交通流受阻。涉事车辆包括白色轿车、黑色轿车、白色厢式货车等，均处于不同程度的停驶和避让状态，部分车辆紧急刹车或绕行，造成后方车辆紧急变道和减速。事故现场未见明显人员下车交涉或交警到场处理，但车辆密集且行驶缓慢，形成短暂拥堵。此事件符合多车事故判断标准，表现为多车碰撞痕迹、车辆碰撞位置、紧急避让行为及交通流受阻等特征。
362,5215,二轮车辆闯入_20230722225336_突发事件_33395065.mp4,二轮车辆闯入,多车事故,2023年7月22日22时53分35秒左右，在外环高速龙吴路路段，两辆红色轿车与一辆白色SUV发生对向车道碰撞，两车均处于横跨车道中央状态，车辆明显开启双闪灯，驾驶员下车查看，后方车辆出现紧急减速绕行。该事故于2023年7月22日22时53分39秒左右再次发生，两车为白色轿车与黑色SUV，均未发生碰撞但已停车于行车道，驾驶员下车查看。事故未造成后方车辆明显碰撞或追尾现象，影响较小，影响风险为轻微违反交通规则的行为。
363,5216,占道施工_20240414002221_运行安全_35489094.mp4,占道施工,二轮车辆闯入,2024年4月14日00:22:15至00:23:13期间，嘉闵高架东侧汇聚机箱路段出现二轮车辆闯入交通事件。一辆摩托车在非机动车道内行驶，随后在车流中穿行，与多辆机动车并行。该摩托车未在专用非机动车道行驶，且在车流密集的高速路段逆行并横穿车道，存在逆行风险和横穿危险行为，导致周边车辆紧急避让，影响了正常交通秩序。该行为符合二轮车辆闯入判断标准中的多项异常特征，属于典型闯入类交通异常。
364,5217,占道施工_20230910234753_运行安全_34759441.mp4,拥堵,二轮车辆闯入,2023年9月10日23时47分至23时48分，外环真南路入口路段夜间出现二轮车辆闯入交通事件。一辆摩托车在主车道上行驶，驾驶员佩戴头盔，车辆无明显牌照标识。该摩托车在车流中穿行，与正常行驶的轿车、货车等机动车并行，存在逆行、横穿车道等危险行为，且未在专用非机动车道或允许通行区域行驶，属于禁止通行区域闯入机动车道。其行为导致部分车辆紧急避让，影响了主车道行车秩序，构成交通安全隐患。现场无其他车辆与其发生碰撞，但该二轮车闯入行为已构成典型的二轮车辆闯入异常事件。
365,5218,异常停车_20240510182519_突发事件_35579441.mp4,多车事故,拥堵,2024年5月10日18时25分至18时26分，外环高速京沪立交南段，多辆轿车、货车在雨天湿滑路面上行驶，车辆持续缓慢移动或基本停滞，车距明显缩短，车流密集，形成持续拥堵。现场未见明显事故，但车辆普遍出现低速行驶及变道行为，部分车辆因避让或变道冲突风险增加，整体交通流呈现缓慢蠕动状态，符合拥堵判断标准中“多辆车缓慢移动或完全停止”“排队车辆长度超过正常范围”“持续一段时间且无缓解趋势”的特征，属于典型交通拥堵事件。
366,5219,占道施工_20240617230845_运行安全_35710698.mp4,占道施工,多车事故,2024年6月17日23时08分至23时09分，S6转外环内圈下匝道处发生一起多车事故。视频显示，该路段为夜间照明良好但车流量较大的弯道区域，道路两侧设有连续的交通警示灯。在弯道右侧车道内，一辆身穿反光背心的工作人员正在引导交通，现场放置了多排橙色交通锥桶，形成临时隔离带，引导车辆绕行。随后，一辆蓝色轿车从右侧车道驶入，与工作人员发生近距离交错，导致工作人员被后方车辆追尾，车辆出现明显碰撞痕迹，且未按规定车道行驶。事故造成右侧车道车辆排队缓慢通行，影响范围约占车道长度，且持续时间较长，未见明显缓解趋势。整个事件中，涉事车辆包括蓝色轿车、工作人员及后续多辆小型汽车，均处于正常行驶状态但因突发事故导致通行受阻，符合多车事故的典型特征。
367,5220,占道施工_20230715001622_运行安全_1147307.mp4,占道施工,二轮车辆闯入,2023年7月15日00:16:18至00:17:17期间，嘉闵西侧S6立交南路段夜间出现二轮车辆闯入交通事件。一辆黄色二轮电动车在主车道行驶过程中，驾驶员佩戴头盔，车辆无明显牌照标识，沿主路正常行驶。该车在车流中穿行，未见专用二轮车道或禁止标志，存在逆行、横穿车道等危险行为，对周边正常行驶的机动车构成潜在安全隐患。现场无明显警示标志或隔离设施阻止其进入主路，属于典型的二轮车辆闯入异常事件。
368,5221,占道施工_20231117003656_运行安全_35111958.mp4,占道施工,多车事故,2023年11月17日00:36至00:37期间，北环高速富锦路路段出现多车事故交通事件。视频显示，该路段为夜间照明条件下，道路呈弯曲状，两侧设有导流线。右侧车道有一辆红色轿车与前方车辆发生追尾碰撞，导致车辆位置异常，部分车辆横跨车道，造成后方车辆紧急避让或减速。左侧车道未见明显碰撞痕迹，但存在车辆行驶轨迹偏移及减速行为，表明该区域存在交通干扰。涉事车辆包括一辆红色轿车及可能的其他小型车辆，均处于静止或低速行驶状态。事故现场未见人员下车交涉或交警到场处理，但车辆间存在明显的碰撞痕迹和姿态差异，符合多车事故特征。右侧车道交通流受影响明显，车辆排队长度持续增加，通行效率下降，但未出现严重拥堵。整体异常特征表现为多车事故事件，且发生在弯道区域，存在安全隐患。
369,5222,拥堵_20240314124443_突发事件_35409712.mp4,拥堵,多车事故,2024年3月14日14时44分至14时45分，外环高速京沪立交（内）路段出现多车事故交通事件。事故发生在高速公路主车道上，涉及多辆轿车、货车及大型运输车辆，其中一辆红色货车与前方蓝色货车发生追尾，导致车辆位置异常，横跨车道并影响后续车辆。现场可见明显碰撞痕迹和异常位置车辆，部分车辆横跨车道或斜停，导致后方车辆被迫减速或绕行，造成通行受阻。涉事车辆未见明显人员下车交涉或交警到场处理，但事故持续约一分钟以上，影响范围较大，后续车辆出现缓慢移动和排队缓行现象，符合多车事故特征。
370,5223,占道施工_20240506230503_运行安全_35563291.mp4,占道施工,多车事故,2024年5月6日23时08分，外环高速沪太立交西2（监控2）路段夜间发生多车事故交通事件。现场可见多辆汽车与货车在行车道上发生碰撞，车辆位置异常，部分车辆横跨车道或斜停，导致交通流中断。涉事车辆包括一辆大型货车、一辆银色轿车及多辆小型车辆，均处于不同程度的停驶和避让行为。事故区域设置有多个交通锥桶用于隔离，现场有人员下车查看情况，一名身穿反光背心的工作人员在事故车辆附近指挥交通。整体影响较大，存在明显的车辆碰撞痕迹和交通秩序混乱特征，符合多车事故判断标准。
371,5224,占道施工_20231212231539_运行安全_35218203.mp4,占道施工,异常停车,2023年12月12日23时15分至23时16分，外环高速莘庄立交东（外）路段发生多车事故。事故发生在夜间，路面湿滑，车辆灯光闪烁。在靠近左侧应急车道区域，一辆白色轿车与一辆黑色小车发生追尾，导致白色轿车斜停于车道内，后方黑色轿车被撞acie于其右侧，导致后方车辆紧急避让或减速。现场有多名人员下车查看情况，其中一名身穿橙色反光背心的工作人员在事故车辆后方行走，疑似处理事故。其他车辆包括多辆轿车和货车混杂，出现轻微拥堵和碰撞痕迹，部分车辆横跨车道或斜停，影响通行秩序。该事件符合多车事故判断标准，表现为车辆碰撞痕迹、异常停车、人员下车处理等特征。
373,5226,异常停车_20240508124653_突发事件_35570236.mp4,异常停车,多车事故,2024年5月8日12时46分至12时47分，外环高速莘庄立交东（外）路段，一辆红色货车与前方蓝色货车发生追尾碰撞，导致车辆位置异常，完全停止前横跨车道并斜停，后方多辆货车和轿车被迫紧急避让或减速绕行，造成该区域交通流明显受阻，车辆排队长度超过正常范围，存在安全隐患。事故现场未见明显抛洒物，车辆开启双闪灯，且发生地点位于立交桥附近，属于典型的多车追尾事故，影响了道路通行效率和行车安全。
374,5227,异常停车_20240623153047_突发事件_35720144.mp4,异常停车,二轮车辆闯入,2024年6月23日15时30分43秒至15时31分42秒，外环高速仙霞路（内）路段发生二轮车辆闯入事件。一辆摩托车在湿滑路面条件下驶入主车道，未在专用非机动车道或辅路行驶，直接进入高速公路行车道，存在横穿车道的危险行为。该摩托车在车流中穿行，周围有多辆轿车和货车正常行驶，其突然出现导致部分车辆紧急避让，影响了正常交通秩序。该行为违反了高速公路禁止二轮车辆通行的规定，构成典型二轮车辆闯入交通异常事件，具有较高的安全隐患。
375,5228,拥堵_20230926190149_突发事件_34866662.mp4,拥堵,多车事故,2023年9月26日19时1分45秒至19时2分44秒，嘉闵西侧汇聚机箱路段夜间监控画面显示，一辆白色轿车与前方车辆发生追尾碰撞，导致车辆位置异常，造成后方多辆轿车紧急避让或减速绕行。事故区域无明显碰撞痕迹，但车辆明显停顿并占据部分车道，导致通行缓慢。该事件符合多车事故判断标准，表现为两辆及以上车辆碰撞痕迹、车辆位置异常及引发后续交通秩序变化。
376,5229,异常停车_20240613191019_突发事件_35702759.mp4,异常停车,多车事故,2024年6月13日19时10分至19时11分，G2进外环外圈匝道03路段出现多车事故交通事件。视频显示，该路段为双向多车道高速公路，天气为雨天，路面湿滑，车辆行驶缓慢。在右侧车道中，多辆轿车和货车发生碰撞事故，导致车辆位置异常，部分车辆横跨车道或斜停，形成明显的交通拥堵。涉事车辆包括红色集装箱货车、白色轿车及多辆其他小型车辆，部分车辆刹车灯亮起，表明存在追尾及碰撞痕迹。事故区域未见明显人员下车交涉或交警到场处理，但车辆密集且通行缓慢，影响了整体交通流的正常运行。异常特征表现为车辆密集排列、刹车灯持续亮起、车道内无空隙出现，符合多车事故的判断标准。
377,5230,占道施工_20230910233019_运行安全_34759408.mp4,占道施工,多车事故,2023年9月10日23时28分至23时29分，外环高速京沪铁路桥南路段夜间监控画面显示，一辆白色轿车与一辆白色货车在最右侧车道发生追尾事故，两车停在车道中央，刹车灯持续亮起，后方车辆被迫减速绕行，造成短时交通拥堵。现场未见人员下车交涉或交警到场，但有多辆轿车和货车从两侧车道交替通过，车辆位置异常，疑似追尾导致追行偏移，影响了整体通行效率。该事件符合多车事故判断标准，表现为两车碰撞痕迹、车辆位置异常及后续车辆避让行为。
379,5232,异常停车_20230830014300_突发事件_34665557.mp4,异常停车,多车事故,2023年8月30日01时42分39秒，在南线2CAM37监控点位，隧道内发生一起多车事故。一辆黑色轿车在右侧车道行驶过程中，突然减速并完全停止，后方黑色轿车、白色面包车及一辆白色厢式货车在行车道内停靠于隧道右侧车道，导致后方车辆紧急刹车并出现拥堵现象。随后，该黑色轿车驾驶人打开车门下车并坐于驾驶位，其他车辆被迫停下或减速绕行，造成后方车辆排队缓行。现场无明显碰撞痕迹或人员下车交涉，但车辆异常停车及紧急避让行为明显违反交通规则，符合多车事故中典型非碰撞场景特征，影响了隧道内正常通行秩序。
380,5233,拥堵_20231009072551_突发事件_34910526.mp4,拥堵,多车事故,2023年10月9日星期一早上7点25分至7点26分，沪宁上行进出口路段出现多车事故交通事件。现场有多辆机动车在道路上行驶过程中出现异常停车或碰撞痕迹，其中一辆红色货车与前方车辆发生追尾碰撞，导致车辆位置异常，横跨车道并影响后续车辆正常通行。涉事车辆包括红色货车、白色厢式货车及多辆轿车，均处于静止或缓慢移动状态，部分车辆刹车灯持续亮起，表明存在紧急制动行为。事故区域位于弯道处，导致后方车辆被迫减速避让，形成短暂拥堵。未见明显人员下车交涉或交警到场处理，但事故已对交通流造成明显影响，存在安全隐患。整体判断为典型多车追尾事故，符合“多车事故”异常特征。
382,5235,占道施工_20231214032816_运行安全_35220924.mp4,拥堵,占道施工,2023年12月14日03时28分至03时29分，嘉闵西侧汇聚机箱路段夜间发生占道施工交通事件。现场可见一辆黄色工程车停靠在道路左侧，车后方设置了一排红白相间的交通锥桶，形成临时隔离带，占用部分车道。一名身穿反光背心的工作人员在锥桶旁进行作业，旁边有黄色工程车和一辆红色轿车依次缓慢通过施工区域。该施工区域导致车辆需绕行或减速通过，影响了正常通行效率。未见明显抛洒物或事故迹象，但车道被明显压缩，车辆行驶速度明显降低，存在潜在安全隐患。整体表现为典型的夜间占道施工场景，符合“占道施工”判断标准。
384,5237,占道施工_20240602013348_运行安全_35662957.mp4,拥堵,二轮车辆闯入,2024年6月2日01时34分，外环高速顾戴路北（内）路段夜间出现二轮车辆闯入交通事件。画面中可见两辆二轮车在主车道行驶，未见明显违规行为，但该路段为高速公路，禁止非机动车和摩托车通行，二轮车闯入属于典型违规行为。
388,5241,异常停车_20240508231531_突发事件_35571620.mp4,异常停车,多车事故,2024年5月8日23时15分至23时16分，在外环高速漕宝路北枪机2处，多辆机动车在夜间行驶过程中，导致事故的车辆紧急刹车并出现碰撞痕迹，其后方的车辆被迫减速避让，现场多辆车出现轻微碰撞情况，包括一辆轿车和一辆货车在行车道上双双绕行或减速，影响了后续车辆的正常通行，存在明显的交通事故迹象，特征表现为多车碰撞、碰撞后车辆位置异常及交通流受阻。
390,5243,拥堵_20240227071040_突发事件_35376127.mp4,拥堵,多车事故,2024年2月27日07:10至07:11，嘉闵西侧定焦03路段发生一起多车事故。视频显示，该路段为隧道内双向车道，右侧车道有多辆汽车和一辆白色大巴车在行驶过程中出现异常停车或碰撞痕迹，其中一辆白色轿车与前方车辆发生追尾，随后停车，事故导致后方车辆被迫减速或绕行，形成明显的交通拥堵。涉事车辆包括多辆小轿车、SUV及白色大巴车，均处于正常或半停车状态，未见明显碰撞或人员下车交涉。事故现场可见车辆位置异常、刹车灯持续亮起、后方车辆紧急避让或减速行为，符合多车事故特征。此事件导致车道通行效率下降，影响了隧道内整体交通流畅性。
392,5245,占道施工_20240116001646_运行安全_35320347.mp4,占道施工,多车事故,2024年1月16日00:16:40至00:17:38，在外环高速老沪闵路东（内）路段，发生了一起多车事故。涉事车辆包括一辆黄色货车和一辆黄色轿车，三辆车在行驶过程中发生了碰撞，导致车辆位置异常，其中两辆轿车停在路中央，车身多处碰撞痕迹，且有人员下车查看情况。事故现场有警示牌设置，对交通造成一定影响，后续车辆被迫减速或绕行，交通流量明显减缓，其他车辆也出现了缓行现象。此事件的异常特征在于多辆车出现碰撞痕迹且位置异常，符合多车事故的判断标准。
393,5246,拥堵_20230906175946_突发事件_34723120.mp4,拥堵,多车事故,"2023年8月16日17时58分至17时59分，外环高速北翟路立交桥段右侧车道发生一起多车事故。事故涉及多辆小轿车，包括白色大众、黑色轿车、白色比亚迪等，车辆在行驶过程中出现追尾、碰撞 inningspan of 1.5-2.0s,导致交通流明显受阻。事故车辆未见明显碰撞痕迹，但后方车辆因避让或减速造成该路段交通流缓慢通行，形成短时拥堵。涉事车辆包括一辆红色集装箱货车、一辆白色厢式货车及多辆其他小型轿车，部分车辆在碰撞后保持紧密停靠位置，未移动或发生变道行为。事故现场未见明显抛洒物或人员下车交涉，但车辆刹车灯持续亮起，反映出驾驶员对突发状况的应对行为。事故影响范围较小，但对右侧行车道的正常通行秩序造成一定干扰，符合多车事故的典型特征：多辆车位置异常、车辆自救或追尾、人员下车交涉、后方车辆紧急避让。"
396,5249,异常停车_20240509075438_突发事件_35572731.mp4,异常停车,拥堵,2024年5月9日星期四早上7点54分至7点55分，外环高速沪渝立交段出现多车事故交通事件。画面显示，该路段双向车道车流密集，左侧车道有多辆轿车和货车在行驶过程中出现异常停车或碰撞痕迹，其中一辆白色轿车与前方车辆发生追尾，导致车辆位置异常，横跨车道。右侧车道车辆正常行驶但部分车辆与事故车辆相邻，存在轻微碰撞痕迹，且后方车辆出现减速避让行为。涉事车辆包括多辆小轿车，无明显人员下车交涉或交警到场处理，也未见明显抛洒物。事故区域未见明显施工设施或二轮车辆闯入迹象，但车辆碰撞已导致通行秩序受影响，存在安全隐患。整体交通流仍保持缓慢通行状态，但已出现持续拥堵现象。
397,5250,异常停车_20240511004136_突发事件_35579524.mp4,异常停车,多车事故,2024年5月11日00时11分32秒至00时12分30秒，外环高速吴淞江桥南路段夜间监控画面显示，一辆白色轿车在最右侧应急车道停靠，车辆开启双闪灯，符合停车行为。
398,5251,异常停车_20240623053706_突发事件_35719260.mp4,异常停车,二轮车辆闯入,2024年6月23日05时37分，外环高速吴淞江桥南路段右侧车道发生一起多车事故，涉事车辆包括一辆红色货车、一辆白色厢式货车及多辆其他小型车辆，视频中二轮车辆（疑似摩托车）闯入主路区域，导致部分车辆紧急避让或减速避行，造成该路段交通流短暂受阻，后方车辆出现排队缓行现象，且未见明显施工或抛洒物等直接原因，但该区域无专用二轮车道，存在潜在二轮车辆闯入风险，属于典型的二轮车辆闯入交通异常事件。
400,5253,占道施工_20230819235300_运行安全_34608707.mp4,占道施工,多车事故,2023年8月19日23时51分至23时52分，外环高速京沪铁路桥南路段夜间发生一起多车事故，涉事车辆包括一辆白色轿车、一辆白色SUV及多辆其他小型汽车，多车事故地点位于高速公路主车道，现场有多辆车位置异常，部分车辆斜停或横跨车道，车辆位置异常，导致后方车辆紧急避让或减速绕行。现场有多名驾驶员下车查看情况，其中一名身穿黄色反光背心的工作人员在事故现场停留走动，另一名身穿橙色反光背心的工作人员从右侧车道步入事故区域，随后在中央车道行走。事故未见明显追尾痕迹，但车辆碰撞痕迹明显，且有人员下车交涉，符合多车事故特征。该事件导致右侧车道车辆缓行，交通流受阻，存在安全隐患，符合“多车事故”判断标准。
402,5255,占道施工_20230901021222_运行安全_34682717.mp4,占道施工,多车事故,2023年9月1日02:12至02:13期间，在夜间照明良好的城市快速路路段，监控画面显示多车道车辆行驶正常，路面标线清晰，无施工设施或占道行为。在02:12:30左右，一辆白色轿车在右侧车道行驶过程中突然减速并完全停止，随后车辆停在行车道内，且无明显故障迹象，疑似发生多车事故。随后多辆车辆在后续时间里有意识地减速避让，导致该车道通行受阻，形成短暂拥堵。涉事白色轿车在事故现场未见明显碰撞痕迹或人员下车，也未见其他二轮车辆或异常停车情况，初步判断为交通事故，且事故发生在夜间行车道，存在非正常停车与车辆碰撞特征，符合多车事故判断标准。
403,5256,拥堵_20231008173228_突发事件_34907696.mp4,抛洒物,多车事故,2023年10月8日17时32分至17时33分，外环高速仙霞路南段出现多车事故交通事件。视频显示，该路段双向车流密集，车辆行驶缓慢，尾灯普遍亮起，表明车流处于低速状态。右侧车道中，白色轿车与货车疑似发生追尾事故，导致后方车辆紧急刹车避让，形成局部拥堵。左侧车道车流相对顺畅，但亦有车辆减速避让，存在潜在追尾风险。未见明显碰撞痕迹或人员下车交涉，也无施工设施或抛洒物迹象。整体交通秩序虽未完全中断，但车辆间距缩小，通行效率下降，符合多车事故特征。
405,5258,拥堵_20231105092324_突发事件_35049289.mp4,拥堵,异常停车,2023年11月23日09时23分25秒，在外环高速天山路路段，一辆红色货车在行车道上突然停车，导致后方多辆汽车紧急刹车避让，其中可见部分车辆开启双闪灯。该红色货车位置异常，疑似故障或突发情况，导致该路段交通流短暂受阻，其他车辆被迫减速或变道绕行，形成短时缓行。该事件符合“异常停车”判断标准，表现为非停车区域突然静止、未开启警示灯、引发后方车辆避让行为。
406,5259,占道施工_20230903230705_运行安全_34701625.mp4,占道施工,多车事故,2023年9月3日23时07分，外环高速沪太立交东1-1路段夜间发生多车事故交通事件，现场有多辆小轿车及货车在道路上疑似发生追尾、碰撞或停车事故。涉事车辆包括一辆黄色工程车、一辆蓝色货车等，部分车辆停在车道上，导致区域交通流受阻，其他车辆紧急避让或减速绕行。现场设置大量红白相间的交通锥桶用于隔离施工区域，一名身穿反光背心的工作人员在车道旁指挥或值守，进一步提示该路段正在进行交通管制或事故处理。所有车辆均处于正常行驶状态，未见人员下车交涉或严重拥堵，但事故引发的车辆位置异常和后方车辆减速行为明显，符合多车事故特征。
409,5262,占道施工_20231026015130_运行安全_34998070.mp4,占道施工,二轮车辆闯入,2023年10月26日凌晨1点51分至1点52分，外环高速顾戴路路段夜间监控画面显示，该路段多辆机动车正常行驶，一辆黄色平板拖车在右侧车道行驶，其后方放置多个红白相间的交通锥桶，形成临时隔离带。随后一辆白色厢式货车、一辆红色集装箱货车及多辆小型客车陆续通过该区域，均未发生碰撞或异常停车情况。随后，一辆黄色工程车从右侧车道驶入，沿主车道行驶，并在前方车道停留，随后驶出画面。期间，多辆二轮车辆（摩托车）从右侧车道驶入主路，进入主车道，与工程车并行，存在逆行风险。该事件属于典型的“二轮车辆闯入”交通异常事件，主要特征为二轮车辆非法进入高速公路主路，与工程车并行，存在较大安全隐患。
410,5263,拥堵_20240311190430_突发事件_35401861.mp4,拥堵,多车事故,2024年3月11日19时04分至19时05分，外环高速莘庄立交东（外）路段发生一起多车事故。事故发生在夜间，监控画面显示该路段车流量较大，车辆行驶缓慢。在右侧车道中，一辆白色轿车与前方货车发生追尾事故。涉事车辆包括至少两辆小轿车及一辆平板货车，均处于横跨车道关系，未见人员下车交涉或交警到场处置。事故造成该车道通行受阻，后方车辆排成长队，形成明显拥堵现象，部分车辆紧急刹车或变道绕行。事故区域无明显施工或抛洒物迹象，但车辆位置异常且存在碰撞痕迹，符合多车事故特征。整体影响为交通流速下降、通行效率降低，存在安全隐患。
411,5264,异常停车_20240621085612_突发事件_35716683.mp4,异常停车,二轮车辆闯入,2024年6月21日星期五上午8时56分至8时57分，外环高速沪渝立交段出现二轮车辆闯入交通事件。画面显示，一辆摩托车在主车道上行驶，驾驶员佩戴头盔，车辆无明显牌照标识。该摩托车在雨天湿滑路面上正常行驶，未见逆行或横穿行为，但其出现在禁止非机动车通行的高速公路主车道，属于闯入行为。该路段为多车道高速公路，设有明确的机动车道划分，主路主车道内无专用二轮车道，且无专用二轮车道标识或禁止标志，摩托车在车流中穿行，存在安全隐患。该行为符合二轮车辆闯入判断标准，构成交通异常事件。
415,5268,占道施工_20240611232123_运行安全_35695533.mp4,拥堵,多车事故,2024年6月11日23时25分至23时26分，在G60市区方向至S4南方向路段，发生了一起多车事故。涉事车辆包括一辆蓝色货车、一辆白色货车，它们在行驶过程中发生了碰撞，导致车辆位置异常，部分车辆横跨车道或斜停于道路上。事故现场有人员下车交涉，且有交警到场处理，其他车辆被迫紧急避让或停滞，交通秩序受到严重影响，后续车辆出现缓慢移动甚至完全停止的情况，形成了短暂的拥堵现象。此次事故的异常特征在于多辆车同时发生碰撞，且事故区域内的车辆行为明显，存在明显的交通干扰和碰撞痕迹。
416,5269,异常停车_20240625041931_突发事件_35722542.mp4,拥堵,异常停车,2024年6月25日04时19分，外环高速吴淞江桥南路段夜间监控画面显示，一辆白色轿车在最右侧车道行驶过程中突然减速并完全停止，车辆未开启双闪灯，且驾驶员未见下车查看情况。该白色轿车在非停车区域长时间静止，影响了正常交通流，后方多辆轿车因避让而紧急刹车或变道。该行为符合异常停车的判断标准，属于非紧急情况下在行车道内违规停车，存在安全隐患。
418,5271,二轮车辆闯入_20230718132528_突发事件_1961033.mp4,拥堵,二轮车辆闯入,2023年7月18日13时25分25秒，北环高速同济路立交南段，一辆二轮摩托车从左侧车道驶入主路，进入机动车道行驶，其行为属于闯入禁止通行区域。该摩托车在车流中穿行，未见逆行或横穿车道等危险行为，但其进入机动车道且无专用二轮车道标识，存在较大安全隐患。该路段为城市快速路，禁止二轮车辆通行，该摩托车行为违反交通规则，构成二轮车辆闯入异常事件。
419,5272,占道施工_20231229001452_运行安全_35273769.mp4,占道施工,多车事故,2023年12月29日00:14:50至00:15:49期间，外环高速丰翔路路段夜间监控画面显示，多辆机动车在行车道上发生碰撞事故。涉事车辆包括多辆轿车和货车，其中一辆白色轿车在事故中横向偏移导致后方车辆斜行 chaseer: 2023.12.29 00:14:50:00 00:15:49 00:15:50:00 00:15:50:00 00:15:50:00 00:15:50:00 00:15:50:00 00:15:50:00 00:15:50:00 00:15:50:00 00:15:50:00 00:15:50:00 00:15:50:00 00:15:50:00 00:15:50:00 00:15:50:00 00:15:50:00 00:15:50:00 00:15:50:00 00:15:50:00 00:15:50:00 00:15:50:00 00:15:50:00 00:15:50:00 00:15:50:00 00:15:50:00 00:15:50:00 00:15:50:00 00:15:50:00 00:15:50:00 00:15:50:00 00:15:50:00 00:15:50:00 00:15:50:00 00:15:50:00 00:15:50:00 00:15:50:00 00:15:50:00 00:15:50:00 00:15:50:00 00:15:50:00 00:15:50:00 00:15:50:00 00:15:50:00 00:15:50:00 00:15:50:00 00:15:50:00 00:15:50:00 00:15:50:00 00:15:50:00 00:15:50:00 00:15:50:00 00:15:50:00 00:15:50:00 00:15:50:00 00:15:50:00 00:15:50:00 00:15:50:00 00:15:50:00 00:15:50:00 00:15:50:00 00:15:50:00 00:15:50:00 00:15:50:00 00:15:50:00 00:15:50:00 00:15:50:00 00:15:50:00 00:15:50:00 00:15:50:00 00:15:50:00 00:15:50:00 00:15:50:00 00:15:50:00 00:15:50:00 00:15:50:00 00:15:50:00 00:15:50:00 00:15:50:00 00:15:50:00 00:15:50:00 00:15:50:00 00:15:50:00 00:15:50:00 00:15:50:00 00:15:50:00 00:15:50:00 00:15:50:00 00:15:50:00 00:15:50:00 00:15:50:00 00:15:50:00 00:15:50:00 00:15:50:00 00:15:50:00 00:15:50:00 00:15:50:00 00:15:50:00 00:15:50:00 00:15:50:00 00:15:50:00 00:15:50:00 00:15:50:00 00:15:50:00 00:15:50:00 00:15:50:00 00:15:50:00 00:15:50:00 00:15:50:00 00:15:50:00 00:15:50:00 00:15:50:00 00:15:50:00 00:15:50:00 00:15:50:00 00:15:50:00 00:15:50:00 00:15:50:00 00:15:50
421,5274,异常停车_20240623205848_突发事件_35720487.mp4,异常停车,多车事故,2024年6月23日02时10分，外环高速沪太立交东2相机2监控画面显示，夜间高速公路行车道上，多辆汽车在行驶过程中出现紧急刹车、变道和亮尾灯的紧急避让行为，车辆间间距明显缩小，车流密集且速度降低，部分车辆出现轻微并线避让情况，整体通行效率下降，但未见明显碰撞或事故痕迹，符合多车事故的异常特征。
422,5275,占道施工_20240519001945_运行安全_35605576.mp4,占道施工,拥堵,2024年05月19日星期一凌晨00:14:57至00:15:56，在一条夜间高速公路上发生了一起多车事故。涉事车辆包括一辆蓝色货车和一辆白色货车，两车停在行车道上，并且发生了碰撞事故。期间有人员下车交涉，现场设有警示标志，其他车辆被迫减速避让或绕行。事故导致该路段交通流受阻，车辆排队缓慢通行，但未造成严重拥堵。异常特征表现为事故车辆停靠在车道上，警戒灯闪烁，以及后方车辆出现紧急刹车行为。整个事件中，安全和通行是首要考虑的因素。
423,5276,拥堵_20240111122657_突发事件_35311031.mp4,拥堵,二轮车辆闯入,2023年12月27日10时22分至27日10时23分，外环高速武威路南（内）路段出现二轮车辆闯入交通事件。视频显示，多辆二轮车辆（包括摩托车、电动车及货车）在高速公路主路及匝道区域行驶，未见明显专用二轮车道或禁止标志，驾驶员佩戴头盔，车辆无牌照特征。该路段为城市快速路，车流密集，车辆行驶速度快，二轮车辆在主路及匝道区域频繁出现，与正常行驶的机动车混行，存在较大安全隐患。部分二轮车辆在变道过程中与前方车辆发生距离较近，引发紧急避让行为，导致局部交通秩序紊乱，影响行车安全。现场无施工设施、抛洒物或事故迹象，但二轮车辆闯入行为已构成交通安全隐患，符合“二轮车辆闯入”异常特征。
424,5277,多车事故_20240622082700_突发事件_35718483.mp4,拥堵,多车事故,2024年8月22日06时27分22秒，在武宁路西4队长安路西段06-069K1C1213监控画面显示，隧道内双向车道夜间雨天湿滑路面上，一辆白色轿车与前方白色轿车发生追尾碰撞。事故导致两车不同程度受损，后方车辆紧急避让并减速绕行，造成短时拥堵。现场无人员下车交涉或交警到场，亦无抛洒物迹象，但多车间刀片式刹车频繁使用，符合多车事故异常特征，且事故发生在城市高架道路，影响通行安全。
425,5278,二轮车辆闯入_20230718183706_突发事件_1965703.mp4,二轮车辆闯入,多车事故,2024年02月10日10时25分38秒，在一条多车道城市快速路的主车道上，一辆白色轿车与前方轿车发生追尾事故。涉事车辆包括白色轿车、后方黑色轿车，均处于紧急刹车状态，形成轻微拥堵。事故现场无人员下车交涉或交警到场，但车辆位置异常，横跨车道，影响通行秩序。异常特征表现为车辆无序停滞、紧急避让行为以及panyic观察中的碰撞痕迹，符合多车事故判断标准。
429,5282,拥堵_20231027080543_突发事件_35006222.mp4,拥堵,多车事故,2023年10月27日08时05分15秒至08时05分32秒，外环高速西环路南段出现多车事故交通事件。画面显示，该路段为双向多车道高速公路，右侧车道有多辆轿车和货车正常行驶，左侧车道车流较为密集，车辆行驶缓慢。在视频初始帧右侧车道可见白色轿车与黑色轿车疑似发生追尾碰撞，导致后方车辆紧急刹车并绕行，形成局部拥堵。其他车辆因碰撞痕迹明显，存在位置偏移、刹车灯亮起等情况，表明存在碰撞中断续现象。事故区域未见明显人员下车交涉或交警到场处理，但车辆排队长度持续增加，影响了整体通行效率。异常特征表现为多车连续碰撞、车辆位置异常、刹车灯密集亮起以及后方车辆避让行为，符合多车事故判断标准。
431,5284,拥堵_20231218084910_突发事件_35238532.mp4,拥堵,二轮车辆闯入,2023年12月12日星期一上午9时51分，G60市区方向至S20内环高架路段，监控画面显示多辆机动车在正常行驶过程中，未发生碰撞但存在明显的交通异常特征。右侧应急车道边缘有一辆黄色货车停靠，车身带有明显的警示标识，符合“二轮车辆闯入”异常事件特征。
433,5286,异常停车_20230716131755_突发事件_1154007.mp4,异常停车,多车事故,2023年7月16日13时17分38秒，在外环高速漕宝入口匝道（内）路段，一辆白色轿车与一辆灰色SUV疑似发生碰撞，位于道路右侧车道上，该事件导致车辆位置异常，影响正常通行，符合多车事故特征。
434,5287,占道施工_20230804010438_运行安全_34424880.mp4,占道施工,多车事故,2023年8月4日星期五凌晨1点04分至1点05分，某高速公路路段发生一起多车事故。事故发生在道路右侧车道，视频显示一辆白色厢式货车与前方货车发生追尾碰撞。事故导致该车道交通流明显受阻，后方车辆被迫减速或绕行，形成短暂拥堵。涉事车辆包括货车两辆，其中白色厢式货车与前方货车均出现明显碰撞痕迹，车辆位置异常，横跨车道并斜停，导致后续车辆紧急避让或停滞。现场未见明显人员下车交涉或交警到场处理，但事故区域无施工设施，也无抛洒物或二轮车辆闯入迹象，初步判断为单方事故。整体影响较小，但存在安全隐患，影响后方车辆正常通行。异常特征表现为车辆密集排列、刹车灯频繁亮起、车道占用严重，符合多车事故的典型表现。
435,5288,占道施工_20240516005746_运行安全_35594540.mp4,占道施工,多车事故,2024年5月16日00:57:39至00:58:35期间，G60市区方向至S20内环高架路段的监控画面显示，该路段为夜间弯道道路，路面照明良好，但存在一起多车事故。视频显示，一辆黑色轿车与前方车辆发生追尾事故，黑色轿车停在行车道内，疑似因变道引发与前方车追尾。涉事车辆包括两辆黑色轿车，均处于静止状态，未见人员下车或交警处理。事故现场用红白相间的交通锥进行隔离，一名身穿反光背心的工作人员在车辆旁进行指挥或作业。事故造成该车道通行受阻，后方车辆被迫减速绕行，形成短暂拥堵，符合多车事故的异常特征，且事故发生在夜间视线不佳、车速较慢的情况下，进一步加剧了交通影响。
437,5290,二轮车辆闯入_20230719090700_突发事件_1965767.mp4,二轮车辆闯入,拥堵,2023年7月19日09时08分，S20LSTV01监控点位显示，某城市高架道路双向车道出现明显交通拥堵，车辆行驶缓慢且密集。画面中可见多辆小轿车、货车、厢式货车及一辆蓝色集装箱货车在双向车道内持续低速通行，其中右侧车道尤为拥堵，车辆排成长队，部分车辆间距离极近，存在频繁变道和减速行为。未见明显事故痕迹或抛洒物，也无二轮车辆闯入现象，也无施工设施或异常停车情况。整体车流呈现持续低速状态，未发生性交通事故，但车辆间距极小，通行效率显著下降，符合典型拥堵特征，可能由前方交通压力或上游流量导致。
439,5292,二轮车辆闯入_20230720232128_突发事件_33392699.mp4,二轮车辆闯入,多车事故,2023年7月20日23时20分31秒，外环高速京沪铁路桥南路段，夜间照明条件下，多辆机动车在正常行驶过程中，未发生车辆碰撞等异常情况。
440,5293,占道施工_20231027232444_运行安全_35008388.mp4,拥堵,异常停车,2023年10月27日23时24分至23时25分，外环高速虹梅南路路段夜间监控画面显示，一辆红色货车停靠在左侧应急车道，车后方设置多只红白相间的交通锥桶，一名身穿橙色反光背心的工作人员在车旁走动并沿锥桶排列方向走动，车辆开启双闪警示灯，未见明显故障状态。该货车长时间静止于应急车道，影响后方车辆通行，导致后方多辆小型客车、货车及大型运输车辆在经过该区域时减速避让并变道行驶，部分车辆因避让而出现短暂缓行现象。现场无其他车辆碰撞痕迹或事故迹象，但该货车停放位置属于非停车区域，且未按规定设置警示标志，构成异常停车行为，对夜间行车安全构成潜在风险。
441,5294,拥堵_20240305063540_突发事件_35388398.mp4,拥堵,多车事故,2024年3月5日16时35分至16时36分，位于城市高架道路的某路段发生多车事故。涉事车辆包括多辆小轿车、货车及一辆黄色工程车，其中小轿车因碰撞导致行驶异常，部分车辆横跨车道或斜停，导致后方车辆紧急减速并出现明显拥堵。现场未见明显人员下车交涉或交警到场处理，但事故造成该路段交通流受阻，车辆排队长度持续增加，影响了整体通行效率。异常特征表现为车辆密集排列、刹车灯连续亮起、车速显著降低及后续车辆频繁变道，符合多车事故的典型表现。
443,5296,拥堵_20230802072655_突发事件_33415034.mp4,拥堵,多车事故,2023年8月2日早上7点26分至7点27分，嘉闵西侧汇聚机箱路段出现多车事故交通事件。该路段为高架桥双向车道，道路右侧车道出现白色轿车和SUV车混合行驶，车辆在行驶过程中突然减速并出现紧急避让行为，导致车流短暂拥堵。视频中可见多辆轿车和SUV在车道上缓慢移动或完全停止，部分车辆刹车灯持续亮起，后方车辆被迫减速避让，形成明显的交通拥堵态势。涉事车辆包括白色、黑色、红色等多种颜色的轿车及一辆白色SUV，未见明显碰撞痕迹或车辆损坏，但车辆间间距缩小、行驶速度降低，存在明显的紧急避让和减速行为，符合多车事故的异常特征。整个事件中，车辆在汇聚机箱附近区域缓慢移动，未出现完全停止情况，但交通流明显受阻，影响了正常通行效率。
444,5297,占道施工_20240525232340_运行安全_35637181.mp4,占道施工,二轮车辆闯入,2024年5月25日23时23分37秒至23时24分35秒，外环高速莘庄立交东（外）路段发生二轮车辆闯入事件。一辆摩托车在无专用二轮车道的情况下，从右侧车道驶入主路，逆向行驶并横穿多条车道，期间佩戴头盔，无明显牌照信息。该摩托车在车流中穿行，与正常行驶的轿车、货车等机动车并行，存在较大安全隐患。其行为违反了高速公路禁止二轮车辆通行的规定，属于典型的二轮车辆闯入交通异常事件，对道路安全构成威胁，且未见驾驶员佩戴防护装备，进一步加剧了事故风险。
446,5299,占道施工_20230912000237_运行安全_34769062.mp4,占道施工,二轮车辆闯入,2023年9月12日00:02:33至00:03:32期间，外环高速漕宝入口匝道（内）路段夜间监控画面显示，道路双向车流密集，车辆正常行驶。在00:02:33左右，一辆白色轿车在右侧车道行驶过程中突然减速并完全停止，且驾驶员未下车查看情况，后方多辆轿车因避让该车而紧急刹车或变道。该车停在应急车道，后方设置多个交通锥桶进行隔离，疑似发生故障或突发情况。期间，后方车辆因避让行为出现短暂缓行，形成短时拥堵。整个事件中，涉事车辆未采取警示措施，未见明显碰撞痕迹或人员下车处理，属于典型的二轮车辆闯入交通异常事件，对行车安全构成潜在威胁。
448,5301,异常停车_20240605034249_突发事件_35673303.mp4,异常停车,多车事故,2024年6月5日03时42分至03时43分，外环高速莘朱路路段夜间监控画面显示，一辆红色厢式货车停靠在道路左侧应急车道，车辆开启双闪灯，驾驶员下车查看，车辆故障。该车后方设置警示标志，未见明显故障迹象。期间，有其他车辆从其右侧正常行驶通过，未发生碰撞或异常行为。该停车行为属于非紧急情况下的临时停车，未对交通流造成显著影响，但未遵守高速公路应急车道使用规定，存在安全隐患。
449,5302,占道施工_20230901001258_运行安全_34682323.mp4,占道施工,异常停车,2023年9月1日00:12至00:13期间，外环高速曹安路路段夜间监控画面显示，一辆红色货车在道路右侧车道行驶过程中突然减速并完全停止，车辆停在应急车道上，且无交通信号灯或标志允许停车。该车后方及周边多辆车辆因避让或减速出现明显变道和减速行为，造成局部交通流紊乱。现场可见多辆货车及小型客车在正常行驶过程中因该车异常停车而减速或变道，存在较大安全隐患。该行为符合异常停车判断标准，属于非紧急情况下在行车道违规停车，影响了道路通行秩序与安全。
450,5303,异常停车_20240511160038_突发事件_35581913.mp4,异常停车,二轮车辆闯入,2024年5月11日16时03分40秒至16时04分38秒，外环高速丰翔路南段监控画面显示，一辆蓝色货车与一辆蓝色轿车在最右侧应急车道停靠，未发生碰撞但已停靠多时。该区域为高速公路主干道，车流密集，多辆机动车正常行驶。视频中未见明显二轮车辆闯入或非机动车违规行驶情况，也无施工设施、抛洒物或异常停车现象。因此，判断该行为不属于二轮车辆闯入交通异常事件。
451,5304,占道施工_20240213201516_运行安全_35362123.mp4,拥堵,多车事故,2024年02月13日星期二20:18:02至20:18:09，在某高速公路路段，发生了一起多车事故。涉事车辆包括一辆黄色工程车和一辆银色轿车，两车在行驶过程中发生了碰撞，导致工程车停在车道上，银色轿车则在其后方。事故现场有人员下车查看情况，交通秩序受到影响，后方车辆被迫减速或绕行，交通流出现短暂滞缓，但未造成严重拥堵。异常特征表现为工程车警示灯闪烁，车身位置异常，且有多名人员在场处理事故，符合多车事故的判断标准。
452,5305,占道施工_20231010041250_运行安全_34913792.mp4,占道施工,多车事故,2023年10月10日星期二凌晨4时12分至4时13分，夜间高速公路某路段发生多车事故。事故发生在双向车道中的南向车道，涉事车辆包括一辆白色厢式货车、一辆白色厢式货车及多辆其他小型车辆，其中白色厢式货车与前方车辆发生追尾碰撞，导致车辆位置异常，部分车辆横跨车道或斜停。现场设有警示灯，未见人员下车交涉或交警到场处理。事故造成该方向交通流受阻，车辆排队缓慢通行，存在明显的拥堵特征。异常特征表现为多车碰撞痕迹、车辆异常停驻、警示灯光开启及后方车辆避让行为。
453,5306,二轮车辆闯入_20230715120600_突发事件_1149577.mp4,二轮车辆闯入,多车事故,2023年7月15日12时05分56秒至12时06分33秒，外环高速仙霞路南（外）路段出现二轮车辆闯入交通事件。视频中可见两辆二轮车在主车道上行驶，未见明显违规行为，但该路段为高速公路，禁止二轮车辆通行，且无专用二轮车道或明显禁止标志，车辆在车流密集区域穿行，存在较大安全隐患。期间，二轮车驾驶员未佩戴头盔，车辆亦无牌照，其行为属于典型闯入禁止区域的危险驾驶行为，对周围正常行驶的机动车构成潜在碰撞风险，导致部分车辆紧急避让，影响了道路通行秩序与安全。
457,5310,拥堵_20230814074159_突发事件_34575633.mp4,拥堵,二轮车辆闯入,2023年8月14日07时41分至07时42分，外环高速莘庄立交东南方向出现二轮车辆闯入交通事件。一辆黑色二轮电动车在主车道行驶过程中，未在专用非机动车道或辅路通行，而是直接进入机动车道并持续向前行驶，存在逆行和横穿车道的危险行为。该车辆在车流中穿行，导致后方多辆汽车紧急避让，部分车辆减速绕行，造成短暂交通干扰。现场无明显警示标志或隔离设施限制其通行，也未见驾驶员佩戴头盔，构成严重交通安全隐患。该行为违反了高速公路禁止二轮车辆通行的规定，属于典型的二轮车辆闯入异常事件。
458,5311,异常停车_20240617231133_突发事件_35710699.mp4,异常停车,多车事故,2024年6月17日23时11分30秒左右，在外环高速莘庄立交东（外）路段，一辆蓝色货车与一辆白色厢式货车发生轻微碰撞。两车均处于低速行驶状态，并出现轻微碰撞痕迹，车辆位置异常，横跨车道且有明显碰撞痕迹。事故发生后，驾驶员下车在车旁停留，未见明显人员受伤情况。该事故导致后方车辆出现轻微拥堵，车辆需减速避让。事故区域为夜间高速公路，照明较差，车辆刹车灯持续亮起，形成短暂光带。现场未见施工设施或抛洒物，也无二轮车辆闯入迹象，初步判断为车辆间碰撞引发的交通事故。
459,5312,拥堵_20230817084729_突发事件_34594645.mp4,拥堵,二轮车辆闯入,2023年8月17日08时47分至08时48分，外环高速仙霞路（内）路段出现二轮车辆闯入交通事件。视频中可见多辆机动车在高速公路上正常行驶，期间一辆红色二轮车从右侧车道驶入主路，行驶于机动车道内，未见其佩戴头盔或明显牌照，车辆在车流中穿行，存在逆行、横穿车道等危险行为，其行为导致后方车辆紧急避让并减速，影响了主路通行秩序。该二轮车在高速公路上行驶期间未见逆行或横穿车道，但其闯入行为已构成严重交通安全隐患，属于典型的二轮车辆闯入异常事件。
460,5313,拥堵_20240316151836_突发事件_35416434.mp4,拥堵,多车事故,2024年3月16日15:18至15:19，一辆位于城市高架桥上的双向车道，两辆黑色轿车发生碰撞事故，涉事车辆包括白色SUV和黑色轿车，事故后两车停于行车道内，现场有多名人员下车查看情况，周围车辆被迫减速绕行，交通流明显受阻，符合多车事故的异常特征。
461,5314,占道施工_20230919014527_运行安全_34818695.mp4,占道施工,异常停车,2023年9月19日凌晨1时45分至1时46分，外环高速沪嘉地道2（外）路段发生一起多车事故。现场一辆白色轿车停靠在道路右侧应急车道，车门打开，两名人员站在车旁，疑似车辆故障或事故后停车。该车后方设置多个橙色交通锥桶，形成隔离区域。随后，一辆白色厢式货车从画面上方驶过，未见明显碰撞痕迹或车辆损坏，但该货车驶离后导致应急车道被占用，影响了通行秩序。随后，一辆红色货车从画面左侧驶入，通过后驶离，未对其他车辆造成影响。期间，多辆其他车辆（包括轿车、货车、面包车等）正常行驶通过该路段，无明显拥堵或避让行为。事故未见明显碰撞痕迹或车辆侧翻，但存在车辆临时停车、人员下车、设置警示标志的情况，符合多车事故特征。该事件属于局部车辆异常停车，对夜间高速公路通行造成一定影响。
464,5317,拥堵_20240226165537_突发事件_35375371.mp4,拥堵,多车事故,2024年2月26日16时55分至16时56分，S4市区方向至S20内环高架路段出现“多车事故”交通事件。视频显示，该路段双向车道车流密集，一辆白色轿车与前方车辆发生追尾碰撞后，位于行车道中央位置，部分车辆占据车道导致后方车辆紧急刹车或绕行。涉事车辆包括两辆白色轿车，均处于静止状态，未见人员下车交涉或交警到场处理。事故现场未见明显抛洒物，但车辆碰撞痕迹明显，包括明显碰撞痕迹、刹车灯亮起及后方车辆减速避让行为，形成短暂交通拥堵。该事件导致后方车辆排队缓慢通行，影响范围覆盖多个车道，持续时间约一分钟，符合多车事故特征。
465,5318,占道施工_20230924234803_运行安全_34857801.mp4,占道施工,多车事故,2023年9月24日23时48分，外环真南路入口路段发生一起多车事故。视频显示，该路段为夜间高速公路，双向车道被中央绿化带分隔，左侧车道设有施工警示标志和临时交通锥桶，右侧车道车辆正常行驶。道路中央出现白色抛洒物，导致后方多辆机动车紧急避让或减速绕行，其中黑色轿车、白色轿车等车辆在通过该区域时出现明显减速和变道行为，部分车辆刹车灯持续亮起。事故现场未见明显车辆碰撞痕迹或人员下车交涉，但存在车辆互闪或紧急变道风险。异常特征表现为：车道内设置警示设施、后方车辆紧急避让行为、车辆灯光闪烁，符合多车事故判断标准中的“多车碰撞”及“车辆追尾”特征。
467,5320,占道施工_20240325003353_运行安全_35437138.mp4,占道施工,二轮车辆闯入,2024年3月25日00:33:48至00:34:45期间，外环高速沪太立交东1-1 03路段夜间监控画面显示，一辆黄色大型货车在道路左侧车道行驶，其后方及周围多辆车辆出现紧急避让或减速行为。该货车在行驶过程中突然变道，导致后方多辆轿车紧急刹车并形成明显的交通拥堵，影响了整体通行效率。该行为符合异常停车的判断标准，属于二轮车辆闯入交通事件。
468,5321,异常停车_20240621090757_突发事件_35716710.mp4,异常停车,多车事故,2024年6月21日09时07分53秒至09时08分51秒，外环高速吴淞江桥南路段，视频显示该路段为雨天，路面湿滑，车辆行驶正常。在09时08分50秒左右，一辆白色轿车与前方轿车发生追尾事故，随后右侧俩车及后方车辆停车靠近，形成短暂拥堵。事故区域无施工迹象，亦未见二轮车辆闯入或抛洒物情况，但多车在接近事故点时出现减速、变道行为，交通流受到明显影响，符合多车事故异常特征。
470,5323,拥堵_20231109070031_突发事件_35073085.mp4,拥堵,多车事故,2023年11月9日13时09分，S20内至G60出省方向的高架道路上发生多车事故。涉事车辆包括一辆白色货车、一辆白色轿车，两车在行驶过程中发生碰撞，导致白色轿车斜停在车道上，白色货车紧随其后，形成事故。事故造成该路段交通流明显受阻，后方车辆被迫减速绕行，现场未见人员下车交涉或交警到场处理，但可见车辆位置异常，部分车辆横跨车道，影响通行安全。事故区域未见抛洒物，且未造成严重拥堵，但存在安全隐患。该事件属于典型多车追尾事故，符合判断标准。
471,5324,拥堵_20230926162724_突发事件_34866100.mp4,拥堵,二轮车辆闯入,2023年9月26日16时27分至16时28分，外环高速吴中入口匝道（外）路段出现二轮车辆闯入交通事件。一辆摩托车从右侧匝道驶入主路，进入车流密集的高速公路行车区域，驾驶员佩戴头盔，车辆无明显牌照标识，行驶过程中未见逆行或横穿车道等危险行为，但其进入机动车道的行为违反了高速公路交通管理规定，对正常行驶的车辆构成潜在安全隐患。由于该路段为封闭式高速公路，本应禁止二轮车辆通行，因此该行为属于典型的二轮车辆闯入异常事件。
472,5325,异常停车_20240525133449_突发事件_35635907.mp4,拥堵,多车事故,2024年5月25日13时34分至13时35分，位于城市高架道路南向车道，一辆白色轿车与前方车辆发生追尾事故，右侧俩车停车碰撞，导致白色轿车位置偏移，出现追尾痕迹且后方车辆紧急避让或减速，该事件符合多车事故判定标准，表现为两辆及以上机动车发生碰撞、追尾、事故后共同滞留，构成典型多车事故，影响范围覆盖后方多辆汽车行驶轨迹异常，存在明显碰撞痕迹，现场未见人员下车交涉或交警到场，但可见车辆均保持一定距离排队缓行。
473,5326,拥堵_20230815075607_突发事件_34581740.mp4,拥堵,二轮车辆闯入,2023年7月17日07时52分38秒，在城市高架道路的弯道处，一辆二轮车辆（疑似电动车或摩托车）驶入主路，与前方多辆汽车发生并行碰撞。该二轮车辆未见明显牌照，驾驶员佩戴头盔，且在车流密集区域横穿车道，导致后方多辆小轿车紧急刹车或避让，引发短暂交通秩序混乱。事故未见明显碰撞痕迹，但二轮车辆存在逆行、横穿车道等危险行为，对主路行车安全构成威胁，属于典型的二轮车辆闯入交通异常事件。
474,5327,拥堵_20231018124456_突发事件_34956137.mp4,拥堵,多车事故,2023年10月18日12时15分，外环高速沪嘉地道2（外）路段出现多车事故交通事件。事故发生在道路左侧车道，视频显示该区域车流密集，多辆轿车、货车及大型运输车辆在行驶过程中因前方车辆减速或停车引发连锁碰撞，导致车辆位置异常，部分车辆横跨车道或斜停，形成明显的碰撞痕迹和碰撞物。涉事车辆包括红色平板货车、白色厢式货车、黑色轿车及多辆小轿车，部分车辆被迫急刹或变道避让，造成通行受阻和车流缓慢通行。事故区域未见明显抛洒物或人员下车交涉，但车辆间存在明显的碰撞痕迹，形成持续性的交通拥堵和缓行现象，影响了该路段的正常通行秩序。异常特征表现为多车连续碰撞、车辆位置异常、紧急避让行为以及车流排队现象，符合多车事故的典型表现。
475,5328,异常停车_20240604131747_突发事件_35671623.mp4,异常停车,多车事故,2024年6月4日13时18分43秒至13时19分40秒，外环高速丰翔路南段监控画面显示，一辆轿车与一辆轿车发生对向车道碰撞事故。涉事车辆包括两辆小轿车，两车出现异常停靠，疑似发生追尾碰撞。事故造成一方车辆横向偏移，影响道路通行安全，异常特征表现为车辆明显碰撞痕迹和异常停车行为，符合多车事故判断标准中“有二轮车辆闯入”“多车碰撞”“车辆位置异常”的异常特征。
476,5329,占道施工_20230722232505_运行安全_33395071.mp4,占道施工,二轮车辆闯入,2023年7月22日23时25分04秒，在外环高速塘路南路段，一辆二轮车驶入主路，进入高速公路行车道，该车辆在夜间以较高速度闯入，驾驶员佩戴头盔，无明显牌照，其行为属于闯入禁止通行区域，存在严重安全隐患，导致后方车辆紧急避让，影响了正常交通流的通行安全，符合“二轮车辆闯入”异常特征。
477,5330,拥堵_20240206163352_突发事件_35355647.mp4,拥堵,二轮车辆闯入,2024年2月6日10时14分至10时15分，S20内至G60出省方向的高架路段出现二轮车辆闯入交通事件。在该时段内，多辆二轮车（包括摩托车和电动车）在主车道上行驶，未见明显违规变道或逆行行为，但其出现在无专用二轮车道的高速公路主路中，属于禁止通行区域。涉事车辆在车流中穿行，存在逆行风险，且未见驾驶员佩戴头盔或车辆有明显牌照。该行为导致部分车辆紧急避让，影响了正常交通秩序，构成二轮车辆闯入异常事件。
478,5331,拥堵_20231102092239_突发事件_35035508.mp4,拥堵,多车事故,2023年11月2日星期四上午9时22分，外环高速铁山路路段出现多车事故交通事件。事故发生在高速公路主车道上，涉事车辆包括多辆小轿车及一辆红色集装箱货车，其中黑色轿车和白色轿车较为密集。车辆在行驶过程中出现明显碰撞痕迹，部分车辆碰撞后位置异常，横跨车道或斜停，导致交通流受阻。现场未见明显人员下车交涉或交警到场处理，但事故已造成车辆排队缓行，形成持续拥堵。异常特征表现为车辆密集排列、行驶速度显著降低，且无明显施工或抛洒物干扰，符合多车事故判断标准。
480,5333,拥堵_20231218100016_突发事件_35238909.mp4,拥堵,二轮车辆闯入,2023年12月18日星期一上午10:08至10:09，外环高速同济路立交南段出现二轮车辆闯入交通事件。视频显示，一辆摩托车在主车道上行驶，未在专用非机动车道或辅道内通行，直接进入高速公路行车道，且在车流密集区域穿行，存在逆行、横穿车道等危险行为。该摩托车在车流中穿行过程中未与其他车辆发生碰撞，但其行为违反了高速公路禁止二轮车辆通行的规定，构成二轮车辆闯入交通异常。现场无明显警示标志或隔离设施阻止其进入，也未见驾驶员佩戴头盔，进一步加剧了安全隐患。该事件导致主车道通行受阻，影响了正常交通秩序，存在较大交通风险。
481,5334,二轮车辆闯入_20230718185422_突发事件_1962524.mp4,拥堵,多车事故,2023年7月18日18时54分22秒，在S20内至沪闵高架路段，一辆白色轿车与红色轿车在行驶过程中发生碰撞，涉事车辆包括白色轿车、红色轿车，导致车辆位置异常，出现横跨车道及道口的情况，该事件符合多车事故判断标准，现场有多辆车辆参与式救援，部分车辆停驶于匝道，造成后续车辆被迫绕行或减速，造成交通流明显受阻，存在安全隐患。
483,5336,拥堵_20230905113949_突发事件_34715007.mp4,抛洒物,多车事故,2023年9月5日14时39分至14时40分，S4市区方向至S20内环高架路段出现多车事故交通事件。涉事车辆包括一辆红色集装箱货车、一辆白色厢式货车及多辆小型轿车，其中红色集装箱货车停靠在最左侧车道，车身覆盖有蓝色防水布，后方车辆出现轻微拥堵和碰撞迹象。有车辆驾驶员下车查看情况，部分车辆开启双闪灯。事故导致该车道通行受阻，后方车辆被迫减速或变道绕行，形成短时缓行。现场未见明显抛洒物或人员伤亡，但存在车辆位置异常、紧急避让行为及车流密度升高的现象，符合多车事故特征。
484,5337,拥堵_20240310124405_突发事件_35398692.mp4,拥堵,二轮车辆闯入,2024年5月10日12时44分，外环高速沪太立交东1-1路段，一辆二轮车在主路行驶，穿越多条车道后继续向前行驶，期间未见明显警示标志或专用二轮车道，驾驶员佩戴头盔，该行为属于闯入禁止通行区域的危险驾驶行为，存在较大安全隐患，影响正常交通秩序。
488,5341,二轮车辆闯入_20230717160641_突发事件_1356498.mp4,二轮车辆闯入,异常停车,2023年7月17日16时06分37秒至16时07分03秒，位于高速公路双向车道中的一段路段，一辆绿色小型汽车在行驶过程中突然减速并完全停止，车辆未开启双闪灯，驾驶员未下车查看情况。该车停靠在行车道内，非停车区域，且无交通信号灯或标志允许临时停车，属于典型的异常停车行为。
489,5342,异常停车_20230719212756_突发事件_6964569.mp4,异常停车,二轮车辆闯入,2023年7月19日21时28分02秒，在外环高速丰翔路南段，一辆二轮车辆（疑似货车）驶入主路，其行为属于闯入高速公路禁止通行区域。该二轮车辆在夜间高速路段上行驶，未在专用通道或允许区域通行，存在严重安全隐患，导致后方多辆机动车紧急避让，影响了正常行车秩序，构成典型的“二轮车辆闯入”交通异常事件。
490,5343,拥堵_20230815081533_突发事件_34581860.mp4,拥堵,多车事故,2023年08月15日星期二08:45:22至08:45:33期间，外环高速蕴川立交西段出现多车事故交通事件。视频显示，该路段为双向多车道高速公路，车流密集，包含轿车、货车、客车及大型客车等多种车型。在画面右侧靠近应急车道区域，多辆轿车和货车在行驶过程中发生碰撞，导致车辆位置异常，部分车辆横跨车道或斜停，形成明显的交通拥堵。涉事车辆包括红色大巴、白色厢式货车、蓝色集装箱车及多辆小轿车，其中部分车辆刹车灯持续亮起，表明存在追尾及碰撞碰撞痕迹。事故现场未见明显人员下车交涉或交警到场处理，但车辆密集且通行缓慢，影响了整体道路的正常通行效率。异常特征表现为车辆密集排列、行驶速度显著降低、车道间存在连续追尾痕迹，符合多车事故的典型表现。
491,5344,占道施工_20230925232243_运行安全_34862231.mp4,占道施工,多车事故,2023年9月25日23时22分至23时23分，嘉闵东金沙江路出入口附近的高架桥路段发生多车事故交通事件。视频显示，该路段为夜间照明条件下双向车道，道路中间车道设置有施工警示标志和锥桶，一辆黄色工程车停靠在应急车道上，车后方有人员下车并进行检查或疏导工作。一辆红色轿车与前方车辆发生追尾后停靠在应急车道，导致后方车辆被迫减速或绕行，形成局部拥堵。另一辆白色轿车在右侧车道行驶过程中与前方车辆发生轻微碰撞，形成轻微追尾。两车均开启双闪灯，驾驶员下车查看情况。整个事故区域无明显抛洒物，但车辆位置异常，存在碰撞痕迹及紧急避让行为，符合多车事故特征。
493,5346,占道施工_20240118000050_运行安全_35325089.mp4,占道施工,多车事故,2024年01月18日星期四凌晨00:00:45至00:00:54，在外环高速淞滨路西枪机2处，多车事故发生。视频显示，该路段有多辆车出现异常停止或碰撞痕迹，其中一辆白色货车和一辆白色轿车停在车道上，车头明显受损。涉事车辆包括一辆黄色工程车和一辆大型货车，均处于静止状态。事故导致该路段交通严重拥堵，后续车辆被迫减速绕行，影响了整体通行效率。现场可见明显的车辆碰撞痕迹和警示标志，但未见人员下车交涉或交警到场处理，存在较大安全隐患。
498,5351,占道施工_20240418233449_运行安全_35498633.mp4,占道施工,多车事故,2024年4月18日23时34分至23时35分，G60市区方向至S4金山方向路段发生多车事故。视频显示，该路段为夜间照明条件，道路中间设置有交通锥桶形成隔离带，车辆在该区域缓慢通行。涉事车辆包括一辆白色轿车、一辆白色货车及多辆其他小型汽车，其中白色轿车与白色货车在中间车道发生碰撞，导致后方车辆紧急刹车并绕行。事故造成该路段交通流明显受阻，车辆排队长度持续增加，通行速度显著下降，且未见明显双闪灯亮起或人员下车交涉，表明事故可能已造成持续影响。现场未发现二轮车辆闯入，但事故车辆灯光闪烁、后方车辆减速行为符合多车事故特征。异常特征表现为多车碰撞、车辆位置异常及交通流中断。
499,5352,异常停车_20240624182757_突发事件_35722498.mp4,异常停车,多车事故,2024年6月24日18时27分至18时28分，位于城市快速路某路段处，多辆汽车、货车及大型运输车辆在行车道上发生事故。涉事车辆包括多辆小轿车、出租车和大型货车，其中一辆白色轿车与前方白色轿车发生追尾碰撞。事故现场有多名人员下车查看情况，部分车辆停靠在车道上，导致该路段交通流明显受阻，车辆排队缓慢行驶，形成拥堵态势。异常特征表现为多车碰撞痕迹明显，车辆位置异常，且有人员下车交涉，符合多车事故判断标准。
503,5356,占道施工_20240618234009_运行安全_35712338.mp4,拥堵,抛洒物,2024年6月23日18时40分至18时41分，外环高速吴中入口匝道（外）路段发生一起多车事故。事故发生在夜间，监控画面显示该路段车流密集，车辆行驶缓慢。在靠近右侧应急车道区域，多辆轿车和货车在行驶过程中出现碰撞痕迹，其中一辆白色轿车与前方车辆发生追尾，随后停车于行车道。右侧车道有俩辆轿车错位行驶或完全停止，驾驶员下车查看情况。事故导致该车道通行受阻，后方车辆被迫减速绕行，形成局部拥堵。现场未见明显人员伤亡或严重损坏，但车辆位置异常且存在明显的碰撞痕迹，符合多车事故特征，且无施工或抛洒物等其他干扰因素。
504,5357,拥堵_20231123091800_突发事件_35142765.mp4,拥堵,二轮车辆闯入,2023年11月23日08时18分，外环高速虹梅南路路段出现二轮车辆闯入事件。画面显示，多辆货车、轿车及一辆黄色电动车在高速公路行车道上行驶，其中部分车辆在无专用二轮车道的情况下穿行于正常车流中。该路段为高速公路，禁止非机动车及摩托车通行，且无明显二轮车专用通道或允许通行标志。涉事车辆包括红色、蓝色、黄色等大型货车，其行为违反了高速公路通行规定，存在横穿车道、逆行及逆向变道等危险驾驶行为，导致后方车辆紧急避让或减速，影响了道路通行安全与秩序。该事件属于典型的二轮车辆闯入交通异常，具有明显的违规性和安全隐患。
505,5358,占道施工_20231012001702_运行安全_34924664.mp4,拥堵,异常停车,2023年10月12日00时17分04秒至00时17分53秒，外环高速武威路南（内）路段夜间监控画面显示，一辆白色厢式货车在道路右侧车道行驶过程中突然减速并完全停止，车辆未开启双闪灯，且驾驶员未下车查看情况。该车后方有多辆轿车和货车正常行驶，但因该车突然静止导致后方车辆出现减速避让现象，部分车辆在接近该车时有明显变道行为。该异常停车行为持续约1分钟，期间无其他车辆碰撞或事故迹象，但已对通行秩序造成明显影响，属于典型的异常停车事件。
506,5359,拥堵_20240316140432_突发事件_35416261.mp4,拥堵,多车事故,2024年3月16日14时07分31秒至14时07分45秒，外环高速沪太立交西1枪机2监控画面显示，在高速公路右侧车道发生一起多车事故，涉事车辆包括一辆白色SUV和一辆白色面包车，视频中白色面包车与前方白色轿车发生追尾碰撞，导致车辆位置异常，车辆横跨车道并斜停，造成交通流紊乱。事故现场有人员下车交涉，未见明显抛洒物或施工迹象，但车辆碰撞痕迹明显，影响了后续车辆正常通行，形成短暂拥堵。异常特征表现为多车碰撞 outcome、人员下车交涉以及车辆位置异常和交通流受阻。
508,5361,异常停车_20240613140912_突发事件_35701509.mp4,异常停车,多车事故,2024年6月14日13时13分31秒至13时14分09秒，外环高速沪太立交东2枪机2监控画面显示，一辆白色轿车与一辆灰色SUV疑似发生碰撞，两车在行车道内完全静止，车辆位置异常，横跨车道并有明显碰撞痕迹，其后方及两侧多辆汽车因避让该车而紧急刹车或变道，造成该路段交通流明显受阻，车辆排队缓慢行驶，符合多车事故特征。
509,5362,拥堵_20231105092245_突发事件_35049299.mp4,拥堵,多车事故,2023年11月5日星期日上午9时22分至9时23分，位于城市高架道路的监控画面显示，一辆红色货车在左侧车道行驶过程中，与前方多辆轿车发生并行避让碰撞，导致车辆位置异常，部分车辆横跨车道并斜停，造成后方车辆紧急刹车或绕行。现场无明显碰撞痕迹，但车辆出现明显侧滑现象，符合多车事故特征。该事件导致左侧车道通行受阻，后方车辆出现缓行和绕行现象，影响了道路整体通行效率。右侧车道车流正常，未受影响。事故区域无抛洒物，未见人员下车交涉或交警到场处理，但车辆存在明显碰撞痕迹，符合多车事故判断标准。
510,5363,拥堵_20240110152409_突发事件_35308543.mp4,拥堵,多车事故,2024年1月10日15时24分，外环高速曹安路北方向路段出现多车事故交通事件。画面显示，事故导致该路段车流密集缓行，车辆行驶缓慢，部分车辆间断性停止，满载的货车与轿车在车道间频繁变道避让，导致整体交通秩序受阻。涉事车辆包括多辆大型货车、厢式货车及小轿车，其中一辆红色货车与前方白色货车发生追尾，导致后方车辆紧急刹车或变道，形成局部拥堵。现场未见明显碰撞痕迹或人员下车交涉，但车辆位置异常且存在连续追尾现象，符合多车事故特征。该事故导致后方车辆排队长度超过正常范围，影响了道路通行效率，且无施工或抛洒物等其他干扰因素，主要异常表现为多车追尾与车辆积压。
511,5364,拥堵_20231106162757_突发事件_35056356.mp4,拥堵,多车事故,2023年11月6日16时27分59秒，在外环高速莘庄立交东南方向的高架路段，一辆白色轿车与前方白色轿车发生追尾碰撞。事故现场可见多辆车快速后方移，部分车辆横跨车道，造成交通流明显受阻。随后，一辆红色平板拖车紧急停靠至事故区域，其载有灭火器等应急物资，提示该事故可能涉及突发性紧急救援。事故造成该路段通行效率下降，后方车辆排队缓慢，形成短时拥堵，且无明显施工或抛洒物迹象，初步判断为多车追尾事故，影响范围较大，存在多车碰撞、追尾等典型碰撞特征。
512,5365,占道施工_20240509231621_运行安全_35575678.mp4,占道施工,多车事故,2024年5月23日09时16分至23时17分，外环高速吴中入口匝道（内）发生多车事故。现场有多辆机动车在夜间行驶中，右侧车道出现明显拥堵，大量车辆间距离缩短，刹车灯频繁亮起，车流缓慢移动或短暂停滞。涉事车辆包括多辆货车、轿车及一辆大型客车，其中一辆黄色工程车和一辆红色货车在事故区域附近停靠，未见明显碰撞痕迹，但车辆位置异常，部分车辆横跨车道或斜停，导致通行受阻。事故区域用红白相间的交通锥桶隔离出事故区域，未见抛洒物或人员下车交涉。整体交通流速下降，后方车辆排队长度持续增加，存在明显的交通拥堵特征，符合多车事故判断标准。
513,5366,异常停车_20230718070839_突发事件_1959122.mp4,异常停车,多车事故,2023年7月18日星期一早上7点08分至7点09分，某城市高架道路出现多车事故交通事件。事发地点位于城市快速路，双向车道中南向车道出现车辆行驶缓慢及排队现象，车辆间距离明显缩短，多辆轿车、货车及客车在道路上保持较短车距，部分车辆刹车灯持续亮起，表明车速极低或处于短暂缓行状态。涉事车辆包括白色厢式货车、黄色出租车、黑色轿车、红色集装箱货车等，均在正常行驶中因突发情况发生碰撞，导致车辆位置异常、横穿车道等现象。现场未见明显碰撞痕迹或人员下车交涉，但车辆整体通行受阻，形成持续性拥堵。异常特征表现为车辆密集排列、车速显著下降、车辆间存在紧急避让行为，符合多车事故判断标准。
517,5370,异常停车_20240623140528_突发事件_35720007.mp4,异常停车,二轮车辆闯入,2024年6月23日14时08分至14时09分，外环高速沪太立交东2枪机监控画面显示，雨天路面湿滑，多车道车流正常行驶，车辆以低速或短暂停滞状态缓慢通行。右侧车道右侧有一辆红色货车在行驶过程中突然减速并完全停止，后方多辆轿车被迫紧急刹车避让，形成短暂拥堵。该车停车位置位于高速公路右侧护栏旁，非应急车道区域，后方车辆因避让而出现明显减速和刹车灯亮起，形成局部交通压力。该异常停车行为持续约1分钟，未见车辆碰撞痕迹或人员下车，也无施工设施或抛洒物迹象，初步判断为突发性临时停车，属于典型的二轮车辆闯入交通异常事件。
518,5371,异常停车_20240617141809_突发事件_35710128.mp4,异常停车,多车事故,2024年6月17日14:18:56至14:19:43，一辆在外环高速丰翔路南枪机2监控区域内发生多车事故。现场可见多辆车辆，包括一辆白色轿车、一辆黑色SUV及多辆其他类型车辆，车辆在行车道上紧密排列，部分车辆出现异常停车或轻微碰撞痕迹，其中一辆白色轿车与前方车辆存在明显碰撞痕迹，右侧车道有一辆黑色SUV疑似与前方车辆发生追尾。事故未见明显人员下车交涉或交警到场处理。该事故导致该路段交通流受阻，车辆行驶缓慢，存在排队现象，但未引发大规模拥堵。异常特征主要表现为车辆位置异常、刹车灯密集亮起、车道占用明显，符合多车事故判断标准。
520,5373,异常停车_20240509200653_突发事件_35575652.mp4,异常停车,多车事故,2024年5月9日20时06分52秒至20时07分50秒，外环高速仙霞路（内）路段出现多车事故交通事件。事故发生在夜间，监控画面显示该路段车流密集，车辆行驶缓慢。在右侧车道中，白色轿车与黑色SUV疑似发生追尾碰撞，导致后方车辆紧急刹车并出现拥堵现象。涉事车辆未在车道内行驶，且未见明显人员下车交涉或交警到场处理，但现场车辆存在位置异常、刹车灯持续亮起等典型碰撞痕迹，表明事故已引发交通秩序混乱。事故区域未见施工设施或抛洒物，也无二轮车辆闯入迹象，初步判断为多车追尾事故。事故影响范围较小，未造成严重排队或引发进一步拥堵。异常特征表现为多辆车在夜间高速道路上发生碰撞痕迹，符合多车事故的判断标准。
522,5375,拥堵_20230815161023_突发事件_34583917.mp4,拥堵,抛洒物,2023年8月15日16时10分至16时11分，外环高速沪嘉地道2（外）路段出现多车事故交通事件。事故发生在道路右侧车道，多辆轿车、货车及大型运输车辆在行驶过程中因前方车辆减速或停车引发连环追尾，导致车辆位置异常，部分车辆横跨车道或斜停，造成局部交通秩序混乱。涉事车辆包括白色厢式货车、红色集装箱货车、蓝色篷布覆盖货车及多辆小轿车，部分车辆紧急避让或减速，造成后方车辆紧急反应减速，形成短暂拥堵。事故区域无明显施工设施或抛洒物，但车辆碰撞痕迹明显，存在明显的碰撞痕迹、位置异常及人员下车交涉行为。事故持续约一分钟，期间无人员下车交涉或交警到场处理，也未见二轮车辆闯入或抛洒物情况。整体交通流受到较大影响，车辆排队长度逐渐增加，存在安全隐患。
523,5376,拥堵_20240113125113_突发事件_35316338.mp4,拥堵,多车事故,2024年1月13日12时52分至12时53分，外环高速吴淞江桥路段发生一起多车事故。事故发生在双向车道中的南向车道，涉事车辆包括一辆白色厢式货车、一辆白色厢式货车及多辆其他小型汽车，车辆在行驶过程中出现追尾碰撞，导致至少三辆及以上车辆出现明显碰撞痕迹，车辆位置异常，横跨车道并斜停，其他车辆紧急避让或停滞，交通流受到显著影响，形成拥堵。事故现场未见明显人员下车交涉或交警到场处理，但可见车辆位置异常且持续出现缓慢行驶现象，符合多车事故特征。
524,5377,占道施工_20231210005718_运行安全_35208256.mp4,占道施工,多车事故,2023年12月10日00:57至00:58期间，北环高速铁力路地道东段发生多车事故。视频显示，该路段为夜间照明良好但能见度较低的状态，一辆红色轿车与一辆白色SUV疑似发生碰撞，停在行车道内，俩车位置异常，呈斜停状态。事故发生后，第二辆黑色轿车于00:57:59左右从右侧车道驶入，导致后方车辆紧急刹车或绕行，引发短暂交通拥堵。同时，右侧车道有车辆停靠，疑似施工或故障，存在抛洒物。现场设置多个交通锥桶用于隔离施工区域，但未见明显施工人员或设备。该事故导致右侧车道通行受阻，后方车辆排队缓慢行驶，存在安全隐患，符合多车事故的异常特征，主要影响为交通流的中断和潜在追尾风险。
525,5378,占道施工_20240211215005_运行安全_35360620.mp4,占道施工,拥堵,2024年02月11日21:52至21:53，在某高速公路路段，发生了一起多车事故。涉事车辆包括一辆红色轿车和一辆黑色SUV，两车在行驶过程中发生碰撞，导致车辆位置异常，红色轿车斜停在车道上，黑色轿车紧随其后停下。事故现场有人员下车交涉，且有交警到场处理，其他车辆被迫紧急避让或停滞，交通秩序受到明显影响，且事故车辆旁有“多车事故”标志，表明该路段已经采取了交通管制措施。此事件符合多车事故的异常特征，表现为多辆车位置异常，且引发了交通拥堵。
526,5379,占道施工_20231026001339_运行安全_34997796.mp4,占道施工,多车事故,2023年10月26日00时13分至00时14分，嘉闵高架东侧西虹江南路段夜间发生一起多车事故，涉事车辆包括一辆白色面包车、一辆白色轿车等在行驶过程中发生碰撞，导致车辆位置异常，其中白色轿车斜停或半静止，蓝色出租车紧急避让并亮起刹车灯，事故造成交通流明显受阻，后方车辆被迫减速绕行，现场放置警示牌，未见明显人员下车交涉或交警到场处理，但可见车辆位置异常且存在追尾迹象，整体交通秩序受到干扰。
527,5380,异常停车_20240616161312_突发事件_35708172.mp4,异常停车,二轮车辆闯入,2023年7月16日16时13分23秒，在外环高速虹梅南路路段，一辆二轮摩托车从右侧车道驶入主路，进入高速公路行车道，驾驶员身穿浅色上衣并佩戴头盔，车辆有明显牌照。该摩托车在车流中穿行，与多辆轿车和货车并行，未见其进入专用通道或合法通行区域，且在车流密集区域存在横穿车道等危险行为，导致周边车辆紧急避让，影响了正常交通秩序。该行为属于二轮车辆闯入高速公路的异常交通事件，具有较高的安全隐患。
529,5382,拥堵_20240313172445_突发事件_35407753.mp4,拥堵,多车事故,2024年3月13日17时24分至17时25分，外环高速吴淞江桥南路段出现多车事故交通事件。现场可见多辆小轿车、货车及厢式运输车在双向车道上行驶，车辆密集且车距明显缩小，部分车辆出现急刹或绕行现象。右侧车道有一辆红色轿车与前方车辆发生追尾，导致后方车辆紧急刹车并形成明显的交通拥堵。涉事车辆包括一辆红色集装箱货车、一辆白色厢式货车及多辆小型轿车，均处于缓慢移动或停滞状态。事故区域未见明显抛洒物或人员下车交涉，但车辆排列呈斜向扩展趋势，影响了该路段的通行效率。整体交通流速降低，车辆排队长度持续增加，符合多车事故的异常特征。
530,5383,占道施工_20240519000358_运行安全_35605574.mp4,占道施工,多车事故,2024年5月19日00:03:59至00:04:58，在外环真南路口路段，多车事故发生。视频显示，该路段为夜间高速公路，双向车道车辆正常行驶。右侧车道有一辆红色轿车与前方车辆发生追尾，导致两车碰撞痕迹明显，车辆位置异常，横跨部分车道。后方车辆出现减速避让行为，交通流受到干扰。涉事车辆包括多辆轿车和货车，均正常行驶但因事故影响出现变道或减速现象。事故现场设有警示标志和锥桶进行初步处置，但未见交警到场处理。事故造成右侧车道通行受阻，后方车辆排队缓慢，存在安全隐患。异常特征表现为多车碰撞、车辆位置异常及后续交通流受阻。
532,5385,拥堵_20231209142923_突发事件_35207729.mp4,拥堵,二轮车辆闯入,2023年12月9日14时29分至14时30分，嘉闵高架西侧定焦04监控点位显示，该路段为多车道城市快速路，车流正常行驶。视频中未发现二轮车辆在行车道内行驶或闯入主路的异常行为，也无明显迹象表明存在二轮车辆闯入事件。因此，判断该视频帧内未发生二轮车辆闯入交通异常事件。
533,5386,二轮车辆闯入_20230719092936_突发事件_1966682.mp4,多车事故,二轮车辆闯入,2023年7月19日09时29分35秒，在北环高速同济路立交南段，一辆二轮车辆在非机动车道行驶并逐渐向多车道主路靠近，该区域无专用二轮车道设置且设有禁止非机动车通行标志。该二轮车辆在车流中穿行，与多辆小型客车及货车并行，存在逆行、横穿车道等危险行为，驾驶员未佩戴头盔，车辆亦无明显牌照。其闯入行为导致部分车辆紧急避让，影响了正常交通秩序，构成典型的二轮车辆闯入交通异常事件。
534,5387,拥堵_20230715105657_突发事件_1150242.mp4,拥堵,多车事故,2023年7月15日10时57分13秒，在S20内至G60出省方向的高架道路上，一辆白色轿车与前方车辆发生追尾事故后停在行车道内。该白色轿车于随后完全静止，造成后方多辆轿车被迫减速绕行，形成局部拥堵。涉事车辆包括白色轿车及后续黑色轿车，均处于异常停车状态，影响了正常交通流。事故现场可见多辆车辆排队缓行，交通流明显受阻，存在安全隐患。该事件符合“多车事故”异常特征，表现为多辆车位置异常、紧急避让或停滞等典型表现。
535,5388,异常停车_20240511180600_突发事件_35582216.mp4,异常停车,多车事故,2024年5月11日18时05分至18时06分，外环高速龙吴路路段出现多车事故交通事件。事故发生在雨天湿滑路面条件下，涉事车辆包括轿车、货车及厢式运输车等，在 forwarded 画面中，右侧车道俩车道出现疑似追尾现象，形成明显的碰撞痕迹，车辆位置异常，横跨车道保持一定距离，且无明显警示标志。现场未见明显人员下车交涉或交警到场处理，但车辆持续缓慢移动或停滞，导致后方车辆排队缓行，交通流受到明显影响。该事件符合多车事故判断标准，表现为车辆碰撞痕迹、车辆位置异常及交通流受阻等特征。
536,5389,抛洒物_20240317093021_运行安全_35417598.mp4,抛洒物,二轮车辆闯入,2024年6月7日9时30分许，外环高速曹安路北方向出现二轮车辆闯入交通事件。一辆黄色摩托车从画面右侧驶入高速公路主车道，随后在车流中穿行，未见其有专用通行区域或禁止标志，驾驶员佩戴头盔，车辆无明显牌照。该摩托车在车流中持续行驶约30秒，期间未与其他车辆发生碰撞，但其行为属于非机动车违规进入高速公路，存在横穿车道等危险驾驶行为，对周边车辆造成潜在安全隐患，导致部分车辆紧急避让或减速绕行，影响了正常交通秩序。该事件符合“二轮车辆闯入”异常特征，属于典型交通违法行为。
538,5391,占道施工_20240412152112_运行安全_35519156.mp4,拥堵,多车事故,2024年04月12日15:21:08至15:21:25，外环高速松滨路西段，监控画面显示一条高速公路的行车道上，一辆白色轿车与一辆白色货车在最右侧车道内发生碰撞。涉事车辆包括白色货车、白色轿车，已发生碰撞，导致白色货车斜停在车道上，白色轿车停于其后，影响了后方车辆正常通行。异常特征表现为白色货车横向偏移车道，有明显碰撞痕迹，且后方车辆出现紧急避让和减速行为，形成短暂交通拥堵。现场未见明显人员下车交涉或交警到场，但可见后方车辆行驶速度显著降低并出现绕行现象，符合多车事故的典型特征。
539,5392,异常停车_20240616224220_突发事件_35708495.mp4,异常停车,多车事故,2024年6月16日22时42分至22时43分，在外环高速曹安路北枪机2处，一辆白色轿车与一辆灰色SUV疑似发生碰撞，车辆在行驶过程中出现异常行为，导致车辆位置异常，构成多车事故。事故现场无明显散落物，其他车辆紧急避让或减速绕行，造成该路段交通流短暂受阻，其他车辆通行速度减缓，出现排队现象。该事件符合多车事故判断标准，特征为多辆机动车异位行驶且无明显个人事故迹象。
540,5393,占道施工_20240427231521_运行安全_35538440.mp4,占道施工,二轮车辆闯入,2024年04月27日23:15:15至23:16:13期间，北环高速水产路路段夜间出现二轮车辆闯入交通事件。一辆摩托车在主车道上行驶，未在专用非机动车道或辅道通行，直接进入机动车道并持续向前行驶。该摩托车在车流中穿行，存在逆行、横穿车道等危险行为，驾驶员佩戴头盔，车辆无明显牌照标识。其行为导致后方部分车辆紧急避让，影响了主车道正常通行秩序，构成二轮车辆闯入交通异常事件。
541,5394,占道施工_20230715000645_运行安全_1147283.mp4,占道施工,二轮车辆闯入,2023年7月15日00:06:42至00:07:40期间，外环高速北翟路立交北方向路段出现二轮车辆闯入交通事件。在视频画面中，两辆二轮车（疑似电动车或摩托车）在高速公路主车道上行驶，未见其具备专用二轮车道或明显禁止标志，且在车流密集区域频繁出现，驾驶员佩戴头盔，车辆无牌照特征明显。该二轮车在车流中穿行，与多辆轿车、货车并行，存在逆行、横穿车道等危险行为，对正常行驶的机动车构成潜在安全隐患，导致部分车辆紧急避让或减速绕行，影响了道路通行秩序和行车安全。现场未见施工设施、抛洒物或事故痕迹，也无其他异常停车或拥堵情况，但二轮车的闯入行为已构成交通安全隐患，属于典型的二轮车辆闯入异常事件。
547,5400,异常停车_20240614152918_突发事件_35704870.mp4,异常停车,多车事故,2024年6月14日15时29分15秒至15时30分12秒，外环高速莘庄立交东（外）路段发生一起多车事故。事故发生在高速公路右侧车道，涉事车辆包括二辆白色轿车，两车在行驶过程中发生碰撞，导致白色轿车斜停在车道上，体积较大导致后方车辆紧急减速避让。现场有多名人员下车查看情况，其中白色轿车司机下车查看损坏程度，事故造成该车道通行受阻，后方车辆排队缓慢，交通流明显受阻。异常特征表现为车辆位置异常，且有人员下车交涉，符合多车事故判断标准。
548,5401,异常停车_20240616183802_突发事件_35708477.mp4,异常停车,抛洒物,2024年6月6日16时36分至16时37分，外环高速吴中入口匝道（外）路段，一辆蓝色轿车与一辆白色轿车在行车道上发生碰撞，导致蓝色轿车斜停于车道内，白色轿车斜停靠在蓝色轿车左侧，两车狼狈 realm into each other's path。事故之后，两人未下车，白色轿车开起双闪灯，蓝色轿车也开启双闪灯。该事故造成后方车辆紧急避让，交通流明显受阻，存在多车事故的典型特征，但未见明显抛洒物或施工迹象。
549,5402,占道施工_20240416230948_运行安全_35495644.mp4,拥堵,多车事故,2024年4月16日23时09分至23时10分，在外环高速老沪闵路东（内）路段，多辆小轿车和货车发生事故。事故发生在高速公路右侧车道，涉事车辆包括一辆红色货车、一辆白色货车及多辆其他小型车辆，部分车辆碰撞痕迹明显，位置异常，比正常行驶车辆明显侧偏或停止。事故发生后，大量警车和救援车辆到场处理，现场进行交通引导，形成明显的交通拥堵。事故未见明显人员伤亡，但造成缓行和排队现象，影响了该路段的正常通行秩序。异常特征表现为多车碰撞痕迹、车辆位置异常、紧急避让行为及持续的交通缓行。
552,5405,占道施工_20240328073239_运行安全_35446735.mp4,拥堵,多车事故,2024年03月28日07时32分38秒至07时32分45秒，外环高速铁山路路段在雨天雾天条件下，监控画面显示多辆机动车在行车道上发生碰撞事故。最右侧车道车辆与前方白色货车疑似发生追尾，导致车辆位置异常，部分车辆横跨车道并存在明显碰撞痕迹，车辆开启双闪灯。事故区域无施工设施，也无人员下车处理，但车辆因避让事故点而产生长条状车队排队，交通流受到明显影响，形成短暂拥堵。该事件符合多车事故判断标准，表现为两车及以上车辆碰撞痕迹、碰撞位置、车辆位置异常及交通流受阻等特征。
553,5406,拥堵_20240112120711_突发事件_35313983.mp4,拥堵,异常停车,2024年1月12日12时07分33秒至12时08分01秒，外环高速曹安路北段，一辆白色轿车在行车道内突然减速并完全静止，驾驶员下车查看情况，后方多辆货车及轿车因避让或减速导致车队短暂拥堵。该车停靠位置位于高速公路右侧车道，影响了正常交通流，后方车辆出现缓慢通行、刹车灯频繁亮起的情况，车辆位置处于非停车区域，且无交通信号灯或标志允许停车，存在明显异常停车行为。
554,5407,抛洒物_20240113021704_运行安全_35315222.mp4,抛洒物,二轮车辆闯入,2024年01月13日星期六凌晨02:16:02至02:17:02的监控画面显示，在外环高速沪渝立交-1枪机1处，一辆白色轿车与一辆白色货车在行车道上发生碰撞。两车均有明显碰撞痕迹，并停止于车道内。事故区域可见一辆黄色清障车从右侧车道驶过并停靠在后方，疑似处理事故现场。该事件符合多车事故判断标准，且现场无施工迹象，也无二轮车辆闯入现象，初步判定为正常交通事故。
556,5409,占道施工_20240302004443_运行安全_35383233.mp4,拥堵,占道施工,2024年3月2日00:44:39至00:45:38期间，嘉闵高架东侧隧道内发生占道施工事件。现场可见一辆工程车缓慢行驶在左侧车道，车顶警示灯闪烁，周围摆放多组橙白相间的交通锥桶，形成临时隔离带，占用部分行车道。一名身穿反光背心的工作人员在工程车旁进行作业，车辆后方设有警示标志和临时警示设施。该施工区域导致左侧车道通行空间受限，车辆需减速绕行，影响了正常交通流。整体交通秩序虽未完全中断，但存在明显的车道缩减和车速降低现象，符合占道施工的典型特征。
557,5410,占道施工_20240327083444_运行安全_35444413.mp4,占道施工,多车事故,2024年03月27日星期三08:34:32至08:34:52，在外环高速淞滨路北段，视频显示存在多车事故的异常特征。事故涉及两辆黄色轿车，在行驶过程中两车发生碰撞，导致车辆位置异常，横跨车道并斜停。现场有人员下车交涉。这一事件影响了该路段的正常通行，其他车辆被迫减速或绕行以避开事故点，确保安全。异常特征包括事故车辆明显出现在车道内，其他车辆紧急避让的行为，以及现场人员下车交涉的情况，这些都符合多车事故的判断标准。
559,5412,拥堵_20231221171202_突发事件_35250123.mp4,拥堵,多车事故,2023年12月21日17时12分至17时13分，外环高速莘庄立交东南方向路段出现多车事故交通事件。视频显示，该路段为双向多车道高速公路，右侧车道设有白色护栏和红色警示标识，左侧车道为应急车道。道路上车辆密集，车流缓慢移动，多辆轿车和SUV在行车道与应急车道之间发生碰撞，导致车辆位置异常，部分车辆横跨车道或斜停，造成通行受阻。涉事车辆包括黑色宝马、白色奥迪、银色奔驰等，部分车辆刹车灯持续亮起，表明存在紧急避让或减速行为。事故区域未见明显抛洒物或人员下车交涉，也无人员下车处理。整体交通流速明显下降，车辆排队长度持续增加，影响了该路段的正常通行秩序。异常特征表现为多车碰撞痕迹、车辆位置异常、刹车灯连绵、车道占用异常等，符合多车事故判断标准。
560,5413,拥堵_20231218084507_突发事件_35238492.mp4,拥堵,二轮车辆闯入,2023年12月18日08时45分，外环高速莘庄立交东南方向路段，一辆二轮车（摩托车）在中间车道上行驶，未在专用非机动车道或辅路通行，直接进入机动车道并逆向行驶，存在横穿车道等危险行为。该二轮车无明显牌照，驾驶员佩戴头盔，其闯入行为导致后方多辆汽车紧急避让并减速，造成短暂交通干扰，影响了主路行车秩序。该事件符合“二轮车辆闯入”异常特征，属于典型违规进入机动车道的危险行为。
561,5414,多车事故_20240209221400_突发事件_35359491.mp4,拥堵,多车事故,2024年2月9日22时14分，武宁路地道南线西向东方向发生一起多车事故。事故发生在隧道内靠近出口区域，涉事车辆包括多辆小型轿车及SUV，包括一辆白色SUV与后方黑色轿车发生追尾，红色轿车与蓝色轿车疑似发生刮擦，两车位置异常且存在明显碰撞痕迹。事故发生后，多辆车在行驶过程中出现刹车灯频繁亮起、车速降低等现象，导致隧道内交通流受阻，形成短暂拥堵。现场未见人员下车交涉或交警到场处理，但车辆之间存在明显的碰撞痕迹和位置异常，符合多车事故特征。
564,5417,占道施工_20240525231344_运行安全_35637175.mp4,占道施工,拥堵,2024年5月25日23时13分至23时14分，在外环北侧K208+490路段，发生了一起多车事故。涉事车辆包括一辆黄色货车和一辆蓝色轿车，两车在行驶过程中发生碰撞事故。事故现场有多名人员下车查看情况，部分车辆停靠在车道上，警示三角警示牌放置于车辆后方。此次事故导致后方车辆被迫减速或绕行，交通流量明显减缓，形成了短暂的拥堵现象。异常特征表现为车辆位置异常、人员下车交涉以及后方车辆紧急避让的行为。
566,5419,抛洒物_20230727054237_运行安全_33405941.mp4,抛洒物,异常停车,2023年7月27日05:05:17，外环高速漕宝路北方向路段，监控画面显示一辆红色货车停靠在最右侧车道边缘，车辆开启双闪灯，驾驶员下车在车旁活动，符合“异常停车”事件。
567,5420,占道施工_20230716001130_运行安全_1151789.mp4,占道施工,异常停车,2023年7月16日星期日凌晨1点11分至1点12分，外环高速沪渝立交-1相机2监控画面显示，一辆红色货车在右侧车道行驶过程中突然减速并完全停止，车辆停在应急车道，后方车辆被迫减速绕行。该车后方放置了多个红白相间的交通锥桶，形成临时隔离带，导致后方多辆轿车和货车被迫减速避让。期间，多辆车辆在货车附近缓慢通过，未见明显碰撞或事故痕迹，但该车异常静止状态持续约1分钟，影响了右侧行车道的正常通行秩序。现场无施工设施、无二轮车辆闯入现象，也未发现抛洒物或异常停车情况，初步判断为货车突发故障或临时停车行为，对右侧交通流造成短暂干扰。
573,5426,占道施工_20240522232745_运行安全_35623955.mp4,占道施工,异常停车,2023年10月22日23时27分42秒，在夜间照明良好的城市快速路路段，一辆红色货车在左侧车道行驶过程中突然减速并完全停止，且无明显故障迹象。随后，一名身穿橙色反光工作服、头戴安全帽的男子从货车右侧车道沿车道边缘缓慢步行通过，期间未见其他车辆产生明显避让行为。该货车停靠位置位于行车道，非停车区域，且周围无施工设施或警示标志，属于非紧急情况下非允许停车区域。随后多辆货车及轿车陆续通过该区域，车辆通行未受显著影响。此事件符合“异常停车”判断标准，但因未见施工、事故或二轮车辆闯入等其他异常情况，判定为典型异常停车。
574,5427,异常停车_20240510092252_突发事件_35577416.mp4,异常停车,多车事故,2024年5月10日09时22分49秒至09时23分45秒，外环高速仙霞路（内）路段发生一起多车事故，事故位于道路中间车道，涉事车辆包括一辆白色轿车、一辆白色SUV及多辆其他车辆，预判为多车事故，因为有多辆车辆疑似发生追尾或碰撞，导致车辆位置异常，现场人员下车查看情况，其他车辆紧急避让或停滞，事件影响范围约 favored 1.5公里，造成通行受阻，存在安全隐患。
576,5429,异常停车_20230701000846_突发事件_778917.mp4,异常停车,抛洒物,2023年7月1日00:08:42至00:09:40期间，在城市高架桥路段，一辆红色货车在右侧车道行驶过程中突然减速并完全停止，车辆停在行车道内，且无交通信号灯或标志允许停车。该车后方有多辆轿车和货车正常行驶，部分车辆因该车异常停车而减速避让，导致局部车流短暂滞缓。涉事车辆长时间静止于非停车区域，未见驾驶员下车或车辆故障迹象，也未发现二轮车辆闯入或抛洒物等其他异常情况，但其突然停车行为已构成交通安全隐患，影响了道路通行效率与行车安全。
577,5430,多车事故_20240621082921_突发事件_35716626.mp4,多车事故,异常停车,2024年06月21日星期五08:28:52至08:29:28期间，在一条多车道高速公路上，一辆红色货车在最右侧应急车道停靠，车辆未开启双闪灯。该车停于应急车道，导致后方车辆需减速避让，影响了右侧车道的通行效率。异常特征表现为该车在非停车区域完全静止，且未按规定开启警示灯，符合异常停车的判断标准。
579,5432,异常停车_20240625133927_突发事件_35724287.mp4,异常停车,二轮车辆闯入,2024年6月25日13时39分25秒至13时40分23秒，外环高速仙霞路（内）路段发生二轮车辆闯入事件。一辆摩托车从画面左侧驶入高速公路主车道，随后在多车道间穿行，期间未见明显专用通道或允许通行标志，且该路段为禁止二轮车辆通行的高速公路区域。该摩托车在车流中穿行，存在逆行、横穿车道等危险行为，驾驶员佩戴头盔，车辆无明显牌照标识，对周边正常行驶的轿车、货车及出租车构成潜在安全隐患，导致部分车辆紧急避让，影响了道路通行秩序与安全。现场无其他车辆与其发生碰撞，但该二轮车辆闯入行为已构成交通异常，属于典型二轮车辆闯入事件。
580,5433,异常停车_20230716171405_突发事件_1154789.mp4,拥堵,二轮车辆闯入,2023年7月17日16时14分59秒，在外环高速丰翔路路段，一辆二轮车辆从右侧辅路驶入主车道，进入高速公路行车道后与正常行驶的车辆形成交叉点，驾驶员佩戴头盔，车辆无明显牌照标识，造成局部交通秩序紊乱，其他车辆紧急避让，存在较大安全隐患。该行为属于典型的二轮车辆闯入高速公路的异常交通事件，具有明显的危险性和违规特征。
582,5435,异常停车_20240525010240_突发事件_35633385.mp4,异常停车,多车事故,2024年05月25日星期六01:02:35至01:03:33，监控显示在城市高架道路右侧车道发生多车事故，俩车 anatomy of objects may be a clue to the anomaly.
583,5436,占道施工_20240605001357_运行安全_35673293.mp4,占道施工,异常停车,2024年6月5日00:15:32至00:16:30，在S26沪常高速主线金光路东侧（K133730处），发生了一起多车事故。视频显示，一辆黄色轿车与一辆蓝色轿车在行车道上发生了碰撞，两车都停了下来。事故导致该路段交通严重拥堵，后续车辆被迫减速或绕行，现场有人员下车查看情况，其他车辆紧急避让或缓慢通过，确保安全。此次事故的异常特征包括车辆明显碰撞痕迹、异常停车以及后方车辆的紧急避让行为，严重影响了该路段的正常通行秩序。
585,5438,拥堵_20231211122006_突发事件_35211296.mp4,拥堵,异常停车,2023年12月11日12时20分，外环高速吴中路-1枪机1监控画面显示，一辆红色货车在道路右侧车道行驶过程中突然减速并完全停止，车辆静止不动，符合异常停车判断标准。
586,5439,占道施工_20240529020445_运行安全_35647730.mp4,占道施工,异常停车,2024年5月29日02时04分至02时05分，外环高速天山路路段，夜间监控画面显示，一辆红色货车停靠在最右侧车道，车辆后方设置了一排红白相间的交通锥桶，形成隔离带，一名身穿反光背心的工作人员在车旁走动并进行布置。该货车长时间静止不动，未见明显故障迹象或驾驶员下车处理情况，其静止状态导致后方车辆被迫减速绕行，造成局部通行受阻。该停车行为不符合高速公路临时停车规定，属于异常停车事件，对正常交通流造成影响。
587,5440,拥堵_20231128134429_突发事件_35165616.mp4,拥堵,异常停车,2023年11月28日星期二13时44分至13时45分，位于城市快速路某路段（道路两侧有绿化带，中间设有隔离护栏），一辆白色厢式货车在右侧车道行驶过程中突然减速并完全停止，车辆未开启双闪灯，且驾驶员未下车查看情况。该车后方多辆汽车因避让或减速导致车流出现短暂拥堵，部分车辆被迫变道绕行。该异常停车行为发生在非停车区域，且无交通信号灯或标志允许停车，存在安全隐患。
590,5443,异常停车_20240621133939_突发事件_35717069.mp4,异常停车,抛洒物,2024年6月21日13时39分36秒至13时40分35秒，外环高速沪渝立交段路面湿滑，监控画面显示多车道正常行驶的机动车中，右侧车道有一辆红色货车与白色货车发生追尾碰撞。事故现场未见明显抛洒物，两车均已开启双闪灯，后方车辆因避让事故车辆而紧急刹车或绕行，造成短时交通流受阻。事故持续约1分钟，期间无其他车辆完全中断，但后方车辆行驶速度明显降低，存在明显的交通拥堵风险。该事件符合多车事故判断标准，主要异常特征为多辆机动车在雨天湿滑路面上发生追尾，且未见施工或抛洒物等其他干扰因素。
591,5444,占道施工_20240524231935_运行安全_35633375.mp4,占道施工,多车事故,2024年05月24日23:19至23:20，在北环高速铁力路地道东路段，视频显示该区域存在多车事故的异常特征。涉事车辆包括一辆红色轿车和一辆蓝色轿车，两车在行驶过程中发生碰撞，导致车辆位置异常，斜停在左侧车道上。事故发生后，有人员下车进行交涉，现场设有警示标志和交通锥桶以引导后方车辆绕行，且事故车辆占用了一条行车道。此次事故导致后方车辆被迫减速或绕行，交通流出现短暂拥堵，符合多车事故的典型特征，表现为多车碰撞、车辆位置异常及交通秩序紊乱。
592,5445,占道施工_20230923001746_运行安全_34849181.mp4,拥堵,多车事故,2023年9月23日00:17至00:18期间，嘉闵西侧真南路出口路段夜间出现多车事故交通事件。视频显示，事故发生在双向车道中的真南路方向，路面湿滑，车辆行驶中，一辆红色轿车与前方车辆发生追尾，导致红色轿车斜停于行车道，影响后续车辆正常通行。右侧车道有一辆白色货车停靠，车旁有两名人员站立，疑似驾驶员查看情况或处理事故。多辆轿车和货车在事故区域出现紧急避让、减速及变道绕行行为，部分车辆灯光闪烁，存在明显的碰撞痕迹和货物散落现象。现场未见明显抛洒物或人员下车交涉，但车辆排队缓行持续约1分钟，符合多车事故特征。该事件属于典型追尾事故，造成局部交通流受阻，存在较大安全隐患。
593,5446,异常停车_20240623062456_突发事件_35719299.mp4,异常停车,多车事故,2024年6月23日06:21:05至06:22:03期间，外环高速丰翔路南段监控画面显示，一辆灰色轿车与一辆白色轿车在行车道内发生碰撞，黑色轿车斜停于右侧车道，白色轿车则明显减速并双闪停靠于左侧车道，位置处于高速公路行车道正常通行区域。事故发生后，两车人员下车交涉。从视频中可见，俩车处于突发碰撞状态，黑色轿车驾驶位驾驶员站在车旁，旁边放置三角警示牌，白色轿车后方有其他车辆因避让或减速出现连续变道或减速现象，影响了后续车辆正常通行。该事件中，无其他车辆完全静止、无施工设施、无二轮车辆闯入迹象，也无抛洒物或异常停车情况，但车辆碰撞痕迹明显且持续时间较长，符合多车事故特征。
594,5447,异常停车_20240601091620_突发事件_35661179.mp4,异常停车,多车事故,2024年6月3日09时15分至09时17分，外环高速漕宝入口匝道（内）路段发生一起多车事故。事故发生在右侧车道，涉事车辆包括一辆红色货车、一辆白色厢式货车及多辆其他小型车辆，其中红色货车与前方白色厢式货车发生追尾碰撞，导致两车位置异常，产生明显碰撞痕迹并停于行车道内。事故发生后，部分车辆紧急避让或停滞，造成该路段交通流受阻，车辆排队缓慢通行。现场未见人员下车交涉或交警到场，但可见后方车辆行驶速度显著降低，存在持续拥堵风险。事故特征表现为多车碰撞、车辆位置异常及交通流受阻，符合多车事故判断标准。
596,5449,拥堵_20240111121631_突发事件_35310999.mp4,拥堵,多车事故,2024年1月11日12时15分至12时17分，外环高速京沪立交（内）路段出现“多车事故”交通事件。事故发生在高速公路主车道上，涉事车辆包括多辆货车、客车及小轿车，其中部分车辆出现碰撞痕迹，车辆位置异常，横跨车道或斜停，导致后方车辆被迫减速或绕行。现场未见明显人员下车交涉或交警到场处理，但可见多辆车缓慢移动或停滞，交通流受到明显影响，形成持续性拥堵。异常特征表现为车辆密集排列、行驶速度显著降低、车道内存在多点碰撞痕迹，符合多车事故判断标准。
599,5452,拥堵_20230912164234_突发事件_34775878.mp4,拥堵,二轮车辆闯入,2023年9月12日16时42分，嘉闵高架东侧汇聚机箱路段，监控画面显示多辆机动车在正常行驶中，未发现二轮车辆闯入事件。
600,5453,二轮车辆闯入_20230718131337_突发事件_1960871.mp4,二轮车辆闯入,异常停车,2023年7月18日13时13分34秒，在外环高速仙霞路（内）路段，一辆红色货车停靠在最右侧车道边缘，车辆开启双闪灯，驾驶员下车后站在车旁，随后在车旁停留数秒。该车后方仅有一名人员下车，且该区域为行车道，非允许停车区域，因此该行为属于异常停车。该车停驻时间持续约10秒，直至2023年7月18日13时13分45秒后方车辆恢复通行。该异常停车行为对后方正常行驶车辆造成潜在安全隐患，影响了道路通行秩序，但未引发交通事故。
601,5454,异常停车_20240509123203_突发事件_35573824.mp4,异常停车,多车事故,2024年5月9日12时32分，外环高速吴淞江桥南路段右侧车道发生一起多车事故，事故涉及两辆红色货车停在右侧车道内，其后方有其他车辆停靠或缓慢行驶。该车俩车辆发生事故，右侧车道车辆部分横跨车道，导致后方车辆减速避让，形成拥堵。现场未见明显人员下车交涉或交警到场，但可见多车因避让或碰撞发生追尾、侧滑，车辆位置异常，横跨车道，影响后续通行。事故区域无施工设施或抛洒物，也无二轮车辆闯入迹象，主要异常特征为多车事故、车辆碰撞、车道占用及交通流受阻。
603,5456,拥堵_20240111120948_突发事件_35310977.mp4,拥堵,多车事故,2024年1月11日12时09分至12时10分，外环高速京沪立交南段，多车道发生车辆碰撞事故。涉事车辆包括多辆货车、集装箱车、轿车及一辆红色货车，其中一辆白色厢式货车和一辆白色轿车发生碰撞，导致车辆位置异常，成对横跨车道。事故造成该路段交通流明显受阻，后方车辆被迫减速缓行，形成短时拥堵。现场未见明显人员下车交涉或交警到场处理，但事故区域存在车辆二次碰撞风险，存在引发二次事故的潜在因素。该事件符合多车事故判断标准，表现为多辆车位置异常、车辆密集排队、前方车辆减速绕行等特征。
605,5458,拥堵_20231027081151_突发事件_35006173.mp4,拥堵,多车事故,2023年10月27日08时11分至08时12分，S4市区方向至S20内环高架路段出现多车事故交通事件。该路段双向车道车流密集，其中右侧车道有多辆轿车和货车在行驶过程中出现缓慢行驶和间歇性停止现象，后方车辆被迫减速并排成长队，形成明显拥堵。涉事车辆包括红色集装箱货车、黄色出租车、白色轿车及多辆小型客车，部分车辆出现追尾、侧碰及横穿车道等碰撞痕迹，导致车辆位置异常、刹车灯持续亮起及后方车辆紧急避让行为。事故区域未见明显碰撞痕迹或人员下车交涉，但车辆密集程度持续超过正常通行水平，影响了整体交通流畅性。异常特征表现为车辆连续排队、车速显著降低、车道占用严重，符合多车事故的典型表现。
606,5459,拥堵_20231010080512_突发事件_34915274.mp4,拥堵,多车事故,2023年10月10日08时04分至08时05分，外环高速富长路路段出现二轮车辆闯入交通事件。视频画面显示，多辆非机动车（包括摩托车和电动车）在高速公路主路区域行驶，其中部分车辆在主路行车道内穿行，未见明显专用通道或允许通行标志。涉事车辆为一辆黑色电动车，在车流密集区域频繁出现，其行为导致后方多辆汽车紧急避让，存在较大安全隐患。该路段为高速公路，禁止二轮车辆通行，且无专用二轮车道或明显禁止标志，车辆闯入属于典型违规行为。整个过程中，二轮车辆持续在主路行驶，未发生碰撞或事故，但其闯入行为已构成交通异常，对正常交通秩序造成干扰。
607,5460,占道施工_20240501160403_运行安全_35551690.mp4,占道施工,多车事故,2024年05月01日16:03:57至16:04:15，外环高速松滨路西段发生多车事故，现场有多辆汽车和一辆白色货车在行车道上发生碰撞事故。涉事车辆包括一辆白色轿车、一辆白色SUV及多辆其他车辆。事故导致车辆位置异常，部分车辆横跨车道或斜停，现场有多名人员下车查看情况，其他车辆被迫紧急避让或停滞，交通秩序受到严重影响，后续车辆出现缓慢移动甚至完全停止，整个路段车流明显放缓，形成短时拥堵。事故区域未见明显抛洒物，但存在多车碰撞痕迹，符合典型多车事故特征。
608,5461,占道施工_20230816231604_运行安全_34592037.mp4,占道施工,多车事故,2023年8月16日23时16分至23时17分，北环高速友谊路路段夜间发生一起多车事故，涉事车辆包括一辆白色轿车、一辆黑色轿车等，事故发生在该路段中间车道。视频显示，两辆白色轿车发生追尾，导致车辆位置异常，横跨部分车道，导致后方车辆被迫减速或绕行，造成交通流短暂受阻。现场可见多辆车辆停靠在行车道旁进行检查维修，其中一人身穿反光背心，疑似交通协管员。事故区域车辆行驶缓慢，后方车辆形成短时缓行，存在明显的异常停车和二轮车辆闯入特征，符合多车事故的典型特征。
610,5463,异常停车_20230727134354_突发事件_33408196.mp4,异常停车,多车事故,2023年7月13日17时44分，外环高速吴中入口匝道（内）路段出现多车事故交通事件。事故发生在道路左侧车道，视频显示该区域车流密集，多辆轿车、货车及大型运输车辆在行驶过程中因前方车辆减速或停车引发追尾、碰撞。涉事车辆包括白色轿车、黑色轿车、蓝色货车等，其中部分车辆出现紧急避让、停顿或停滞行为，导致车流局部受阻。事故现场未见明显抛洒物或人员下车交涉，但车辆间存在明显的碰撞痕迹和位置异常，部分车辆横跨车道或斜停，影响正常通行秩序。异常特征表现为车辆连续碰撞、刹车灯持续亮起、车流速度骤降，符合多车事故判断标准，对高速公路行车安全造成一定影响。
612,5465,二轮车辆闯入_20230715130813_突发事件_1149802.mp4,二轮车辆闯入,异常停车,2023年7月15日15时03分15秒，在外环高速吴淞江桥路段，一辆红色货车停靠在右侧应急车道上，车辆后门打开，有人员下车停留。该车后方未设置警示标志或人员疏导，导致后方多辆汽车被迫减速绕行，形成局部交通拥堵。此行为符合异常停车特征，存在安全隐患，影响正常交通秩序。
613,5466,占道施工_20240111230645_运行安全_35312017.mp4,拥堵,多车事故,2024年1月11日23时06分至23时07分，在S20内至G60出省方向的高速公路上，发生了一起多车事故。视频显示，该路段夜间照明良好，路面湿滑，车辆行驶缓慢。涉事车辆包括多辆大型货车、轿车及一辆工程车，它们在行驶过程中发生了碰撞，导致车辆位置异常，部分车辆横跨车道或斜停于道路上。现场有人员下车查看情况，且有交警到场处理。事故造成了交通拥堵，后续车辆被迫减速或绕行，整体通行效率显著下降。异常特征表现为车辆灯光密集、行驶速度极低，且无明显施工或抛洒物干扰，符合多车事故的典型表现。
615,5468,抛洒物_20240308063832_运行安全_35394541.mp4,抛洒物,二轮车辆闯入,2023年8月6日06:38:59至06:39:57期间，外环高速淞滨路西路段为监控画面，该路段为多车道高速公路，上方高架桥上有“二轮车辆”提示牌，未见二轮车辆闯入事件。视频中未发现二轮车辆在车道内行驶或逆行，也未发现二轮车辆与机动车混行现象。整个过程中，所有车辆均在各自车道内有序行驶，未出现二轮车辆与机动车发生碰撞、异常停车或占道施工等其他交通异常情况。因此，该视频中未发现二轮车辆闯入交通事件。
618,5471,异常停车_20230715145812_突发事件_1150174.mp4,异常停车,拥堵,2023年7月15日14时58分，位于高速公路路段的监控画面显示，一辆红色货车在左侧车道行驶过程中突然减速并完全停止，车辆停在应急车道。该车后方未见其他车辆碰撞痕迹或施工设施，且无明显故障迹象或驾驶员下车行为，符合异常停车特征。该行为对后续车辆造成一定影响，部分车辆在接近该区域时出现减速避让行为，但整体交通流未出现明显拥堵或通行受阻情况。
619,5472,占道施工_20240326010838_运行安全_35439821.mp4,拥堵,多车事故,2024年3月26日凌晨1点08分至1点09分，外环高速顾戴路路段发生一起多车事故。现场可见多辆车辆在夜间行驶过程中出现追尾和碰撞迹象，其中一辆白色货车与前方车辆发生明显碰撞，导致其斜停于车道上，后方多辆轿车紧急刹车并出现拥堵现象。涉事车辆包括货车、轿车，部分车辆占据车道，引发后方车辆避让和减速行为。事故区域设置有多个交通锥桶进行隔离警示，但未见施工人员或明显抛洒物。该事故导致该路段交通流受阻，车辆排队缓慢通行，影响了正常通行效率，符合多车事故的异常特征。
620,5473,拥堵_20240101092944_突发事件_35283158.mp4,拥堵,异常停车,2024年01月01日星期一09:29:41至09:29:55，在外环高速吴中鸭乙匝道（内）路段，多车辆出现异常停车现象。这些异常停车车辆均位于道路右侧车道，车流密集，导致后方车辆被迫减速或绕行，形成明显的交通拥堵。涉事车辆包括多辆轿车和SUV，它们在行驶过程中突然减速并停止，影响了正常交通秩序。此次异常停车事件严重影响了道路通行效率，且无明显施工或事故迹象，初步判断为车辆突发性临时停车行为。
623,5476,多车事故_20240614081549_突发事件_35703757.mp4,多车事故,异常停车,2024年6月14日08时15分至08时16分，外环高速吴淞江桥南路段，一辆白色轿车在最右侧应急车道内停车，车辆未开启双闪灯，未见驾驶员。该车后方未发生车辆抛洒或出现明显异常停车现象，但其停靠位置为非停车区域，且未见驾驶员下车处理，属于典型的“异常停车”行为。
624,5477,异常停车_20240509190024_突发事件_35575641.mp4,异常停车,拥堵,2024年5月9日19时00分至19时01分，外环高速曹安路北段监控画面显示，该路段出现明显交通拥堵现象。多辆轿车、货车、客车及大型运输车辆在多个车道内缓慢行驶或完全停止，车流密集且持续无缓解趋势，车辆间距极小，刹车灯持续亮起，表明车速极低或处于停滞状态。部分车辆在车道内频繁变道，但整体通行效率显著下降，未见明显事故或障碍物导致的突发碰撞。右侧应急车道及最右侧车道未受影响，表明拥堵主要集中在主行车道区域。未发现二轮车辆闯入、异常停车、施工占道或抛洒物等其他异常情况，也无明显占道施工迹象。该拥堵事件主要由车流量过大导致，影响范围覆盖多个车道，持续时间较长，符合典型高峰时段或夜间高峰期的交通压力特征，但未观察到直接诱因或根本性违规行为。
629,5482,占道施工_20230726021210_运行安全_33402567.mp4,占道施工,异常停车,2023年7月26日凌晨2时12分至2时13分，G60市区方向至S20内圈路段发生多车事故。该路段为弯道道路，两侧设有绿化带和护栏，夜间照明良好。视频显示，一辆白色厢式货车在中间车道行驶过程中与前方白色货车发生追尾碰撞，导致两车位置异常，横跨车道并斜停，引发后方车辆紧急避让、减速及绕行。涉事车辆包括白色厢式货车、白色货车，均处于正常或异常停车状态，未见人员下车交涉或交警到场处理。事故造成该车道通行受阻，后方车辆排队缓慢通行，形成短时拥堵。现场未见抛洒物或施工迹象，但车辆刹车灯持续亮起，表明存在明显的交通事故痕迹。整体交通流受影响持续约1分钟，符合多车事故特征，且无二轮车辆闯入或异常停车等其他异常行为。
631,5484,二轮车辆闯入_20230715121205_突发事件_1149603.mp4,二轮车辆闯入,异常停车,2023年7月16日12时12分，外环高速丰翔路路段，一辆红色货车在右侧应急车道静止，后方设置警示标志。该车未开启双闪灯，且无人员下车处理，符合异常停车行为。
633,5486,占道施工_20231027000335_运行安全_35004115.mp4,占道施工,多车事故,2023年10月27日00:03:33至00:04:30期间，外环S6立交内圈上匝道处发生多车事故。视频显示，该路段为夜间照明良好但车流量较大的立交桥区域，有多辆机动车在通行。在画面左侧车道，一辆白色轿车与前方车辆发生追尾碰撞，导致后方车辆紧急刹车并绕行。涉事车辆包括两辆黑色轿车，部分车辆位置异常，横跨车道或斜停，导致现场交通秩序混乱。现场未见人员下车交涉或交警到场处理，但其他车辆因避让事故车辆而出现急刹和变道行为，交通流明显受阻。事故区域设置有交通锥桶进行隔离，但未完全封闭车道，可能加剧了通行压力。整体影响表现为局部拥堵和行车安全隐患，符合多车事故的典型特征。
634,5487,多车事故_20240531123535_突发事件_35658081.mp4,异常停车,多车事故,2024年5月31日12时58分，外环高速吴淞江桥南路段右侧车道发生一起多车事故，事故涉及两辆白色货车、一辆白色SUV车辆及多辆其他小汽车，事故车辆停靠在右侧车道，车辆位置异常，部分车辆斜停或横跨车道，导致后方车辆被迫减速或绕行。事故现场有多辆车辆显示紧急刹车、避让，造成该路段交通流短暂受阻，车辆排队长度较长，影响通行效率。事故未见明显人员下车交涉或交警到场处理，但可见后方车辆有序退让行为，表明事故可能已造成局部拥堵风险。异常特征表现为多车碰撞、车辆位置异常及持续交通影响。
640,5493,异常停车_20240515205714_突发事件_35594512.mp4,异常停车,拥堵,2024年5月15日20时57分12秒，在外环高速丰翔路-1 03路段，一辆白色轿车与棕色轿车发生轻微碰撞。该车停车在右侧车道，导致后方车辆减速避让，形成短暂拥堵。后续车辆均出现追尾或变道痕迹，现场无明显人员下车交涉或交警到场。该事件符合多车事故特征，表现为2辆及以上车辆碰撞迹象，交通流受到明显影响，但未出现大规模拥堵或封锁车道。
642,5495,拥堵_20240206132119_突发事件_35355258.mp4,拥堵,多车事故,2023年7月8日16时18分45秒，在S20内至G60出省方向的高架路段，一辆白色轿车与前方车辆发生追尾事故，随后后方车辆被迫减速避让，造成该路段交通流明显受阻，车辆排队长度持续增加，出现拥堵现象。涉事车辆包括白色轿车及后车，因事故发生地点位于城市高架道路，周围有施工标志和指示牌，进一步加剧了通行压力。事故区域未见明显抛洒物，但车辆间存在紧急刹车、变道等行为，符合多车事故特征，影响了整体道路通行效率。
643,5496,二轮车辆闯入_20230719185216_突发事件_5963878.mp4,二轮车辆闯入,多车事故,2023年7月18日19时52分15秒左右，在外环高速莘朱路路段，一辆二轮摩托车从右侧车道驶入主路，进入高速公路行车道内行驶，该摩托车驾驶员佩戴头盔，车辆无明显牌照标识，行驶过程中横穿多条车道，导致后方多辆汽车紧急避让，其中一辆红色货车紧急减速并亮起刹车灯，其他车辆随之减速避让，造成短暂交通干扰，该区域为禁止二轮车辆通行的高速公路路段，摩托车闯入属于典型违规行为，对正常行驶的车辆造成潜在碰撞风险，影响行车安全与通行秩序。
644,5497,拥堵_20231010143351_突发事件_34916901.mp4,拥堵,多车事故,2023年10月10日星期一14时33分至14时34分，某城市高架桥路段出现多车事故交通事件。事发地点位于高架桥主车道，涉事车辆包括多辆小轿车、货车及一辆白色厢式货车，其中白色厢式货车在中间车道与右侧车道之间发生碰撞，导致后方车辆紧急刹车或变道避让，形成轻微拥堵。现场可见车辆位置异常，部分车辆斜停或横跨车道，有车辆驾驶员下车查看情况。事故未造成严重追尾或碰撞，但已引发车辆排队缓行，影响通行效率。异常特征表现为车辆密集排列、车速下降、后方车辆减速避让，符合多车事故判断标准。
645,5498,占道施工_20240524002533_运行安全_35628720.mp4,占道施工,多车事故,2024年05月24日00:25:30至00:26:28期间，在K14+050路段的高速公路夜间监控画面中，一辆白色轿车与前方车辆发生追尾事故，导致白色轿车斜停在车道上，车身有明显碰撞痕迹，位置位于画面左侧第二车道。事故发生后，后方车辆紧急避让，出现紧急刹车和变道行为，交通流明显受阻，形成短暂拥堵。涉事车辆包括白色轿车及后续黑色轿车，均处于行驶状态但速度极慢，部分车辆斜行于行车道。现场未见人员下车交涉或交警到场，但事故区域无施工设施或抛洒物，也无二轮车辆闯入现象，整体交通秩序受到较大影响，属于典型的多车追尾事故。
647,5500,拥堵_20240111122715_突发事件_35311030.mp4,拥堵,多车事故,2024年1月11日12时27分至12时28分，在外环高速吴淞江桥南路段，多辆机动车在行驶过程中，一辆红色货车与前方白色集装箱货车疑似发生碰撞，导致货车位置异常，横跨多条车道。此外，多辆轿车和各类货车因避让该事故车辆而紧急刹车或变道，造成后方交通流明显受阻，形成短暂拥堵。涉事车辆包括红色货车、白色集装箱货车及多辆其他小型轿车和大型货运卡车，所有车辆均处于行驶中，但未停车人或停止状态，且未见人员下车交涉或交警到场处理，存在较大安全隐患。该事件特征符合“多车事故”判断标准，表现为多车碰撞、车辆碰撞痕迹、交通秩序紊乱，对高速公路通行造成实质性影响。
648,5501,占道施工_20231016001645_运行安全_34942371.mp4,占道施工,抛洒物,2023年10月16日00:16:38至00:17:35期间，在K14+050路段的高架桥上，发生一起多车事故。一辆黑色轿车在行驶过程中前方车道上出现白色块状抛洒物，导致后方车辆紧急减速避让，形成短暂交通拥堵。另一辆白色轿车在经过该区域时因为避让抛洒物而出现急刹或变道行为，导致后方车辆受阻，形成连锁反应。现场未见明显人员下车或交警到场处理，但抛洒物持续影响通行秩序，存在安全隐患。该事件符合多车事故特征，主要异常表现为车道上有明显异物存在，且引发后续车辆紧急避让行为。
649,5502,异常停车_20230722060322_突发事件_33394166.mp4,异常停车,多车事故,2023年7月22日06:03:09，在外环高速北翟路立交北向南方向，一辆红色平板货车在行车道上发生事故，导致后方车辆紧急刹车避让，现场可见多辆货车与轿车在车道上出现碰撞痕迹，部分车辆出现变道和减速行为，其中一辆白色轿车与前方车辆发生刮擦，形成局部拥堵。涉事车辆包括两辆红色平板货车，以及多辆其他小型轿车和大型货车，均处于行驶状态但未完全停止。事故造成该路段交通流明显受阻，车辆排队缓慢通行，影响了正常道路秩序和效率。异常特征表现为车辆碰撞痕迹明显、刹车灯持续亮起、车辆位置异常及车道被占用，符合多车事故的判断标准。
650,5503,占道施工_20230930014551_运行安全_34882479.mp4,拥堵,多车事故,2023年9月30日星期六凌晨1点45分至1点46分，K14+050路段发生一起多车事故。事故发生在夜间高速公路右侧车道，涉事车辆包括一辆白色面包车和一辆白色厢式货车，两车在行驶过程中发生碰撞，导致面包车斜停在车道上，车身位置异常，部分占据相邻车道。现场有多名人员下车查看情况，其中一人身穿反光背心，疑似为事故处理人员或养护人员。事故造成该车道交通流受阻，后方车辆被迫减速或变道绕行，交通流出现短暂拥堵。现场未见明显抛洒物或异常停车现象。整体来看，事故符合多车事故特征，表现为两车发生碰撞、车辆位置异常且引发后续交通秩序变化。
651,5504,异常停车_20240613151852_突发事件_35701795.mp4,异常停车,多车事故,2024年6月13日15时18分至15时19分，外环高速莘朱路路段出现多车事故交通事件。事故发生在道路左侧车道，涉事车辆包括一辆红色集装箱货车、一辆白色厢式货车及多辆周边正常行驶车辆，其中红色集装箱货车与前方白色轿车疑似发生追尾碰撞，导致车辆位置异常，横跨车道并存在明显碰撞痕迹，后方车辆出现减速避让和通行受阻现象。事故现场未见明显人员下车交涉或交警到场处理，但车辆在狭路交汇区域集中发生碰撞，导致该路段交通流受阻，车辆排队长度逐渐增加，通行效率下降。异常特征表现为多车碰撞、车辆碰撞痕迹持续时间较长、后方车辆紧急避让行为，符合多车事故判断标准。
652,5505,占道施工_20240511004017_运行安全_35579523.mp4,占道施工,异常停车,2024年5月11日00:40:13至00:41:10期间，外环高速顾戴路路段夜间监控画面显示，一辆黄色小型货车在行车道上突然减速并完全停止，车辆开启双闪灯，驾驶员下车后站在车旁，随后一辆黄色大巴车驶入原行车道，导致后续多辆车辆紧急避让或减速绕行，其中有多辆轿车和货车因避让而出现短暂拥堵现象，现场设有多个红白相间的交通锥桶，用于隔离施工区域，但未见明显施工设施或人员，该路段为高速公路主干道，夜间照明条件下，车辆行驶速度较快，且无其他异常行为发生，此事件表现为典型的异常停车行为。
654,5507,异常停车_20240624163329_突发事件_35722293.mp4,异常停车,二轮车辆闯入,2024年6月24日16时30分至16时31分，外环高速丰翔路南段监控画面显示，一辆白色轿车在道路右侧应急车道内行驶过程中，其后方有明显减速行为，导致后方多辆车辆出现紧急避让行为。该白色轿车随后完全绕过前方车辆继续向前行驶，未出现明显碰撞痕迹或故障迹象，但其行为对后方车辆造成一定干扰，影响了行车安全与道路通行效率。该事件符合异常停车特征，属于二轮车辆闯入主路异常事件。
655,5508,占道施工_20230831120802_运行安全_34676099.mp4,占道施工,多车事故,2023年8月31日14时07分至14时08分，北环高速铁力地道东路段出现多车事故交通事件。现场可见一辆黄色工程车停靠在右侧车道，车后方有多名身穿橙色反光工作服的施工人员及一辆黄色清障车停在路边。道路右侧应急车道旁设置有多个红白相间的交通锥桶，用于隔离施工区域。一辆黄色工程车缓慢驶入画面，随后与前方车辆发生追尾碰撞，导致车辆位置异常，部分车辆横跨车道或斜停，引发后方车辆紧急避让和减速。现场未见明显人员伤亡或严重碰撞痕迹，但事故车辆占用应急车道，影响通行秩序，符合多车事故特征。
657,5510,抛洒物_20240509220755_运行安全_35575662.mp4,抛洒物,多车事故,2024年5月9日22:07至22:08，在外环真南入口路段的高架桥上，多辆机动车在夜间行驶过程中，未发现明显的多车事故场景。车辆在道路上正常行驶，未出现紧急刹车、碰撞或碰撞痕迹等异常行为。
658,5511,占道施工_20240218000250_运行安全_35365007.mp4,拥堵,多车事故,2024年02月18日00:02:45至00:03:42，在某夜间高速公路上发生了一起多车事故，地点位于双向车道的对向车道。视频显示，该路段正在进行占道施工，右侧车道被锥桶遮挡，导致车辆需变道至左侧车道行驶。涉事车辆包括施工区域附近的一辆小轿车，其后方有明显追尾现象，车辆位置异常，横跨车道。事故导致右侧车道通行受阻，后方车辆被迫减速或绕行，形成短暂拥堵。左侧车道未受影响，通行正常。事故未见明显人员下车交涉或交警到场处理，但车辆在碰撞后持续缓慢移动，且右侧车道车灯开启，表明驾驶员已开启警示灯以应对前方交通。整体事件特征符合多车事故，涉及占道施工引发的车道变更和车辆碰撞，对道路通行造成一定影响。
659,5512,占道施工_20240129003451_运行安全_35343549.mp4,占道施工,拥堵,2024年1月29日凌晨4时34分至4时35分，G60市区方向至S20外环高速路段发生多车事故。现场可见多辆汽车和货车在夜间行驶过程中出现异常停车或紧急避让行为，道路右侧车道车辆密集排队，部分车辆刹车灯持续亮起，显示行驶缓慢或完全停止。涉事车辆包括一辆大型货车、一辆白色厢式货车及多辆小型轿车，均在行驶过程中因前方事故而减速或停车处理。事故区域未见明显碰撞痕迹或车辆碰撞痕迹明显证据，但车辆排列紧密，通行效率显著下降，存在明显的交通拥堵特征。现场有人员下车在车旁指挥或查看情况，可能为事故现场处置。整体交通流速缓慢，车辆间距缩小，存在安全隐患。
661,5514,异常停车_20230717102944_突发事件_1156236.mp4,拥堵,二轮车辆闯入,2023年7月17日10时29分45秒，在外环高速吴中路路段，一辆二轮车驶入主路，进入机动车道行驶，该车辆为蓝色车身、车牌号为沪A7H6YK7，驾驶员佩戴头盔，且无专用二轮车道或明显禁止标志，其行为属于闯入禁止通行区域的危险驾驶行为，导致后方多辆汽车紧急避让，存在较大安全隐患。
662,5515,拥堵_20231115064848_突发事件_35102189.mp4,拥堵,多车事故,2023年11月15日06时10分至06时11分，外环高速沪嘉地道2（外）路段出现“多车事故”交通事件。视频显示，该路段双向车道车流密集，多辆轿车、货车及大型运输车辆在行驶过程中因避让或碰撞发生明显变道、碰撞或停顿现象，导致车辆位置异常，部分车辆横跨车道、斜停或与同向车组发生紧贴。涉事车辆包括红色集装箱货车、白色厢式货车、蓝色大巴车及多辆私家车，其中一辆白色轿车在右侧车道与前方车辆发生刮擦，后方车辆被迫减速或绕行。事故现场未见明显碰撞痕迹或人员下车交涉，但车辆位置异常且存在持续追尾现象，表明事故已对正常通行造成显著影响。异常特征表现为多辆车横跨车道、斜停、刹车灯持续亮起，车辆间存在明显避让行为，符合多车事故判断标准。
665,5518,占道施工_20240416223259_运行安全_35495641.mp4,拥堵,多车事故,2024年04月16日22:32:55至22:33:53，在某高速公路路段，发生了一起多车事故。涉事车辆包括一辆红色货车和一辆蓝色轿车，两车在行驶过程中发生碰撞，导致车辆位置异常，红色货车斜停在车道上，蓝色轿车在其前方。事故现场有人员下车查看情况，交通秩序受到严重影响，后方车辆被迫减速或绕行，交通流明显受阻，但未出现严重排队现象。异常特征表现为两车碰撞痕迹明显，车辆明显碰撞痕迹，且存在人员下车交涉的行为，符合多车事故的判断标准。
666,5519,拥堵_20230825183322_突发事件_34654762.mp4,拥堵,异常停车,2023年8月25日星期六11时38分，位于城市高架道路的监控画面显示，一辆红色货车在右侧车道停靠，车辆后方有多辆汽车紧急避让或减速绕行，造成局部交通流受阻。该车停靠位置位于行车道，非紧急情况下无停车标志或信号灯允许停车，属于异常停车行为。该停车影响后方车辆正常通行，导致部分车辆变道绕行，存在潜在安全隐患。现场无明显施工或抛洒物迹象，也未见二轮车辆闯入或多车事故情况，初步判断为因车辆临时停车引发的交通异常事件。
667,5520,拥堵_20231102084523_突发事件_35035329.mp4,拥堵,二轮车辆闯入,2023年11月2日星期四上午8时45分至8时46分，外环高速同济路东（即G60市区方向至S20内2枪机1监控区域）出现二轮车辆闯入交通异常事件。在视频画面右侧最外侧车道，一辆红色摩托车从画面下方驶入高速公路主路，沿最右侧车道行驶，未见其佩戴头盔，且无专用二轮车道标识或禁止通行标志，其行为属于闯入禁止通行区域的危险驾驶行为。该摩托车在车流中穿行，与多辆小汽车并行，存在逆行、横穿车道等危险驾驶特征，且未见驾驶员下车或明显警示标志，其闯入行为导致周边车辆紧急避让，影响了正常行车秩序，构成典型二轮车辆闯入交通异常事件。
668,5521,异常停车_20240508195918_突发事件_35571608.mp4,异常停车,多车事故,2024年5月8日19时59分至20时00分，夜间城市高架桥上发生一起多车事故，发生在道路中间车道。事故涉及一辆白色轿车与一辆黑色轿车在行车道内发生追尾碰撞，导致车辆位置异常，横跨车道并斜停于车道内。事故造成后方车辆紧急避让、减速及绕行，造成交通流明显受阻，部分车辆在该区域排队缓行，存在明显的碰撞痕迹和车辆损伤迹象，现场未见人员下车交涉或交警到场处理。该事件符合多车事故判断标准，主要异常特征为多辆车出现碰撞痕迹、车辆位置异常及后方车辆避让行为。
669,5522,占道施工_20240421231656_运行安全_35505730.mp4,占道施工,多车事故,2024年4月21日23时16分至23时17分，外环高速沪太立交东1-2路段夜间发生多车事故，涉事车辆包括一辆白色应急车辆及多辆普通客车和货车，视频中多辆车辆因碰撞发生明显碰撞痕迹，车辆位置异常，部分车辆横跨车道或斜停，造成交通流受阻。现场有人员下车查看情况，交警部门在事故区域缓慢通过，设置警示牌和闪烁警示灯，引导车辆疏导通行，确保安全。事故未造成严重交通拥堵，但存在安全隐患，符合多车事故的典型特征，包括多车碰撞、车辆位置异常、人员下车处理等。
670,5523,占道施工_20240126003046_运行安全_35337929.mp4,占道施工,多车事故,2024年01月26日00:30:38至00:31:38期间，北环高速水产路路段夜间监控画面显示，多辆机动车在行车道上发生碰撞事故。涉事车辆包括一辆黄色出租车与一辆白色SUV，两车出现明显碰撞痕迹，并处于严重位置。事故导致车辆位置异常，横跨车道，导致后方车辆被迫减速或绕行，造成通行受阻。现场可见其他车辆紧急避让或缓慢通过，交通流出现短暂拥堵。该事件符合多车事故判断标准，表现为车辆碰撞痕迹、位置异常及交通秩序紊乱。
671,5524,占道施工_20230717002541_运行安全_1156039.mp4,拥堵,二轮车辆闯入,2023年9月3日17时25分至17时26分，外环高速蕴藻浜桥北2（外）路段夜间出现二轮车辆闯入交通事件。画面中可见两辆二轮车在主车道行驶，未见明显违规行为，但该路段为高速公路，禁止非机动车通行，二轮车闯入属于典型违规行为。由于该路段设有交通警示标志，且无专用二轮车道，二轮车在夜间灯光照射下存在较大安全隐患，可能引发追尾或碰撞事故，对行车安全构成威胁。现场未见其他车辆碰撞痕迹或异常停车情况，但该二轮车辆持续在主车道行驶，存在较大交通风险。
672,5525,占道施工_20240303074825_运行安全_35385193.mp4,占道施工,异常停车,2024年3月3日星期日07:48至07:49期间，北环高速铁力路地道口路段出现多车事故交通事件。视频显示，该路段为双向多车道高速公路，右侧车道设置有多个红白相间的交通锥桶，用于隔离施工区域。道路中央有一辆白色轿车停靠，车体明显受损，疑似发生碰撞。左侧车道未见车辆停留或通行，但可见多辆机动车依次正常行驶，车流保持缓慢通行状态。视频中未见抛洒物或施工人员。整体交通秩序虽未完全中断，但存在车辆行驶轨迹异常、速度降低等特征，符合多车事故判断标准，主要异常表现为车辆碰撞痕迹及异常停车行为。
673,5526,拥堵_20240227075605_突发事件_35376429.mp4,拥堵,二轮车辆闯入,2024年2月27日07时51分，外环高速沪太立交西2（监控1）路段，一辆棕色轿车与一辆白色轿车发生轻微碰撞。该车停在道路右侧车道内，车辆位置异常，横跨车道，且无明显警示标志。后方多辆车辆被迫减速避让或变道绕行，交通流出现短暂缓行。涉事车辆为棕色轿车，白色轿车，现场未见人员下车或交警到场处置，也无施工或抛洒物等其他干扰因素，初步判断为突发性单车事故。该事件未造成严重拥堵，但对通行秩序产生轻微影响，属于典型二轮车辆闯入交通异常事件。
674,5527,占道施工_20231021011432_运行安全_34970740.mp4,占道施工,多车事故,2023年10月21日01:14至01:15期间，嘉闵高架路东侧嘉美路南段发生一起多车事故。视频显示，该路段为夜间高架道路，路面湿滑，车辆正常行驶。在画面右侧车道，一辆红色轿车与前方车辆发生追尾碰撞，导致车辆位置异常，部分车辆横跨车道，造成后方车辆被迫减速避让或绕行。现场有多名人员下车查看情况，其中一人身穿反光背心，手持工具，在事故车辆旁进行交涉或处理。事故导致该车道通行受阻，后方车辆出现缓慢减速和排队现象，交通流受到一定影响。整体来看，事故未见明显抛洒物或碰撞痕迹，但车辆碰撞痕迹明显，且有人员下车处理，符合多车事故特征。
676,5529,占道施工_20240330005458_运行安全_35452551.mp4,占道施工,多车事故,2024年3月30日00:54至00:55，在外环高速武威路南（内）路段，多车事故发生。视频显示，事故区域有多辆车辆，包括轿车和货车，其中一辆黄色工程车在事故中短暂停下，后方车辆出现异常停车和碰撞痕迹，导致交通受阻。现场有人员下车查看情况，assen车辆与事故车辆发生位置异常，车道上散落着货物，车辆横跨车道或斜停，影响了后续车辆的正常通行。事故造成该路段交通流减缓，车辆排队缓慢行驶，且存在明显的交通信号灯和标线干扰，符合多车事故的典型特征。
677,5530,拥堵_20230821144719_突发事件_34616939.mp4,拥堵,多车事故,2023年8月21日14时47分至14时48分，在嘉闵高架东侧定焦路段，发生了一起多车事故。涉事车辆包括一辆白色SUV和一辆黑色SUV，两车在行驶过程中发生碰撞，导致车辆位置异常，斜停在左侧车道上。事故现场有人员下车查看情况，其他车辆被迫紧急避让或停滞，造成该路段交通流短暂受阻，其他车辆行驶缓慢。事故未见明显抛洒物或施工迹象，但车辆碰撞痕迹明显，且事故区域车辆存在缓慢移动或刹车声频发现象，符合多车事故的典型特征。
678,5531,拥堵_20240302153913_突发事件_35384591.mp4,拥堵,异常停车,2024年3月2日15时42分37秒，在外环高速蕴川立交西枪机2监控点位，一辆红色货车在行车道上突然减速并完全停止，且无明显故障迹象，其后方正常行驶车辆因避让该车而出现短暂减速或绕行行为，导致短时交通流紊乱。该车停靠位置位于高速公路主车道，处于非停车区域，且无交通信号灯或标志允许停车，属于异常停车行为，对后方车辆通行造成影响。
679,5532,占道施工_20231011024603_运行安全_34919184.mp4,异常停车,二轮车辆闯入,2023年10月11日02时45分至02时46分，外环高速北翟路路段夜间出现二轮车辆闯入交通事件。画面中可见两辆二轮车在主车道上行驶，未见明显违规行为，但该路段为高速公路，禁止非机动车通行，二轮车闯入属于典型违规行为。
680,5533,二轮车辆闯入_20230719204751_突发事件_6964387.mp4,二轮车辆闯入,多车事故,2023年7月19日20时17分，外环高速沪太立交西2枪机2监控画面显示，夜间道路上车辆正常行驶，一辆红色货车在左侧车道行驶过程中，后方载有大量纸箱的货车突然减速并完全停止，疑似发生故障或事故。随后，该红色货车重新启动继续行驶，但后方车辆被迫减速避让，形成短暂拥堵。左侧车道有一辆白色轿车因前方事故而减速并变道，导致后方车辆紧急变道避让，形成连锁反应。整个事故区域无明显施工设施、抛洒物或二轮车辆闯入迹象，但多车事故特征明显，包括车辆碰撞痕迹、异常停车、后方车辆紧急避让等，符合多车事故判断标准。
681,5534,占道施工_20230801005009_运行安全_33411651.mp4,占道施工,抛洒物,2023年8月1日00:49:59至00:50:58期间，东侧元江路入口3隧道内发生一起多车事故。一辆白色轿车在右侧车道行驶过程中突然减速并停靠于中央隔离带护栏旁，驾驶员下车查看情况，该车后方放置了多个交通锥桶，导致车道数量减少，其他车辆被迫减速或变道绕行。随后，一辆白色厢式货车从右侧车道驶过，也靠近了事故区域。两车均开启双闪灯，且驾驶员均未发生明显碰撞痕迹，但存在明显的紧急停车行为和临时停车行为。现场未见明显碰撞痕迹或人员伤亡，但交通锥桶的摆放影响了正常行车秩序，构成典型的抛洒物交通事件。整个事故过程持续约一分钟，车辆在事故点短暂停留并采取了临时安全措施。
682,5535,异常停车_20240604074559_突发事件_35670346.mp4,异常停车,二轮车辆闯入,2024年6月4日7时45分53秒，在嘉闵西桃浦公路南路段的高架桥上，一辆红色二轮电动车从右侧辅路驶入主车道，随后在多车道间穿行，驾驶员佩戴头盔，车辆有明显牌照。该电动车在行车道内行驶，与正常行驶的机动车并行，存在逆行和横穿车道的危险行为。由于该路段为城市快速路，禁止二轮车辆通行，且无专用二轮车道或明显禁止标志，该行为属于典型的二轮车辆闯入交通异常事件。其行为导致后方车辆需紧急避让，存在较大安全隐患，影响了道路通行秩序与安全。
684,5537,占道施工_20240515000709_运行安全_35590522.mp4,占道施工,多车事故,2024年5月15日00:07:02至00:08:00，在外环高速老沪闵路东（内）路段，多辆轿车和货车发生了交通事故。右侧车辆表现为紧急避让或停滞，一支车队车辆与后方车流发生碰撞，导致交通流量明显减缓，后方车辆出现缓行和排队现象。涉事车辆包括多辆轿车和货车，其中一辆大型货车被撞斜停，影响了应急车道的操作。事故区域设置有警示锥桶进行隔离，但未见明显的碰撞痕迹或车辆损坏，主要异常特征为多车紧急避让和交通流受阻。
685,5538,占道施工_20230803023237_运行安全_33418349.mp4,占道施工,二轮车辆闯入,2023年8月2日03时32分至03时33分，外环高速丰翔路南段出现二轮车辆闯入交通事件。视频中可见两辆二轮车在主车道上行驶，未见明显佩戴头盔或悬挂牌照，驾驶员未佩戴安全装备，车辆在夜间高速路上行驶过程中与多辆轿车保持较近距离，存在逆行、横穿车道等危险行为。该路段设有交通警示标志，但未设置专用二轮车道，且无专用二轮车道指示牌，导致二轮车误入主路，对正常行驶的机动车构成潜在安全隐患。现场无其他车辆发生碰撞，但该二轮车闯入行为违反了高速公路禁止非机动车及二轮车通行的规定，属于典型的二轮车辆闯入异常事件。
687,5540,异常停车_20240623072623_突发事件_35719435.mp4,异常停车,二轮车辆闯入,2023年7月23日07时25分38秒，外环高速吴中入口匝道（外）路段，一辆二轮车辆沿最右侧车道行驶，行驶过程中未在专用非机动车道或辅道内通行，属于闯入主路车道的危险行为。该二轮车驾驶员佩戴头盔，车辆无明显牌照标识，且在高速公路行驶过程中与多辆正常行驶的小型客车并行，存在较大安全隐患。其行为导致部分车辆紧急避让，影响了主路行车秩序，构成交通异常事件。
688,5541,二轮车辆闯入_20230718184215_突发事件_1962541.mp4,多车事故,二轮车辆闯入,2023年7月18日18时42分，外环高速龙吴路路段出现二轮车辆闯入交通事件。画面显示，一辆白色电动车行驶于最右侧车道，随后在无专用非机动车道且无明显允许通行标志的情况下，进入主车道区域，行驶方向与机动车流一致。该车驾驶员佩戴头盔，车辆无明显牌照，存在逆行风险。其行为导致后方车辆紧急避让，部分车辆减速绕行，对正常交通流造成干扰。该路段为高速公路，禁止二轮车辆通行，且无专用非机动车道，该车闯入属于典型违规闯入行为，构成交通异常事件。
691,5544,占道施工_20240519004817_运行安全_35605580.mp4,占道施工,多车事故,2024年5月19日00:48:13至00:49:10，外环高速沪嘉地道2（外）路段发生一起多车事故。现场有一辆灰色轿车与一辆白色厢式货车发生碰撞，车辆位置异常，白色厢式货车斜停于行车道，灰色轿车紧随其后并出现明显故障，导致后方车辆被迫减速绕行。事故区域设有警示牌和交通锥桶，以隔离事故点。该事故造成车道通行受阻，后方车辆出现紧急刹车与绕行现象，交通流出现短暂拥堵。事故车辆未开启双闪灯，且驾驶员下车查看情况，符合多车事故的典型特征。
693,5546,二轮车辆闯入_20230718131645_突发事件_1960885.mp4,二轮车辆闯入,多车事故,2023年7月17日13时17分38秒，在外环高速吴淞江桥南段，一辆红色货车在最右侧车道内缓慢行驶，未开启双闪灯，后方多辆货车、轿车因避让该车而紧急刹车，导致后方车辆形成明显排队现象，持续约1分钟。该车辆在行车道上突然停车，影响了正常交通流的通行效率，符合多车事故中驾驶员违规停车及车辆位置异常的特征。
694,5547,拥堵_20231125080309_突发事件_35152150.mp4,拥堵,多车事故,2023年11月25日星期五上午8时03分至8时04分，沪宁上行进出口路段出现多车事故交通事件。该路段为双向两车道的高速公路弯道，道路两侧有绿化带和房屋，右侧有小型水域。视频显示，多辆机动车在该路段行驶，包括一辆红色集装箱货车、一辆白色厢式货车及多辆小型轿车和货车在行驶过程中出现明显减速、并频繁变道避让或追尾前车。涉事车辆包括红色集装箱货车、白色厢式货车、白色轿车和黑色轿车等，部分车辆刹车灯持续亮起，表明存在紧急刹车行为，导致后方车辆形成连续的缓行和碰撞趋势。事故区域车辆位置异常，部分车辆横跨车道或斜停，影响了正常通行秩序。异常特征表现为车辆密集排队、行驶速度显著下降、车辆间存在紧急避让行为以及整体交通流受阻，符合多车事故判断标准中“多车碰撞”、“车辆碰撞痕迹”、“后方追尾”及“人员下车交涉”等特征。
696,5549,抛洒物_20240518054200_运行安全_35602636.mp4,抛洒物,多车事故,2024年05月18日星期六05:42:09，在外环北侧路路北段（G60市区-256 03），发生了一起多车事故。涉事车辆包括一辆红色平板货车、一辆白色轿车和一辆黑色SUV，它们在行驶过程中发生了碰撞。事故现场可见车辆位置异常，部分车辆斜停在车道上，且有明显的碰撞痕迹和货物散落。事故导致后方车辆被迫减速或绕行，交通流量明显受到影响，形成了短暂的拥堵现象。异常特征表现为车辆外观出现碰撞痕迹、位置异常以及后方车辆的避让行为。
697,5550,占道施工_20231207002302_运行安全_35196906.mp4,拥堵,多车事故,2023年12月7日00时22分至00时23分，嘉闵东京沪立交北入路段夜间发生多车事故交通事件。视频显示，事故发生在高架道路，路面湿滑，能见度较低。在画面右侧车道，一辆白色轿车与前方车辆发生追尾，导致车辆位置异常，白色轿车斜停于行车道，吓到后方车辆。现场有多名人员下车查看情况，其中一名身穿橙色反光工作服的男子在事故车辆旁行走，另一名身穿黄色反光背心的工作人员在车辆后方设置交通锥和警示标志。两辆涉事车辆均开启双闪灯，且位置明显，影响后方车辆正常通行。右侧车道设有“交替通行”提示牌，车辆在事故区域缓慢行驶或绕行。该事件符合多车事故判断标准，表现为多车碰撞、人员下车处理、车辆位置异常及交通秩序受扰。
700,5553,占道施工_20240519214642_运行安全_35609013.mp4,拥堵,多车事故,2024年5月19日21时46分至21时47分，在S6转外环内圈下匝道处，发生了一起多车事故。涉事车辆包括一辆大型货车和数辆小型轿车，车辆在匝道口处发生碰撞，导致车辆位置异常，部分车辆横跨车道或斜停，严重影响了交通秩序。事故现场有人员下车交涉，但车辆的碰撞痕迹明显，且有交警到场处理。该事件符合多车事故判断标准，主要异常特征是多个车辆出现碰撞痕迹且位置异常，对道路通行造成了显著影响。
701,5554,拥堵_20240311071901_突发事件_35399878.mp4,拥堵,多车事故,2024年3月11日7时18分至7时19分，沪闵高架至S4金山方向路段发生一起多车事故。视频显示该路段为双向车道，道路两侧绿树成荫，一辆白色面包车与前方蓝色轿车发生追尾，导致两车停在行车道上，后方车辆被迫减速避让。事故发生后，一名身穿浅色衣物的人员从白色面包车驾驶室下车并沿护栏行走，疑似查看情况。其他车辆包括黑色轿车、白色厢式货车及多辆其他小汽车均出现不同程度的避让行为，导致后方车辆排队缓行，交通流明显受阻。该事故未见明显碰撞痕迹，但车辆位置异常且驾驶员下车处理，符合多车事故特征，影响了正常通行秩序。
702,5555,占道施工_20231010223653_运行安全_34918540.mp4,占道施工,异常停车,2023年10月22日10时36分至10时37分，沪闵高架至S4金山方向1枪机1监控画面显示，一辆轿车在夜间行驶过程中出现异常停车行为，车辆停在行车道内且未开启双闪灯，存在安全隐患。该车辆停在非停车区域，导致后方多辆车辆被迫减速避让，部分车辆绕行至相邻车道，造成短时交通干扰。现场无明显施工设施或抛洒物，也未发现二轮车辆闯入，但该车辆长时间静止且无警示措施，符合异常停车特征，对道路通行安全构成影响。
703,5556,占道施工_20240517173528_运行安全_35602048.mp4,拥堵,异常停车,2024年5月12日17时35分，外环高速蕴川立交东段，一辆白色轿车与银色轿车发生轻微碰撞。事故发生后，驾驶员下车在车旁停留，且有多辆车辆从其左侧正常行驶，存在明显的多车事故特征，如车辆碰撞痕迹、车辆位置异常及驾驶员下车查看等。该事件对交通造成短暂影响，车辆出现异常停车或减速，影响了后续车流通行，但整体交通未完全中断。
704,5557,异常停车_20240623111249_突发事件_35719809.mp4,异常停车,多车事故,2024年06月23日11时12分45秒至11时13分42秒，G2进外环外圈匝道03路段在雨天条件下出现多车事故交通事件。视频显示，该路段为双向多车道高速公路，天气为雨天，路面湿滑。在视频起始位置靠近左侧应急车道处，一辆白色轿车与前方白色轿车发生追尾碰撞。后续车辆紧急避让或减速，导致后方车辆排队缓行，交通流受到明显影响。事故造成该车道通行受阻，形成局部拥堵。涉事车辆包括两辆白色轿车，其中白色轿车斜停于行车道，驾驶员下车在车旁停留，另一名人员从后方车辆下车靠近查看情况。现场未见明显人员伤亡或严重损坏，但车辆位置异常，存在追尾、侧碰痕迹，且无明显施工或抛洒物迹象，初步判断为单方事故。此事件符合多车事故判断标准，表现为多车碰撞痕迹、后方车辆避让行为、交通流中断等特征。
705,5558,占道施工_20230813011218_运行安全_34570190.mp4,占道施工,二轮车辆闯入,2023年8月13日凌晨1时12分至1时15分，外环高速吴中路路段出现“二轮车辆闯入”交通异常事件。在该时段内，一辆白色摩托车从右侧画面边缘驶入主车道，行驶于最右侧车道，未见其具备专用通行条件或合法通行权限，且在夜间照明条件下存在明显逆行风险。该摩托车在高速主路行驶过程中未与其他车辆发生碰撞，但其闯入行为违反了高速公路禁止二轮车辆通行的规定，构成二轮车辆闯入交通异常。
707,5560,异常停车_20240530203723_突发事件_35655743.mp4,异常停车,多车事故,2024年5月30日星期四凌晨4时37分至4时38分，外环高速沪渝立交路段出现多车事故交通事件。事故发生在夜间，路面湿滑，车辆普遍刹车灯亮起，车流缓慢行驶。在画面右侧车道，多辆轿车和货车发生碰撞痕迹，导致车辆位置异常，部分车辆横跨车道或斜停，形成明显的交通拥堵。现场未见明显人员下车交涉或交警到场处理，但车辆密集且刹车灯连成一片，表明存在多车事故的典型特征。此事件导致该路段通行效率显著下降，车辆排队长度持续增加，影响了整体道路交通秩序。
709,5562,拥堵_20231009185043_突发事件_34912540.mp4,拥堵,多车事故,2023年10月9日18时50分至18时51分，嘉闵东京沪立交北入路段夜间出现多车事故交通事件。视频显示，该路段为多车道高架道路，车流密集，车辆以较慢速度行驶。在画面右侧车道，多辆轿车和货车在行驶过程中出现连续追尾现象，车辆位置异常，部分车辆横跨车道或斜停，导致后方车辆紧急刹车并绕行避让。事故区域无明显碰撞痕迹或车辆损坏，但车辆间存在明显的碰撞痕迹和灯光闪烁，表明发生多车追尾事故。右侧应急车道未受影响，其他车道车流正常。该事故导致右侧车道通行受阻，车辆排队长度持续增加，影响了整体交通流畅性。异常特征表现为多辆车尾灯亮起，车辆位置异常、后方车辆紧急避让、车道被占用等典型多车事故特征。
710,5563,异常停车_20240530093549_突发事件_35653560.mp4,异常停车,二轮车辆闯入,2024年6月3日8时58分32秒至10时00分08秒，外环高速沪太立交西3枪机1监控画面显示，一辆红色货车在道路右侧应急车道内完全静止，车辆未开启双闪灯，疑似发生故障。该车后方约300米处有两名身穿深色衣物的人员站立围观，疑似车辆驾驶员正在处理故障或检查车辆状况。该区域为高速公路行车道，车流密集，多辆轿车、货车及大型运输车辆正常行驶。红色货车的异常停车行为导致后方部分车辆出现避让和减速现象，影响了正常交通秩序。现场无其他车辆碰撞痕迹或抛洒物，也未见施工设施或二轮车辆闯入迹象，初步判断为非紧急情况下违规停车引发的交通异常事件。
711,5564,占道施工_20231207030438_运行安全_35197239.mp4,异常停车,多车事故,2023年12月7日星期四凌晨3时04分至3时05分，外环高速吴中路路段发生一起多车事故。事故发生在夜间，道路照明良好，路面湿滑。涉事车辆包括一辆工程作业车、一辆黄色自卸货车及多辆正常行驶的车辆。其中，工程作业车与前方车辆发生追尾，导致工程车位置异常，横跨车道并斜停，引发后方车辆紧急避让和减速。事故现场设有警示标志和锥桶隔离，施工区域设有警示灯和反光锥桶，表明正在进行道路维护或抢修工作。车辆碰撞痕迹明显，部分车辆刹车灯持续亮起，交通流受到明显影响，车辆排队缓慢通行。事故未造成严重追尾或多车完全静止，但对通行造成一定干扰，属于典型的占道施工引发的多车事故。异常特征表现为车辆排列混乱、紧急避让行为、车道被占用以及施工设施遮挡等。
712,5565,二轮车辆闯入_20230721123501_突发事件_33393596.mp4,二轮车辆闯入,异常停车,2023年7月21日12时55分22秒至12时56分19秒，位于S4市区方向至S20外枪机2监控区域的高架道路处，一辆白色轿车在行车道内突然减速并完全停止，未见驾驶员下车或车辆故障迹象。该白色轿车在非停车区域静止不动，且无明显碰撞痕迹或警示设备，符合异常停车特征。
715,5568,拥堵_20240223080106_突发事件_35370040.mp4,拥堵,多车事故,2024年02月23日星期五08:01:04至08:01:58，外环高速吴中路路段发生一起多车事故。事故位于高速公路右侧车道，涉事车辆包括一辆白色货车、一辆白色厢式货车及多辆其他轿车和SUV，其中白色厢式货车与前方轿车及货车发生追尾碰撞。事故现场有多辆车位置异常，部分车辆横跨车道或斜停，导致后方车辆被迫减速或绕行。此事件中，交通流量明显受阻，后方车辆排队缓慢通行，形成持续拥堵，影响了整体道路的正常通行效率。异常特征表现为多辆车存在碰撞痕迹、车辆位置异常以及后方车辆紧急避让行为。
716,5569,占道施工_20240112011703_运行安全_35312035.mp4,拥堵,异常停车,2024年1月1日12时17分02秒至12时17分59秒，外环高速武威路南（内）路段夜间监控画面显示，道路照明良好，车流密集。一辆红色货车停靠在最外侧车道，车辆开启双闪灯，未见明显故障迹象。随后车辆驶离，现场无其他施工或异常停车行为。
717,5570,二轮车辆闯入_20230719200345_突发事件_6964170.mp4,二轮车辆闯入,多车事故,2023年7月19日20时03分43秒至20时04分07秒，嘉闵高架东侧民生路北方向路段夜间监控画面显示，一辆白色轿车与银色轿车在行车道内发生碰撞，导致两车位置异常，白色轿车斜停在车道上，银色轿车右侧驶入并打滑在主路位置，其后方紧随多辆其他车辆（包括轿车、货车）出现减速、避让或排队现象。事故区域无明显施工设施、二轮车辆闯入或抛洒物情况，也无明显异常停车或拥堵排队现象，但多车碰撞已导致车辆行驶受阻，形成短暂交通停滞，符合多车事故特征，其中白色轿车驾驶员下车查看情况，可能存在交涉行为。
719,5572,占道施工_20231125003146_运行安全_35150580.mp4,占道施工,多车事故,2023年11月25日00时31分48秒至00时32分37秒，嘉闵西侧隧道内发生一起多车事故。视频显示，该路段为夜间隧道环境，路面湿滑，车辆行驶中，一辆白色轿车与前方白色轿车发生追尾。事故发生后，后方车辆紧急避让或减速，导致车流短暂拥堵，多辆轿车在车道内发生位置偏移，部分车辆出现变道不慎现象。现场未见明显人员下车交涉或交警到场，但事故区域存在车辆位置异常、刹车灯持续亮起等典型追尾特征，影响了后续车辆正常通行，符合多车事故判断标准中的多项异常行为。
720,5573,异常停车_20240624212135_突发事件_35722532.mp4,异常停车,多车事故,2024年6月24日21时24分31秒至21时25分28秒，外环高速京沪立交南1（外）路段夜间，最右侧车道发生一起多车事故，涉事车辆包括一辆红色货车、一辆红色轿车及多辆其他小型车辆，车辆在行驶过程中发生碰撞碰撞痕迹明显，车辆位置异常，其中货车与前方车辆合流处无警示标志，后方车辆被迫减速避让，造成交通流受阻，该事件符合“多车事故”判断标准。
721,5574,二轮车辆闯入_20230717161734_突发事件_1356387.mp4,二轮车辆闯入,多车事故,2023年7月17日16时17分30秒左右，在外环高速莘庄立交东（外）路段，一辆白色轿车与一辆灰色SUV疑似发生碰撞，在行车道上停车并且驾驶员下车查看情况。该行为导致后方车辆出现紧急避让或减速现象，影响了道路的正常通行秩序，符合多车事故的异常特征，即两辆及以上机动车发生碰撞、追尾、事故后共同滞留。
722,5575,异常停车_20240624215416_突发事件_35722534.mp4,拥堵,二轮车辆闯入,2024年6月24日21时54分13秒至21时55分02秒，外环高速莘庄立交东（外）路段出现二轮车辆闯入交通事件。一辆摩托车在无专用二轮车道的情况下，从右侧车道驶入主路，行驶过程中未见明显佩戴头盔，且在车流密集区域穿行，存在横穿车道等危险行为。该摩托车在高速行驶的车流中穿插行驶，周围多辆汽车紧急避让，部分车辆刹车灯亮起，造成局部交通秩序紊乱，存在较大安全隐患。该路段为城市快速路，禁止二轮车辆通行，此行为属于典型的二轮车辆闯入异常事件，对道路安全构成威胁。
724,5577,占道施工_20240105232721_运行安全_35296316.mp4,占道施工,多车事故,2024年1月5日23时27分，外环高速塘桥路段夜间监控画面显示，一辆白色轿车与一辆灰色SUV疑似发生碰撞，位于道路中间区域，车辆停在行车道上。事故车辆未完全静止，仍继续行驶，但后方多辆汽车因避让或减速造成多车事故。现场无明显人员下车交涉，也未见施工设施或抛洒物，但车辆位置异常，横跨车道，导致后方车辆行驶受阻，形成短暂拥堵。该事件符合多车事故判断标准，表现为两辆及以上机动车碰撞痕迹、车辆位置异常及交通流受阻。
725,5578,拥堵_20230922143338_突发事件_34846350.mp4,拥堵,异常停车,2023年9月22日14时13分至14时14分，位于城市高架道路的某路段发生多车事故。涉事车辆包括一辆白色SUV、一辆绿色轿车等，其中一辆白色SUV与前方蓝色轿车发生碰撞，导致蓝色轿车斜停在车道上，车辆位置异常，横跨部分车道，导致后方车辆被迫减速或绕行。事故现场未见明显人员下车交涉或交警到场，但可见其他车辆紧急避让或缓慢通行，交通流明显受阻，车辆排队长度持续增加，影响了整体通行效率。该事件符合多车事故判断标准，表现为车辆碰撞痕迹、异常停车及交通秩序紊乱。
728,5581,拥堵_20230815180329_突发事件_34588020.mp4,拥堵,异常停车,2023年7月18日15时07分，外环高速沪太立交西2枪机监控画面显示，一辆白色轿车与一辆白色货车在最右侧应急车道停靠疑似发生交通事故。该白色轿车与货车停靠位置位于道路右侧护栏旁，白色轿车车门打开，驾驶员下车站在车旁，而白色货车车门打开，未见人员下车或人员活动。该区域为高速公路行车道，无停车标志、信号灯或施工提示，但白色轿车突然停靠导致后方多辆货车及小客车紧急避让，形成短暂拥堵。涉事车辆包括白色轿车、白色货车，均处于正常行驶状态但因前方交通干扰而减速或变道。事故未见明显碰撞痕迹或车辆损坏迹象，但车辆异常停车行为引发后续交通干扰，存在安全隐患。
730,5583,占道施工_20231014005212_运行安全_34934959.mp4,占道施工,多车事故,2023年10月14日00:52:09至00:52:58期间，嘉闵西侧德华路高架桥夜间监控画面显示，一辆白色轿车与前方车辆发生追尾事故。事故导致两车发生剧烈追赶，车辆横跨车道并斜停，造成交通流明显受阻。涉事车辆包括白色轿车及后车，均开启刹车灯，现场有人员下车查看情况。事故区域设置有交通锥桶隔离，车道被部分封闭，车辆被迫绕行或减速。该事件符合多车事故判断标准，表现为两辆及以上机动车碰撞痕迹、车辆碰撞、引发追尾、影响行车安全及存在人员下车交涉行为。
731,5584,占道施工_20230926024303_运行安全_34862819.mp4,占道施工,多车事故,2023年9月26日凌晨2时43分，嘉闵东金沙江路出入口附近路段发生一起多车事故。视频显示，该路段为夜间照明良好的高架道路，双向车道被多个红白相间的交通锥桶分隔，形成临时隔离带。左侧车道有一辆白色轿车与前方车辆发生追尾，导致后方车辆紧急刹车并出现拥堵现象，形成明显的交通干扰。右侧车道未受影响，车辆正常通行。事故区域未见明显抛洒物或人员下车交涉，但车辆间存在明显的碰撞痕迹和位置异常，符合多车事故特征。整体影响较小，但存在潜在的追尾风险，属于典型因追尾导致的路面干扰事件。
732,5585,拥堵_20240108154717_突发事件_35302757.mp4,拥堵,多车事故,2024年01月08日15:49至15:50，在外环高速铁力路西枪机2处，发生了一起多车事故。涉事车辆包括多辆大型货车和轿车，其中红色货车和白色货车发生了碰撞，导致车辆位置异常，部分车辆横跨车道或斜停在道路上。现场有人员下车查看情况，交通一度受阻，后方车辆被迫减速或绕行。事故造成了该路段的交通拥堵，车辆缓慢移动，排队长度明显增加，且持续一段时间无缓解趋势，符合多车事故的异常特征。
734,5587,拥堵_20231009073719_突发事件_34910520.mp4,拥堵,多车事故,2023年10月9日星期二早上7点37分至7点38分，位于城市高架道路的某路段发生多车事故。涉事车辆包括一辆白色面包车及多辆小型轿车，其中白色面包车在行驶过程中与前方车辆发生碰撞，导致后方车辆紧急刹车并形成明显的交通拥堵。事故现场有多辆车位置异常，部分车辆斜停或横跨车道，有车辆明显减速或停滞。事故区域未见人员下车交涉或交警到场，但车辆持续缓慢移动，影响了该路段的正常通行秩序。异常特征表现为车辆密集排列、车速显著降低、后方车辆被迫跟随减速以及存在追尾和刮擦痕迹，符合多车事故的典型特征。
735,5588,拥堵_20240129142521_突发事件_35345183.mp4,拥堵,多车事故,2023年12月29日14时14分，S20内至G60出省方向的高架路段发生多车事故。视频显示，该路段为双向两车道，道路两侧绿树成荫，上方有跨线桥通行其他车辆。右侧车道有一辆红色货车与前方车辆发生追尾，导致后方多辆轿车紧急刹车并形成明显的交通拥堵。涉事车辆包括红色货车、白色厢式货车及多辆小轿车，均处于静止或低速行驶状态，部分车辆斜停或碰撞痕迹明显。左侧车道车流相对顺畅，但受右侧事故影响，整体通行速度下降。事故现场未见明显人员下车交涉或交警到场处理，但车辆密集且持续排队，符合多车事故特征。此事件导致该路段交通流量显著下降，影响了正常通行秩序。
738,5591,占道施工_20231206231306_运行安全_35196730.mp4,占道施工,多车事故,2023年12月6日23时13分至23时14分，外环高速老沪闵路东（内）路段发生一起多车事故。事故发生在夜间，道路照明良好，车流密集。涉事车辆包括多辆大型货车、集装箱车及小型轿车，部分车辆在行驶过程中因突发情况发生碰撞，导致车辆位置异常，部分车辆横跨车道或斜停，现场有人员下车查看情况。事故造成该路段交通流明显受阻，后方车辆被迫减速或绕行，形成短暂拥堵。现场未见明显抛洒物或异常停车现象，也无二轮车辆闯入或占道施工迹象，但多车事故特征（车辆碰撞痕迹、异常停车情况）明显，符合典型多车事故判断标准。
739,5592,拥堵_20231211175314_突发事件_35211861.mp4,拥堵,多车事故,2023年12月11日17时53分至17时54分，外环高速吴中路路段夜间出现多车事故交通事件。视频显示，该路段双向车流密集，左侧车道车辆行驶缓慢，右侧车道车流相对正常，但左侧车道中多辆轿车和货车因前方车辆减速或停车形成拥堵，导致后方车辆紧急刹车并逐渐形成排队现象。其中，一辆白色轿车与前方白色货车疑似发生追尾碰撞，产生明显碰撞痕迹，部分车辆横跨车道，造成通行受阻。右侧车道未见明显事故，但左侧车道发生多车事故，包括一辆红色货车与多辆小轿车发生追尾，引发后方车辆紧急避让和减速。事故区域车辆行驶速度显著降低，存在明显的车辆碰撞痕迹和位置异常，符合多车事故特征。
740,5593,占道施工_20240324230632_运行安全_35437131.mp4,占道施工,多车事故,2024年3月24日23时06分至23时07分，外环高速老沪闵路东（内）路段发生多车事故。现场可见多辆车辆在夜间行驶过程中出现紧急避让和减速行为，包括白色轿车、货车及出租车等，导致车流密集拥堵。其中一辆红色货车与前方白色车辆发生追尾，导致两车停在车道中央，引发后方车辆紧急变道和减速。现场有多名人员下车查看情况，其中一辆黄色工程车停靠在应急车道，周围放置警示标志，疑似参与事故救援。事故造成该路段通行效率显著下降，车辆排队长度持续增加，且无明显缓解趋势，符合多车事故特征。
742,5595,异常停车_20240622200110_突发事件_35719194.mp4,异常停车,多车事故,2024年6月22日20时01分，外环高速吴淞江桥南路段夜间监控画面显示，一辆白色轿车与一辆灰色轿车在最右侧行车道上发生碰撞，导致两车位置异常，白色轿车斜停于车道内，灰色轿车侧身斜窜，周围多辆汽车紧急避让或减速。事故后两车均开启双闪灯，导致该路段交通流明显受阻，后方车辆出现缓慢通行及排队现象，交通流仍处于高峰时段，显示拥堵态势。现场无明显人员下车交涉或交警到场，但车辆位置异常且存在追尾迹象，符合多车事故特征。
743,5596,占道施工_20240312231703_运行安全_35404903.mp4,占道施工,多车事故,2024年03月12日23:17:00至23:17:59，在外环高速沪太立交东1-2路段，发生了一起多车事故。涉事车辆包括一辆红色轿车和一辆白色SUV，两车在行驶过程中发生碰撞碰撞痕迹明显，车辆位置异常，斜停在左侧道路。事故现场有人员下车查看情况，其他车辆被迫紧急避让或停滞，造成了交通拥堵。异常特征表现为车辆碰撞痕迹、位置异常以及现场交通秩序混乱，进一步影响了该路段的正常通行。
744,5597,占道施工_20230815015002_运行安全_34580011.mp4,占道施工,多车事故,2023年8月15日0时50分至0时51分，外环高速吴中路-1枪机1监控画面显示，夜间高速公路右侧车道发生一起多车事故。一辆红色轿车与前方车辆发生追尾事故，涉事车辆包括红色轿车、白色货车，均出现不同程度位置偏移或碰撞痕迹，部分车辆横跨车道并存在紧急避让行为。现场有多名人员下车查看情况，其中一人站在红色轿车旁，另一人靠近白色货车，均身穿反光背心。事故造成该车道通行受阻，后方车辆被迫减速绕行，交通流出现短暂缓行，但未形成大规模拥堵。整体异常特征表现为多车碰撞、车辆外观异常、人员下车处置，符合多车事故判断标准。
745,5598,拥堵_20231009162722_突发事件_34911991.mp4,抛洒物,多车事故,2023年10月10日星期四16时27分，位于某城市高架桥路段的监控画面显示，多辆机动车在道路上正常行驶，一辆白色轿车与一辆蓝色SUV疑似发生碰撞，位于道路中央偏右位置。事故导致后方车辆减速避让，部分车辆绕行至右侧车道，造成该路段交通流明显受阻。涉事车辆包括白色轿车、蓝色SUV，均处于横跨车道状态，未见人员下车交涉或车辆停顿时间较长。事故区域无施工设施、无二轮车辆闯入，也未见抛洒物，但车辆位置异常，影响了正常通行秩序，符合多车事故的典型特征。
746,5599,二轮车辆闯入_20230721110024_突发事件_33393508.mp4,二轮车辆闯入,多车事故,2023年12月21日13时00分至13时01分，外环高速武威路南（内）路段发生一起多车事故。事故发生在高速公路主车道上，涉事车辆包括一辆红色货车、一辆白色厢式货车、一辆黑色轿车及多辆其他小型车辆，这些车辆在行驶过程中因避让或碰撞发生错位或碰撞，导致部分车辆横向偏移、碰撞碰撞痕迹明显，部分车辆紧急刹车或绕行，造成该路段交通流受阻，通行效率下降。事故现场未见明显人员下车交涉或交警到场处理，但可见车辆间存在明显的碰撞痕迹及位置异常，符合多车事故特征。此事件未直接影响其他道路车辆正常通行，但已对交通流造成一定影响。
747,5600,占道施工_20240314062536_运行安全_35408187.mp4,占道施工,异常停车,2024年3月14日06:29:32至06:30:30期间，外环高速锦秋路北段监控画面显示，一辆红色货车在道路右侧应急车道内完全静止，车辆开启双闪灯，一名身穿橙色反光背心、头戴安全帽的作业人员在车旁进行施工作业。该车后方设置了一排绿色护栏，车辆位置处于非停车区域，且无交通信号灯或标志允许停车。周围其他车辆正常行驶，但因该车静止存在安全隐患，属于典型的异常停车行为。
748,5601,拥堵_20230829193639_突发事件_34665815.mp4,拥堵,多车事故,2023年8月19日29时36分35秒至29时36分49秒，外环高速沪太立交东段出现多车事故交通事件。视频显示，该路段为夜间高速公路，车流密集，多辆轿车、货车及大型运输车辆在多个车道内缓慢行驶或停滞，车距明显缩短，刹车灯连成一片红色光带，表明车辆处于异常停车或低速移动状态。其中，一辆白色轿车与前方货车发生追尾，导致后方车辆紧急刹车并绕行避让，形成连锁碰撞。现场未见明显碰撞痕迹或人员下车交涉，但事故车辆占据部分车道，导致通行受阻，后方车辆被迫减速排队，形成明显的交通拥堵现象。涉事车辆包括白色轿车、红色货车、黑色轿车等，均处于静止或低速行驶状态，未见明显移动或事故处理情况。该事故特征表现为多车连续碰撞，发生在高速公路主干道上，对通行效率造成显著影响，符合多车事故判断标准。
749,5602,拥堵_20231216093549_突发事件_35232204.mp4,拥堵,二轮车辆闯入,2023年12月16日星期一上午9时36分，外环高速京沪铁路桥南路段，多辆机动车在正常行驶过程中，未见任何二轮车辆闯入主车道或二轮车辆与机动车并行现象。
750,5603,二轮车辆闯入_20230715120549_突发事件_1149575.mp4,二轮车辆闯入,异常停车,2023年7月15日12时05分35秒，在外环高速吴淞江桥南路段，一辆红色货车在最右侧车道上异常停车，车辆完全静止且未开启双闪灯，疑似发生故障或违规停车。该行为导致后方多辆车辆被迫减速避让，交通流出现短暂缓行，影响了道路通行效率。异常特征表现为车辆非正常停放、未开启警示灯且无人员下车处理。
751,5604,拥堵_20231004092946_突发事件_34892836.mp4,拥堵,二轮车辆闯入,2024年5月4日09时49分12秒至09时50分10秒，S20内至G60出省方向高架路段出现二轮车辆闯入事件。画面显示，一辆红色货车停靠在最右侧导流线内，红色二轮车从其后方驶入主车道，随后继续沿主路行驶。该二轮车未见明显佩戴头盔，且在车流密集区域存在逆行、横穿车道等危险行为，存在较大安全隐患。该行为导致后方多辆汽车紧急避让，部分车辆减速绕行，对正常交通秩序造成干扰，属于典型的二轮车辆闯入交通异常事件。
753,5606,拥堵_20240313172446_突发事件_35407752.mp4,拥堵,异常停车,2024年6月19日17时28分至17时29分，外环高速北翟路立交桥段监控画面显示，一辆红色集装箱货车与一辆白色轿车在最右侧车道发生碰撞，车辆出现异常停靠，随后驶离现场。该车与白色轿车均开启双闪灯，导致后方车辆被迫减速避让，形成局部拥堵。现场无明显二轮车辆闯入现象，但车辆异常停车行为对通行秩序造成影响，符合“异常停车”判断标准。
755,5608,占道施工_20231031015440_运行安全_35024426.mp4,占道施工,多车事故,2023年10月31日01时54分至01时55分，S20外至G60出省方向路段发生一起多车事故。事故发生在夜间，道路两侧设有绿化带，路面湿滑，车辆在行驶过程中发现，一辆黑色轿车与前方车辆发生追尾碰撞，导致黑色轿车斜停于行车道，其后方放置了三角警示牌，随后有人员下车查看情况。随后多辆货车、轿车陆续通过该事故区域，部分车辆变道避让，交通流受到明显影响，形成短暂拥堵。该事故未见明显追尾或碰撞痕迹，但已引发后方车辆减速绕行，符合多车事故特征，表现为多辆车位置异常、人员下车处置、后方车辆排队缓行等典型征象。
756,5609,占道施工_20230919004415_运行安全_34818519.mp4,占道施工,多车事故,2023年9月19日00:44至00:45期间，外环高速沪太立交东1-1 03路段夜间发生多车事故。视频显示，事故区域位于高速公路右侧车道，涉事车辆包括一辆白色货车、一辆白色厢式货车及多辆其他小型车辆，其中多车发生事故后不同程度偏移或减速。现场可见红色警示锥桶用于隔离事故区域，部分车辆位置异常，存在碰撞痕迹和货物散落现象。事故造成该方向交通流受阻，车辆排队缓慢通行，影响了整体通行效率。异常特征表现为车辆密集排列、刹车灯持续亮起、车道占用明显，符合多车事故判断标准。
759,5612,拥堵_20240226162548_突发事件_35375253.mp4,拥堵,多车事故,2024年2月26日16:25至16:26，在嘉闵西侧定焦03路段，发生了一起多车事故。涉事车辆包括一辆白色SUV和一辆黑色SUV，其中白色SUV疑似追尾前车黑色SUV，所以这次事故的异常特征是有车辆出现碰撞痕迹且事故车辆位置异常，导致后方车辆被迫减速或绕行，影响了道路的正常通行。事故现场可见多辆车缓慢移动或完全停止，刹车灯亮起，进一步证实了该路段的交通拥堵状况。此次事故的直接原因未明确显示，但车辆的碰撞痕迹和异常停车情况足以判定为多车事故，且对交通流产生了持续影响。
760,5613,拥堵_20231208122646_突发事件_35204842.mp4,拥堵,多车事故,2023年12月8日12时58分至12时59分，外环高速沪嘉地道2（外）路段出现“多车事故”交通事件。画面显示，该路段为多车道高速公路，车流密集，包含轿车、货车、厢式货车及大型运输车辆等多种车型。在视频起始阶段，右侧车道靠近中央护栏处发生多车事故，涉事车辆包括一辆白色厢式货车、一辆白色轿车及多辆其他小型车辆，其中白色厢式货车与前方车辆发生碰撞，导致后方车辆紧急刹车或绕行。事故造成右侧车道车辆排队缓行，通行速度明显下降，影响了整体交通流。事故区域未见明显人员下车交涉或交警到场处理，但车辆位置异常，部分车辆斜停或横跨车道，存在追尾、侧碰和打滑等情况。该事件符合“多车事故”判断标准，表现为多辆车位置异常、连续发生碰撞事故，且发生在高速公路主干道上，对通行秩序造成显著影响。
761,5614,占道施工_20231017225637_运行安全_34952771.mp4,拥堵,占道施工,2023年10月17日22时56分至22时57分，G60市区方向至S20内环高架路段发生占道施工交通事件。现场可见一辆黄色工程车停靠在最左侧车道，车后方设置了一排红白相间的交通锥桶，形成临时隔离带，占用部分行车道。两名身穿反光背心的施工人员在锥桶旁进行作业，其中一人手持工具在锥桶旁移动，另一人靠近车辆观察。施工区域前方设有警示灯，提示车辆注意避让。多辆机动车（包括轿车、货车、大型运输车及工程车）正常行驶通过该区域，部分车辆因车道变窄而减速或变道绕行，整体车流保持有序通行，未出现严重拥堵或事故。该施工行为符合“占道施工”异常特征，施工设施遮挡车道，施工人员在场作业，且设有警示标志和灯光提示，符合规范要求。
763,5616,占道施工_20230803034708_运行安全_33420033.mp4,占道施工,多车事故,2023年8月3日03时47分，S20LSTV05监控点位夜间拍摄的一条城市快速路夜间行车记录画面，画面中一辆白色轿车与前方车辆发生追尾碰撞，导致两车停在行车道上，后方车辆被迫减速绕行或停滞，造成该路段交通流明显受阻。涉事车辆包括白色轿车、白色货车，均处于静止状态，未见人员下车或交警到场处理。事故现场设置有连续的交通锥桶隔离带，部分车道被封闭，但未见施工设施或明显抛洒物。该事件属于多车事故，异常特征表现为多辆车在夜间突然停车引发碰撞，影响了道路通行效率，且事故区域车辆位置异常，存在追尾、侧碰痕迹，符合多车事故判断标准。
764,5617,占道施工_20231031232432_运行安全_35027571.mp4,占道施工,多车事故,2023年10月31日23时24分至23时25分，S20外环线至S4金山方向的高架道路上发生多车事故。视频显示，该路段为夜间照明良好但车流密集的弯道区域，道路右侧车道有多辆机动车发生追尾、碰撞并停顿，车辆位置异常，部分车辆横跨车道或斜停，导致后方车辆被迫减速或绕行。涉事车辆包括多辆轿车和货车，其中一辆大型客车因事故影响出现明显碰撞痕迹，部分车辆灯光闪烁，存在紧急刹车迹象。事故现场设有警示锥桶，用于隔离事故区域，但未见人员下车交涉或交警到场处理。该事故导致后方车辆排队缓慢通行，交通流明显受阻，存在拥堵风险，符合多车事故的典型特征。
766,5619,拥堵_20230815155509_突发事件_34583864.mp4,拥堵,多车事故,2023年8月15日15时54分至15时55分，外环高速沪太立交东段出现多车事故交通事件。视频显示，该路段为双向多车道高速公路，右侧车道停有多辆货车及轿车，左侧车道车流相对正常。在视频起始阶段，右侧车道靠近中央绿化带处发生追尾事故，涉事车辆包括多辆大型货车和小型轿车，其中一辆蓝色货车与前方货车发生明显碰撞，导致后方车辆紧急刹车或绕行。事故造成右侧车道通行受阻，后方车辆排队缓慢行驶，形成拥堵态势。现场未见明显人员下车交涉或交警到场处理，但事故持续约一分钟，影响范围覆盖多个车道，且无施工或抛洒物等其他干扰因素。整体异常特征表现为多车追尾碰撞、车辆位置异常及持续缓行。
768,5621,拥堵_20230801133135_突发事件_33411920.mp4,拥堵,二轮车辆闯入,2023年8月1日13时31分至13时32分，外环高速仙霞路南（外）路段出现二轮车辆闯入交通事件。视频中可见两辆二轮车在车流中穿行，未在专用非机动车道或辅道行驶，且无明显禁止标志区域，车辆在密集车流中穿行存在较大安全隐患，导致周边车辆紧急避让，影响了正常交通秩序。该行为符合二轮车辆闯入的异常特征，属于典型违规通行行为。
769,5622,抛洒物_20240616081031_运行安全_35707402.mp4,抛洒物,异常停车,2024年6月16日星期日08:10:23，在城市高架桥路段，一辆红色货车在行车道内完全静止，驾驶员下车活动，符合异常停车判断标准。
770,5623,异常停车_20240614044604_突发事件_35702774.mp4,异常停车,多车事故,2024年6月14日04:50:25至04:50:34期间，外环高速沪太立交东2枪机2监控画面显示，在雨天湿滑路面上，多辆机动车在道路上正常行驶过程中，未发现明显多车事故迹象。
771,5624,拥堵_20230926160503_突发事件_34866021.mp4,拥堵,多车事故,2023年9月26日16时5分30秒左右，在嘉闵西侧隧道内右侧车道发生一起多车事故。视频显示，一辆白色轿车与白色面包车停靠在最右侧车道，两车疑似发生碰撞，导致面包车位置异常并需紧急避让。事故发生后，驾驶员下车查看情况，周围车辆因避让而出现明显减速和变道行为，交通流受到一定影响，后续车辆紧随其后，形成短时拥堵。事故区域无明显抛洒物，但车辆位置异常且存在追尾情况，符合多车事故特征，且事故发生在隧道内高速度行驶环境下的典型风险区域。
776,5629,占道施工_20240117000318_运行安全_35322849.mp4,占道施工,多车事故,2024年01月17日星期三凌晨03:00:14，在外环高速铁山路段，发生了一起多车事故。涉事车辆包括一辆大型货车和一辆小轿车，两车在右侧车道发生了碰撞事故，导致货车停在车道上，车身位置异常，疑似双闪停靠。事故现场放置了多个交通锥桶进行隔离警示。涉事车辆人员下车查看情况，其中可能涉及BSD（禁止BSD）行为。该事故导致后方车辆被迫减速绕行，交通流出现短暂拥堵，影响了该路段的正常通行秩序。异常特征表现为货车明显位置异常和紧急避让行为，符合多车事故的判断标准。
778,5631,异常停车_20240603213331_突发事件_35669283.mp4,异常停车,二轮车辆闯入,2024年6月3日21时33分至21时34分，外环高速吴淞江桥南路段夜间监控画面显示，一辆白色轿车与一辆白色货车在最右侧应急车道停靠，白色轿车长时间静止不动，符合“多车事故”异常特征，其车辆位置异常且未见驾驶员下车处理，符合“二轮车辆闯入”判断标准。
780,5633,抛洒物_20240607111619_运行安全_35683421.mp4,抛洒物,拥堵,2024年6月7日11时16分至11时17分，外环高速沪太立交东1-2路段，一辆白色轿车与一辆灰色轿车发生轻微碰撞。该事件位于监控画面左侧车道，白色轿车无明显碰撞痕迹，但后方黑色轿车因避让导致车流缓慢。后续车辆出现缓慢行驶现象，部分车辆出现变道行为，交通流出现轻微拥堵。事故区域未见其他车辆碰撞痕迹或抛洒物，整体交通仍保持基本运行状态，未出现长时间缓行或拥堵情况。异常特征为：两车出现追尾前车继续前行，后方车辆因避让而变道，形成短暂拥堵。
781,5634,占道施工_20240524001556_运行安全_35628719.mp4,占道施工,异常停车,2024年5月24日00:15:26至00:16:23，在S26沪常高速CCTV11（K15+910）路段，多辆汽车在夜间行驶过程中，出现紧急避让行为，其中一辆白色轿车在行驶过程中明显减速并完全停止在行车道上，后方多辆车辆被迫减速或变道绕行，导致整体交通流出现短暂滞缓。该车辆停在非停车区域，且无交通信号灯或标志允许停车，属于异常停车行为，对后方车辆行驶安全构成潜在威胁。该事件符合“异常停车”判断标准。
782,5635,占道施工_20240118000712_运行安全_35325092.mp4,占道施工,多车事故,2024年01月18日00:07:00至00:07:29，在外环高速蕴藻浜桥北2（外）路段，多辆货车和轿车发生事故。画面显示，一辆白色轿车与前方货车发生追尾事故，白色轿车斜停在车道上，导致车辆位置异常。旁边一辆白色厢式货车也出现明显碰撞痕迹，驾驶室开启双闪灯，后方车辆因避让事故车辆而紧急刹车或变道，造成该路段交通流受阻。涉事车辆均出现位置异常，部分车辆人员下车查看情况，现场未见交警到场处置，但事故的实际影响范围较大，且持续时间较长，导致后续车辆行驶缓慢，形成短暂拥堵。事故未见明显抛洒物，但车辆碰撞痕迹清晰可见，符合多车事故特征。
783,5636,异常停车_20240529022442_突发事件_35647732.mp4,异常停车,二轮车辆闯入,2024年5月29日02时24分31秒至02时25分30秒，外环高速北翟路路段夜间监控画面显示，一辆白色轿车在最左侧车道行驶过程中突然减速并完全停止，车辆未开启双闪灯，且驾驶员未见下车或采取警示措施。该车停靠位置位于行车道，非临时停车区域，且周围无施工、事故或抛洒物等明显异常情况。随后，一辆黑色轿车从右侧车道驶来并超越白色轿车，进入同一车道，继续沿该路段向前行驶。此行为符合异常停车判断标准中的“车辆在非停车区域完全静止”“未开启双闪灯”“后方车辆被迫绕行或减速”等特征，构成二轮车辆闯入交通事件。
784,5637,异常停车_20230716162353_突发事件_1154677.mp4,异常停车,多车事故,2023年7月16日16时23分58秒，在外环高速莘庄立交东（外）路段，一辆蓝色轿车与一辆白色轿车发生轻微碰撞。该行为导致后方车辆减速避让，交通流出现短暂缓行，但未造成严重拥堵。事故车辆均停在车道上，无明显停车标志或违规变道行为，驾驶员下车在车旁停留，且其他车辆绕行避让。该事件符合多车事故特征，表现为小轿车与前车二轮车追尾，造成前后车位置偏移及行驶受阻，属于典型多车事故，影响了道路通行效率但未形成严重交通阻塞。
785,5638,拥堵_20231127110712_突发事件_35159933.mp4,拥堵,多车事故,2023年11月27日11时02分至11时08分，外环高速莘庄立交东（外）路段出现“多车事故”交通事件。画面显示该路段双向车道车流密集，右侧应急车道停有多辆白色货车及轿车，部分车辆位置异常，疑似发生追尾碰撞。现场未见明显抛洒物或人员下车交涉，但车辆间存在明显的碰撞痕迹，导致交通秩序受到影响。事故区域车辆行驶缓慢，后方车辆被迫减速避让，形成短时拥堵。该事件符合多车事故判断标准，表现为多车碰撞、碰撞痕迹及车辆位置异常。
786,5639,占道施工_20231025002224_运行安全_34991132.mp4,占道施工,二轮车辆闯入,2023年10月25日00:22:18至00:23:16期间，嘉闵高架东侧西虹江南路段夜间出现二轮车辆闯入交通事件。一辆摩托车从画面右侧驶入主车道，沿道路中间车道由南向北行驶，未见其在专用非机动车道或辅路通行，且该路段无明显二轮车专用通道标识。该摩托车在车流中穿行，与前方多辆警车及工程车辆并行，存在较大安全隐患。现场设有警示锥桶和临时围挡，但未完全封闭主路，部分车道被占用，导致后方车辆需减速避让，影响了正常通行秩序。该二轮车在夜间灯光照射下可见明显牌照，其闯入行为违反交通规则，构成典型二轮车辆闯入异常事件。
789,5642,异常停车_20240625180222_突发事件_35725201.mp4,异常停车,多车事故,2024年6月25日18时06分，位于高速公路某路段的区域，一辆白色轿车在雨天开启双闪后驶离。
790,5643,拥堵_20240316145206_突发事件_35416360.mp4,拥堵,多车事故,2024年3月14日16时55分至16时56分，外环高速沪太立交西1（内）路段出现多车事故交通事件。事故发生在高速公路右侧车道，多辆轿车和货车在行驶过程中出现疑似追尾、碰撞痕迹，车辆位置异常，横跨部分车道，导致该区域交通流受阻。涉事车辆包括多辆大型货车、轿车及小型客车，其中一辆白色厢式货车和一辆绿色集装箱货车较为明显，部分车辆斜停或缓慢移动，未见明显停车或处理情况。事故现场无明显施工设施或抛洒物，但车辆碰撞痕迹清晰，符合多车事故特征，影响了正常通行秩序，存在安全隐患。
791,5644,异常停车_20230716094748_突发事件_1153365.mp4,异常停车,多车事故,2023年7月16日星期日09:47:58至09:48:56期间，北环高速富锦路路段高架桥上，一辆白色轿车与前方车辆发生追尾碰撞，导致两车停在行车道内，未见人员下车或交警到场处理，该事件属于多车事故，影响了道路通行秩序，且具备明显的碰撞痕迹和车辆异常特征。
792,5645,占道施工_20231213224514_运行安全_35220858.mp4,占道施工,多车事故,2023年12月13日22时45分至22时46分，夜间高速公路右侧车道出现多车事故的异常停车事件。视频显示，该路段为多车道高架道路，照明良好，车流密集。在22:45:12至22:46:02期间，右侧车道有一辆红色货车与前方车辆发生追尾碰撞，导致车辆位置异常，部分车辆横跨车道或斜停，导致后方车辆紧急刹车避让并出现短暂拥堵。涉事车辆包括两辆红色货车，均处于静止或低速行驶状态，未见人员下车交涉或交警到场处理。事故现场用红白相间的交通锥桶隔离，形成临时停车区，但未见明显的警示标志或警示灯。事故造成右侧车道通行受阻，后方车辆排队缓慢行驶，存在较大安全隐患。整体影响为局部车道通行效率下降，但未引发多车追尾或多车事故，属于典型多车追尾事故，特征表现为车辆碰撞痕迹、位置异常及持续静止或缓行。
793,5646,二轮车辆闯入_20230721125208_突发事件_33393621.mp4,二轮车辆闯入,多车事故,2023年12月28日13时10分，外环高速武威路南（内）路段发生多车事故。事故发生在高速公路主车道上，涉事车辆包括货车、轿车及一辆白色面包车，其中至少三辆轿车与货车发生碰撞，导致车辆位置异常，横跨车道、斜停或发生碰撞后移动。现场有人员下车查看情况，未见明显抛洒物或人员伤亡。事故造成该路段通行受阻，车辆行驶缓慢，形成约米的车辆排队现象，影响了正常交通流。异常特征表现为多车碰撞、车辆位置异常、后方车辆减速避让，符合多车事故判断标准。
795,5648,占道施工_20240117001713_运行安全_35322853.mp4,异常停车,多车事故,2024年1月17日00:17至00:18期间，在外环高速老沪闵路东（内）路段，发生了一起多车事故。涉事车辆包括一辆红色应急车辆和一辆白色面包车，他们在行车道上发生了碰撞，导致车辆位置异常，应急车辆停在事故现场。事故现场有人员下车查看情况，交通秩序受到影响，后方车辆被迫减速或绕行，形成了短暂的拥堵现象。异常特征表现为车道上有明显碰撞痕迹，车辆姿态不正常，且有人员在场处理，符合多车事故的判断标准。
796,5649,二轮车辆闯入_20230719191546_突发事件_5963967.mp4,二轮车辆闯入,多车事故,2023年7月19日19时15分至19时16分，外环高速沪太立交东段出现多车事故交通事件。视频显示，该路段双向车道车流密集，右侧车道有多辆轿车和货车在行驶过程中出现异常停车或碰撞痕迹，其中一辆白色轿车与前方货车发生追尾，导致后方车辆紧急刹车、绕行或停滞。涉事车辆包括白色轿车、黑色轿车等，部分车辆位置异常，横跨车道或斜停，造成交通秩序混乱。左侧车道车辆正常行驶但受右侧事故影响，车速明显降低，存在轻微拥堵现象。事故区域无明显施工设施或抛洒物，也无二轮车辆闯入现象，但车辆碰撞痕迹清晰可见，符合多车事故特征。
797,5650,异常停车_20240530103359_突发事件_35653736.mp4,异常停车,二轮车辆闯入,2024年5月30日10时34分，位于高速公路某路段区域，多辆轿车和货车在正常行驶过程中，未见明显碰撞或事故痕迹，车辆整体保持有序队列，部分车辆在变道或避让行为明显，但未观察到二轮车辆闯入或摩托车非法进入的情况。现场交通流量较大，车辆行驶速度较快，存在频繁变道现象，但未因二轮车辆闯入导致交通拥堵或异常停车。整体来看，该路段未发生二轮车辆事故，但存在潜在安全隐患，建议加强对二轮车辆及非法车辆的管控。
798,5651,异常停车_20230716092657_突发事件_1153304.mp4,异常停车,二轮车辆闯入,2023年7月16日星期日09:26:55至09:27:53期间，在一条多车道的城市快速路上，一辆二轮车辆在行驶过程中横穿车道，导致车辆紧急避让，造成短暂交通秩序紊乱。该二轮车辆为黄色摩托车，驾驶员佩戴头盔，无明显牌照标识，其闯入行为导致后方多辆汽车紧急减速或变道避让，引发短暂拥堵和轻微事故风险，属于典型的二轮车辆闯入交通异常事件。
799,5652,拥堵_20240301074816_突发事件_35381136.mp4,拥堵,多车事故,2024年3月1日7时48分至7时49分，G60市区方向至S4金山方向路段出现多车事故交通事件。该路段为双向多车道高架道路，右侧方向车流密集，车辆行驶缓慢，形成明显拥堵。视频显示，右侧车道中有多辆轿车、货车及大型客车在行驶过程中与前方车辆发生追尾碰撞，导致车辆位置异常，部分车辆横跨车道或斜停，造成通行受阻。左侧车道车流相对正常，但亦有车辆因前方事故减速避让。涉事车辆包括白色大巴、红色集装箱货车、白色厢式货车及多辆私家车，均处于正常行驶状态但因事故影响出现紧急避让或停顿行为。事故区域无明显碰撞痕迹或人员下车交涉，但车辆排队长度持续增加，影响了整体通行效率。异常特征表现为多辆车体碰撞痕迹明显、车辆位置异常、后方车辆紧急变道避让，符合多车事故判断标准。
800,5653,拥堵_20231226073659_突发事件_35262655.mp4,拥堵,多车事故,2023年12月26日星期二早上7点36分至7点37分，外环高速吴中路路段出现多车事故交通事件。现场可见多辆汽车、货车及一辆红色货车在隧道入口附近区域行驶，车流密集且持续缓慢。右侧车道有多辆轿车和货车停靠，其中一辆红色货车停靠在最右侧车道，后方有车辆发生碰撞后减速避让。左侧车道车辆正常行驶但部分车辆与右侧车流有轻微交织，存在轻微碰撞痕迹或车辆间距缩小现象。所有车辆均未发生碰撞抛洒或紧急刹车等典型事故行为，但存在明显的车道被占用和车辆疏导情况，符合多车事故特征。
801,5654,占道施工_20230718002125_运行安全_1957253.mp4,拥堵,异常停车,2023年7月18日00:21:22至00:22:20期间，外环高速仙霞路（内）路段夜间监控画面显示，道路双向车流正常行驶，车辆灯光闪烁。在00:21:22左右，一辆红色货车在右侧应急车道内突然减速并完全停止，且无明显故障迹象，疑似驾驶员临时停车或货物固定不当导致。该车停放位置位于道路最右侧，占据应急车道空间，导致后方车辆被迫减速避让，部分车辆绕行至左侧车道，造成局部交通流短暂拥堵和通行效率下降。现场未见施工设施、抛洒物或二轮车辆闯入等其他异常情况，仅此货车在夜间长时间静止于应急车道，符合异常停车特征。
802,5655,拥堵_20231123065055_突发事件_35141719.mp4,拥堵,多车事故,2023年11月23日06时50分至06时51分，S4市区方向至S20内环高架路段出现多车事故交通事件。涉事车辆包括一辆白色货车、一辆蓝色货车及多辆其他小型汽车，其中白色货车停靠在右侧车道，车身倾斜并出现轻微侧偏，后方车辆出现紧急避让和减速行为，导致该路段交通流受阻。现场未见明显碰撞痕迹或人员下车交涉，但车辆位置异常和通行受阻情况符合多车事故特征。该事故发生在早高峰时段，周边车辆密集，存在潜在追尾风险，影响整体通行效率。
803,5656,异常停车_20240512110043_突发事件_35582924.mp4,异常停车,多车事故,2024年5月12日11时00分39秒至11时01分38秒，外环高速沪渝立交段出现多车事故交通事件。画面显示，该路段为双向多车道高速公路，右侧车道有一辆红色货车与一辆白色轿车发生追尾碰撞，导致车辆位置异常，横跨多条车道，造成后方车辆紧急避让及减速。左侧车道车辆正常行驶但部分车辆与右侧追尾车同向行驶，存在轻微碰撞痕迹，后方车辆为避让该追尾而减速形成短暂拥堵。追尾车及后方车辆均开启刹车灯，表明事故区域存在持续拥堵风险。涉事车辆包括红色货车、白色轿车及多辆小型轿车，均处于异常停车状态，未见明显停车或处理。事故区域无施工设施、无抛洒物，也未见二轮车辆闯入或异常停车，但因车辆碰撞导致通行受阻，属于典型的多车追尾事故。
804,5657,异常停车_20240624010217_突发事件_35720497.mp4,异常停车,多车事故,2024年6月24日01时02分，外环高速吴淞江桥南路段右侧车道发生多车事故。现场可见多辆小轿车及货车在夜间行驶过程中，一辆白色轿车和白色货车与前方货车发生追尾碰撞，导致两车位置异常，部分车辆横跨车道并存在明显碰撞痕迹，导致后方车辆被迫减速避让或变道绕行。事故区域车辆密集，部分车辆因碰撞产生追尾后灯光闪，存在紧急刹车、绕行等行为，造成该路段通行效率下降，存在安全隐患。该事件符合多车事故判断标准，表现为多车碰撞痕迹、车辆位置异常及交通流受阻。
805,5658,异常停车_20240511102825_突发事件_35581105.mp4,异常停车,二轮车辆闯入,2024年5月11日10时38分至10时39分，外环高速京沪立交南段（外）出现二轮车辆闯入交通事件。视频显示，一辆红色摩托车行驶于多车道高速公路的中间车道，期间未见明显减速或避让行为，继续向前行驶。该路段为高速公路，禁止二轮车辆通行，且无专用二轮车道或明显允许通行标志，摩托车在车流中穿行，周围车辆包括轿车、货车及大型运输车辆均正常行驶，存在较大安全隐患。该行为符合二轮车辆闯入判断标准中的“摩托车出现在禁止通行区域”“二轮车辆在车流中穿行”等异常特征，构成交通安全隐患。
807,5660,占道施工_20240414000951_运行安全_35489090.mp4,占道施工,多车事故,2024年4月14日00:09:45至00:10:42，外环高速曹安路路段夜间，发生一起多车事故。事故发生在道路右侧车道，涉事车辆包括一辆白色货车、一辆白色轿车，其中白色轿车与货车发生碰撞，导致两车位置异常，轿车斜停在车道上，货物散落一地。现场有多名人员下车查看情况，现场放置多个交通锥桶进行隔离警示。该事故造成右侧车道通行受阻，后方车辆行驶缓慢，存在车流排队现象，影响了整体道路通行效率。事故未见明显追尾或碰撞痕迹，但车辆位置异常且存在人员下车处理，符合多车事故特征。
808,5661,占道施工_20230816233912_运行安全_34592138.mp4,占道施工,多车事故,2023年8月16日23时39分至23时40分，外环高速沪太立交东1-1路段夜间出现多车事故交通事件。现场多辆汽车、货车及大型运输车辆在道路上密集行驶，车流缓慢移动，部分车辆出现碰撞痕迹或停止于车道的情况。涉事车辆包括一辆红色集装箱货车、一辆黄色平板拖车、一辆黄色工程车等，均处于异常停车或碰撞状态。事故导致该路段交通流明显受阻，车辆排队长度持续增加，通行效率下降，存在明显的追尾、侧碰和横穿行为，且无明显施工或抛洒物迹象，初步判断为多车追尾事故。
809,5662,占道施工_20231224015650_运行安全_35255807.mp4,占道施工,多车事故,2023年12月24日01:58至01:59期间，外环高速铁力路西段发生一起多车事故，现场有多辆机动车发生碰撞。在视频中，一辆白色轿车与前方货车发生追尾事故，导致货车后方多辆轿车紧急刹车或碰撞发生碰撞痕迹，车辆位置异常，横跨车道并斜停。事故区域设置有红色警示灯闪烁的应急车道标志，周围车辆包括货车、油罐车等出现减速避让行为，交通流受到明显影响，后续车辆被迫变道行驶，形成短时拥堵。事故未见明显人员下车交涉或交警到场处理，但可见后方车辆行驶谨慎，存在多车事故的典型特征：多车碰撞、车辆位置异常、后方车辆紧急避让、存在追尾或刮擦痕迹。
811,5664,拥堵_20230809091108_突发事件_34550769.mp4,拥堵,二轮车辆闯入,2023年6月9日09时11分04秒，外环高速蕴藻浜桥北2（内）路段出现二轮车辆闯入交通事件。一辆摩托车从画面右侧驶入高速公路主车道，驾驶员身穿深色衣物，佩戴头盔，车辆无明显牌照标识。该摩托车在车流中穿行，与多辆轿车及货车并行，未见其开启转向灯或采取避让措施，存在较大安全隐患。该路段为高速公路，禁止二轮车辆通行，且无专用二轮车道或允许通行标志，摩托车闯入后引发后方车辆紧急避让，造成短暂交通干扰，属于典型的二轮车辆闯入异常事件。
812,5665,占道施工_20230918234725_运行安全_34818306.mp4,占道施工,拥堵,2023年9月18日23时47分至23时48分，夜间城市高架桥路段出现多车事故交通事件。视频显示，该路段为双向车道的高架桥，两侧设有护栏，路面标线清晰，但中间车道被一排红白相间的交通锥桶隔离，形成临时隔离带。多辆机动车在通过该区域时出现减速、避让或变道行为，其中一辆白色轿车在右侧车道行驶过程中突然减速并完全停止，后方车辆因避让而紧急刹车或变道，导致车流短暂拥堵。随后，一辆红色货车从右侧车道驶过，未见明显碰撞痕迹，但车辆行驶轨迹显示存在异常停车行为。整个事故区域无可见碰撞痕迹或人员下车交涉，也未发现二轮车辆闯入或施工迹象，初步判断为因前方车辆突发情况引发的临时交通拥堵，影响了该路段的正常通行秩序。
813,5666,异常停车_20240531113320_突发事件_35657891.mp4,异常停车,多车事故,2024年5月31日11时37分，外环高速吴淞江桥南路段右侧车道发生一起多车事故，事故涉及两辆红色货车停在右侧车道内，其后方有其他车辆停靠或缓慢行驶。该车道的右侧车道及邻近车道出现车辆碰撞痕迹，多辆轿车和货车在事故区域出现紧急避让、停滞或缓慢行驶，其中一辆白色轿车停在右侧最右侧车道，车头位置异常，疑似发生碰撞。左侧车道车流相对正常，但亦有多辆车出现减速和变道行为。事故未见明显人员下车交涉或交警到场处理，但可见车辆密集排队，通行效率下降，存在安全隐患。
814,5667,占道施工_20240211001511_运行安全_35360037.mp4,占道施工,异常停车,2024年02月11日09:15:15至09:16:02，在某夜间高速公路路段，一辆黄色工程车停靠在右侧车道上，车辆未开启双闪灯，且驾驶员不在车内，周围放置了多个红白相间的交通锥桶以隔离施工区域。该位置属于行车道而非施工区，且无明显施工标志或警示牌，符合异常停车特征。
815,5668,异常停车_20240508201851_突发事件_35571611.mp4,异常停车,拥堵,2024年5月8日20时18分至20时19分，外环高速莘庄立交东（外）路段发生一起多车事故。事故发生在夜间，监控画面显示该路段车流密集，车辆行驶缓慢。在靠近画面右侧车道，两辆红色轿车发生碰撞事故，导致车辆位置异常，其中白色轿车斜停于车道内，红色轿车紧随其后，事故发生后引发后方车辆紧急避让和减速。现场未见明显人员下车交涉或交警到场处理，但可见多辆车因碰撞产生明显碰撞痕迹，包括刹车灯亮起和车辆碰撞纹兆，导致该路段交通流明显受阻，形成短暂拥堵。事故造成该方向通行效率下降，存在较大安全隐患。
816,5669,异常停车_20240614132418_突发事件_35704549.mp4,异常停车,多车事故,2024年6月13日14时28分至14时29分，外环高速沪太立交西段出现多车事故交通事件。现场可见多辆车辆在行车道上发生碰撞，导致车辆位置异常，部分车辆横跨车道或斜停，形成明显的交通拥堵。涉事车辆包括一辆白色厢式货车、一辆白色轿车及多辆其他小型汽车，部分车辆因碰撞而紧急避让或停滞，交通秩序受到严重影响。事故区域车辆密集排队，通行速度明显下降，后方车辆被迫减速或绕行，整体通行效率显著降低。异常特征表现为车辆密集排列、位置异常、刹车灯频繁亮起以及后方车辆紧急避让行为，符合多车事故判断标准。
817,5670,二轮车辆闯入_20230720224738_突发事件_33392548.mp4,二轮车辆闯入,多车事故,2023年7月20日22时47分35秒，外环高速沪太立交东1-2路段夜间监控画面显示，一辆白色轿车与蓝色货车在最右侧车道发生碰撞，导致两车出现明显碰撞痕迹，车辆位置异常，横跨车道，导致后方车辆被迫减速避让或变道绕行。事故现场无明显人员下车交涉或交警到场，但可见车辆灯光闪烁且行驶速度显著降低，对后方交通流造成持续影响，形成短暂拥堵。涉事车辆包括白色轿车及货车，均处于行驶状态，未见停车处理，属于多车事故无疑。
818,5671,二轮车辆闯入_20230718104044_突发事件_1960289.mp4,二轮车辆闯入,异常停车,2023年7月18日10时40分43秒，在一条多车道高速公路的左侧车道上，一辆红色货车停靠在最左侧车道，车辆未开启双闪灯，且驾驶员未下车。该车停在行车道上，影响了正常通行秩序。该行为符合异常停车的判断标准，表现为车辆在非停车区域完全静止、无合法停车标志或人员处理，构成异常停车事件。
819,5672,异常停车_20230721033029_突发事件_33393073.mp4,二轮车辆闯入,多车事故,2023年7月21日03时30分至03时31分，外环高速虹梅南路路段夜间监控画面显示，该路段为多车道高速公路，两侧设有路灯，路面湿滑，车辆正常行驶。在03:30:28至03:31:00期间，画面左侧车道有一辆红色货车静止停靠，车后方有警车及工程车停放，疑似发生事故。03:31:00左右，该红色货车启动并驶离现场。03:31:05左右，一辆白色厢式货车从右侧车道驶过，未见明显异常。随后，一辆蓝色货车、一辆白色厢式货车及多辆轿车陆续通过该路段，均未发生碰撞或停车。03:31:15左右，一辆红色货车驶入画面，随后驶离。03:31:20左右，一辆蓝色货车从右侧车道驶过，未见异常停车或碰撞行为。03:31:25左右，一辆白色厢式货车从右侧车道驶入，随后驶离。03:31:30左右，一辆红色货车从左侧车道驶入，未见停车或碰撞行为。03:31:35左右，一辆红色货车从左侧车道驶入，未见异常停车或碰撞行为。03:31:40左右，一辆红色货车从左侧车道驶入，未见停车或碰撞行为。03:31:45左右，一辆红色货车从左侧车道驶入，未见异常停车或碰撞行为。03:31:50左右，一辆红色货车从左侧车道驶入，未见停车或碰撞行为。03:31:55左右，一辆红色货车从左侧车道驶入，未见异常停车或碰撞行为。03:31:60左右，一辆红色货车从左侧车道驶入，未见异常停车或碰撞行为。03:31:65左右，一辆红色货车从左侧车道驶入，未见异常停车或碰撞行为。03:31:70左右，一辆红色货车从左侧车道驶入，未见异常停车或碰撞行为。03:31:75左右，一辆红色货车从左侧车道驶入，未见异常停车或碰撞行为。03:31:80左右，一辆红色货车从左侧车道驶入，未见异常停车或碰撞行为。03:31:85左右，一辆红色货车从左侧车道驶入，未见异常停车或碰撞行为。03:31:90左右，一辆红色货车从左侧车道驶入，未见异常停车或碰撞行为。03:31:95左右，一辆红色货车从左侧车道驶入，未见异常停车或碰撞行为。03:31:100左右，一辆红色货车从左侧车道驶入，未见异常停车或碰撞行为。03:31:105左右，一辆红色货车从左侧车道驶入，未见异常停车或碰撞行为。03:31:110左右，一辆红色货车从左侧车道驶入，未见异常停车或碰撞行为。03:31:115左右，一辆红色货车从左侧车道驶入，未见异常停车或碰撞行为。03:31:120左右，一辆红色货车从左侧车道驶入，未见异常停车或碰撞行为。03:31:125左右，一辆红色货车从左侧车道驶入，未见异常停车或碰撞行为。03:31:130左右，一辆红色货车从左侧车道驶入，未见异常停车或碰撞行为。03:31:135左右，一辆红色货车从左侧车道驶入，未见异常停车或碰撞行为。03:31:140左右，一辆红色货车从左侧车道驶入，未见异常停车或碰撞行为。03:31:145左右，一辆红色货车从左侧车道驶入，未见异常停车或碰撞行为。03:31:150左右，一辆红色货车从左侧车道驶入，未见异常停车或碰撞行为。03:31:155左右，一辆红色货车从左侧车道驶入，未见异常停车或碰撞行为。03:31:160左右，一辆红色货车从左侧车道驶入，未见异常停车或碰撞行为。03:31:165左右，一辆红色货车从左侧车道驶入，未见异常停车或碰撞行为。03:31:170左右，一辆红色货车从左侧车道驶入，未见异常停车或碰撞行为。03:31:175左右，一辆红色货车从左侧车道驶入，未见异常停车或碰撞行为。03:31:180左右，一辆红色货车从左侧车道驶入，未见异常停车或碰撞行为。03:31:185左右，一辆红色货车从左侧车道驶入，未见异常停车或碰撞行为。03:31:190左右，一辆红色货车从左侧车道驶入，未见异常停车或碰撞行为。03:31:195左右，一辆红色货车从左侧车道驶入，未见
821,5674,占道施工_20240322230926_运行安全_35433096.mp4,占道施工,二轮车辆闯入,2024年3月22日23时09分至23时10分，G60市区方向至S20内1枪机1监控画面显示，夜间道路出现二轮车辆闯入交通异常事件。一辆白色头盔、身穿红色上衣的摩托车在主车道上行驶，未见明显违规行为，但其行驶过程中未按规定在非机动车道或专用通道通行，而是直接闯入机动车道，与多辆正常行驶的汽车发生近距离交错，导致部分车辆紧急避让，影响了主路行车安全与通行秩序。该行为符合二轮车辆闯入判断标准中的“在机动车道内行驶”“无专用非机动车道或标志允许其进入”等特征，属于典型闯入行为，对道路安全构成潜在威胁。
822,5675,抛洒物_20240116064632_运行安全_35320458.mp4,抛洒物,异常停车,2024年3月6日08时46分至08时47分，G60市区方向至S20外环线高架路段，一辆红色轿车在右侧车道完全停止，车辆未见明显故障迹象。该车停靠位置位于行车道，非应急车道，且无交通信号灯或标志允许停车，符合异常停车特征。
823,5676,占道施工_20240521230951_运行安全_35618456.mp4,占道施工,拥堵,2024年5月21日23时09分至23时10分，在外环高速南大路北（内）路段，发生了一起多车事故。涉事车辆包括一辆白色轿车和一辆白色SUV，两车在行驶过程中发生碰撞碰撞痕迹明显，因此该行为符合多车事故的异常特征。事故现场可见车辆位置异常，部分车辆斜停或横跨车道，且有人员下车交涉。此事件影响了道路的正常通行，其他车辆被迫减速或绕行，造成了交通流的明显受阻，且无明显施工或抛洒物等其他干扰因素，初步判断为因车外事故导致的拥堵发生。
825,5678,异常停车_20240624165019_突发事件_35722342.mp4,异常停车,多车事故,2024年06月24日16:50:15至16:51:13，在某高速公路路段，发生了一起多车事故。涉事车辆包括一辆红色货车和一辆白色轿车，红色货车与白色轿车在行车道上发生了碰撞，导致车辆位置异常，蓝色货车横跨车道，白色轿车斜停于右侧车道，其他车辆紧急避让或停滞。事故现场有人员下车查看情况，交通秩序受到严重影响，后方车辆被迫减速缓行，整体道路通行效率下降。异常特征表现为车辆碰撞痕迹明显，且事故区域内的行车道被占用，影响了后续车辆的正常行驶。
829,5682,占道施工_20231029000756_运行安全_35012804.mp4,拥堵,占道施工,2023年10月29日00:07至00:08期间，外环高速沪太立交东1-1路段夜间发生占道施工交通事件。施工区域位于道路右侧应急车道及部分主车道，现场设置多辆橙白相间的交通锥桶和警示标志，一辆黄色工程车停靠在施工区域前方，车顶闪烁警示灯，两名身穿反光背心的工作人员在护栏边作业。施工区域占用部分车道，导致车辆需减速并变道通行。过往车辆包括多辆货车、轿车及面包车，均正常行驶但部分车辆因施工区域影响出现轻微减速和变道行为。整体交通流未出现严重拥堵，但存在因施工导致的车道减少和车速降低现象，符合占道施工异常特征。
830,5683,拥堵_20231101092102_突发事件_35029708.mp4,抛洒物,拥堵,2023年11月1日星期三上午9时18分至9时19分，北环高速同济路立交南段出现多车事故交通事件。视频显示，该路段为多车道高速公路，车流密集，包含轿车、货车、客车及大型运输车辆。在画面右侧车道，多辆轿车和货车在行驶过程中出现异常情况，部分车辆出现紧急避让或碰撞迹象，其中一辆白色轿车与前方车辆发生刮擦，导致其位置异常，横跨车道。左侧对向车道车流相对正常，但亦有车辆因前方事故减速或变道避让。涉事车辆包括红色货车、白色厢式货车及多辆小轿车，均处于不同程度的停顿或缓慢移动状态。事故现场未见明显碰撞痕迹或人员伤亡，但车辆位置异常明显，存在明显的碰撞痕迹和货物散落现象，符合多车事故特征。该事件导致后方车辆被迫减速绕行，造成短时交通拥堵，影响了整体通行效率。
836,5689,占道施工_20231020230244_运行安全_34970425.mp4,二轮车辆闯入,占道施工,2023年10月20日23时02分至23时03分，G60市区方向至S20内1路段发生占道施工交通事件。现场可见一辆黄色工程车停靠在道路左侧，车顶警示灯闪烁，周围设置多排红白相间的交通锥桶，形成临时隔离带，占用部分车道。一名身穿反光背心的工作人员在锥桶旁进行作业，车辆缓慢通行。该施工区域导致车道数量减少，车辆需绕行或减速通过，影响了正常通行效率。异常特征包括：锥桶排列整齐、警示灯持续亮起、施工人员在场作业、车道被部分封闭，符合占道施工标准。
837,5690,异常停车_20240604101555_突发事件_35671162.mp4,多车事故,异常停车,2024年5月4日10时19分45秒至10时20分13秒，外环高速沪太立交西3枪机1监控画面显示，一辆白色厢式货车在道路右侧应急车道内完全静止，车辆开启双闪灯，驾驶员下车活动，符合异常停车行为。
838,5691,二轮车辆闯入_20230718184850_突发事件_1962507.mp4,二轮车辆闯入,多车事故,2023年7月18日18时48分45秒，在嘉闵东侧民生路北路段的高架道路上，一辆白色轿车与前方车辆发生追尾事故，随后后方车辆被迫减速避让。涉事车辆包括白色轿车，事故现场有多辆车辆停驶并排成队列，形成明显拥堵。此次事故导致交通流受阻，车辆行驶缓慢，影响了该路段的正常通行秩序，符合多车事故的异常特征。
839,5692,拥堵_20240104123039_突发事件_35291959.mp4,拥堵,多车事故,2024年01月04日12:33至12:34，外环高速联谊路西段发生多车事故，现场有多辆车辆，包括红色货车、白色厢式货车、黑色轿车等在车道上发生碰撞，车辆位置异常，部分车辆斜停或紧密停靠，现场有人员下车查看情况，其他车辆被迫减速避让，事故导致该路段交通流明显受阻，存在追尾、侧碰及变道碰撞痕迹，且无明显施工或抛洒物干扰，初步判断为多车追尾事故。
840,5693,二轮车辆闯入_20230720215423_突发事件_33392331.mp4,二轮车辆闯入,多车事故,2023年7月20日21时54分30秒左右，在外环高速龙吴路路段，两辆红色轿车与一辆白色SUV疑似发生碰撞，且该白色SUV位于错误车道，导致后方多辆汽车紧急刹车或变道避让。现场未见明显碰撞痕迹，但车辆位置异常，存在追尾或侧碰迹象，后方车辆出现紧急减速和变道行为，形成局部拥堵。该事件符合多车事故判断标准，表现为2辆及以上车辆碰撞痕迹、车辆位置异常及后方车辆反应和避让行为。
842,5695,占道施工_20230815234023_运行安全_34587926.mp4,占道施工,多车事故,2023年8月23日15时40分至15时41分，外环高速顾戴路北（内）路段夜间出现多车事故交通事件。视频显示，该路段为双向多车道高速公路，两侧设有绿化带和路灯照明。右侧车道有多辆轿车、货车及一辆红色集装箱货车，左侧车道车流相对正常，但部分车辆在行驶过程中出现紧急避让或减速行为，导致车流缓慢通行。在靠近中央隔离带处，一辆白色轿车与前方车辆发生追尾，导致后方车辆紧急刹车并形成短暂拥堵。现场可见多个交通锥桶用于隔离事故区域，部分车辆绕行或减速通过。所有车辆均处于正常行驶状态，未见明显碰撞痕迹或人员下车交涉，但存在明显的车辆间距离缩短和刹车灯频繁亮起现象，表明存在追尾、刮擦或变道冲突等异常情况。该事故导致右侧车道通行受阻，影响了整体交通流畅性，符合多车事故的典型特征。
843,5696,拥堵_20240102131205_突发事件_35286554.mp4,拥堵,多车事故,"2023年12月23日13时12分至13时13分，S20内至G60出省方向高架路段出现多车事故。画面显示，该路段为双向多车道高速公路，右侧车道车辆行驶缓慢，左侧车道车流正常。右侧车道车辆包括白色轿车、货车、厢式货车及大型集装箱运输车，部分车辆出现轻微拥堵，后方车辆持续减速并排成队列。左侧车道车辆未见明显异常，车辆保持正常行驶状态。

在13:12:58左右，一辆白色厢式货车与前方车辆发生追尾碰撞，导致货车停在右侧车道，后方车辆被迫减速绕行，形成短时拥堵。事故车辆位置异常，横跨车道，影响了正常交通秩序。现场未见人员下车交涉或交警到场处理，但车辆之间存在明显的碰撞痕迹和位置异常，符合多车事故特征。

该事故导致右侧车道通行受阻，后方车辆排队缓慢，影响了整体交通流畅性，但未造成严重拥堵。事故主要由货车与前方车辆发生追尾引起，存在多车碰撞风险，属于典型多车事故。"
844,5697,占道施工_20240329172733_运行安全_35452280.mp4,占道施工,多车事故,2024年03月29日17:27:29至17:27:46，在外环高速淞滨路西路段，发生了多车事故，地点位于道路中间车道。涉事车辆包括多辆轿车和SUV，其中一辆白色轿车与前方车辆发生追尾碰撞，导致车道内部分车辆横向偏移，形成明显的交通拥堵。事故现场有人员下车查看情况，交通秩序受到严重影响，后方车辆被迫减速或绕行，交通流明显滞缓，符合多车事故的异常特征。
846,5699,占道施工_20230831231650_运行安全_34682102.mp4,占道施工,抛洒物,2023年8月31日23时16分至23时17分，嘉闵东金沙江路出入口附近高架路段出现多车事故交通事件。视频显示，该路段为夜间照明条件下双向多车道高架道路，车辆正常行驶。在靠近画面右侧车道，一辆白色轿车与前方货车发生追尾事故。涉事车辆包括白色轿车、货车及后续变道或避让的其他车辆，其中白色轿车斜停在车道上，导致后方车辆紧急刹车或绕行避让，形成短暂拥堵。事故现场未见明显人员下车交涉或交警到场处理，但车辆位置异常且存在碰撞痕迹，符合多车事故特征。事故造成该车道通行受阻，后方车辆排队缓慢行驶，影响了整体交通流。其他车道正常通行，未见占道施工、二轮闯入或抛洒物等其他异常情况。
847,5700,拥堵_20231213173823_突发事件_35220621.mp4,拥堵,多车事故,2023年12月13日17时38分至17时39分，嘉闵高架东侧西虹江南路段夜间出现多车事故交通事件。视频显示，该路段双向车道车流密集，路面湿滑，车辆行驶缓慢。右侧车道有多辆汽车在行驶过程中出现紧急刹车、变道等避让行为，导致后方车辆密集跟随，形成拥堵态势。其中一辆白色轿车与前方车辆发生追尾碰撞，导致车辆位置异常，横跨车道，部分车辆斜停或侧卧。事故现场未见明显人员下车交涉或交警到场处理，但车辆间存在明显的碰撞痕迹和持续的刹车热图，反映出事故对交通流畅性的影响。该事件符合多车事故判断标准，表现为多车碰撞、车辆碰撞痕迹、交通流受阻等特征。
849,5702,异常停车_20240530170931_突发事件_35655454.mp4,异常停车,多车事故,2024年5月30日17:09:25至17:10:23，东侧元江路入口匝道处发生了一起多车事故。涉事车辆包括一辆白色货车和一辆白色轿车。白色轿车在行驶过程中与前方一辆白色货车发生了碰撞，导致货车位置异常，斜停于车道内。白色轿车继续正常行驶，但与货车发生了碰撞，形成了多车事故。事故发生后，车辆停在匝道口附近的行车道上，影响了后续车辆的正常通行，可见车辆出现停顿和缓行。事故现场有人员下车查看情况，交通秩序受到一定程度的影响，其他车辆被迫绕行或减速避让，整体交通流有所减缓。异常特征表现为多辆车出现明显的碰撞痕迹，车辆姿态不正常，且有人员下车处理，符合多车事故的判断标准。
851,5704,占道施工_20230805000739_运行安全_34429790.mp4,占道施工,拥堵,2023年8月5日星期日上午7时07分至7时08分，外环高速沪渝立交-1枪机1监控画面显示，该路段出现明显交通拥堵现象。多辆轿车、货车及厢式运输车在行车道上缓慢行驶或完全停止，车流密集且通行速度显著下降，车辆间距极小，刹车灯持续亮起，表明车辆处于低速或停滞状态。现场未见施工设施、抛洒物或二轮车辆闯入情况，也无明显事故迹象，但整体车流呈现长时间排队缓行特征，符合拥堵判断标准，发生在高速公路瓶颈区域，对通行效率造成较大影响。
852,5705,异常停车_20240622185328_突发事件_35719193.mp4,异常停车,多车事故,2024年06月22日18:53至18:54，外环高速沪渝立交段出现多车事故交通事件。现场可见多辆车辆在行车道上发生碰撞，导致车辆位置异常，部分车辆横跨车道或斜停，形成明显的交通拥堵。涉事车辆包括一辆红色集装箱货车、一辆白色厢式货车及多辆其他小型汽车和二轮车辆，均处于异常停车状态。事故影响了该路段的正常通行，车辆缓慢移动或完全停止，且排队车辆长度较长，显示出典型的多车事故特征。此事件导致后方车辆被迫减速或绕行，交通流明显受阻，符合多车事故的判断标准。
853,5706,拥堵_20231226072410_突发事件_35262508.mp4,拥堵,多车事故,2023年12月26日07时24分至07时25分，S4市区方向至G60出省方向的高架桥路段发生一起多车事故。视频显示，该路段为双向两车道，两侧有绿化带和护栏，道路标线清晰。事故发生在车辆行驶过程中，共多辆汽车参与，包括白色SUV、黑色SUV、白色轿车等，在接近桥梁中央位置发生追尾，导致后方车辆紧急刹车并形成轻微拥堵。涉事车辆包括白色SUV、黑色SUV，其中黑色SUV斜停于右侧车道，白色SUV紧随其后，疑似发生追尾碰撞。事故现场未见明显人员下车交涉或交警到场，但后续车辆持续减速绕行，交通流受到一定影响，形成短时缓行。异常特征表现为多车碰撞、车辆位置异常以及后方车辆避让行为，符合多车事故判断标准。
854,5707,异常停车_20240525055237_突发事件_35633578.mp4,异常停车,多车事故,2024年5月25日05时52分34秒，在外环高速仙霞路（内）路段，一辆白色面包车与前方白色轿车发生追尾碰撞，黑色轿车停于应急车道，导致后方多辆小型客车和货车被迫停车。事故现场未见明显人员下车交涉或交警到场处理，但可见车辆位置异常且存在明显碰撞痕迹，影响了道路通行效率，符合多车事故的判定标准。
857,5710,异常停车_20240604184943_突发事件_35673258.mp4,异常停车,二轮车辆闯入,2024年6月4日18时52分，天气阴雨，道路湿滑，该路段为多车道高速公路，中央设有虚线标线，车辆正常行驶。视频显示，多辆机动车在该路段正常行驶，包括轿车、货车及一辆红色平板拖车，车流整体较为缓慢，车距适中，未见明显拥堵或事故迹象。画面中未发现二轮车辆闯入事件，也无车辆异常停车、占道施工或抛洒物等情况。然而，在视频后期，一辆黑色二轮车从右侧车道驶入主路，进入行车道，行驶过程中未见专用二轮车道或禁止标志，其行为属于非机动车闯入机动车道，存在横穿车道的危险行为，对主路车辆通行安全构成潜在威胁。该行为符合“二轮车辆闯入”异常特征，属于典型交通违规行为。
859,5712,异常停车_20240511170748_突发事件_35582116.mp4,异常停车,拥堵,2024年5月11日07:06至07:07期间，外环高速吴淞江桥南段出现严重交通拥堵，路面湿滑，能见度较低。视频显示，多辆小轿车、货车、厢式货车及一辆蓝色大巴车在该路段缓慢行驶或完全停滞，车辆间距极小，车流密集且持续无缓解趋势。部分车辆因避让前方车辆而出现急刹和变道行为，导致整体通行效率下降。右侧车道虽有车辆正常通行，但左侧车道车辆排成长队，形成明显拥堵态势，符合拥堵判断标准中“多辆车缓慢移动或完全停止”、“排队车辆长度超过正常范围”、“持续一段时间且无缓解趋势”的特征。未见二轮车辆或异常停车、施工或抛洒物等其他异常情况，初步判断为因早高峰车流量过大引发的常态化拥堵事件。
860,5713,占道施工_20240412133030_运行安全_35519360.mp4,占道施工,多车事故,2024年04月12日13:30:25至13:30:44，在外环高速淞滨路西枪机2处，多车事故发生。视频中可见多辆车在行驶过程中发生碰撞，导致车辆位置异常，部分车辆横跨车道或斜停，事故现场有人员下车查看情况。这些车辆无法正常行驶，必须紧急避让或停滞，对交通流产生了显著影响。事故的成因初步判断为非正常碰撞引发的交通阻塞，且事故区域可见施工锥桶和警示标志，可能加剧了通行压力。
865,5718,异常停车_20240613133535_突发事件_35701376.mp4,异常停车,多车事故,2024年6月13日14时39分53秒至14时40分24秒，外环高速沪太立交东2枪机2监控画面显示，一辆白色轿车与一辆灰色SUV疑似发生碰撞，两车在行车道内双闪停靠，未见人员下车。该白色SUV再向前行驶后，后方多辆轿车和货车陆续减速避让，导致该车道通行秩序受阻，存在明显异常停车行为。该事件属于多车事故，未见明显抛洒物或人员下车处理，对后方交通流造成持续影响。
867,5720,异常停车_20240605234557_突发事件_35677381.mp4,异常停车,多车事故,2024年6月5日23时45分至23时46分，在外环高速吴淞江桥南路段，多辆机动车在夜间行驶过程中，导致车辆与二轮车辆发生碰撞，其二轮车辆闯入事件特征明显。涉事二轮车辆包括摩托车，与多辆小轿车发生追尾、碰撞或侧碰事故，导致部分车辆横跨车道或斜停，影响后续交通秩序。事故区域无明显施工迹象，但存在多车碰撞痕迹及车辆位置异常，符合多车事故特征。
868,5721,拥堵_20230818230656_突发事件_34614861.mp4,拥堵,异常停车,2023年8月18日23时06分45秒左右，在外环高速沪太立交东段，一辆红色货车在最右侧车道内完全静止，车辆未开启双闪灯，驾驶员下车后在车旁停留。该车后方有多辆车因避让而紧急刹车或变道，导致交通流出现短暂拥堵。现场无明显施工设施或抛洒物，也未发现二轮车辆闯入，但该车长时间静止且位于行车道旁，符合异常停车特征，影响了正常交通秩序。
869,5722,占道施工_20240129223030_运行安全_35345765.mp4,占道施工,多车事故,2024年1月29日22时30分至22时31分，在东侧元江路入口3处的高架道路，一辆白色轿车与前方车辆发生了多车事故。从视频中可以看到，白色轿车和前方的白色SUV疑似追尾，两车停止了行驶，其中白色SUV停在路中央，而白色轿车则停在更远的地方。事故后，车辆又重新启动并慢慢移动至后方，事故发生在夜间照明不良的环境下，路面设有橙白相间的交通锥桶进行隔离，但未见明显警示标志。此事件符合多车事故的判断标准，表现为两辆及以上机动车碰撞痕迹、位置异常及引发了交通阻塞。
871,5724,拥堵_20240220162845_突发事件_35367799.mp4,拥堵,二轮车辆闯入,2023年10月20日16时28分至16时29分，S20内至G60出省方向高架路段出现二轮车辆闯入交通事件。视频中可见两辆二轮车在主车道行驶，未见明显违规行为，但该路段为高速公路，禁止二轮车辆通行，且无专用二轮车道或明显禁止标志，车辆在车流中穿行存在较大安全隐患。该行为属于典型的二轮车辆闯入异常事件，影响了主线车辆的正常通行秩序，构成潜在交通风险。
872,5725,二轮车辆闯入_20230717131315_突发事件_1156565.mp4,二轮车辆闯入,多车事故,2023年7月17日13时13分13秒，在嘉闵西金沙江西路入口处的高架道路上，一辆白色轿车与前方车辆发生追尾事故后停在行车道内。该车辆后方多辆汽车被迫减速避让，形成明显的交通拥堵。涉事车辆包括两辆白色轿车，因车辆位置异常且均处于静止状态，导致后方车辆无法正常通行，形成连锁的拥堵效应。现场未见明显抛洒物或施工迹象，但车辆异常停车行为本身已构成交通安全隐患，影响了道路的正常通行秩序，符合多车事故的异常特征。
874,5727,二轮车辆闯入_20230717172137_突发事件_1356671.mp4,二轮车辆闯入,多车事故,2023年7月17日17时21分35秒左右，在外环高速莘庄立交南枪机1处，一辆白色轿车与一辆灰色SUV疑似发生碰撞，停在行车道内，车辆位置异常，横跨部分车道，导致后方车辆被迫减速绕行。该事故区域为高速公路主干道，车流密集，多辆轿车、货车及大型运输车辆正常行驶，事故发生后，后方车辆出现短暂缓行，未见明显拥堵。涉事车辆包括白色轿车、灰色SUV，它们的行为导致后方车辆出现视觉障碍，存在安全隐患，符合多车事故的典型特征。
875,5728,拥堵_20231230174249_突发事件_35280061.mp4,拥堵,多车事故,2023年12月30日17时42分至17时43分，外环高速莘庄立交东南方向出现多车事故。事故发生在夜间，路面湿滑，车辆行驶缓慢。在道路右侧车道，多辆轿车和货车发生事故，导致车辆位置异常，部分车辆横跨车道或斜停，形成明显交通拥堵。视频中可见红色轿车与黑色轿车疑似发生追尾，导致后方车辆紧急刹车并绕行避让。现场未见明显人员下车交涉或交警到场处理，但事故造成该方向车流缓慢通行，车辆排队长度持续增加，影响了整体交通效率。异常特征表现为多车碰撞痕迹、车辆间距离过近以及持续的灯光闪烁和车辆减速行为。
877,5730,二轮车辆闯入_20230719213511_突发事件_6964607.mp4,二轮车辆闯入,异常停车,2023年7月19日21时35分，外环高速沪嘉立交南段夜间行车过程中，监控画面显示该路段右侧车道有一不明车辆静止停靠，后方有车辆缓慢通过。视频中未见明显故障迹象，但该车持续占据车道，导致后方多辆货车和轿车被迫减速避让，形成局部拥堵。涉事车辆为白色厢式货车，未见驾驶员下车或采取警示措施，其后方车辆因避让而出现急刹和变道行为，交通流受到明显影响，符合“异常停车”判断标准中的“车辆在非停车区域静止”“后方车辆被迫减速或绕行”等特征。
881,5734,二轮车辆闯入_20230720063621_突发事件_6967088.mp4,二轮车辆闯入,多车事故,2023年7月20日06时36分13秒，在东侧元江路入口3的隧道内，一辆白色轿车与前方车辆发生追尾事故，涉事车辆包括白色轿车及前方白色轿车，事故车辆停靠在右侧车道，后方车辆被迫减速避让，形成轻微拥堵。现场无明显人员下车交涉或交警到场，但车辆位置异常且存在碰撞痕迹，符合多车事故特征。
882,5735,多车事故_20240522170050_突发事件_35623247.mp4,抛洒物,多车事故,2024年5月22日17时00分43秒，在武宁南立交桥B1路段，一辆白色轿车与银色轿车在行车道上发生碰撞，导致两车位置异常，白色轿车斜停靠于最右侧车道，银色轿车迫于紧急驾驶模式斜至应急车道，形成局部交通拥堵。随后，该银色轿车被后方车辆陆续跟随并取代其位置，导致后续车辆被迫减速避让或变道绕行，影响了该路段的正常通行秩序。现场可见多辆轿车和一辆面包车依次缓慢行驶，车流密集且速度下降，存在明显的排队缓行现象，符合多车事故的异常特征。
884,5737,二轮车辆闯入_20230721130256_突发事件_33393641.mp4,二轮车辆闯入,异常停车,2023年7月21日13时02分54秒至13时03分02秒，S20外至G60出省方向1枪机2监控画面显示，该路段为绿化带环绕的弯道高速公路，道路两侧有绿化带和护栏，右侧有一排玻璃窗的建筑物。在13:02:51至13:03:00期间，一辆黑色轿车在行车道上突然减速并完全停止，且该车未开启双闪灯，驾驶员未下车查看。随后，多辆其他车辆（包括轿车、SUV、货车等）从其左侧正常行驶通过该路段，未发生碰撞或紧急避让行为，但该车异常停车行为对后方车辆造成潜在安全隐患。该车停车位置位于行车道内，非停车区域，且无交通信号灯或标志允许临时停车，属于典型的异常停车事件。
886,5739,占道施工_20231011002122_运行安全_34918859.mp4,占道施工,多车事故,2023年10月11日00:21:15至00:22:14期间，K14+050路段夜间出现多车事故交通事件。画面显示该路段为双向高架道路，两侧设有隔音屏障和照明设施。右侧车道中多辆汽车在行驶过程中出现明显减速并频繁刹车，车流密集且通行缓慢，车辆间距离缩短，尾灯连成一片，表明存在追尾或侧滑现象。左侧车道未见异常停车或施工情况，也无二轮车辆闯入迹象。事故区域未见明显抛洒物或人员下车交涉，但车辆密集且行驶受阻，符合多车事故特征。整体影响为局部交通流受阻，存在潜在追尾风险。
887,5740,二轮车辆闯入_20230722141340_突发事件_33394629.mp4,二轮车辆闯入,多车事故,2023年7月22日14时13分35秒至14时13分42秒，嘉闵高架东柴塘北路入口处，一辆白色轿车与银色轿车在行车道内发生碰撞，导致两车位置异常，银色轿车斜停于车道内，白色轿车紧随其后并减速避让。事故发生后，银色轿车驾驶员下车查看情况，白色轿车后方车辆被迫减速绕行，交通流出现短暂缓行，该路段车辆行驶速度明显降低，存在排队现象。现场无施工设施或抛洒物，也无二轮车辆闯入现象，主要异常特征为多车碰撞发生于高架道路，车辆间存在预见性避让行为，但整体交通秩序仍在控制范围内。
888,5741,抛洒物_20231222064911_运行安全_35250259.mp4,抛洒物,二轮车辆闯入,2023年12月22日星期六05:49:13，北环高速富锦路路段，最右侧车道内有二轮车辆行驶，一辆红色货车未开启双闪灯停靠在应急车道，车辆后方无明显警示标志，驾驶员佩戴头盔，该行为属于闯入禁止通行区域的危险驾驶行为，对后方正常行驶的车辆构成潜在安全隐患，影响了道路通行安全。
889,5742,异常停车_20240613141826_突发事件_35701533.mp4,异常停车,多车事故,2024年6月13日14时18分，位于高速公路某路段的监控画面显示，多辆机动车在道路上正常行驶。在视频开始阶段，一辆白色厢式货车在右侧车道行驶过程中，后方车辆出现减速避让行为，形成短暂拥堵。随后，一辆白色轿车从右侧车道突然驶入行车道，导致后方车辆紧急刹车或变道，引发连锁反应，形成多车事故。涉事车辆包括白色厢式货车、白色轿车，事故现场未见明显的碰撞痕迹或人员下车交涉，但车辆位置异常，部分车辆横跨车道，影响后续车辆正常通行。该事件符合多车事故特征，表现为车辆碰撞痕迹、紧急避让行为及交通秩序紊乱。
891,5744,拥堵_20230811151029_突发事件_34564071.mp4,拥堵,多车事故,2023年8月11日15时10分至15时11分，外环高速莘朱路路段出现多车事故交通事件。事故发生在道路右侧车道，多辆轿车和货车在行驶过程中因前方车辆减速或停车引发追尾、碰撞，导致车道内车辆密集排队缓行，部分车辆紧急避让、减速，形成明显的交通拥堵。涉事车辆包括红色JAC货车、白色JAC货车、黑色轿车及多辆其他小客车和货车，部分车辆出现位置异常、碰撞痕迹或停止于车道中。事故区域未见明显抛洒物或人员下车交涉，但车辆间存在频繁的变道和减速行为，影响了整体通行效率。异常特征表现为车辆密集、行驶速度显著降低、车道占用延长，符合多车事故的典型表现。
892,5745,占道施工_20240107232248_运行安全_35300370.mp4,拥堵,多车事故,2024年1月7日23时22分至23时23分，在G60市区方向至S4金山方向的高架道路上，发生了一起多车事故。视频显示，事故发生在夜间，道路上有车辆碰撞痕迹且有明显异常停车。涉事车辆包括一辆大型工程车，两车在行驶过程中发生碰撞，导致车辆位置异常，其他车辆被迫停车或避让。事故现场有多名人员下车查看情况，部分人员站在事故车辆旁，还有车辆排队缓行，交通流量明显受阻。此事件符合多车事故判断标准，表现为车辆碰撞、人员下车处置以及交通流受阻等特征。
896,5749,异常停车_20240526160727_突发事件_35639640.mp4,异常停车,多车事故,2024年5月26日16时07分05秒至16时08分03秒，外环高速吴淞江桥南路段，所有车辆均在正常行驶，未见明显碰撞或异常停车行为。不符合“多车事故”判断标准。
898,5751,拥堵_20240305083036_突发事件_35388785.mp4,拥堵,二轮车辆闯入,2024年3月8日08时30分至08时31分，外环高速沪太立交东（内）路段出现二轮车辆闯入交通事件。在该时间段内，多辆二轮车（包括摩托车和电动车）在湿滑路面条件下行驶于机动车道内，未见专用二轮车道或明显禁止标志，车辆无牌照特征。视频中可见二轮车在车流密集区域穿行，与正常行驶的轿车、货车等机动车混行，存在逆行、横穿车道等危险行为，且无专用二轮车道标识或专用二轮车通道。该行为导致部分车辆紧急避让，造成局部交通秩序紊乱，存在较大安全隐患，符合二轮车辆闯入的异常特征。
899,5752,占道施工_20240425033618_运行安全_35524816.mp4,占道施工,多车事故,2024年04月25日03:36，外环高速沪太立交东1-1 03路段发生一起多车事故。一辆红色轿车与前方车辆发生追尾事故，导致车道数量减少，后方车辆被迫减速或绕行。涉事车辆包括一辆红色轿车，前方有一辆大型货车。现场有多名人员下车查看情况，其中一人站在警车旁边，另一人从车内走出。事故区域设置有交通锥桶隔离，形成临时封闭区，车辆位置异常，部分车辆横跨车道或斜停，影响正常通行。异常特征表现为车辆密集排列、灯光闪烁、人员下车处理以及车道被占用和车辆位置异常，符合多车事故判断标准。
900,5753,异常停车_20240624173027_突发事件_35722446.mp4,异常停车,多车事故,2024年6月24日17时30分至17时31分，外环高速仙霞路南段，一辆蓝色货车与前方轿车发生轻微追尾事故，随后一辆大型平板货车停于事故区域，多辆车辆紧急刹车并有序停置，未见明显人员下车交涉或交警到场，但该行为引发了后续多车避让动作，导致后方车辆排队缓慢通行，形成短暂拥堵。现场未见抛洒物或施工迹象，但车辆密集且行驶缓慢，符合多车事故的异常特征。
902,5755,异常停车_20240530182156_突发事件_35655688.mp4,异常停车,多车事故,2024年5月30日18:21至18:22，外环高速沪渝立交段出现多车事故交通事件。画面显示，该路段为双向多车道高速公路，路面湿滑，天气阴雨。右侧车道有多辆轿车和货车发生追尾事故，导致车辆位置异常，部分车辆横跨车道或斜停，造成局部交通流受阻。涉事车辆包括红色货车、白色轿车及多辆其他小型车辆，均处于异常停车或碰撞状态。事故现场未见明显人员下车交涉或交警到场处理，但车辆间存在明显的碰撞痕迹和碰撞痕迹，符合多车事故特征。此事件导致右侧车道通行受阻，影响了后续车辆的正常行驶，形成短暂拥堵。异常特征主要表现为多辆车位置异常、刹车灯持续亮起、车辆横跨车道等，符合多车事故判断标准。
903,5756,异常停车_20240616231843_突发事件_35708497.mp4,异常停车,多车事故,2024年6月23日16时18分至16时19分，外环高速丰翔路南段监控画面显示，一辆轿车与一辆货车在行车道上发生碰撞，多辆车在发生事故后停靠在左侧车道上，导致车辆位置异常，部分车辆横跨车道并影响了后续车辆正常行驶，现场未见明显人员下车交涉或交警到场处理，但其他车辆在经过该区域时出现减速、变道等避让行为，交通流出现短暂拥堵和缓行。涉事车辆包括一辆轿车和一辆货车，二轮车辆闯入判断标准中未出现，但根据异常特征推测可能为多车事故引发的停车或碰撞痕迹。事故未造成严重追尾或严重阻塞，但对局部通行秩序产生干扰。
904,5757,二轮车辆闯入_20230722020946_突发事件_33394099.mp4,二轮车辆闯入,多车事故,2023年7月22日02:09:45至02:10:04期间，外环高速莘庄立交北段夜间行车过程中，多辆机动车在行车道上发生碰撞事故。涉事车辆包括多辆货车、轿车及一辆二轮车，其中一辆红色货车与前方车辆发生追尾，导致车辆位置异常，横跨车道并出现明显碰撞痕迹。现场可见多辆车灯光闪亮，部分车辆刹车灯持续亮起，后方车辆因避让或减速形成拥堵态势。该事故发生在立交桥区域，受光线和车速影响，交通流出现缓行，但未完全中断。未见明显施工设施或抛洒物，也无二轮车辆闯入现象，初步判断为多车追尾事故，影响范围覆盖多个车道，造成通行受阻，符合多车事故特征。
905,5758,多车事故_20240625070853_突发事件_35722808.mp4,拥堵,多车事故,2024年6月25日星期二早上7点07分至7点08分，在一条多车道城市高架桥上发生了一起多车事故。事故发生在道路右侧靠近右侧应急车道的地方，涉事车辆包括一辆白色面包车和一辆黑色轿车，两车在行驶过程中发生碰撞，导致黑色轿车斜停在车道上，面包车则停在其右侧。事故发生后，驾驶员下车查看情况，其他车辆被迫停车或绕行。事故造成该路段交通流明显受阻，车辆排队缓慢通行，影响了整体道路的正常交通秩序。异常特征表现为多车碰撞、车辆位置异常以及后方车辆紧急避让的行为。
906,5759,拥堵_20231216110218_突发事件_35232713.mp4,抛洒物,多车事故,2023年12月16日11时02分至11时03分，S4市区方向至S20内环高架路段出现多车事故交通事件。涉事车辆包括一辆红色货车、一辆白色厢式货车及多辆轿车和货车，其中红色货车停靠在最左侧车道，车身部分占据车道，导致后方车辆减速避让。现场未见明显碰撞痕迹或人员下车交涉，但车辆排队缓慢通行，存在明显的交通拥堵现象。异常特征表现为车辆密集排列，行驶速度显著降低，部分车辆变道绕行，整体交通流受到较大影响。该事件符合多车事故判断标准，属于因车辆碰撞引发的交通拥堵。
908,5761,占道施工_20240121001004_运行安全_35329940.mp4,拥堵,多车事故,2024年1月21日00时12分42秒至00时12分52秒，S20LSTV05监控路段夜间出现多车事故。视频显示，该路段为双向多车道高速公路，路面湿滑，夜间照明良好。左侧车道有一辆黑色轿车与前方车辆发生追尾，右侧车道一辆白色轿车与前方车辆发生碰撞，导致后方车辆紧急刹车或绕行。两车碰撞痕迹明显，车辆位置异常，横跨车道并影响后续车辆正常行驶。事故发生后，后方车辆出现短暂排队现象，交通流减缓。未见明显抛洒物或人员下车交涉，也无施工或二轮车辆闯入迹象，初步判断为多车事故事件。事故区域车辆行驶速度明显降低，存在安全隐患，符合多车事故特征。
909,5762,拥堵_20231010133319_突发事件_34916451.mp4,拥堵,多车事故,2023年10月10日13时33分至13时34分，位于城市高架道路南向车道，一辆白色轿车与前方车辆发生追尾碰撞，黑色轿车斜停靠于右侧车道，白色轿车右侧车身超过并横跨多条车道，导致后方车辆紧急刹车、减速并形成明显交通拥堵。事故现场无明显人员下车交涉或交警到场，但多辆汽车因避让事故车辆而紧急变道或停滞，导致该路段车流密度显著增加，车辆排队长度持续增加，通行速度明显下降，符合多车事故的异常特征。
911,5764,多车事故_20230805115000_突发事件_34430541.mp4,多车事故,拥堵,2023年8月5日11时49分至11时50分，S20外2枪机1监控画面显示，在隧道内双向车道中，右侧车道有多辆汽车、一辆SUV及一辆白色大巴车在行驶过程中出现碰撞迹象，其中一辆白色轿车与前方车辆发生追尾，随后停车处理情况。后续车辆紧急刹车并绕行避让，导致车流短暂拥堵，灯光闪烁，刹车灯持续亮起，部分车辆横向偏移，存在明显的碰撞痕迹和追尾痕迹，符合多车事故的异常特征。事故区域未见明显抛洒物或人员下车交涉，但车辆密集排队，通行效率显著下降，形成短暂交通拥堵。
912,5765,占道施工_20240227215626_运行安全_35378160.mp4,占道施工,多车事故,2024年02月27日21:56:23至21:57:20，在某高速公路路段，发生了一起多车事故。涉事车辆包括一辆大型货车和一辆小轿车，两车在行驶过程中发生碰撞，导致货车停在车道上，小轿车则在其右侧。事故现场有人员下车查看情况，交通中心警RIORITY车道被占用，后方车辆被迫减速或绕行，交通流受到明显影响，形成了短暂的拥堵现象。异常特征表现为货车明显碰撞痕迹和驾驶员下车处理事故，其他车辆紧急避让或减速通过，整体道路通行效率下降。
913,5766,拥堵_20231207163622_突发事件_35201245.mp4,拥堵,二轮车辆闯入,2023年12月7日星期四16时36分至16时37分，北环高速同济路立交南段出现多车事故交通事件。视频显示，该路段为双向多车道高速公路，右侧方向车流密集，大量车辆在汇入口处出现连续刹车、行驶缓慢现象，车流持续缓慢并形成明显排队现象，车辆间距极小，部分车辆处于静止或低速移动状态。左侧车道相对通畅，但亦有车辆因右侧事故影响而减速避让。涉事车辆包括多辆轿车、货车及一辆绿色工程车，其中工程车在事故中可能引发安全隐患，导致后方车辆紧急刹车或变道避让。现场未见明显碰撞痕迹或人员下车交涉，但车辆整体行驶状态异常，存在连续追尾行为，且无施工设施或抛洒物等其他干扰因素，符合多车事故判断标准。事故持续约一分钟，期间未见二轮车辆闯入或异常停车，其他车辆均未发生碰撞，未构成拥堵或二轮车辆闯入事件。
914,5767,二轮车辆闯入_20230715122955_突发事件_1149658.mp4,二轮车辆闯入,异常停车,2023年7月15日12时29分51秒至12时30分50秒，外环高速丰翔路南段监控画面显示，一辆红色货车在道路右侧应急车道内停靠，车辆未开启双闪灯。该车停靠位置位于道路右侧护栏旁，未见驾驶员下车或采取警示措施。由于该车停靠在行车道与应急车道之间，影响了后方车辆的正常通行，部分车辆在经过该区域时出现减速避让行为，存在潜在安全隐患。该行为符合异常停车判断标准中的“车辆在非停车区域完全静止”“未开启双闪灯”“影响后方车辆正常通行”等特征，属于异常停车事件。
915,5768,占道施工_20231224232830_运行安全_35258643.mp4,抛洒物,多车事故,2023年12月24日23时28分至23时29分，外环高速淞滨路西路段夜间发生多车事故，地点位于G312国道旁，涉事车辆包括一辆黄色平板拖车及多辆轿车，其中一辆白色轿车与前方货车发生追尾碰撞，导致两车位置异常，随后在车道上停车。事故造成该路段交通流明显受阻，后方车辆出现缓行并绕行，形成局部拥堵。现场可见多辆车辆紧急变道避让，部分人员下车查看情况，存在明显的碰撞痕迹和车辆位置异常现象，符合多车事故判断标准。
916,5769,二轮车辆闯入_20230720232641_突发事件_33392729.mp4,二轮车辆闯入,多车事故,2023年7月20日23时26分38秒，在外环高速曹安路路段，两辆红色货车与两辆红色轿车发生对向车道追尾，涉事车辆为一辆大型货车与一辆大型客车，两车在行驶过程中突然追尾，导致车辆位置异常，出现斜停的情况。事故区域位于高速公路主车道，周围有多辆轿车和货车正常行驶，事故造成该车道通行受阻，后方车辆出现减速绕行现象，影响了整体交通流的顺畅性。现场未见人员下车交涉或交警到场，但事故车辆均保持缓慢移动状态，符合多车事故特征。
917,5770,抛洒物_20231102165612_运行安全_35037264.mp4,抛洒物,多车事故,2023年11月2日16时58分，外环高速顾戴路北段监控画面显示，一辆白色轿车与蓝色轿车在行车道上发生碰撞，导致两车位置异常，白色轿车斜停于车道内，蓝色轿车斜停在其前方。事故发生后，两名人员下车在路边查看情况，其中一人站在蓝色轿车旁，另一人靠近白色轿车。该路段为多车道高速公路，车流正常行驶，但受事故影响，后方车辆出现减速、变道绕行现象，交通流受到一定干扰，存在轻微拥堵风险。现场未见明显抛洒物或施工设施，但车辆位置异常且存在紧急避让行为，符合多车事故特征。
918,5771,异常停车_20230720152542_突发事件_33390529.mp4,异常停车,多车事故,2023年7月20日15时25分45秒，在嘉闵高架西侧路段，一辆二轮车驶入主路，进入机动车道行驶，该路段为高速公路化高架道路，无专用二轮车道设置，且周围无明显禁止标志，车辆未见明显牌照，驾驶员佩戴头盔，其行为属于闯入禁止通行区域的危险驾驶行为，对后方正常行驶的车辆构成潜在安全隐患，导致部分车辆紧急避让，存在引发追尾或侧碰事故的风险。
919,5772,二轮车辆闯入_20230721125440_突发事件_33393629.mp4,二轮车辆闯入,异常停车,2023年7月21日12时54分38秒，在外环高速龙吴路路段，一辆红色货车停靠在最右侧车道，车身带有明显警示标识，疑似发生故障或违规停车。该车停于行车道旁，导致后方部分车辆被迫减速避让，引发短时交通拥堵。随后，一辆红色货车从右侧车道驶离，未对问题车辆造成影响。由于该车位于行车道内且无明显施工或紧急情况标识，符合异常停车特征，影响了正常交通流，构成安全隐患。
920,5773,占道施工_20230918000802_运行安全_34814089.mp4,占道施工,异常停车,2023年9月18日00:07:59至00:08:58期间，外环高速沪嘉地道2（外）路段夜间雨天路面湿滑，监控画面显示该路段车辆行驶缓慢，车流密集，车距明显缩短，车辆尾灯连成一片红色光带，表明通行速度显著降低。在00:07:59左右，一辆白色轿车在右侧车道行驶过程中突然减速并完全停止，驾驶员下车查看情况后与后方人员交流，后方车辆因避让该车而紧急刹车或变道，导致交通流受阻加剧。随后，多名身穿反光背心的工作人员在车旁进行引导和处置，其中一人手持警示牌，另一人靠近车辆观察情况，确保安全后再继续通行。整个过程中，该白色轿车未移动，且未见明显故障迹象，疑似因雨天路面湿滑导致突发停车行为，属于典型的异常停车事件，对后方交通造成持续影响。
921,5774,抛洒物_20240525024559_运行安全_35633399.mp4,抛洒物,二轮车辆闯入,2024年05月25日星期五凌晨03:45:53，在曹安公路曹滨路段的高架桥上，一辆白色电动车在道路左侧车道上静止，其后方有两名人员站立，疑似驾驶员未佩戴头盔。该电动车在行驶过程中突然启动并向右偏移车道，导致与前方白色轿车发生近距离碰撞，白色轿车出现明显碰撞痕迹，车辆位置异常，横跨部分车道。由于两车碰撞导致后方车辆被迫减速避让，影响了该路段的正常通行秩序。现场无其他车辆发生碰撞或停车处理的情况，但该电动车闯入行为已构成交通异常，存在安全隐患。
922,5775,占道施工_20240524235539_运行安全_35633380.mp4,占道施工,多车事故,2024年05月24日23时59分，在城市快速路客车道与小客车道区域，发生一起多车事故。视频显示，一辆黑色轿车与蓝色出租车在最右侧车道相撞，导致车辆位置异常，出现横跨车道的情况。随后，Another vehicle came over， their car stopped on the side of the road。事故发生后，一名男子从警车旁走出来，旁边放置了两个红白相间的三角警示牌。后续车辆被迫停下，交通一度受阻，后方车辆被迫绕行或减速，形成短暂拥堵。事故区域设有警示牌，但未见施工设施或抛洒物，初步判断为因变道碰撞导致的追尾事故。
926,5779,拥堵_20240317084648_突发事件_35417474.mp4,拥堵,多车事故,2024年6月5日18时03分48秒，S20内至G60出省方向的高架桥路段，一辆白色轿车与前方车辆发生追尾事故，随后后方车辆紧急避让并减速，造成该路段交通流明显受阻，通行效率下降。事故区域无明显施工迹象，也无二轮车辆闯入情况，初步判断为因货车与货车并行发生追尾事故，影响范围约两辆车辆，其中白色轿车与前方货车为同向车种，现场有人员下车交涉，未见明显抛洒物，但交通流因事故出现短暂排队现象。
927,5780,拥堵_20231018080816_突发事件_34955019.mp4,拥堵,抛洒物,2023年10月18日星期三上午8时08分至8时09分，沪宁上行进出口路段出现多车异常停车事件。一辆红色集装箱货车在右侧车道行驶过程中突然减速并完全停止，车辆停在行车道内，未见其开启双闪灯，且无明显故障迹象。该车后方有多辆轿车和货车因避让或减速导致车流出现短暂拥堵，部分车辆绕行至相邻车道，形成连锁反应。该异常停车行为发生在道路主干道上，影响了整体通行效率，且未见施工设施或抛洒物等其他干扰因素，属于典型的非紧急情况下的违规停车行为。
928,5781,拥堵_20240227071557_突发事件_35376187.mp4,拥堵,多车事故,2024年2月27日07时15分至07时16分，S4市区方向至G60出省方向的高架桥路段发生一起多车事故。事故地点位于桥梁中央护栏旁，现场有多辆机动车发生碰撞事故，包括一辆白色面包车、一辆白色轿车及多辆黑色、白色、红色等颜色的轿车和出租车。涉事车辆均在事故中停驶斜停，未见明显碰撞痕迹，但部分车辆横跨车道或斜停，导致后方车辆紧急刹车、减速并形成连环追尾现象。事故区域车辆排成长队，影响通行效率，其他车辆被迫绕行或减速避让，形成短暂拥堵。异常特征表现为车辆位置异常、刹车灯持续亮起、后方车辆紧急避让，符合多车事故判断标准。
929,5782,拥堵_20230904075737_突发事件_34704889.mp4,拥堵,多车事故,2023年9月4日星期一早上7时57分，外环高速铁山路路段出现多车事故交通事件。视频显示该路段双向车流密集，左侧车道车辆密集排队缓慢行驶，右侧车道车流相对顺畅但存在明显减速现象。在靠近画面右侧车道，一辆红色货车与前方白色轿车发生追尾碰撞，导致货车停在行车道内，车辆位置异常，横跨部分车道，导致后方车辆被迫紧急避让或减速绕行。涉事货车左侧车道未开启双闪灯，未见人员下车交涉或车辆清理情况，进一步加剧了交通拥堵。右侧车道车流中，一辆白色轿车与前方黑色轿车疑似发生刮擦，车辆位置不稳定，存在明显碰撞痕迹，车辆横跨车道，导致后续车辆紧急变道或减速，形成局部拥堵。事故区域无明显抛洒物或人员伤亡情况，但车辆密集程度超过正常通行水平，持续时间较长，影响了整体道路通行效率。异常特征表现为多车追尾、车辆位置异常、后方车辆避让行为、持续缓行状态，符合多车事故判断标准。
933,5786,拥堵_20230906163907_突发事件_34722813.mp4,拥堵,多车事故,2023年9月6日16时39分04秒，在嘉闵高架东侧嘉美路南路段，一辆白色轿车与前方车辆发生追尾事故，其右侧两辆小轿车停靠于行车道，导致后方车辆紧急刹车并绕行避让，形成短时拥堵。涉事车辆包括白色轿车，因车距过近且发生追尾，导致交通流受阻，后方车辆出现紧急变道和减速现象。该事件属于典型的“多车事故”，由于车辆碰撞痕迹明显、位置异常及无明显警示标志，影响了正常交通秩序，且未见施工或抛洒物等其他干扰因素，符合多车事故判断标准。
935,5788,占道施工_20230917023223_运行安全_34814689.mp4,占道施工,多车事故,2023年9月17日02时32分至02时33分，外环高速沪嘉地道2（外）路段发生多车事故。现场位于曹安公路出口3公里处附近，涉事车辆包括一辆白色厢式货车、一辆白色轿车及多辆其他小型车辆，其中多车事故导致车辆位置异常，部分车辆横跨车道或斜停，引发后方车辆紧急避让和减速。事故区域设有警示锥桶，一名身穿反光背心的工作人员在事故现场作业，未见明显人员伤亡。该事件属于典型多车事故，表现为车辆碰撞、位置异常、引发交通拥堵及二次事故特征。
936,5789,占道施工_20230829021057_运行安全_34660727.mp4,占道施工,二轮车辆闯入,2023年8月29日02:10至02:11期间，外环高速蕴川立交东段夜间出现二轮车辆闯入交通事件。一辆摩托车在夜间湿滑路面上行驶于高速公路主车道，未见明显专用二轮车道或禁止标志，其行为属于闯入高速公路禁止通行区域。该摩托车在车流中穿行，存在横穿车道等危险行为，驾驶员佩戴头盔，车辆无牌照特征明显。该路段为高速公路，禁止非机动车及二轮车辆通行，该行为违反交通规则，构成二轮车辆闯入异常事件。
937,5790,占道施工_20240126225433_运行安全_35340561.mp4,拥堵,多车事故,2024年1月26日22时54分至22时55分，在G60市区方向至S20外的路段上，发生了一起多车事故。涉事车辆包括一辆红色货车和一辆白色货车，两车停在行车道内，且采取了警示措施，表明发生了碰撞。事故现场有多名人员下车查看情况，路边放置了交通锥和警示牌，周围车辆被迫减速或绕行。此次事故导致该路段交通流量明显受阻，车辆排队长度较长，影响了正常通行秩序。异常特征表现为车辆位置异常、人员下车交涉以及明显的交通警示措施。
939,5792,占道施工_20230917224927_运行安全_34814122.mp4,占道施工,多车事故,2023年9月17日22时49分至22时50分，嘉闵西京沪立交北出方向发生一起多车事故。视频显示，该路段为夜间照明良好但车流量较大的高速公路或城市快速路，道路中间车道被一排红白相间的交通锥桶隔离，形成临时隔离带。一辆黄色校车停靠在最右侧车道，车后方有多辆轿车和一辆工程作业车依次缓慢通行或停靠。随后，一辆黄色工程车从右侧车道驶入并继续向前行驶，期间与前方一辆白色轿车发生轻微追尾碰撞，随后两车均开启双闪灯。事故导致右侧车道车辆流明显受阻，后方车辆出现排队缓行现象，交通流受到一定影响。整个事件中，两辆轿车均处于停车状态，且无明显停车标志或逆行行为，符合多车事故特征，表现为小轿车与校车发生刮擦。
940,5793,异常停车_20230718193808_突发事件_1962668.mp4,异常停车,多车事故,2023年7月18日19时38分，外环高速吴淞江桥南路段夜间监控画面显示，一辆白色轿车与一辆白色货车在最右侧车道发生碰撞，导致两车停驶，导致白色货车后方多辆汽车紧急刹车并绕行。事故发生后，白色货车驾驶员下车在车旁停留，周围车辆出现缓慢通行现象，交通流受到明显影响，形成短暂拥堵。白色轿车未见明显停车，但其后方车辆因避让行为加剧了交通压力，符合多车事故特征。
942,5795,拥堵_20231207071354_突发事件_35198546.mp4,拥堵,二轮车辆闯入,2023年12月7日07时13分至07时14分，外环高速莘庄立交东南方向出现二轮车辆闯入交通事件。一辆白色电动车在高速公路行车道上行驶，未在专用非机动车道或辅道通行，直接进入机动车道并影响正常行车秩序。该车辆在车流中穿行，存在横穿车道等危险行为，驾驶员佩戴头盔，车辆无明显牌照标识。由于该路段为高速公路，禁止二轮车辆通行，该行为属于典型的二轮车辆闯入异常事件，对周围正常行驶的机动车构成潜在安全隐患，导致部分车辆紧急避让或减速绕行，影响了道路通行安全与秩序。
943,5796,二轮车辆闯入_20230722133457_突发事件_33394578.mp4,二轮车辆闯入,异常停车,2023年7月22日13时34分53秒，在外环高速莘庄立交北段，一辆红色货车在行车道上突然停车，导致后方多辆车辆紧急避让。该车在非停车区域完全静止，影响了后方车辆的正常通行，导致部分车辆减速绕行。该路段为高速公路，禁止非紧急情况停车，且无交通信号灯或标志允许停车，因此属于异常停车行为。现场未见明显故障迹象，且对其他车辆造成一定影响。
944,5797,拥堵_20240112134029_突发事件_35314353.mp4,拥堵,多车事故,2024年5月29日16时12分，外环高速顾戴路北（外）路段发生一起多车事故。事故地点位于通往曹安公路方向的匝道口附近，曹安公路方向的车道上车辆密集缓行，存在明显拥堵现象。视频显示，一辆黑色轿车与前方车辆发生追尾，导致后方车辆紧急刹车或变道，造成交通流紊乱。随后，一辆白色面包车与前方车辆发生刮擦，进一步加剧了交通压力。两辆以上多车事故车辆在碰撞后仍保持较短的距离，未见人员下车交涉或交警到场处理。事故造成该路段通行效率下降，后方车辆被迫减速或绕行，形成持续性拥堵。异常特征表现为多车连续碰撞、车辆位置异常、后方车辆紧急避让，符合多车事故判断标准。
945,5798,占道施工_20240311230951_运行安全_35401911.mp4,占道施工,异常停车,2024年03月11日23:09:57至23:10:35，在北环高速同济路立交南枪机2处，一辆大型货车在行车道上突然减速并停止，车辆完全静止且未开启双闪灯，疑似车辆故障。该行为导致后方多辆车辆被迫减速避让，部分车辆绕行至相邻车道，造成短时交通拥堵和安全隐患。异常特征包括：货车在非停车区域完全静止、未开启双闪灯、后方车辆紧急避让，符合异常停车的判断标准。
946,5799,占道施工_20240426003636_运行安全_35529576.mp4,占道施工,拥堵,2024年4月26日00:36至00:37期间，嘉闵东侧嘉美路南路段夜间发生占道施工交通事件。施工现场位于道路右侧车道，设置有连续的红白相间交通锥桶和警示标志，包括“交替通行”提示牌及“二轮车辆闯入”警示牌，表明该区域正在进行道路施工或维护作业。现场有工程车辆（黄色工程车）及施工人员活动，施工人员穿着反光背心，操作设备并沿道路边缘摆放交通锥桶，形成临时隔离带。施工区域导致右侧车道被部分封闭，车辆需绕行至左侧车道通行，造成车流减速并出现短暂排队现象。期间有多辆小型轿车、货车及摩托车正常行驶通过该区域，未见明显碰撞或异常停车情况，但施工区域存在明显的车道缩减和交通引导措施，符合占道施工特征。整体交通秩序受施工影响但保持有序，未引发严重拥堵或事故。
947,5800,占道施工_20231206001946_运行安全_35190981.mp4,占道施工,二轮车辆闯入,2023年12月6日00:19至00:20期间，嘉闵西金沙江西路入口处的高架道路出现二轮车辆闯入交通异常事件。一辆摩托车从右侧车道驶入主路，行驶过程中未见明显专用二轮车道或禁止标志，且车辆在夜间灯光照射下快速通过，存在逆行、横穿车道等危险行为。该摩托车在主路行驶过程中未与其他车辆发生碰撞，但其闯入行为对正常行驶的机动车构成潜在安全隐患，导致部分车辆需紧急避让或减速以避免碰撞。该路段为高速公路化程度较高的城市快速路，禁止非机动车通行，此行为属于典型的二轮车辆闯入交通异常事件，对道路安全构成威胁。
948,5801,占道施工_20240514233521_运行安全_35590520.mp4,占道施工,多车事故,2024年5月14日23时35分至23时36分，G60市区方向至S4金山方向路段发生多车事故。事故发生在夜间，道路照明良好，路面标线清晰。涉事车辆包括一辆红色货车、一辆白色厢式货车及多辆其他小型汽车，其中红色货车停在右侧车道，白色厢式货车紧随其后，部分车辆位置异常，出现横跨车道、斜停的情况，导致后方车辆被迫减速或绕行。现场设置有多个交通锥桶用于隔离事故区域，一名身穿反光背心的工作人员在车辆旁进行现场指挥或作业。事故未见明显碰撞痕迹或车辆碰撞痕迹明显，但车辆位置异常且存在追尾或侧碰迹象，符合多车事故特征。该事件导致右侧车道通行受阻，后方车辆排队缓慢通行，影响了正常交通流。
949,5802,异常停车_20240516174603_突发事件_35597932.mp4,异常停车,多车事故,2024年5月16日17时46分，嘉闵西侧定焦14路段的高架道路上，一辆白色轿车与前方车辆发生追尾事故后停在行车道内。事故发生后，驾驶员下车查看情况，后方车辆被迫减速绕行，形成短暂拥堵。涉事车辆包括白色轿车及后续白色轿车和黑色SUV，因事故发生地点位于高架桥段，对通行造成影响，属于典型的多车事故，异常特征为车辆非法停车碰撞、人员下车交涉及后方车辆避让行为。
950,5803,占道施工_20230820230816_运行安全_34612853.mp4,占道施工,多车事故,2023年8月20日23时08分至23时09分，外环高速沪太立交东1-1路段夜间发生交通事故，多辆小轿车及货车在道路上疑似发生追尾、碰撞事故，车辆位置异常，部分车辆横跨车道或斜停，现场有多名人员下车查看情况。事故区域车辆行驶速度明显降低，后方车辆被迫减速避让，交通流受到一定影响，形成短暂拥堵。异常特征表现为多车碰撞痕迹、车辆位置异常及人员下车处置，符合多车事故判断标准。
951,5804,占道施工_20230720234342_运行安全_33392790.mp4,占道施工,多车事故,2023年7月20日23时49分，外环高速漕宝路南向北方向，监控画面显示多辆机动车在夜间正常行驶中，右侧车道出现连续双车事故警示灯闪烁，车辆密集排队缓行，车流速度明显下降，部分车辆出现刹车灯亮起现象，其中一辆白色轿车与前方货车或客车发生追尾碰撞，导致后方车辆紧急避让或减速绕行。事故区域未见明显抛洒物或人员下车交涉，但车道内设置连续红白相间的交通锥桶用于隔离施工区域，形成临时交通管制，影响了通行效率。车辆行驶过程中，右侧车道车辆间距缩小，存在追尾、侧滑、碰撞痕迹等典型多车事故特征，符合多车事故判断标准。
952,5805,拥堵_20230906175121_突发事件_34726731.mp4,拥堵,多车事故,2023年9月12日12时51分，外环高速沪太立交东2枪机2监控画面显示，该路段双向车流密集，一辆白色轿车与多辆小型汽车在行驶过程中发生追尾碰撞，涉事车辆包括一辆白色轿车和一辆较小型轿车，导致车辆位置异常，部分车辆横跨车道并影响后续车辆正常行驶，现场未见人员下车交涉或交警到场，但可见后方车辆因避让事故车辆而紧急刹车或变道，导致交通流出现短暂拥堵和减速现象，符合多车事故的异常特征。
953,5806,占道施工_20240301001849_运行安全_35380581.mp4,拥堵,多车事故,2024年3月1日00:18:45至00:19:43，嘉闵西侧定焦09路段在隧道内发生一起多车事故。视频显示，该路段正在进行占道施工，车道被多个橙色锥桶遮挡，导致车辆需变道行驶。在施工区域前有一辆警车和一辆工程车停驻，多名人员在车辆旁进行作业或值守。涉事车辆包括施工车辆及过往的轿车、货车等，多辆车在接近施工区域时减速并有序变道，部分车辆与锥桶发生接触，导致车道数量减少。事故现场未见明显碰撞痕迹或车辆损坏，但存在车辆行驶轨迹偏移和减速行为，且施工区域设有警示牌和闪烁警示灯，符合占道施工引发的交通异常特征。此事件属于典型的占道施工引发的多车事故，影响了道路通行效率和行车安全。
954,5807,拥堵_20240131071122_突发事件_35347340.mp4,拥堵,抛洒物,2024年1月31日7时11分至7时12分，嘉闵高架西侧定焦04监控点位显示，元江路3km、嘉闵高架东侧定焦03监控点位及元江路3km附近隧道内发生多车事故。视频显示，隧道内双向车道车流密集，车辆包括轿车、SUV、货车等，在行驶过程中多辆汽车出现明显追尾和变道碰撞痕迹，其中一辆白色轿车与前方车辆发生刮擦，导致后方车辆紧急刹车或绕行。事故造成交通流明显受阻，车辆排队缓慢通行，存在明显的碰撞痕迹和位置异常，且无人员下车交涉或交警到场处置，符合多车事故特征。右侧车道车辆因避让左侧事故车辆而产生局部拥堵。现场未见抛洒物或施工迹象，但车辆间存在频繁急刹行为，表明事故仍对交通造成较大影响。
955,5808,二轮车辆闯入_20230715114611_突发事件_1149523.mp4,二轮车辆闯入,多车事故,2023年7月11日15时46分至15时47分，外环高速武威路南（内）路段出现“多车事故”交通事件。视频显示，该路段车流密集，多辆小轿车、货车及厢式运输车在行驶过程中发生追尾、碰撞事故，导致车辆位置异常，部分车辆横跨车道或斜停，造成通行受阻。事故区域无明显车辆碰撞痕迹或散落物，但车辆间存在紧急避让和减速行为，部分车辆被迫绕行或长时间停滞，形成局部拥堵。涉事车辆包括红色、蓝色等不同颜色的货车及私家车，其中一辆白色厢式货车和一辆红色货车在事故中位置异常，横跨车道。事故发生后，后方车辆排队缓慢通行，交通流明显受阻，且持续时间较长，未见明显缓解趋势，符合多车事故的典型特征。
959,5812,拥堵_20231213150426_突发事件_35219895.mp4,拥堵,多车事故,2023年12月15日15:06至15:07期间，外环高速丰翔路路段出现多车事故。涉事车辆包括一辆白色货车、一辆白色厢式货车，上述两车在行驶过程中发生碰撞，导致车辆位置异常，斜停在左侧道路。事故现场未见明显人员下车交涉或交警到场处理，但车辆位置异常导致后方车辆紧急避让并减速绕行，造成该路段交通流受阻，车辆排队长度逐渐增加。事故未引发紧急送医或人员下车交涉，但存在安全隐患，影响了道路通行效率。异常特征表现为车辆碰撞痕迹、位置异常以及后方车辆避让行为。
960,5813,占道施工_20230922234941_运行安全_34849095.mp4,占道施工,二轮车辆闯入,2023年9月22日23时49分至23时50分，外环高速沪嘉立交南段夜间出现二轮车辆闯入交通事件。一辆摩托车从画面右侧驶入高速公路主车道，沿最右侧车道由南向北行驶，驾驶员佩戴头盔，车辆有明显牌照。该摩托车在无专用二轮车道且无明显允许通行标志的情况下，直接进入机动车道行驶，与正常行驶的轿车、货车等机动车并行，存在逆行、横穿车道等危险行为，且未见驾驶员主动避让或警示措施。该行为导致后方车辆需减速避让，影响了主车道通行秩序，构成二轮车辆闯入交通异常事件。
961,5814,拥堵_20231221170107_突发事件_35250112.mp4,拥堵,二轮车辆闯入,2023年12月21日10时05分至10时06分，外环高速龙吴路路段出现二轮车辆闯入交通事件。视频画面显示，多辆非机动车（包括摩托车和电动车）在高速公路主路右侧车道内行驶，未见明显专用二轮车道或禁止标志，车辆在车流中穿行，存在逆行、横穿车道等危险行为。涉事车辆为一辆白色电动车，驾驶员身穿深色衣物，未佩戴头盔，车辆无牌照特征明显。该二轮车在车流中频繁出现，与多辆轿车及货车并行，导致后方车辆紧急避让，存在较大安全隐患。该行为符合“二轮车辆闯入”异常特征，属于典型闯入行为，对道路通行安全构成威胁。
964,5817,异常停车_20240625162024_突发事件_35724814.mp4,异常停车,多车事故,2024年6月25日16时23分30秒左右，在外环高速京沪立交南2枪机1处，一辆白色轿车与一辆灰色SUV疑似发生碰撞，并在事故后停靠在右侧车道上。该事故导致后方多辆汽车紧急避让或减速，交通流出现短暂拥堵。现场无明显人员下车交涉或交警到场，但可见车辆位置异常和碰撞痕迹，符合多车事故特征。
965,5818,二轮车辆闯入_20230715122113_突发事件_1149630.mp4,二轮车辆闯入,多车事故,2023年7月15日12时21分04秒，在外环高速松滨路西段，一辆蓝色货车在最右侧应急车道停靠，未开启双闪灯。
968,5821,占道施工_20230801003222_运行安全_33411652.mp4,占道施工,异常停车,2023年8月1日00:52:58至00:53:56期间，在城市高架道路南向车道上，一辆黄色大型货车停靠在右侧车道上，车辆开启双闪灯，驾驶员下车后在车旁活动，未见明显故障迹象。该车后方及周边未设置警示标志或锥桶隔离，导致右侧车道车流密集，车辆通行受阻。期间有多辆轿车、货车及厢式车辆正常行驶通过该区域，部分车辆因避让该车而出现轻微变道行为，但整体交通流保持有序，未发生拥堵或事故。该停车行为不符合临时停车规范，属于异常停车事件，存在潜在安全隐患。
971,5824,二轮车辆闯入_20230722204417_突发事件_33394999.mp4,二轮车辆闯入,拥堵,2023年7月22日24时49分13秒，外环高速漕宝路北向南方向，监控画面显示多辆机动车在夜间行驶中，右侧车道出现明显异常停车现象，车辆排成长队并持续延伸，车流速度明显放缓，形成局部拥堵。涉事车辆包括多辆轿车、货车及一辆大型运输车，其中一辆白色货车在右侧车道静止不动，后方车辆被迫减速绕行，部分车辆因避让异常停车导致变道或变行行为。现场无施工设施、无二轮车辆闯入迹象，也未见抛洒物或碰撞痕迹，但右侧车道因车辆积压形成明显交通拥堵，影响了整体通行效率，符合拥堵判断标准。
973,5826,异常停车_20230715182834_突发事件_1150826.mp4,异常停车,二轮车辆闯入,2023年7月15日18时28分38秒，北环高速富锦路路段，一辆二轮车驶入右侧辅路，进入机动车道行驶，该区域为禁止非机动车通行的高速公路路段。涉事车辆为一辆蓝色电动车，驾驶员身穿浅色上衣，佩戴头盔，车辆未见明显牌照。该二轮车在主车道上正常行驶，未出现变道或横穿行为，但其进入辅路的行为违反了交通规则，对正常行驶的车辆构成潜在安全隐患。现场无其他车辆紧急避让或交通秩序混乱迹象，但该二轮车的闯入行为属于典型违规行为，存在较大交通风险。
974,5827,拥堵_20240316145007_突发事件_35416351.mp4,拥堵,多车事故,2024年3月16日14时50分至14时51分，G60市区方向至S20内圈路段出现多车事故交通事件。视频显示，该路段双向车道车流密集，多辆轿车、货车及厢式运输车在道路上缓慢行驶或短暂停滞，车辆间距较小，刹车灯频繁亮起，表明存在车辆碰撞或异常停车情况。涉事车辆包括白色轿车、黑色轿车、红色货车等，均处于正常行驶状态但受前方事故影响被迫减速或停车。事故现场未见明显碰撞痕迹或人员下车交涉，也无施工设施或抛洒物迹象，初步判断为多车追尾事故。事故导致该路段交通流受阻，车辆排队长度持续增加，通行效率显著下降，存在安全隐患。异常特征表现为车辆密集排列、行驶速度骤降、刹车灯连绵不绝，符合多车事故判断标准。
977,5830,拥堵_20230902175741_突发事件_34704998.mp4,拥堵,二轮车辆闯入,2023年9月2日17时57分，外环高速富长路路段出现二轮车辆闯入交通事件。视频中可见两辆二轮车在车流中穿行，未在专用非机动车道或辅道行驶，直接进入机动车道并占用行车道，存在逆行、横穿车道等危险行为。该二轮车在车流中行驶过程中未见明显减速或避让行为，且周围车辆为正常行驶的轿车和货车，存在较大安全隐患。该行为违反了高速公路禁止二轮车辆通行的规定，属于典型的二轮车辆闯入交通异常事件，对道路安全构成威胁。
978,5831,异常停车_20240516183339_突发事件_35598193.mp4,异常停车,多车事故,2024年5月16日18时33分至18时34分，嘉闵西侧定焦04监控点位拍摄到隧道内发生多车事故。画面显示，事故发生在元江路入口附近，一辆白色轿车与白色货车疑似发生追尾事故。随后，两车停于行车道上，车门打开，驾驶员及乘客下车站在车旁交谈。事故未见明显碰撞痕迹，但车辆位置异常且存在紧急停车行为，导致后方车辆被迫减速避让，形成短暂拥堵。现场无明显施工或抛洒物迹象，但车辆异常停车行为对通行造成一定影响。该事件符合多车事故判断标准，表现为两车碰撞痕迹、车辆位置异常及后续车辆避让行为。
980,5833,异常停车_20240508133827_突发事件_35570359.mp4,异常停车,多车事故,2021年5月13日13时33分，在外环高速京沪立交南2枪机2处，一辆蓝色货车与一辆蓝色轿车发生碰撞后停在道路中央，明显看到两车位置异常，呈斜停状态，且两车均开启双闪灯。事故发生后，后方车辆紧急避让或减速绕行，造成该路段交通流短暂受阻，车辆通行速度明显下降。涉事车辆均未完全静止，部分车辆仍处于行驶状态，但已引发后方车辆缓慢移动，存在安全隐患。事故区域位于城市快速路，周边有绿化带和指示牌，未见施工设施或抛洒物，初步判断为多车事故，影响范围较小，但存在追尾和侧翻情况，符合典型多车事故特征。
981,5834,异常停车_20240517125829_突发事件_35600798.mp4,异常停车,多车事故,2024年05月17日星期五12:58至12:59，位于高速公路主线双向车道中的右侧车道发生一起多车事故，涉事车辆包括一辆白色轿车及多辆周边正常行驶的车辆。视频显示，该事故区域无明显碰撞痕迹或车辆静止状态，但事故车辆未开启双闪灯，部分车辆停靠在车道内。随后，事故车辆及涉事车辆均驶离事故区域。影响范围主要集中在右侧行车道，导致后续车辆出现缓慢通行现象，交通流出现短暂排队现象，但未形成严重拥堵。异常特征表现为车辆异常停车及车道占用，符合多车事故判断标准。
983,5836,占道施工_20231008230751_运行安全_34908468.mp4,抛洒物,二轮车辆闯入,2023年10月8日23时07分至23时08分，嘉闵西侧S6立交南路段夜间出现二轮车辆闯入交通事件。一辆黄色摩托车在主车道上行驶，驾驶员佩戴头盔，未见明显牌照标识。该摩托车在车流中穿行，与正常行驶的轿车、货车等机动车并行，存在横穿车道等危险行为。其行为导致部分车辆紧急避让，影响了主车道通行秩序，构成典型的二轮车辆闯入异常交通事件。
988,5841,占道施工_20240612030054_运行安全_35695549.mp4,占道施工,多车事故,2024年6月12日03:00至03:01，外环高速老沪闵路东（内）路段发生多车事故。现场可见多辆汽车和货车在夜间行驶，车辆分布在行车道内，部分车辆刹车灯亮起，表明存在紧急情况。涉事车辆包括一辆白色轿车、一辆黑色SUV等，未见明显碰撞痕迹，但车辆位置异常，有车辆横跨车道、斜停或成群停靠，导致交通流受阻。事故区域用锥桶进行隔离，锥桶上有警示灯，提示存在施工或事故处理行为。整体交通流受影响，车辆行驶速度降低，存在追尾或减速风险，符合多车事故特征，且持续时间较长，未见缓解趋势。
989,5842,二轮车辆闯入_20230720190132_突发事件_33391626.mp4,二轮车辆闯入,抛洒物,2023年7月20日18时01分32秒，S4市区方向至S20外环线高架路段，一辆蓝色轿车与一辆白色轿车在 altitude: 0-180cm范围内发生碰撞，两车均处于静止状态，蓝色轿车驾驶员下车查看情况，白色轿车后方人员下车报警。该行为导致后方车辆被迫减速绕行，形成局部拥堵，且无明显施工或抛洒物迹象，但存在安全隐患。
990,5843,占道施工_20240521232242_运行安全_35618458.mp4,占道施工,拥堵,2024年05月21日23:25:00至23:25:39，在某高速公路路段，多辆轿车和货车发生了一起多车事故。涉事车辆包括一辆白色轿车及多辆小型汽车，其中白色轿车在发生事故后停在道路中央，旁边有人员下车进行交涉。事故现场用红白相间的交通锥进行隔离，部分车辆位置异常，存在碰撞痕迹和明显停滞现象。该事故导致后方车辆被迫减速或绕行，交通流受到一定影响，形成短暂的拥堵。异常特征表现为车辆位置异常、人员下车处理以及交通设施临时布置。
992,5845,占道施工_20230719230358_运行安全_6965062.mp4,占道施工,多车事故,2023年7月19日23时03分55秒至23时04分52秒，外环高速丰翔路-1 02路段夜间发生一起多车事故，涉事车辆包括一辆白色轿车、一辆白色SUV等小型车辆，在行驶过程中，白色轿车与前方车辆发生追尾碰撞，导致后方多辆车紧急刹车并出现明显拥堵。事故现场有多名人员下车查看情况，其中一人站在红色车辆旁，另一人从白色SUV车内下来。事故造成该路段通行效率下降，车辆排队长度持续增加，后方车辆出现缓行现象，影响了整体交通流畅性。异常特征表现为多车连续碰撞痕迹、车辆位置异常、人员下车交涉以及后方车辆紧急避让行为。
994,5847,占道施工_20240110005353_运行安全_35306039.mp4,占道施工,多车事故,2024年1月10日00:53:57至00:54:54期间，沪嘉高速乔宅路（乔宅路段）发生一起多车事故。一辆黄色货车停在道路左侧车道，疑似与前方车辆发生追尾，随后启动倒车，导致货车部分侵占车道。现场有多名人员下车查看情况，其中一名身穿橙色反光背心的工作人员在事故车辆旁进行交涉。涉事车辆包括货车及后方车辆，存在明显碰撞痕迹，车辆位置异常，横跨车道并斜停，导致交通流受阻。事故未见碰撞痕迹，但车辆位置异常明显，且有多人下车处理，符合多车事故特征。该事故造成局部通行受阻，但未引发严重交通阻塞或拥堵，后续车辆正常行驶。事故区域为夜间照明条件下，交通流已开启警示灯，路面设置交通锥桶进行隔离，存在施工警示标志。整体判断为占道施工引发的多车事故，存在异常停车与施工占道双重因素，对通行造成一定影响。
995,5848,占道施工_20230919012110_运行安全_34818627.mp4,占道施工,多车事故,2023年9月19日凌晨1点21分至1点22分，外环高速漕宝入口匝道（内）路段发生一起多车事故。监控画面显示，该路段为双向车道，夜间照明良好。事故发生在主路右侧车道，多辆轿车和货车在通过该区域时出现明显减速和碰撞迹象。涉事车辆包括多辆小型轿车及大型货车，其中一辆大型货车与前方车辆发生追尾，导致后方车辆紧急刹车并形成明显的交通拥堵。现场未见明显人员伤亡，但车辆位置异常，部分车辆横跨车道或斜停，影响了正常通行秩序。异常特征表现为车辆碰撞痕迹、刹车灯持续亮起、车辆间存在紧急避让行为以及车道被占用，符合多车事故判断标准。
996,5849,占道施工_20230726230638_运行安全_33405704.mp4,占道施工,多车事故,2023年7月26日23时06分36秒至23时07分33秒，外环高速莘庄立交东南方向夜间，一辆白色轿车与一辆黑色轿车在行车道上发生碰撞，导致白色轿车斜停于车道上，黑色车辆紧急刹车并亮起双闪灯。两车位置异常，均处于碰撞后状态，导致后方车辆被迫减速绕行。事故区域设置有橙色交通锥和警示标志，未见明显抛洒物。多辆其他车辆从两车事故车辆之间经过，包括货车、轿车及面包车，均正常行驶但出现轻微避让行为。事故导致该路段交通流受阻，车辆排队长度逐渐增加，形成短暂拥堵。现场人员在事故车辆旁进行交涉，无其他异常行为或事故处理活动迹象。该事件属于典型多车事故，具备明显的碰撞痕迹、车辆位置异常及交通影响特征。
997,5850,拥堵_20231223100227_突发事件_35254208.mp4,拥堵,异常停车,2023年12月23日08时35分至08时36分，外环高速沪嘉立交桥北向南方向，监控画面显示多车道车辆行驶正常，一辆红色集装箱货车在右侧车道行驶过程中突然减速并完全停止，后方多辆轿车被迫紧急刹车或变道绕行。该车后方无明显故障迹象，也无施工设施或抛洒物影响，未见二轮车辆闯入或异常停车情况。车辆停驶导致后方车辆排队缓行，车流密度显著增加，影响了正常通行效率。异常特征表现为该车在非停车区域突然静止，引发后续车辆避让行为，符合异常停车判断标准。
998,5851,拥堵_20240301135810_突发事件_35382309.mp4,拥堵,多车事故,2024年3月1日13时58分，嘉闵东京沪立交北入口处的高架道路上发生多车事故。事发地点位于高架桥中段，涉事车辆包括多辆小轿车及一辆白色面包车，其中白色面包车与后方车辆发生追尾，导致车辆位置异常，部分车辆横跨车道或斜停，造成交通流受阻。现场可见多辆车缓慢移动或完全停止，驾驶员下车查看情况，未见明显人员伤亡。事故区域交通流量大，车辆密集，存在抛洒物情况，导致后方车辆紧急刹车或绕行避让。异常特征表现为车辆密集排列、行驶速度显著下降、车道内存在明显异物（如车身），符合多车事故判断标准。
1000,5853,拥堵_20231008165423_突发事件_34907088.mp4,拥堵,异常停车,2023年10月16日08时54分，外环高速沪太立交东段出现严重交通拥堵，多辆轿车、货车及厢式运输车在行车道和应急车道上缓慢行驶或完全停止，车辆排成长队，车距极短，通行速度明显下降，部分车辆处于低速移动或短暂停滞状态，持续时间超过10秒且无缓解趋势，符合拥堵判断标准。现场未见明显事故、施工或抛洒物迹象，但车辆密集且行驶缓慢，表明拥堵主要由车流量大导致，影响范围覆盖整个监控画面区域，未发现二轮车辆闯入或异常停车情况。
1001,5854,占道施工_20240425060228_运行安全_35524993.mp4,占道施工,异常停车,2024年04月25日星期四06:02:25，在外环高速铁山路监控画面中，右侧车道发生一起多车事故，一辆红色轿车与白色货车在行车道内发生碰撞，车辆位置异常，红色轿车斜停在车道内，白色货车则明显减速并倚靠在应急车道上，事故现场有人员下车查看情况，导致后方车辆被迫减速绕行，交通流受到影响，车辆在车道内缓慢移动，未见明显追尾或完全碰撞痕迹，但存在明显的车辆碰撞痕迹及异常停车行为。
1003,5856,二轮车辆闯入_20230718110519_突发事件_1960391.mp4,二轮车辆闯入,异常停车,2023年7月18日11时05分18秒，在外环高速武威路南（内）路段，一辆红色货车在最右侧车道上异常停车，车辆完全静止且未开启双闪灯，疑似发生故障，其后方有多辆车辆排队缓行，包括轿车、货车及大型运输车，交通流明显受阻，存在安全隐患。该行为符合异常停车的判断标准，表现为车辆在非停车区域完全静止、无警示标志以及对后方正常行驶车辆造成影响。
1004,5857,异常停车_20240530110227_突发事件_35653821.mp4,拥堵,异常停车,2024年5月30日11时07分05秒至11时08分03秒，外环高速吴淞江桥南路段，一辆白色轿车在最右侧应急车道停靠，车辆未开启双闪灯，符合“异常停车”事件。
1006,5859,抛洒物_20240521121451_运行安全_35616339.mp4,抛洒物,多车事故,2024年5月21日12时14分50秒至12时15分48秒，外环高速吴中路路段发生一起多车事故。事故地点位于道路右侧车道，涉事车辆包括一辆白色厢式货车、一辆白色轿车及多辆其他小型车辆，其中白色厢式货车与前方白色轿车发生追尾碰撞，导致后方车辆位置异常且紧急避让或停滞。事故造成该车道通行受阻，后方车辆排队缓行，交通流明显受阻。事故现场可见多辆车辆位置异常，部分车辆斜停或横跨车道，地面粉色纸箱散落路肩，疑似为事故引发。未见明显施工设施或抛洒物，但事故区域车流量大，存在拥堵风险。整体判断为多车事故，性质为白色厢式货车与前方白色轿车追尾碰撞。
1007,5860,多车事故_20240613090315_突发事件_35700753.mp4,抛洒物,多车事故,2024年06月13日09:03:10至09:04:08，在某高速公路的多车道上，一辆白色面包车与左侧蓝色SUV发生碰撞，该车发生位置异常，横跨车道并影响了后续车辆，导致后方车辆不得不紧急避让或减速，形成局部拥堵。事故车辆无明显碰撞痕迹，但车辆位置异常，进一步加剧了交通压力。该事件中，多辆轿车和面包车受困或减速，造成后方车辆排队缓行，整体交通流速明显下降，符合多车事故的异常特征。
1010,5863,拥堵_20231102094202_突发事件_35035557.mp4,拥堵,多车事故,2023年11月2日星期四上午9时41分，外环高速蕴川立交东方向路段出现“多车事故”交通事件。画面显示，该路段为多车道高速公路，车流密集，包含轿车、货车及集装箱运输车等多种车型。右侧车道有多辆轿车和货车并行缓慢通行，其中一辆白色轿车与前方货车发生追尾，导致后方车辆紧急刹车并形成明显的交通拥堵。涉事车辆包括白色轿车、黑色轿车、蓝色集装箱货车等，均处于静止或低速行驶状态，部分车辆斜停或碰撞后重新组织通行。事故区域未见明显碰撞痕迹或人员下车交涉，但车辆密集排列，通行效率显著下降，后方车辆被迫减速绕行，形成持续性拥堵。异常特征表现为多车连续碰撞、车辆位置异常、刹车灯密集亮起以及车道占用严重，符合多车事故判断标准。
1011,5864,二轮车辆闯入_20230718190219_突发事件_1962555.mp4,二轮车辆闯入,多车事故,2023年7月18日19时42分28秒，在外环高速沪太立交东1-2路段，一辆二轮摩托车驶入主路，进入高速公路行车道，驾驶员身穿深色衣物并佩戴头盔，车辆有明显牌照。该摩托车在车流中穿行，未见专用二轮车道或禁止标志，其行为属于闯入禁止通行区域的危险驾驶行为，对周围正常行驶的机动车构成潜在碰撞风险，导致部分车辆紧急避让，存在引发追尾或侧碰事故的严重隐患，现场未见其他车辆因该行为发生急刹或碰撞，但其闯入行为已构成交通异常。
1013,5866,多车事故_20230730174600_突发事件_33411405.mp4,多车事故,异常停车,2023年7月30日17时42分56秒，在北环1CAM40监控点位，隧道内右侧车道发生一起多车事故。视频显示，一辆白色轿车与白色SUV疑似发生追尾碰撞，车辆位置异常，部分横跨车道，导致后方车辆紧急避让或减速。事故现场未见明显抛洒物，且后方车辆出现减速、变道等避让行为。该事故造成右侧车道交通流短暂受阻，后续车辆因避让事故车辆逐渐通过。事故未见人员下车交涉或交警到场处理，但可见后方车辆行驶谨慎。此事件符合多车事故判断标准，表现为车辆碰撞痕迹、异常停车及引发交通流紊乱的迹象。
1015,5868,异常停车_20230722172046_突发事件_33394839.mp4,异常停车,二轮车辆闯入,2023年7月22日17时20分43秒，在外环高速仙霞路（内）路段，一辆二轮车辆沿最右侧车道行驶，行驶过程中横穿多条车道，导致后方车辆紧急避让，引发短暂交通拥堵。该二轮车辆佩戴头盔，且无明显牌照，其闯入行为严重违反交通规则，对道路安全造成重大影响，属于典型的二轮车辆闯入异常事件。
1020,5873,占道施工_20231120010208_运行安全_35124474.mp4,拥堵,多车事故,2023年11月20日01:02至01:03期间，外环高速沪嘉地道内发生多车事故，一辆白色轿车与前方车辆发生碰撞，导致白色轿车斜停于行车道上，造成后方车辆紧急刹车避让，形成交通拥堵。涉事车辆包括白色轿车，因事故影响，车道数量减少，其他车辆被迫减速绕行，存在追尾、侧碰及闪避行为，现场未见人员下车交涉或交警到场处置。异常特征表现为车辆密集排列、刹车灯连绵不绝、车速显著降低，符合多车事故判断标准。
1021,5874,占道施工_20231016233621_运行安全_34947486.mp4,占道施工,二轮车辆闯入,2023年10月16日23时36分至23时37分，外环高速顾戴路路段夜间出现二轮车辆闯入交通事件。一辆黄色摩托车从右侧画面边缘驶入主车道，随后在车流中穿行，驾驶员佩戴头盔，车辆无明显牌照标识。该摩托车在高速公路上行驶过程中与多辆轿车并行，期间未见逆行或横穿行为，但其闯入行为已构成严重交通安全隐患。现场设有红色交通锥桶隔离区域，一名身穿反光背心的工作人员在路边指挥交通，对二轮车辆进行引导。该路段为高速公路，禁止二轮车辆通行，且无专用非机动车道，摩托车闯入属于典型违规行为，对正常行驶的车辆构成潜在碰撞风险，属于典型的二轮车辆闯入异常事件。
1022,5875,占道施工_20230909232947_运行安全_34753377.mp4,拥堵,二轮车辆闯入,2023年9月9日23时29分至23时30分，嘉闵东柴塘北路入口处夜间高速公路右侧车道出现二轮车辆闯入交通事件。一辆白色电动车在主车道内行驶，未见其佩戴头盔或悬挂牌照，且在车流中穿行，存在逆行、横穿车道等危险行为。该车辆在车流中频繁变道，导致后方多辆汽车减速避让，影响了正常行车秩序。由于该路段为城市快速路，禁止二轮车辆通行，此行为属于典型闯入行为，构成交通异常。
1025,5878,占道施工_20230826003919_运行安全_34643710.mp4,拥堵,二轮车辆闯入,2023年8月26日00:39:15至00:40:13期间，外环高速沪太立交东1-2路段夜间出现二轮车辆闯入交通事件。在监控画面右侧最外侧车道，一辆白色摩托车从画面左侧驶入高速公路主路，沿最右侧车道行驶，未见其佩戴头盔或明显牌照，且在车流密集区域穿行，存在逆行和横穿车道等危险行为。该路段为高速公路，禁止二轮车辆通行，且无专用二轮车道或明显禁止标志，摩托车在无专用通道的情况下闯入，属于典型的二轮车辆闯入异常事件。
1028,5881,二轮车辆闯入_20230718094247_突发事件_1959789.mp4,二轮车辆闯入,拥堵,2023年7月18日星期二上午9时42分至9时43分，北环高速同济路立交南段出现多车事故交通事件。视频显示，该路段为多车道高速公路，天气阴沉，路面湿滑，车辆行驶缓慢。右侧车道有一辆白色轿车与前方白色轿车发生追尾碰撞，导致车辆位置异常，横跨部分车道，后方车辆被迫减速避让或变道绕行。左侧车道车流正常，无车辆碰撞痕迹或异常停车现象。事故车辆右侧车道有车辆紧急避让并减速，存在明显的紧急避让行为。事故区域未见明显抛洒物，但车辆间存在明显的碰撞痕迹和位置异常，符合多车事故特征。此事件导致右侧车道通行受阻，影响了后续车辆的正常行驶，形成短暂交通拥堵。
1030,5883,拥堵_20231212165754_突发事件_35216270.mp4,拥堵,多车事故,2023年12月16日12时57分至12时58分，外环高速吴淞江桥南路段出现多车事故交通事件。现场可见多辆小轿车、货车及厢式运输车在双向车道上行驶，车辆密集且车距明显缩小，部分车辆出现急刹或变道现象，整体车流缓慢移动。右侧车道有一辆红色货车与前方车辆发生追尾，导致后方车辆紧急避让或停滞，形成局部拥堵。左侧车道未见明显事故，但存在多车碰撞痕迹，车辆位置异常，部分车辆斜停或横跨车道，影响了行车秩序。事故区域无施工设施或抛洒物，也无二轮车辆闯入迹象，初步判断为多车追尾事故。影响范围主要集中在右侧车道，导致后方车辆排队减速，存在安全隐患。异常特征表现为多车碰撞痕迹、车辆位置异常及持续缓行，符合多车事故判断标准。
1031,5884,拥堵_20231227132452_突发事件_35268777.mp4,拥堵,多车事故,2023年12月27日13时24分至13时25分，S20外环线至G60出省方向3枪机2监控路段出现多车事故交通事件。该路段为城市快速路，双向车道被中间绿化带分隔，右侧为水泥隔离墙，左侧为绿化带。涉事车辆包括一辆红色集装箱货车、一辆白色厢式货车及多辆小型轿车和二轮车，其中红色集装箱货车在中间车道行驶过程中与前方白色厢式货车发生追尾碰撞，导致两车位置异常，横跨车道并影响后续车辆正常行驶。事故造成后方车辆紧急避让、减速及绕行，形成局部拥堵。现场未见明显人员下车交涉或交警到场处理，但事故车辆持续存在并造成通行受阻，属于典型的多车追尾事故，符合交通异常特征。
1032,5885,占道施工_20240512074512_运行安全_35582526.mp4,占道施工,异常停车,2024年5月12日星期日07:45:10，一辆红色轿车在高速公路右侧车道行驶过程中突然减速并完全停止，车辆未开启双闪灯，驾驶员下车并在车旁停留。该车停靠在行车道内，非应急车道，且周围无施工设施或警示标志，导致后方车辆需减速避让，形成短暂拥堵。该行为符合异常停车判断标准，属于非紧急情况下在行车道内静止停车，对通行秩序造成影响。
1033,5886,拥堵_20230920090627_突发事件_34829567.mp4,拥堵,多车事故,2023年9月20日星期三上午9时06分，外环高速铁山路路段出现多车事故交通事件。画面显示，该路段为双向多车道高速公路，右侧车道车辆行驶缓慢，左侧车道车流相对正常。右侧车道靠近中央护栏处可见白色轿车和货车发生碰撞痕迹，导致车辆位置异常，部分车辆横跨车道或斜停，形成明显的交通拥堵。左侧车道车辆正常行驶，未见明显异常。事故区域无明显车辆碰撞痕迹或人员下车交涉，但车辆密集排队，通行效率显著下降。涉事车辆包括多辆轿车和货车，因碰撞导致车道间存在大量碎片和车辆，存在安全隐患。该事件属于典型的多车追尾事故，影响了右侧车道的正常通行秩序，且持续时间较长，未见缓解趋势。
1034,5887,异常停车_20240621171132_突发事件_35717590.mp4,拥堵,多车事故,2024年6月21日17时11分30秒左右，在外环高速莘朱路路段，一辆白色轿车与蓝色货车疑似发生碰撞，在行车道上双双停车，其后方有车辆因事故而被迫紧急避让或停滞。事故现场未见明显人员下车交涉或交警到场处理，但可见该区域车流密集且通行缓慢，影响了后续多辆车辆的正常行驶，显示出典型的多车事故特征，包括车辆碰撞痕迹、停车情况及对交通的影响。
1035,5888,占道施工_20240215072822_运行安全_35363048.mp4,占道施工,异常停车,2024年02月15日星期四07:28:15至07:29:13期间，在一条多车道高速公路上，一辆红色工程车停靠在左侧车道靠近护栏处，车辆未开启双闪灯，驾驶员下车后在车旁活动，周围放置了多个交通锥桶进行隔离。该工程车长时间静止于行车道旁，影响了正常通行秩序，符合异常停车特征。
1036,5889,异常停车_20230717114310_突发事件_1156526.mp4,异常停车,二轮车辆闯入,2023年7月17日11时43分00秒，在城市快速路路段，一辆二轮车辆（疑似电动车或摩托车）在中间车道上行驶，未在专用非机动车道或辅道内通行，且无明显佩戴头盔，其行为属于闯入机动车道。该二轮车辆在车流中穿行，与多辆轿车和货车近距离交错，存在较大安全隐患。由于其未遵守交通规则，导致部分车辆紧急避让，影响了正常行车秩序，构成典型的二轮车辆闯入交通异常事件。
1037,5890,占道施工_20240427230507_运行安全_35538437.mp4,拥堵,占道施工,2024年4月27日星期六23时08分，外环高速蕴川立交西枪机2监控画面显示，夜间高速公路路段出现占道施工交通事件。施工区域位于道路左侧车道，设置有连续的交通锥桶和警示标志，其中“前方施工”提示牌清晰可见，提示前方有施工。施工区域内可见工程车辆及施工人员活动，施工人员穿着反光背心，操作设备，车道被部分封闭，导致该车道通行受阻。过往车辆包括多辆货车、轿车和面包车等，在施工区域前减速并变道行驶，部分车辆因施工影响出现短暂排队现象。整体交通流未完全中断，但车速明显降低，存在明显的交通缓行现象。该事件符合占道施工判断标准，主要特征为车道被施工设施遮挡、施工人员现场作业、车道数量减少及车辆变道绕行。
1039,5892,占道施工_20230816231146_运行安全_34592023.mp4,占道施工,多车事故,2023年8月16日23时11分至23时12分，S20外环线至S4金山方向高架路段出现多车事故交通事件。视频显示，该路段为夜间照明条件，道路两侧有绿化带和桥梁结构，一辆白色轿车与前方货车发生追尾碰撞。涉事车辆包括白色轿车、白色货车，均出现不同程度停顿或缓慢移动现象，导致后方车辆紧急刹车或绕行避让。事故现场设有警示锥桶，部分车道被占用，车辆排队长度超过正常范围，通行效率显著下降。所有车辆均未发生碰撞痕迹，但存在明显的追尾痕迹和异常停顿情况，符合多车事故特征。
1042,5895,二轮车辆闯入_20230720082412_突发事件_6967466.mp4,多车事故,二轮车辆闯入,2023年7月20日08时24分10秒，北环高速同济路立交南段，一辆二轮车沿最右侧车道行驶，驾驶员身穿深色衣物并佩戴头盔，车辆为黄色出租车或电动车。该路段为多车道高速公路，车流密集，雨天路面湿滑，车辆行驶过程中未见明显减速或避让行为，二轮车在车流中穿行，存在横穿车道等危险行为，周围多辆汽车紧急避让，部分车辆减速通过，造成局部交通秩序紊乱，属于典型的二轮车辆闯入交通异常事件。
1043,5896,异常停车_20240529142254_突发事件_35650436.mp4,异常停车,多车事故,2024年5月29日14时32分36秒至14时33分35秒，外环高速丰翔路南段监控画面显示，一辆白色轿车与一辆白色厢式货车在最右侧车道发生碰撞，导致两车位置异常，白色厢式货车斜停靠于车道旁，白色轿车斜停于行车道，两车均开启双闪灯。事故后车辆持续停驶，影响后方车辆正常行驶车道秩序。该事件中，白色厢式货车驾驶员下车站在车旁疑似处理事故，存在安全隐患。现场无明显施工设施、二轮车辆闯入或抛洒物等其他异常情况，但该车异常停车行为已构成交通安全隐患，符合多车事故判定标准中的“多车事故”认定。
1046,5899,占道施工_20240617221424_运行安全_35710693.mp4,占道施工,多车事故,2024年06月17日22:14:17至22:15:16，在某高速公路路段，发生了一起多车事故。涉事车辆包括一辆大型工程车和多辆正常行驶的轿车和货车，由于事故，工程车停在车道上，导致后方车辆被迫减速或绕行，交通流受到明显影响。事故现场有人员下车查看情况，明显可以看到车辆位置异常，部分车辆横跨车道或斜停，符合多车事故的特征。此事件导致后方车辆排队缓行，交通秩序受到较大干扰，但未引发严重追尾或碰撞。异常特征主要表现为多辆车从不同车道中驶出，现场有人员下车交涉，进一步证实了此次事故的严重性。
1047,5900,拥堵_20231205101205_突发事件_35188827.mp4,拥堵,多车事故,2023年12月5日10时12分至10时13分，嘉闵西侧定焦06监控点位拍摄到隧道内发生多车事故。该路段为双向车道、两侧设有隔音屏障的隧道环境，监控画面显示车辆在行驶过程中部分车辆出现明显减速或碰撞迹象。在视频的后段，一辆白色轿车与前方黑色轿车发生追尾碰撞，导致两车停在行车道上，后方车辆被迫紧急避让或停滞。事故造成交通流局部受阻，车辆排队缓慢通行，且未见人员下车交涉或交警到场处理。异常特征表现为车辆位置异常（横跨车道、斜停）、刹车灯持续亮起、后方车辆紧急避让行为及整体交通秩序受扰。该事件符合多车事故判断标准，属于典型非紧急情况下多车交互引发的交通异常。
1048,5901,占道施工_20240518000843_运行安全_35602490.mp4,占道施工,多车事故,2024年5月18日00:08:45至00:09:43，外环高速吴淞江桥路段发生一起多车事故。视频显示，该路段为夜间高速公路，双向车道被护栏分隔，路面照明良好。事故发生在吴淞江桥段，右侧车道有一辆红色货车与前方车辆发生追尾，红色货车停在右侧车道，其后方多辆小轿车和货车因避让或减速导致车流出现明显拥堵。涉事车辆包括多辆大型货车、轿车，其中一辆白色轿车与前方车辆发生追尾，导致后方车辆紧急刹车并形成追尾波，影响通行秩序。事故现场设有红色锥桶隔离施工区域，一名身穿橙色反光背心的工作人员在事故车辆旁进行现场处置，部分车辆停靠在应急车道，存在安全隐患。整体交通受影响，车辆排队缓慢行驶，未见人员下车交涉或交警到场处理，但事故区域存在明显的车辆碰撞痕迹和异常停车现象，符合多车事故特征。
1049,5902,异常停车_20240517175500_突发事件_35602132.mp4,拥堵,二轮车辆闯入,2024年5月17日17时54分至17时55分，外环高速漕宝入口匝道（内）路段出现二轮车辆闯入交通事件。一辆摩托车在主车道上行驶，驾驶员佩戴头盔，车辆无明显牌照标识。该摩托车在车流密集区域穿行，导致周边车辆紧急避让，影响了正常行车秩序。该行为符合二轮车辆闯入的异常特征，属于典型违规进入高速公路的危险驾驶行为。
1050,5903,占道施工_20231015010010_运行安全_34938728.mp4,占道施工,二轮车辆闯入,2023年10月15日01:00至01:01期间，外环高速曹安路北方向路段夜间出现二轮车辆闯入交通事件。一辆白色电动车从右侧车道驶入主路，行驶于机动车道内，未在专用非机动车道或辅路通行，佩戴头盔，且无明显牌照标识。该车辆在车流中穿行，与多辆货车、轿车并行，存在逆行、横穿车道等危险行为，且周围车辆为其避让，造成一定安全隐患。由于该路段为高速公路，禁止二轮车辆通行，该行为属于典型的二轮车辆闯入异常事件，构成交通安全隐患。
1052,5905,异常停车_20230717203219_突发事件_1956437.mp4,异常停车,多车事故,2023年7月17日20时32分至20时33分，外环高速丰翔路路段夜间监控画面显示，该路段双向车道车流正常行驶，但出现多车事故交通事件。涉事车辆包括多辆小轿车、货车及一辆红色货车，在右侧车道中段位置，多辆车辆出现紧急避让、减速及变道行为，其中一辆白色轿车与前方车辆发生追尾碰撞，导致后方车辆紧急跟随减速，形成明显的交通拥堵。事故现场未见明显人员下车交涉或交警到场处理，但车辆位置异常，部分车辆横跨车道或斜停，符合多车事故特征。该事故导致右侧车道通行受阻，后方车辆排队缓慢行驶，影响了整体道路的正常通行效率。异常特征主要表现为多辆车位置异常、紧急避让行为、车辆灯光闪烁等，符合多车事故判断标准。
1053,5906,异常停车_20240530155945_突发事件_35655010.mp4,异常停车,拥堵,2024年5月30日18时01分32秒，在嘉闵西侧定焦隧道内，一辆白色轿车与前方车辆发生追尾事故，随后其余车辆陆续停靠在应急车道内，影响了该车道的正常通行秩序。视频中可见多辆小型轿车和一辆SUV在隧道内缓慢移动，部分车辆刹车灯亮起，显示出明显的减速和避让行为。涉事车辆包括白色轿车，其后方有明显追尾痕迹，导致后方车辆被迫减速或变道，存在明显的碰撞碰撞痕迹和位置异常，符合多车事故的判定标准。该事件导致车道通行效率下降，但未造成严重的交通阻塞或拥堵，仍维持在正常的交通流状态。
1054,5907,二轮车辆闯入_20230718194201_突发事件_1962684.mp4,二轮车辆闯入,多车事故,2023年7月18日19时41分58秒，在S20外至S4金山方向的高架道路上，一辆白色轿车与前方车辆发生追尾事故，随后该白色轿车停靠于左侧车道，后方黑色轿车与前方黑色轿车发生追尾，导致两车碰撞产生明显前车追尾痕迹。事故区域车辆包括多辆轿车、货车及大型客车，车流密集，车灯开启，交通流受到影响，形成短暂拥堵。现场无人员下车交涉或交警到场，但车辆位置异常且存在碰撞痕迹，符合多车事故特征。
1055,5908,拥堵_20240223145858_突发事件_35370849.mp4,拥堵,多车事故,2023年10月23日14时23分许，外环高速吴淞江桥南路段发生一起多车事故。事故发生在双向车道中的南向车道，涉事车辆包括一辆红色集装箱货车、一辆白色厢式货车、一辆黑色轿车及多辆其他小型车辆，其中红色集装箱货车与前方车辆发生追尾，导致车辆位置异常，横跨车道，导致后方车辆被迫减速或绕行。现场可见明显碰撞痕迹和车辆位置异常，部分车辆斜停或停滞，交通流受到明显影响，形成短暂拥堵。该事件符合多车事故判断标准，表现为多车碰撞、碰撞痕迹显著、车辆位置异常及交通秩序紊乱。
1056,5909,占道施工_20231009011715_运行安全_34908818.mp4,占道施工,多车事故,2023年10月9日星期一凌晨1点17分至1点18分，某高速公路路段发生一起多车事故。事故发生在道路右侧车道，视频显示一辆黑色轿车与前方车辆发生追尾碰撞。事故发生后，右侧车道车辆明显减速并排起应急车，包括一辆警车、一辆黄色货车及多辆轿车，车辆位置异常，部分车辆横跨车道或斜停，导致该路段交通流受阻。现场未见明显人员下车交涉或交警到场处理，但可见后方车辆紧急避让行为。事故造成局部通行受阻，存在较大安全隐患，符合多车事故判断标准中关于追尾、碰撞及紧急避让的特征。
1057,5910,占道施工_20240324002036_运行安全_35435229.mp4,占道施工,拥堵,2024年3月24日00:20:33至00:21:32，嘉闵西金沙江西路入口处发生多车事故。视频显示，该路段为夜间高速公路或城市快速路，路面湿滑，车辆行驶中，最右侧车道有多辆货车与轿车急刹或缓慢行驶，其中一辆白色货车在右侧车道与前方车辆发生追尾，导致白色货车停在右侧车道，后方车辆变道或减速，形成局部拥堵。同时，一辆红色货车在右侧车道停靠，疑似因为事故而紧急避让。涉事车辆包括多辆正常行驶和短暂停产的车辆，未见明显碰撞痕迹或人员下车交涉，但车辆位置异常且存在追尾、斜停情况，符合多车事故特征。事故区域未见施工设施或抛洒物，也无二轮车辆闯入现象，但车辆密集排列、通行缓慢，影响了整体交通流。事故性质可能为追尾或变道碰撞，导致后方车辆紧急避让或减速，形成短暂拥堵。
1058,5911,拥堵_20240223084205_突发事件_35370161.mp4,拥堵,二轮车辆闯入,2023年12月23日14时20分至14时21分，外环高速蕴川立交北段出现二轮车辆闯入交通事件。视频显示，一辆白色摩托车在主车道上行驶，未见其具备专用二轮车道或明显禁止标志，在车流中穿行，驾驶员佩戴头盔，车辆无牌照特征明显。该摩托车在车流中穿行，与多辆轿车及货车并行，存在逆行、横穿车道等危险行为，对周边车辆造成潜在安全隐患，引发后方车辆紧急避让，影响正常行车秩序。现场无施工设施、抛洒物或事故迹象，但二轮车辆在高速主路行驶属于严重违规行为，构成典型二轮车辆闯入异常事件。
1059,5912,二轮车辆闯入_20230720225116_突发事件_33392563.mp4,二轮车辆闯入,多车事故,2023年7月20日22时51分12秒，在外环高速蕴川立交东1枪机2监控画面中，一辆二轮车辆出现在主路右侧辅路边缘，行驶方向与机动车流一致，未在专用非机动车道或辅路行驶，且无明显警示标志。该二轮车在湿滑路面上穿行于车流之间，周围多辆汽车因避让而紧急变道或减速，导致局部交通秩序紊乱。该区域为高速公路入口匝道区域，无二轮车专用通道，且设有禁止非机动车通行标志，因此该二轮车辆闯入属于严重交通违规行为，存在较大安全隐患，可能引发追尾或侧碰事故。
1063,5916,拥堵_20240113135401_突发事件_35316473.mp4,拥堵,多车事故,2023年12月25日14时54分至14时55分，外环高速武威路南（内）路段发生一起多车事故。事故发生在高速公路主车道上，涉事车辆包括一辆红色轿车、一辆白色SUV及多辆其他小型汽车，其中红色轿车与白色SUV发生碰撞，导致车辆位置异常，部分车辆横跨车道并影响后续车辆。事故发生后，后方车辆出现缓慢通行和紧急避让行为，交通流明显受阻，形成短暂拥堵。现场未见明显人员下车交涉或交警到场处理，但可见多车碰撞痕迹及车辆刹车灯亮起，表明车辆间存在持续相互作用。该事件符合多车事故判断标准，表现为多车碰撞、车辆碰撞痕迹、交通流紊乱及局部车辆紧急避让。
1064,5917,异常停车_20240623182123_突发事件_35720442.mp4,异常停车,多车事故,2024年6月23日18时21分57秒至18时22分05秒，外环高速丰翔路南段监控画面显示，一辆白色轿车与一辆白色货车在道路右侧车道发生碰撞，白色轿车斜停靠于货车右侧，引发后方多辆车辆紧急避让和减速。随后，该事故两车位于行车道内发生碰撞，导致车辆位置异常，其中白色货车横跨车道，影响了后续车辆正常通行。涉事车辆包括白色货车、白色轿车，受影响车辆包括后续多辆轿车和面包车，均出现急刹或绕行行为。事故现场未见明显抛洒物，但车辆位置异常，存在明显交通事故特征，且未见二轮车辆闯入，判定为多车事故。
1065,5918,多车事故_20240530145601_突发事件_35654638.mp4,多车事故,二轮车辆闯入,2024年5月30日14时59分30秒，在外环高速蕴川立交西枪机2监控点位，多辆机动车在行驶过程中，发现erness（弯）区域出现车辆异常停车现象，车辆在接近一个绿色指示牌前减速并短暂停止。随后，一辆红色货车及多辆轿车陆续通过该区域，但未见明显绕行或减速行为。该异常停车行为导致后方车辆出现短暂滞留和变道，影响了道路通行效率，符合“二轮车辆闯入”异常特征。
1066,5919,抛洒物_20240517112110_运行安全_35600593.mp4,抛洒物,多车事故,2024年5月17日11时21分05秒，在外环高速曹安路北方向路段，一辆白色轿车与一辆白色厢式车发生相对之前车辆的碰撞后停在行车道内，车辆位置异常，横跨部分车道，导致后方车辆被迫减速绕行，存在明显的多车事故特征，影响了道路通行秩序。
1069,5922,占道施工_20240419021307_运行安全_35498642.mp4,拥堵,多车事故,2024年4月2日19时13分，外环高速吴中入口匝道（内）发生多车事故。监控画面显示，该路段为多车道高速公路，夜间照明良好。事故发生在吴中入口匝道，涉及至少三辆涉事车辆，包括一辆轿车、一辆货车及一辆小型客车，其中多车在行驶过程中发生碰撞碰撞痕迹明显，导致车辆位置异常，部分车辆横跨车道或斜停，引发后方车辆紧急避让及减速。现场可见施工警示牌和交通锥桶，表明该区域可能正在进行道路施工或应急处置作业，导致车道数量减少，车辆通行受阻。所有车辆均处于行驶状态，未见人员下车交涉或交警到场处理，但事故造成局部交通流减缓，后方车辆排队缓行，存在明显的交通拥堵现象。整体异常特征表现为多车追尾事故，符合典型多车碰撞场景。
1070,5923,拥堵_20240223085858_突发事件_35370194.mp4,拥堵,多车事故,2024年02月23日星期五08:58:50至08:59:48期间，外环高速沪渝立交段出现多车事故交通事件。事故发生在高速公路主车道上，涉及多辆轿车、货车及一辆红色平板车的车辆。其中，红色平板车与前方白色轿车疑似发生追尾碰撞，导致后方车辆紧急刹车并绕行避让。涉事车辆包括红色集装箱货车、白色轿车及一辆黑色SUV，部分车辆位置异常，横跨车道或斜停，导致该路段交通流受阻。现场未见明显人员下车交涉或交警到场处理，但车辆持续停滞，形成局部拥堵。事故区域无抛洒物，但车辆间存在相互作用痕迹，符合多车事故特征。整体影响为整体通行效率下降，车辆排队长度逐渐增加，但未出现严重阻塞。异常特征主要表现为多车碰撞、车辆位置异常及持续缓行。
1071,5924,拥堵_20231212163722_突发事件_35216074.mp4,拥堵,多车事故,2023年12月12日13时37分，外环高速曹安路北向南方向发生一起多车事故。视频显示，该路段双向车道车流密集，右侧车道有多辆货车与轿车在行驶过程中出现碰撞痕迹，部分车辆刹车灯持续亮起，车辆位置异常，半挂车、集装箱卡车、厢式货车等与前车发生碰撞。左侧车道未见明显事故。涉事车辆包括2辆黑色轿车、2辆红色集装箱货车及多辆其他小型汽车，均处于行驶状态但已减速或停车。事故现场未见明显人员下车交涉或交警到场处置，但车辆排队长度超过正常范围，形成交通拥堵，影响通行效率。异常特征表现为多车碰撞、车辆位置异常、刹车灯密集亮起以及后方车辆减速避让，符合多车事故判断标准。
1072,5925,异常停车_20230715014517_突发事件_1147473.mp4,抛洒物,二轮车辆闯入,2023年7月15日01:45:15至01:46:12期间，外环高速北翟路立交北方向路段出现二轮车辆闯入交通事件。在视频画面中，两辆二轮车（疑似电动车或摩托车）在高速公路主车道上行驶，未见其进入专用通道或合法通行区域，且在车流密集区域频繁出现，存在逆行、横穿车道等危险行为。该二轮车在车流中穿行，与多辆轿车、货车并行，导致后方车辆需紧急避让或减速，存在较大安全隐患。现场无明显警示标志或隔离设施限制其通行，也未见驾驶员佩戴头盔或车辆有明显牌照，符合二轮车辆闯入的典型异常特征。
1073,5926,拥堵_20231218083201_突发事件_35238383.mp4,拥堵,多车事故,2023年12月10日08时34分，外环高速锦秋路北段，监控画面显示多车道正常行驶的车辆，其中一辆红色货车在最右侧应急车道停靠，未开启双闪灯。
1074,5927,占道施工_20231102225532_运行安全_35038387.mp4,多车事故,二轮车辆闯入,2023年11月2日22时55分至22时56分，外环高速仙霞路（内）路段出现二轮车辆闯入交通事件。画面中可见两辆二轮车在车流中穿行，未见明显专用二轮车道或禁止标志，车辆在夜间灯光环境下行驶，存在较大安全隐患。该行为违反了高速公路禁止非机动车通行的规定，属于典型的二轮车辆闯入异常事件，对行车安全构成威胁，且未见驾驶员佩戴头盔，进一步加剧了事故风险。
1079,5932,拥堵_20230810131306_突发事件_34557690.mp4,拥堵,多车事故,2023年8月10日13时13分至13时14分，沪宁转外环外圈路段出现多车事故交通事件。视频显示，该路段为双向两车道的山间公路，道路两侧绿树成荫，路面以白色标线划分行车道。涉事车辆包括多辆小轿车、货车及一辆白色大巴车，其中黑色轿车、白色轿车、银色轿车等在行驶过程中出现缓慢移动或轻微拥堵现象，部分车辆刹车灯持续亮起，表明车速明显降低或停止。在右侧车道靠近白色大巴车处，白色轿车与后方车辆发生追尾碰撞，导致车辆位置异常，横跨车道形成明显障碍。事故现场未见明显人员下车交涉或交警到场处理，但车辆密集且通行缓慢，影响了该路段的正常通行秩序。异常特征表现为多车碰撞痕迹、车辆位置异常、后方车辆紧急避让行为以及交通流持续受阻，符合多车事故判断标准。
1080,5933,拥堵_20231209153207_突发事件_35207881.mp4,拥堵,二轮车辆闯入,2023年12月9日15时32分，沪宁上行进出口路段出现二轮车辆闯入交通事件。一辆摩托车从右侧画面边缘驶入主车道，沿道路右侧行驶，驾驶员佩戴头盔，车辆有明显牌照。该摩托车在车流中穿行，与多辆小汽车并行，存在逆行、横穿车道等危险行为，且未在专用非机动车道或允许通行区域行驶，属于禁止通行区域闯入机动车道。其行为导致周边车辆紧急避让，部分车辆减速绕行，对正常交通秩序造成干扰，存在较大安全隐患。该路段为城市快速路，无专用二轮车道，且设有禁止非机动车通行标志，因此该摩托车闯入属于典型违规闯入行为，构成交通异常事件。
1081,5934,占道施工_20230804000523_运行安全_34424882.mp4,占道施工,多车事故,2023年8月4日00:05:20至00:06:18期间，外环高速京沪立交南2枪机1监控画面显示，夜间高速公路行车过程中，一辆白色轿车与一辆白色厢式货车在最右侧车道发生碰撞，两车均处于行驶状态，但车速较快，碰撞后两车均减速并停靠在车道内。事故现场放置了多个交通锥桶进行隔离警示，一辆黄色工程车停靠在应急车道，车顶警示灯闪烁，多名身穿反光背心的工作人员在锥桶附近进行作业或值守。事故导致右侧车道通行受阻，后方车辆出现缓慢行驶和排队现象，交通流出现短暂拥堵，符合多车事故的异常特征，包括车辆碰撞痕迹、人员下车处置以及现场警示措施。
1083,5936,异常停车_20240614134513_突发事件_35704597.mp4,异常停车,多车事故,2024年06月14日13:45:12至13:45:20，在外环高速沪渝立交段，发生了一起多车事故。涉事车辆包括一辆红色货车、一辆白色SUV，这些车辆在行驶过程中发生了碰撞，导致车辆位置异常，其中红色货车斜停在车道上，白色SUV紧随其后。事故现场有人员下车交涉，但车辆位置明显影响正常交通秩序，其他车辆被迫紧急避让或停滞，造成了交通拥堵。异常特征表现为车辆碰撞痕迹明显，且事故区域内的行车道被占用，影响了后续车辆的正常通行。
1084,5937,占道施工_20240509231421_运行安全_35575677.mp4,拥堵,异常停车,2024年5月9日23时14分至23时15分，在外环高速吴中路路段，右侧车道设置了一排红白相间的交通锥桶，形成临时隔离带，一名身穿反光背心的工作人员在锥桶旁进行作业，未见明显抛洒物或事故征兆。多辆货车、轿车及一辆黄色工程车（包括一辆警车）在该路段正常行驶。车辆在经过该区域时均保持有序减速并通过，未出现紧急避让或碰撞行为，整体交通流保持平稳，无拥堵现象。该事件属于常规道路维护作业，一名工作人员在锥桶旁进行现场指挥或处理突发情况，未引发异常停车或交通异常。
1090,5943,拥堵_20240305074721_突发事件_35388598.mp4,拥堵,多车事故,2024年3月5日7时47分至7时48分，G60市区方向至S4金山方向路段出现多车事故交通事件。该路段为双向多车道高速公路，天气为雨天，路面湿滑，能见度较低。视频显示，事故区域涉及至少三辆涉事车辆，包括一辆白色轿车、一辆黑色SUV，均在雨天湿滑路面上缓慢行驶，后方车辆被迫减速并排起长队，形成明显的交通拥堵。其中白色轿车与黑色SUV疑似发生追尾碰撞，导致车辆位置异常，横跨车道，引发后方车辆避让和减速行为。现场未见明显人员下车交涉或交警到场处理，但事故车辆持续滞留主路，影响通行效率。此事件属于典型的多车追尾事故，具有明显的交通异常特征，表现为多车连续碰撞、车辆位置异常、后方车辆紧急避让等。
1091,5944,异常停车_20240529175435_突发事件_35651400.mp4,异常停车,多车事故,2024年5月29日17时54分30秒左右，在外环高速沪太立交西2枪机2监控区域，多辆小型轿车、货车、厢式货车及集装箱运输车正常行驶。在视频中，一辆红色货车与前方白色厢式货车发生追尾碰撞，导致两车停在行车道内，车辆位置异常，横跨部分车道，导致后方车辆被迫减速避让或变道绕行。事故现场未见明显人员下车交涉或交警到场处理，但可见车辆位置异常且影响正常交通流，符合多车事故特征。
1092,5945,拥堵_20231229144754_突发事件_35276903.mp4,拥堵,二轮车辆闯入,2023年12月29日14时57分至14时58分，外环高速曹安路路段出现二轮车辆闯入交通事件。视频显示，多辆非机动车（包括摩托车和电动车）在高速公路主路右侧车道内行驶，未见明显专用二轮车道或禁止标志，车辆无牌照特征，驾驶员佩戴头盔，存在逆行、横穿车道等危险行为。该路段为多车道高速公路，车流密集，车辆行驶速度缓慢，非机动车与正常行驶的机动车混行，导致部分车辆紧急避让，存在较大安全隐患。现场无施工设施、抛洒物或事故迹象，但二轮车辆闯入行为已构成交通异常，影响道路通行安全。
1093,5946,拥堵_20240104125922_突发事件_35292041.mp4,拥堵,抛洒物,2024年01月04日星期四12:59至13:00，在某城市高架桥路段，多辆轿车、货车和大型运输车辆在正常行驶过程中，由于前方一块红色货车货箱脱落的甩车器导致，导致该车道被货物遮挡，形成明显的车道被占用情况。该抛洒物未被及时清理，直接引发车辆变道绕行，部分车辆不得不减速避让，影响了道路的正常通行秩序，存在安全隐患。异常特征表现为：红色货车在经过该区域时明显减速或变道，未见驾驶员下车处理，进一步证实了抛洒物的存在及其对交通的影响。
1095,5948,异常停车_20240617205704_突发事件_35710685.mp4,拥堵,多车事故,2024年6月17日20时57分，外环高速吴淞江桥南路段夜间监控画面显示，一辆白色轿车与一辆白色厢式货车在最右侧应急车道停靠疑似发生碰撞，车辆停靠位置位于护栏旁，两车均开启双闪灯，符合“多车事故”场景。
1096,5949,二轮车辆闯入_20230720071647_突发事件_6967286.mp4,二轮车辆闯入,异常停车,2023年7月20日07时16分38秒，在外环高速漕宝入口匝道（内）路段，一辆白色轿车与一辆白色厢式车在车道上发生碰撞，白色轿车斜停靠于其他车辆后方，白色厢式车及时减速避让，形成轻微拥堵。事故车辆停靠在行车道内，未开启警示灯。后续车辆因避让事故车辆而变道绕行，导致通行受阻，其他车辆需绕行或减速通过，形成短时缓行。该事件符合“多车事故”判断标准，表现为两车碰撞痕迹、车辆异常停车以及后方车辆紧急避让行为。
1097,5950,异常停车_20230722172928_突发事件_33394850.mp4,拥堵,多车事故,2023年7月22日17时29分25秒，在嘉闵西侧定焦05监控点位的隧道内，发生一起多车事故。画面显示，一辆黑色轿车与前方车辆发生追尾事故，导致后方黑色轿车紧急刹车并排长队，其中一辆银色轿车斜停在车道上，另一辆黑色轿车紧随其后。现场有多名驾驶员下车查看情况，其中一名男子站在银色轿车旁与另一名男子站在黑色轿车旁，两人交流中看似讨论事故。随后，一名女子从黑色轿车旁走过并走向后方车辆。该事故造成后方车辆减速绕行，交通流受到明显影响，形成短暂拥堵。事故未见明显碰撞痕迹，但车辆位置异常且有人员下车交涉，符合多车事故特征。
1098,5951,拥堵_20231008183856_突发事件_34907693.mp4,拥堵,多车事故,2023年10月8日18时38分至18时39分，外环高速沪太立交东1-1路段出现多车事故交通事件。视频显示，该路段夜间车流密集，多辆小轿车、货车及厢式运输车在多个车道内缓慢行驶或停滞，车距明显缩短，刹车灯连成一片，表明车辆处于异常停车或低速移动状态。其中，一辆白色轿车与前方货车发生追尾，导致后方车辆紧急避让并变道，形成局部拥堵。现场未见明显碰撞痕迹或人员下车交涉，但车辆密集且通行缓慢，持续时间超过1分钟，符合多车事故特征。事故区域未见施工设施或抛洒物，也无二轮车辆闯入现象，初步判断为因车距过近或突发情况引发的多车追尾事故，对交通流造成显著影响。
1099,5952,占道施工_20230824003322_运行安全_34630989.mp4,占道施工,多车事故,2023年8月24日00:33:17至00:34:15期间，嘉闵高架东侧隧道内发生多车事故，一辆红色轿车与一辆白色SUV在行车道内发生碰撞，车辆位置异常，部分车辆横跨车道，导致后方车辆被迫减速绕行。现场可见红色轿车和白色SUV先后停车，驾驶员下车查看情况，后方车辆出现紧急刹车和变道行为，交通流受到明显影响，符合多车事故特征。
1100,5953,占道施工_20240117235242_运行安全_35325088.mp4,占道施工,多车事故,2024年01月17日23:55:12至23:55:25，在外环高速铁力路西枪机2处，发生了一起多车事故。涉事车辆包括一辆红色货车、一辆白色厢式货车，它们在行驶过程中发生了碰撞，导致车辆位置异常，其中红色货车斜停在车道上，白色厢式货车紧随其后。事故现场有人员下车交涉，并进行车辆检查，其他车辆被迫紧急避让或停滞，交通秩序受到严重影响，后续多辆货车和服务车被迫减速或绕行，形成了短暂的拥堵现象。此次事故的异常特征在于多辆车出现碰撞痕迹且位置异常，严重影响了该路段的正常通行。
1101,5954,异常停车_20240605094543_突发事件_35675304.mp4,异常停车,二轮车辆闯入,2024年5月9日06:45:47至06:46:15期间，外环高速丰翔路南段监控画面显示，多辆机动车在正常行驶过程中，未出现突发性交通异常情况。车辆均保持有序行驶状态，无逆行、横穿车道等危险行为，亦无二轮车辆闯入或非机动车进入主路现象发生。然而，在06:45:47后至06:46:15期间，一辆摩托车从右侧车道驶入高速公路主路，进入行车道并持续向前行驶，期间未见其有减速或避让行为，且该路段为高速公路，禁止二轮车辆通行。摩托车在通过时对后方车辆造成一定影响，后方车辆出现轻微避让动作，但未发生碰撞或紧急刹车等事故。该摩托车驾驶员佩戴头盔，车辆无明显牌照标识，属于典型二轮车辆闯入高速公路事件，对道路安全构成潜在威胁。
1102,5955,拥堵_20231123072351_突发事件_35141996.mp4,拥堵,多车事故,2023年11月23日07时23分48秒至07时24分42秒，嘉闵西侧隧道内发生一起多车事故。事故发生在隧道右侧车道，涉事车辆包括一辆白色轿车、一辆绿色出租车，二轮车辆（摩托车）闯入隧道。视频显示，白色轿车与绿色出租车发生轻微碰撞，车辆位置异常，横跨车道，导致后方车辆被迫减速或绕行。事故发生后，后方车辆出现短暂排队现象，交通流受到明显影响，形成短暂拥堵。事故现场未见人员下车交涉或交警到场，但可见车辆刹车灯持续亮起，反映车辆状态为避让事故车辆。整体事件符合多车事故判断标准，表现为两车碰撞、车辆碰撞痕迹、后方车辆紧急反应及交通流紊乱。
1105,5958,占道施工_20240121002156_运行安全_35329945.mp4,占道施工,多车事故,2024年01月31日00:21:52至00:22:10，外环高速富长路路段发生多车事故，现场有多辆车辆在夜间行驶过程中出现，包括一辆白色厢式货车、一辆白色轿车及多辆其他小型车辆，其中一辆红色货车和一辆白色SUV疑似发生碰撞，导致车辆位置异常，横跨车道或斜停，引发后方车辆紧急避让和减速，现场设有警示锥桶对事故区域进行隔离，两名人员下车查看情况，其中一人站在事故车辆旁，另一人靠近一辆黄色平板拖车，疑似事故车辆均开启警示灯，影响了正常交通秩序，且无明显施工或抛洒物等其他干扰因素，符合多车事故判断标准。
1111,5964,拥堵_20240227073701_突发事件_35376357.mp4,二轮车辆闯入,多车事故,2023年7月17日早上7时37分至7时38分，位于城市高架道路的某路段发生多车事故。涉事车辆包括一辆白色面包车、一辆白色轿车，其中白色面包车与后方黑色轿车发生追尾碰撞，导致车辆位置异常，横跨车道并斜停。事故现场有人员下车交涉。事故造成该路段交通拥堵，后方车辆被迫减速或绕行，交通流明显受阻。现场未见明显抛洒物或施工设施，但事故车辆具备引发追尾、碰撞等典型多车事故特征，影响了道路通行效率与安全。
1112,5965,拥堵_20231209141123_突发事件_35207663.mp4,拥堵,二轮车辆闯入,2023年12月9日星期六14时14分23秒，在外环高速同济路立交南侧路段，一辆二轮摩托车驶入主路，进入高速公路行车道，该车辆未在专用通道或允许区域通行，且在车流中穿行，存在横穿车道等危险行为，周围多辆汽车紧急避让，造成短时交通秩序紊乱，该行为属于二轮车辆闯入高速公路的异常交通事件。
1114,5967,拥堵_20240301090114_突发事件_35381618.mp4,占道施工,多车事故,2024年03月01日09:01至09:02，位于高速公路主线与匝道交汇处区域，存在多车事故的异常交通事件。视频显示，该路段为双向车道的城市快速路，右侧匝道连接主路，左侧为主线。右侧车道有多辆轿车和货车正在行驶，其中一辆白色轿车与前方蓝色轿车疑似发生追尾碰撞，导致后方车辆紧急刹车并停靠在行车道上。事故造成该车道交通流受阻，后方车辆排队缓慢通行，部分车辆变道绕行。现场未见明显人员下车交涉或交警到场处理，但事故车辆位置异常，横跨车道，存在明显碰撞痕迹，符合多车事故特征。此事件影响了右侧车道的正常通行，形成短暂拥堵，但未造成严重追尾或侧滑情况。
1115,5968,异常停车_20230717170422_突发事件_1356661.mp4,二轮车辆闯入,异常停车,2023年7月17日17时14分29秒，在外环高速龙吴路入口处，一辆红色货车在最右侧车道内完全静止，车辆未开启双闪灯，驾驶员未下车，后方多辆小型轿车和货车因避让该车而紧急刹车或变道，导致该车道出现短暂拥堵。该车停靠位置位于高速公路行车道内，非停车区域，且无交通信号灯或标志允许停车，导致后方车辆被迫减速绕行，影响了整体通行效率。该行为符合异常停车判断标准，存在安全隐患。
1116,5969,异常停车_20240511101336_突发事件_35581084.mp4,异常停车,拥堵,2024年5月14日星期六10时13分至10时14分，位于城市快速路路段，监控画面显示多车道正常行驶车辆出现明显减速和缓行现象，车辆在多个车道内保持短时低速车流，车距明显缩短，部分车辆刹车灯持续亮起，整体通行效率下降。该路段为多车道高速公路，两侧设有绿化带和护栏，无施工迹象，也未见二轮车辆或抛洒物。车辆包括各类轿车、货车、厢式货车及大型运输车，均在正常行驶中未发生碰撞、追尾或异常停车。由于车流密集且持续缓行，符合拥堵判断标准，表现为多车连续缓行，影响通行效率，但未观察到二轮车辆闯入或抛洒物等情况。此异常特征主要表现为车流密度高、车速降低、排队长度较长，符合典型拥堵判断标准。
1117,5970,多车事故_20240625090006_突发事件_35723177.mp4,异常停车,拥堵,2024年06月25日星期二09:00:04，上行水产路入口匝道03处发生多车事故。视频显示，该路段为雨天湿滑路面，一辆白色轿车与前方车辆发生追尾碰撞，导致白色轿车斜停于行车道，旁边黑色轿车也被撞向主路。事故造成后方车辆紧急避让、减速及绕行，部分车辆在变道时引发小小拥堵。现场无明显人员下车交涉或交警到场，但可见两名人员从事故车辆旁下车行走，疑似查看情况。事故区域车辆行驶缓慢，后方车辆排队缓慢通行，影响了该路段的正常交通流。异常特征表现为车辆位置异常、紧急避让行为及持续的交通缓行现象。
1118,5971,拥堵_20240110161041_突发事件_35308749.mp4,拥堵,多车事故,2024年1月10日16时10分36秒至16时11分33秒，嘉闵高架西侧定焦04监控点位显示，元江路方向500米处发生多车事故。涉事车辆包括一辆白色SUV、一辆黑色轿车，在行驶过程中，白色SUV与前方黑色轿车发生追尾碰撞，导致白色SUV斜停于车道内，影响后方车辆正常通行。事故现场未见明显抛洒物，且无人员下车交涉或交警到场，但多辆车辆因避让事故车辆而紧急刹车或变道，造成短时交通拥堵。异常特征表现为车辆密集排列，车流速度明显下降，且后续车辆被迫绕行或减速，符合多车事故的典型特征。
1119,5972,拥堵_20231216120613_突发事件_35233029.mp4,拥堵,多车事故,2023年12月16日星期六12时06分至12时07分，外环高速吴中路-1枪机2监控区域出现多车事故交通事件。画面显示，该路段双向车道车流密集，多辆汽车、货车及厢式运输车在行驶过程中出现异常停车或紧急避让行为，其中一辆白色厢式货车在右侧车道与前方车辆发生追尾，导致后方车辆减速绕行。涉事车辆包括白色轿车、红色货车、绿色集装箱货车等，均处于静止或缓慢移动状态，部分车辆位置异常，如横跨车道或斜停，存在明显碰撞痕迹和位置异常。事故区域未见明显人员下车交涉或交警到场处理，但车辆间存在明显的碰撞痕迹和交通干扰，形成局部拥堵和缓行现象。该事件符合多车事故判断标准，表现为多车碰撞、车辆位置异常、后方车辆避让等特征。
1123,5976,拥堵_20231213133123_突发事件_35219506.mp4,拥堵,多车事故,2023年11月13日08时35分，S20内至G60出省方向的高架道路上发生多车事故。涉事车辆包括一辆红色货车、一辆白色轿车及多辆其他小型车辆，其中红色货车与前方车辆发生追尾，导致车辆位置异常，形成交通拥堵。事故现场未见明显碰撞痕迹，但车辆横跨车道且有相互碰撞痕迹，导致后方车辆紧急刹车或绕行，交通流明显受阻，车距骤减，形成较长的拥堵队列。事故未见人员下车交涉或交警到场处理，但可见后方车辆陆续减速避让，影响了该路段的正常通行秩序。异常特征表现为车辆密集排列、通行速度显著下降以及后方车辆被迫绕行或减速，符合多车事故的典型特征。
1125,5978,异常停车_20240621122051_突发事件_35716926.mp4,异常停车,多车事故,2024年6月21日12时20分52秒至12时21分51秒，外环高速莘朱路路段出现多车事故交通事件。画面显示，该路段为多车道高速公路，天气阴沉，路面湿滑，车辆在行驶过程中发现左侧第二车道出现追尾，涉事车辆包括一辆红色厢式货车、一辆白色厢式货车及多辆其他小型汽车，其中红色厢式货车与前方白色货车发生碰撞，导致车辆位置异常，横跨车道产生明显纵深影响。事故发生后，部分车辆在 fatsol让人位、紧急避让或停滞不前，造成后方车辆减速绕行加剧，交通流受阻。事故未见明显人员下车交涉或交警到场处理，但未见抛洒物或施工迹象，但已引发足以影响通行的紧急避让和缓行现象，符合多车事故的典型特征。
1127,5980,异常停车_20230719071109_突发事件_1966981.mp4,拥堵,二轮车辆闯入,2023年7月19日07时11分22秒，外环高速丰翔路路段出现二轮车辆闯入事件。一辆摩托车在主车道行驶过程中，驾驶员佩戴明显头盔，车辆无牌照特征，行驶过程中未见专用二轮车道或禁止标志，导致后方多辆汽车紧急避让并减速，影响了正常行车秩序，构成典型的二轮车辆闯入交通异常。
1129,5982,拥堵_20240311170546_突发事件_35401625.mp4,拥堵,多车事故,2024年6月17日11时05分35秒至11时06分32秒，外环高速曹安路北方向路段发生一起多车事故。事故发生在道路右侧车道，涉事车辆包括一辆白色厢式货车、一辆白色轿车及多辆其他小型车辆，其中白色厢式货车与前方白色轿车发生碰撞，导致后方车辆出现追尾、侧碰现象，且两车对向车道车流明显受阻。事故发生后，部分车辆停靠在车道内，驾驶员下车查看情况，现场未见明显人员受伤情况。该事故造成右侧车道通行受阻，后方车辆排队缓行，交通流明显放缓。该事故符合多车事故特征，表现为多辆车位置异常、车辆散乱、人员下车处理等，且影响了道路正常通行秩序。
1130,5983,异常停车_20240529180217_突发事件_35651431.mp4,拥堵,多车事故,2024年5月29日18时03分至18时04分，外环高速吴淞江桥南路段出现多车事故交通事件。视频显示，事故区域位于高速公路主车道，涉事车辆包括一辆白色厢式货车、一辆白色厢式货车及后方多辆小型轿车，其中白色厢式货车与前方车辆发生碰撞，导致车辆位置异常，部分车辆横跨车道或斜停，引发后方车辆紧急避让、减速及绕行。事故发生后，部分车辆停在行车道上，形成局部拥堵。现场未见明显人员下车交涉或交警到场处置，但车辆持续停滞约一分钟，影响范围覆盖多个车道，持续时间较长，符合多车事故特征。异常特征表现为多车碰撞痕迹明显、车辆位置异常、后方车辆紧急避让行为以及持续的交通缓行现象。
1132,5985,拥堵_20231208134647_突发事件_35205084.mp4,拥堵,多车事故,2023年12月8日13时46分至13时47分，外环高速莘庄立交北段出现多车事故交通事件。视频显示，该路段双向车流密集，左侧车道车辆密集排队缓行，右侧车道车流相对顺畅，但左侧车道车辆间距极小，部分车辆存在紧急避让、停顿或追尾现象，明显表现为车辆碰撞痕迹。涉事车辆包括多辆轿车、货车及厢式运输车，其中一辆红色货车与前方白色货车发生追尾，导致后方车辆紧急变道。事故未见明显碰撞痕迹或车辆侧翻，但车辆间存在明显的碰撞痕迹和紧急避让行为，符合多车事故特征。右侧车道未受影响，通行正常，但左侧车道存在明显的交通干扰与拥堵现象。异常特征表现为多车追尾、车辆位置异常、紧急避让行为，符合多车事故判断标准。
1133,5986,占道施工_20230912222730_运行安全_34777712.mp4,占道施工,二轮车辆闯入,2023年9月12日22时27分至22时28分，外环高速龙吴路路段夜间出现二轮车辆闯入交通事件。视频中可见两辆二轮车在高速公路主路行驶，未见明显违规行为，但该区域为禁止非机动车通行的高速公路，二轮车闯入属于典型违规行为。涉事车辆为红色车身、白色牌照的二轮车，在车流中穿行，存在较大安全隐患，导致后方车辆紧急避让，影响了正常行车秩序。现场未见施工设施、抛洒物或拥堵等其他异常情况，但该二轮车辆的闯入构成重大安全隐患，符合二轮车辆闯入的异常特征。
1134,5987,拥堵_20231124073334_突发事件_35147683.mp4,拥堵,二轮车辆闯入,2023年11月24日07:59至07:60期间，外环高速龙吴路路段出现二轮车辆闯入交通事件。视频显示，两辆二轮车在高速公路主路右侧车道内行驶，未见明显违规变道或逆行行为，但该区域为禁止二轮车辆通行的高速公路主干道，且无专用二轮车道或明显禁止标志，车辆在车流密集区域穿行，存在较大安全隐患。该二轮车在车流中持续行驶，周围多辆汽车紧急避让，部分车辆减速绕行，造成局部交通秩序紊乱，影响了正常行车秩序。该行为符合二轮车辆闯入的异常特征，属于典型违规闯入事件。
1135,5988,拥堵_20231216104611_突发事件_35232613.mp4,拥堵,二轮车辆闯入,2023年12月16日10时46分至10时47分，外环高速莘庄立交北段出现二轮车辆闯入交通事件。视频显示，一辆摩托车在高速公路主车道上行驶，未见其具备专用二轮车道或明显禁止标志，直接进入行车道并持续向前行驶。该摩托车在车流中穿行，与多辆轿车、货车并行，存在逆行、横穿车道等危险行为，驾驶员佩戴头盔，车辆无牌照特征明显。该行为导致周边车辆紧急避让，部分车辆减速绕行，对正常交通秩序造成干扰，属于典型的二轮车辆闯入高速公路的异常交通行为。
1136,5989,占道施工_20231029230911_运行安全_35016574.mp4,占道施工,二轮车辆闯入,2023年10月29日23时09分至23时10分，外环高速顾戴路路段夜间出现二轮车辆闯入交通事件。期间，一辆白色摩托车从右侧画面边缘驶入主车道，沿道路右侧车道行驶，驾驶员佩戴头盔，车辆无明显牌照标识。该摩托车在车流中穿行，与正常行驶的多辆机动车并行，存在逆行、横穿车道等危险行为，且未在专用非机动车道或允许通行区域行驶，属于禁止通行区域闯入机动车道。其行为导致部分车辆紧急避让，影响了主车道通行秩序，构成典型二轮车辆闯入交通异常事件。
1137,5990,异常停车_20230716132713_突发事件_1154043.mp4,异常停车,多车事故,2023年7月16日13时27分15秒，在外环高速丰翔路南段，一辆红色货车在最右侧车道内缓慢行驶，后方15秒内，一辆白色厢式货车与两辆小型货车发生碰撞，导致第三辆货车斜停在车道上，引发后方车辆紧急避让并减速。涉事车辆包括红色货车、白色厢式货车及三辆其他小型车辆，其中白色厢式货车为双闪停车，未发生碰撞但存在明显碰撞痕迹和异常停放情况。事故导致该车道通行受阻，后方车辆出现绕行和减速现象，形成短暂交通拥堵，影响道路通行效率。异常特征表现为多车碰撞、位置异常（车辆横跨车道、斜停）、后方车辆避让行为、持续时间较长且无缓解趋势，符合多车事故判断标准。
1138,5991,占道施工_20240615011240_运行安全_35705457.mp4,占道施工,多车事故,2024年6月15日01:12至01:13，在东侧元江路入口3处隧道内，发生了一起多车事故。视频显示，该路段正在进行施工，车道被锥桶遮挡，车辆需变道或减速通行。一辆红色轿车在最左侧车道行驶过程中与前方一辆黄色工程车发生追尾碰撞，导致两车位置异常，出现横跨车道的情况。事故导致车道数量减少，其他车辆被迫减速或绕行，造成了交通流的明显受阻。现场可见明显的碰撞痕迹和车辆位置异常，符合多车事故的特征。
1139,5992,异常停车_20240624062942_突发事件_35720712.mp4,异常停车,多车事故,2024年6月24日星期一早上7时29分36秒至7时30分33秒，外环高速吴中路路段发生一起多车事故。事故位于高速公路右侧车道，涉事车辆包括一辆白色厢式货车、一辆白色轿车及多辆其他小型车辆，其中白色厢式货车与前方白色轿车发生碰撞，导致车辆位置异常，横跨车道并斜停。事故发生后，多辆车紧急避让或减速，造成该路段交通流受阻，车辆排队缓慢通行。现场未见交警到场，但可见事故车辆双闪停靠且存在明显的碰撞痕迹和货物散落情况，符合多车事故的典型特征。此事件导致右侧车道通行受阻，影响了后续车辆正常行驶，形成短暂拥堵。异常特征表现为多车碰撞、车辆位置异常、紧急避让行为及持续的交通缓行。
1142,5995,二轮车辆闯入_20230722214310_突发事件_33395017.mp4,二轮车辆闯入,多车事故,2023年7月22日21时43分09秒，在外环高速北翟路路段，两辆红色轿车与一辆白色轿车发生追尾事故，事故两车停在行车道上，事故发生于晚上夜间高速公路环境下，光线较暗，车辆位置明显，导致后方车辆紧急刹车或绕行，造成短时交通流紊乱。现场未见人员下车交涉或交警到场，但事故车辆未完全静止，持续影响通行秩序，符合多车事故特征。
1144,5997,异常停车_20240516034534_突发事件_35594548.mp4,异常停车,多车事故,2024年5月16日03:45至03:46，在外环高速京沪立交（内）路段，一辆白色轿车与一辆灰色SUV疑似发生碰撞，该车辆停在行车道上。随后，该白色轿车去其车道，灰色SUV从其车道上驶出并继续向前行驶。影响了道路的正常通行，后方车辆出现减速、缓行并绕行，形成短暂拥堵。该事件符合多车事故的判定标准，表现为两辆机动车位置异常，导致后方车辆紧急避让。
1149,6002,拥堵_20240313203004_突发事件_35408011.mp4,拥堵,多车事故,2024年3月13日20时30分05秒至20时31分02秒，嘉闵西侧定焦04监控点位在隧道内夜间行车记录显示，隧道内右侧车道发生一起多车事故。事故地点位于元江路出口导流线处，涉事车辆包括一辆白色轿车及多辆颜色各异的轿车和SUV，视频中多辆车辆在行驶过程中发生碰撞后停在车道中央。事故发生后，部分车辆停在行车道内，驾驶员下车查看情况，未见明显人员受伤或交警到场处置，但事故造成右侧车道交通流受阻，后方车辆排队缓慢通行，形成短时拥堵。事故特征表现为多车碰撞痕迹、车辆位置异常及人员下车处理，且无警示标志或应急设施，符合多车事故判断标准。
1150,6003,拥堵_20230825181640_突发事件_34654764.mp4,拥堵,二轮车辆闯入,2023年8月1日13时15分，外环高速沪太立交东段，一辆蓝色货车与前方轿车发生追尾碰撞后停在行车道内，货车斜停，后方车辆紧急避让或减速绕行，造成短时拥堵。该事故涉及二轮车辆（货车）闯入主车道，违反交通规则，影响正常行车秩序。现场无明显施工设施或抛洒物，也无人员下车交涉或交警到场处理，但多辆轿车因该事故而出现变道和减速行为，存在安全隐患。该事件符合“二轮车辆闯入”异常特征，主要异常表现为二轮车辆违规进入高速公路主路，影响正常交通秩序。
1152,6005,占道施工_20230804020234_运行安全_34423395.mp4,占道施工,多车事故,2023年8月4日星期五凌晨2点02分至2点03分，G2进外环外圈匝道03路段发生一起多车事故。视频显示，该路段为夜间照明良好的高速公路或城市快速路，路面湿滑，车辆行驶缓慢。在2分02秒左右，一辆白色轿车与前方货车发生追尾事故，导致白色轿车斜停于行车道上，后方车辆因避让或减速造成连锁拥堵。随后，一辆黄色货车从右侧车道驶过，未见明显碰撞痕迹，但已影响后续车辆通行。现场可见多个交通锥桶用于隔离施工区域，路面设有警示灯，表明该路段正在进行交通管制或事故处理。涉事车辆包括货车、轿车、厢式货车及二轮车（摩托车），均处于正常行驶状态但因事故导致通行受阻，存在明显的碰撞痕迹和位置异常，符合多车事故判断标准。事故未造成严重交通阻塞，但对局部通行效率产生影响，属于典型多车追尾事故。
1156,6009,抛洒物_20240608161910_运行安全_35687723.mp4,抛洒物,多车事故,2024年06月08日16:20至16:21，外环高速京沪铁路桥南路段发生一起多车事故。事故发生在铁路桥以南500米区域，涉及两辆白色轿车，两车在行驶过程中发生碰撞，导致白色轿车双闪停靠在右侧应急车道上，车辆位置异常，车辆受困，另一名人员下车查看。现场有多辆车辆停于行车道或减速避让，交通流明显受阻，后方车辆形成短时拥堵。该事故特征表现为多车碰撞、车辆位置异常及后方车辆避让，符合多车事故判断标准。
1159,6012,拥堵_20230821160726_突发事件_34617244.mp4,拥堵,多车事故,2023年8月21日16时07分至16时08分，位于城市高架道路南向车道，一辆白色轿车与前方车辆发生追尾后两车完全静止。后方多辆轿车紧急刹车并绕行避让，造成短时拥堵。该行为导致后方车辆行驶缓慢，部分车辆出现急刹和变道行为，交通流受到明显影响，符合多车事故的异常特征。
1161,6014,拥堵_20240106093545_突发事件_35297035.mp4,拥堵,多车事故,2024年5月31日08时12分，外环高速沪嘉地道2（外）路段，多辆机动车在隧道内出现碰撞。涉事车辆包括多辆货车、轿车及一辆白色大巴车，车辆在行驶过程中出现异常停车或碰撞痕迹，导致车辆位置异常，部分车辆横跨车道或斜停，造成后方车辆紧急刹车、绕行。现场未见明显人员下车交涉或交警到场处理，但车辆间存在明显的碰撞痕迹和位置异常，影响了道路通行效率，符合多车事故的典型特征。
1162,6015,异常停车_20240510011349_突发事件_35575685.mp4,异常停车,多车事故,2024年5月10日01时13分至01时14分，外环高速仙霞路（内）路段发生多车事故。事故涉及多辆小轿车，其中一辆白色轿车与前方白色轿车发生追尾，随后停车{i进一步处理}，其他车辆紧急避让或减速绕行，导致该路段交通流明显受阻，车距骤减，出现拥堵现象。现场未见明显人员下车交涉或交警到场处理，但车辆位置异常，部分车辆斜停或横跨车道，影响了正常通行秩序。此事件符合“多车事故”判断标准，表现为多车碰撞痕迹、车辆位置异常及交通流受阻等特征。
1165,6018,异常停车_20240511173902_突发事件_35582177.mp4,异常停车,多车事故,2024年5月11日17时39分02秒，在外环高速丰翔路南段，一辆白色轿车与前方车辆发生追尾事故，涉事车辆包括白色轿车均出现不同程度的停顿或急刹，导致交通流明显受阻，后方车辆被迫减速绕行，形成短暂排队现象，现场未见人员下车交涉或交警到场，但可见车辆位置异常且存在明显的碰撞痕迹，影响了该路段的正常通行秩序。
1166,6019,占道施工_20231213005823_运行安全_35218223.mp4,抛洒物,拥堵,2023年12月13日00:58至00:59期间，外环高速顾戴路北（内）路段夜间出现交通拥堵事件。现场多辆机动车在车道内缓慢行驶，车流密集且通行速度明显下降，车辆间距缩短，部分车辆刹车灯持续亮起，显示处于低速或短暂停滞状态。涉事车辆包括多辆轿车、货车及厢式运输车，其中部分大型货车在车流中行驶，加剧了通行压力。道路两侧设有连续的交通锥桶，形成临时隔离带，引导车辆绕行或减速通过。现场未见明显事故或障碍物，但车流持续缓慢移动，未出现突发性碰撞或紧急避让行为，表明拥堵可能由前方车流积压或高峰时段流量叠加引起。整体交通秩序尚可维持，但通行效率显著降低，符合典型拥堵特征。
1167,6020,占道施工_20230814042652_运行安全_34574460.mp4,占道施工,二轮车辆闯入,2023年8月14日星期四凌晨4点26分至4点27分，外环高速南泥湾出口路段发生一起多车事故。现场位于夜间照明条件下，一辆白色厢式货车停靠在最右侧车道，车后方有多名人员下车matrix。该车后方及周边车辆出现异常停车或紧急避让行为，导致后方车辆被迫减速或绕行。涉事车辆包括多辆轿车、货车及大型运输车，均处于静止或缓慢行驶状态，部分车辆存在轻微碰撞痕迹或位置异常。事故未引发大规模拥堵，但对通行造成一定影响。事故区域设有交通警示锥桶，未见明显抛洒物或二轮车辆闯入迹象，初步判断为突发性临时停车事故。
1169,6022,多车事故_20240624164123_突发事件_35722317.mp4,多车事故,二轮车辆闯入,2024年3月24日18时41分至18时42分，嘉闵西侧定焦09监控点位显示，隧道内双向车道车流正常行驶，车辆均保持有序行驶状态，未见任何车辆在行驶过程中发生碰撞、追尾、侧偏或异常停车等事故迹象。然而，在视频后期，一辆黄色校车从右侧车道驶入隧道主线，进入隧道后沿车道正常行驶，未对周围车辆造成影响，也未见驾驶员下车或车辆停靠在应急车道或行车道，其行为符合“二轮车辆闯入”异常特征。
1170,6023,占道施工_20231213232339_运行安全_35220870.mp4,占道施工,异常停车,2023年12月13日23时23分至23时24分，外环高速松滨路西段夜间监控画面显示，一辆白色轿车在右侧应急车道行驶过程中导致后方多辆车辆紧急刹车避让，白色轿车与前方红色货车车尾明显追尾。该路段为高速公路夜间行车环境，路面湿滑，车流密集，车辆普遍开启前大灯，现场可见红色和白色锥桶隔离施工区域，未见明显抛洒物或事故碰撞痕迹，但白色轿车在高速行驶过程中突然减速并完全停止，导致后方车辆紧急刹车避让，符合异常停车风险特征。
1171,6024,占道施工_20230902010824_运行安全_34689926.mp4,占道施工,二轮车辆闯入,2023年9月2日星期一凌晨1点08分至1点09分，某高架道路出现二轮车辆闯入交通异常事件。一辆摩托车在夜间行驶过程中进入机动车道，横穿多个交通锥桶区，其行为违反了交通规则。该摩托车在车流中穿行，存在逆行、横穿车道等危险行为，且无专用二轮车道或明显禁止标志，导致后方车辆需紧急避让或减速，对道路通行安全构成威胁。该事件属于典型的二轮车辆闯入交通异常，违反了禁止非机动车进入机动车道的规定，对道路交通安全构成潜在威胁。
1172,6025,占道施工_20231025235709_运行安全_34997754.mp4,占道施工,二轮车辆闯入,2023年10月25日23时57分至23时58分，外环高速顾戴路北（内）路段夜间出现二轮车辆闯入交通事件。画面显示，两辆二轮车在主车道上行驶，未在专用非机动车道或辅道行驶，且无明显禁止标志区域存在。该二轮车在车流中穿行，与多辆轿车及货车并行，存在逆行、横穿车道等危险行为，驾驶员未佩戴头盔，车辆亦无牌照标识。其行为导致部分车辆紧急避让，造成局部交通秩序紊乱，存在较大安全隐患。该路段为高速公路，禁止二轮车辆通行，此行为属于典型的二轮车辆闯入异常事件，对道路安全构成威胁。
1173,6026,拥堵_20231221165635_突发事件_35250107.mp4,拥堵,多车事故,2023年12月21日16时55分至16时56分，外环高速沪太立交西段出现交通拥堵事件。视频显示，该路段双向车道车流密集，多辆轿车、货车及厢式运输车在行车道内缓慢行驶或停滞，车辆间距明显缩小，刹车灯持续亮起，表明车速极低或处于停滞状态。其中，红色集装箱货车、白色厢式货车、黄色吊车等大型车辆在车流中占据较大空间，进一步加剧了通行压力。未见明显事故或异常停车情况，但整体车流呈现持续低速蠕行状态，车辆排队长度较长，且无缓解趋势，符合拥堵判断标准。右侧应急车道未受影响，表明拥堵主要集中在主车道。现场无二轮车辆闯入现象，也未发现占道施工或抛洒物等其他异常情况，因此判定为多车事故引发的交通拥堵事件。
1174,6027,拥堵_20230815134451_突发事件_34583350.mp4,拥堵,多车事故,2023年8月15日13时44分，外环高速路路段发生一起多车事故。画面显示，一辆红色集装箱货车与一辆白色厢式货车在行车道上发生碰撞，车辆位置异常，红色集装箱货车斜停于车道内，白色厢式货车斜靠路边，俩位驾驶员下车查看情况。后方多辆小型轿车因避让事故车辆而紧急刹车或变道，造成该路段交通流明显受阻，通行速度下降。事故车辆周围未见明显人员下车交涉或交警到场处理，但已引发较长时间的缓行和拥堵，影响了整体道路的正常通行秩序。该事件符合多车事故的判断标准，表现为两辆及以上机动车碰撞、碰撞痕迹、车辆位置异常及交通流受阻等特征。
1175,6028,异常停车_20240624123038_突发事件_35721820.mp4,异常停车,多车事故,2024年6月24日12时34分，外环高速沪太立交东2枪机监控画面显示，自北向南方向，一辆白色轿车与一辆灰色轿车发生刮擦，两车在行车道内发生碰撞，导致白色轿车斜停于车道内，引发后方车辆紧急避让并减速。涉事车辆包括白色轿车、灰色轿车。事故现场未见交警到场处理，但可见车辆位置异常，横跨部分车道，导致后方车辆被迫绕行或减速，造成短时交通拥堵。同时，一辆红色货车从右侧车道驶过，疑似因为事故而减速避让。事故未引发进一步处理，但已形成明显的交通滞留和拥堵现象，影响范围覆盖多个车道，持续时间较长，符合多车事故的典型特征。
1176,6029,占道施工_20230819230832_运行安全_34608607.mp4,占道施工,二轮车辆闯入,2023年8月19日23时08分至23时09分，外环高速顾戴路路段夜间出现二轮车辆闯入交通事件。视频显示，多辆二轮车（包括摩托车和电动车）在高速公路主路行驶，未在专用通道或允许区域通行。其中，一辆黄色摩托车在主路行驶，驾驶员佩戴头盔，且车辆无明显牌照标识。该二轮车在车流中穿行，与多辆货车、轿车并行，存在逆行、横穿车道等危险行为，且未见专用二轮车道或禁止标志提示，直接闯入主路行车道。其行为导致部分车辆紧急避让，影响了正常交通秩序，构成典型的二轮车辆闯入异常事件。
1177,6030,占道施工_20240421020038_运行安全_35503877.mp4,拥堵,多车事故,2024年4月21日02时00分至02时01分，外环高速天山路路段发生一起多车事故。事故发生在夜间，监控画面显示一辆白色轿车与前方白色车辆发生追尾，涉事车辆包括一辆轿车及另一辆白色轿车，两车出现明显碰撞痕迹，车辆位置异常，横跨车道并斜停，导致后方车辆被迫减速或绕行。现场有多辆车辆紧急避让、刹车灯亮起，一名身穿橙色反光背心的人员在事故车辆旁停留，疑似处理事故。其他车辆因前方事故影响，出现减速、变道等行为，形成短暂交通流堵塞。事故未见明显人员伤亡。事故路段交通流受影响明显，车辆排队长度较长，通行效率下降。此事件符合多车事故判断标准，表现为两车及以上机动车发生碰撞、追尾、事故后共同滞留，且存在人员下车处理事故等特征。
1178,6031,拥堵_20240307140538_突发事件_35393646.mp4,拥堵,异常停车,2024年3月7日14时05分至14时06分，G60市区方向至S20外环高速路段发生一起多车事故。事故发生在夜间，监控画面显示该路段车流量较大，车辆行驶缓慢。在道路右侧应急车道旁，一辆白色轿车停靠在路边，车门打开，两名人员站在车旁，疑似处理车辆故障或事故。该车后方设置有黄色警示标志和交通锥桶，表明存在临时停车行为。沿路其他车辆因前方缓行而减速避让，形成局部拥堵。涉事车辆包括前方白色轿车、后方黑色轿车、白色厢式货车及多辆其他小型汽车，均处于正常行驶状态但未完全停止。未见明显碰撞痕迹或车辆侧翻情况，但车辆异常停车及人员下车行为引发后方车辆绕行和减速，存在安全隐患。此事件符合“异常停车”判断标准，主要影响为引发后方车辆减速绕行，造成交通流局部中断，存在安全隐患。
1181,6034,异常停车_20240625093030_突发事件_35723311.mp4,异常停车,多车事故,2024年6月25日09时30分23秒至09时31分22秒，外环高速曹安路北向路段发生一起多车事故。事故发生在道路右侧车道，涉事车辆包括一辆白色货车、一辆白色厢式货车、一辆黑色轿车及多辆其他小型车辆，其中黑色轿车与前方白色货车发生追尾碰撞。事故现场有多辆车出现碰撞痕迹，车辆位置异常，部分车辆横跨车道或斜停，导致后方车辆被迫减速或绕行。事故未见明显人员伤亡。事故影响区域交通流明显受阻，形成短暂拥堵。该事件符合多车事故判断标准，特征包括多车碰撞痕迹、车辆位置异常及交通流紊乱。
1182,6035,异常停车_20240516184200_突发事件_35598210.mp4,异常停车,多车事故,2024年5月16日18时41分至18时42分，外环高速漕宝入口匝道（内）路段发生一起多车事故。事故发生在夜间，监控画面显示该路段车流量较大，车辆行驶缓慢。在道路右侧应急车道上，一辆白色轿车与一辆黑色轿车发生碰撞，车辆位置异常，横跨部分车道，导致后方多辆车辆紧急避让或减速。涉事车辆包括白色轿车、黑色轿车，均处于静止状态，未见人员下车交涉或交警到场处理。事故发生后，该车道交通流受阻，后方车辆形成连续排队缓行，通行效率显著下降。事故区域未见抛洒物或占道施工等其他异常情况，但车辆碰撞痕迹清晰可见，符合多车事故特征。
1183,6036,占道施工_20240604231322_运行安全_35673287.mp4,拥堵,多车事故,2024年6月4日23时13分至23时14分，外环高速南大路北（内）路段发生一起多车事故。事故发生在夜间，道路照明良好，路面湿滑。涉事车辆包括多辆轿车和货车，在行驶过程中因避让或变道导致发生碰撞。事故现场有多名人员下车查看情况，部分车辆停靠在行车道内，影响正常通行。事故造成该路段交通流明显受阻，车辆排队缓慢行驶，形成短时拥堵，且未见明显缓解趋势，符合多车事故的异常特征。
1184,6037,拥堵_20230803075158_突发事件_33419870.mp4,拥堵,多车事故,2023年8月3日早上7点51分至7点52分，嘉闵西侧德华路高架桥上发生多车事故。在监控画面右侧车道，一辆白色轿车与白色货车疑似发生追尾碰撞。事故导致白色货车停在车道上，旁边有两名人员下车查看情况，另一名人员站在车旁与驾驶员交谈。涉事车辆均处于异常停车状态，未见明显碰撞痕迹或车辆侧翻。事故影响区域车流明显减速，后方车辆出现排队现象，交通流受到一定干扰。视频中未见明显施工设施、抛洒物或二轮车辆闯入迹象，但事故车辆停放在车道中央，导致后方车辆被迫绕行或减速避让，构成典型多车事故。
1185,6038,占道施工_20240413010300_运行安全_35487719.mp4,占道施工,多车事故,2024年4月13日1时02分至1时03分，在外环高速顾戴路路段，发生了一起多车事故。涉事车辆包括一辆大型货车、一辆红色轿车，这些车辆在行驶过程中发生了碰撞，导致车辆位置异常，部分车辆横跨车道或斜停在路中央。现场有人员下车查看情况，工作人员进行紧急处置。事故影响了该路段的正常通行，其他车辆被迫减速或绕行，交通流量明显减缓，形成了短暂的拥堵现象。异常特征表现为车辆碰撞痕迹明显，且事故区域设有警示牌，符合多车事故的判断标准。
1186,6039,抛洒物_20240310083721_运行安全_35398334.mp4,异常停车,多车事故,2024年6月10日00时37分23秒至00时38分20秒，外环高速曹安路北方向路段发生一起多车事故。事故发生在道路右侧车道，涉事车辆包括一辆白色厢式货车、一辆白色轿车及多辆其他小型车辆，其中白色厢式货车与前方白色轿车发生碰撞，导致后方车辆出现追尾、侧碰现象。事故现场未见明显碰撞痕迹，但车辆位置异常，存在急刹和变道操作行为，多辆车出现变道避让和紧急刹车等反应行为。事故造成该路段交通流受阻，后方车辆排队缓慢通行，交通流仍处于放缓状态。事故未见人员下车交涉或交警到场处理，但可见驾驶员下车检查伤情。事故类型符合多车事故特征，且具备车辆碰撞迹象、交通秩序紊乱等典型特征。
1187,6040,拥堵_20240311073037_突发事件_35399964.mp4,拥堵,多车事故,2024年3月11日7时30分至7时31分，G60市区方向至S4金山方向路段发生一起多车事故。视频显示，该路段为双向两车道的高架桥，两侧有绿化带和护栏，道路呈弯曲状。事故发生在车辆行驶过程中，多辆机动车在行驶过程中出现碰撞痕迹，车辆位置异常，部分车辆横跨车道或斜停，导致后续车辆紧急避让或停滞。涉事车辆包括多辆轿车、SUV及一辆大型客车，其中白色轿车、黑色轿车等均出现明显碰撞痕迹，部分车辆碰撞后停靠在路边进行初步处理。现场未见人员下车交涉或交警到场处理，但事故造成该路段通行受阻，车辆排队长度逐渐增加，影响了正常交通流。异常特征表现为多车碰撞、车辆位置异常、后方车辆减速避让及整体交通流受阻，符合多车事故判断标准。
1188,6041,异常停车_20230719164041_突发事件_2968989.mp4,异常停车,二轮车辆闯入,2023年7月19日16时40分35秒至16时41分33秒，外环高速丰翔路路段出现二轮车辆闯入事件。一辆摩托车在主车道上行驶，未在专用非机动车道或辅道行驶，直接进入机动车道并持续向前行驶。该摩托车驾驶员佩戴头盔，车辆无明显牌照标识，行驶过程中未见逆行或横穿车道等危险行为，但其进入机动车道的行为违反了高速公路交通管理规定，对正常行驶的车辆构成潜在安全隐患。由于该路段为封闭式高速公路，本应禁止二轮车辆通行，因此该行为属于典型的二轮车辆闯入交通异常事件。
1189,6042,占道施工_20240111010900_运行安全_35309217.mp4,异常停车,多车事故,"2024年1月11日01:08:55至01:09:57，在外环高速莘庄立交北枪机1处，多车辆 part of a collision involving multiple vehicles. the vehicles are seen with their lights on, and the area was marked with traffic cones, indicating a crash site."
1190,6043,拥堵_20230920095332_突发事件_34829870.mp4,异常停车,多车事故,2023年9月20日09时53分至09时54分，G60市区方向至S20外环高速路段出现多车事故交通事件。该路段为双向多车道高速公路，两侧有绿化带和护栏，右侧有树木遮挡部分视线。视频显示，右侧车道靠近中央护栏处有多辆轿车和货车发生事故，涉事车辆包括一辆红色货车、一辆白色厢式货车及多辆小型轿车，其中部分车辆出现缓慢移动或停车迹象，导致车流缓慢通行。左侧车道未见明显异常。事故区域车辆密集，部分车辆因避让或停止，形成局部拥堵。现场未见人员下车交涉或交警到场处理，但车辆位置异常且存在追尾、侧碰情况，符合多车事故特征。此事件对交通造成一定影响，车辆通行速度明显下降，影响了整体道路的正常运行。
1191,6044,异常停车_20240604010819_突发事件_35669295.mp4,异常停车,多车事故,2024年6月4日01时08分至01时09分，外环高速吴淞江桥南路段夜间监控画面显示，一辆白色厢式货车在右侧应急车道停靠，车辆未开启双闪灯。
1193,6046,异常停车_20240512004918_突发事件_35582262.mp4,异常停车,二轮车辆闯入,2024年5月12日00:49:15至00:50:13期间，外环高速吴淞江桥南段夜间监控显示，道路双向车流正常，车灯和灯光闪烁，表明为高速公路路段。视频中未发现二轮车辆闯入事件。
1196,6049,拥堵_20231010075017_突发事件_34915275.mp4,拥堵,多车事故,2023年10月16日星期二早上7点49分至7点50分，外环高速松滨路西段出现多车事故交通事件。视频显示，该路段双向车流密集，左侧车道车辆密集排队缓行，右侧车道车流相对正常，未见明显拥堵。左侧车道车辆中，一辆红色货车与前方白色轿车疑似发生追尾碰撞，导致后方车辆紧急刹车或绕行避让，形成局部拥堵。右侧车道未见明显异常。右侧车道车辆未见明显碰撞痕迹或停车情况。现场未见人员下车交涉或交警到场处理，但多车先后发生碰撞事故，车辆位置异常，部分横跨车道，影响通行秩序。事故造成该方向车流通行效率下降，存在安全隐患。异常特征表现为多车连续碰撞、车辆位置异常及后续车辆减速避让。
1197,6050,占道施工_20231225005124_运行安全_35258672.mp4,占道施工,二轮车辆闯入,2023年12月25日星期一凌晨00:51至00:52期间，外环高速淞滨路西路段夜间出现二轮车辆闯入交通事件。画面显示，一辆身穿反光背心的二轮车驾驶员驾驶一辆红色货车专用车道内行驶的红色货车，该区域为禁止二轮车通行的高速公路辅路。期间，二轮车驾驶员未佩戴明显警示装备，且车辆无牌照特征，存在较大安全隐患。期间，二轮车在主路行驶过程中与前方正常行驶的货车车流并行，未发生碰撞，但已对主路通行造成一定影响，属于典型的二轮车辆闯入交通异常事件。
1200,6053,占道施工_20240419003923_运行安全_35498638.mp4,拥堵,多车事故,2024年4月19日00:39:22至00:40:22期间，外环高速武威路南（内）路段出现多车事故交通事件。画面显示夜间高速公路双向车道车辆密集缓行，左侧车道有多辆大型货车与轿车同时行驶，其中一辆白色厢式货车与前方白色轿车疑似发生追尾碰撞，导致车辆位置异常，横跨车道并存在明显碰撞痕迹，部分车辆刹车灯持续亮起，警示灯闪烁。右侧车道车流相对正常，但亦有车辆因前方事故减速避让。事故区域无明显施工设施或抛洒物，未见人员下车交涉或交警到场处理。该事故导致该路段交通流受阻，车辆排队长度持续增加，通行效率下降，属于典型的多车事故异常情况。
1202,6055,二轮车辆闯入_20230722224327_突发事件_33395049.mp4,二轮车辆闯入,多车事故,2023年7月22日22时43分29秒，在外环高速京沪立交南段，监控画面显示多车道正常行驶的车辆，其中右侧车道有一辆白色厢式货车与前方白色轿车发生追尾碰撞。后续车辆紧急刹车并出现明显拥堵，车流速度显著下降，且多辆车从你这处超车或变道，导致周边车辆避让行为增加，形成短暂拥堵。事故车辆未见明显损坏，但两车为小轿车与厢式货车均出现位置异常，疑似追尾或侧碰，导致后方车辆紧急变道和减速，影响通行秩序。现场无施工设施、无人员下车交涉，也未发现二轮车辆闯入，初步判断为多车追尾事故，影响范围覆盖多个车道，造成通行效率下降，存在安全隐患。
1203,6056,抛洒物_20240312194136_运行安全_35404854.mp4,抛洒物,二轮车辆闯入,2024年03月12日19时41分31秒，在外环高速淞滨路西路段，监控画面显示最右侧车道旁有明显减速痕迹，随后一辆白色轿车从右侧车道驶近主路，两车未见明显对联，随后多辆车辆在该路段正常行驶，白色轿车在接近画面右侧时，其后方车辆出现短暂避让行为，但未发生碰撞或紧急刹车，该事件符合“二轮车辆闯入”异常特征。
1204,6057,拥堵_20240221073552_突发事件_35367958.mp4,拥堵,多车事故,2024年02月21日星期三07:38:53至07:39:52期间，外环高速铁力路西段出现多车事故。视频显示，该路段为雨天湿滑路面，路面可见明显车辆碰撞痕迹，大量车辆包括轿车、货车及厢式运输车在行车道和少数车道上发生碰撞，车辆密集排队缓行，刹车灯持续亮起，表明车辆正在减速或停车。涉事车辆存在追尾、侧碰及变道碰撞情况，导致交通流明显受阻，后方车辆被迫减速或绕行，形成拥堵态势。现场未见人员下车交涉或交警到场处理，但事故区域无明显散落物，也未发现二轮车辆闯入。整体交通秩序受到严重影响，车辆通行速度显著下降，存在安全隐患。异常特征主要表现为多车事故引发的交通流紊乱、车辆位置异常及持续的缓行状态。
1205,6058,占道施工_20231211231259_运行安全_35212057.mp4,占道施工,二轮车辆闯入,2023年12月11日23时12分至23时13分，外环高速沪太立交东1-2路段夜间出现二轮车辆闯入交通事件。一辆黄色摩托车在主车道上行驶，驾驶员佩戴头盔，车辆无明显牌照标识。该摩托车在车流中穿行，与正常行驶的轿车、货车等机动车并行，存在横穿车道等危险行为。现场设有多个红白相间的交通锥桶用于隔离，但未见明显警示标志或专用通道。该路段为高速公路，禁止二轮车辆通行，摩托车闯入属于典型违规行为，对周边车辆造成潜在安全隐患，导致部分车辆需紧急避让或减速绕行，影响了道路通行秩序和行车安全。
1206,6059,占道施工_20240414211709_运行安全_35490320.mp4,占道施工,多车事故,2024年04月14日21:17:05至21:18:02，在北环高速同济路立交南段，一辆红色轿车与一辆蓝色货车在车道上发生碰撞。事故发生后，红色轿车和蓝色货车停在道路中央，部分车辆横向放置警示牌，后方设置三角警示牌。现场有多辆车辆紧急避让或减速绕行，交通流明显受阻，持续一段时间内未见明显缓解趋势，符合多车事故的异常特征。
1207,6060,拥堵_20230904082533_突发事件_34704884.mp4,拥堵,多车事故,2023年9月26日08时19分，外环高速蕴川立交桥B2路段，一辆白色轿车与前方车辆发生追尾事故，涉事车辆包括白色轿车及多辆其他车辆，事故现场有多辆车停驶或减速避让，其中白色轿车位置出现明显碰撞痕迹，部分车辆绕行或减速到事故点，交通流受到明显影响，处于拥堵状态。异常特征表现为车辆位置异常（碰撞痕迹、紧急避让行为）、车流缓慢通行，符合多车事故判断标准。
1210,6063,异常停车_20240510163351_突发事件_35578843.mp4,异常停车,多车事故,2024年5月10日16时13分至16时14分，外环高速沪太立交西2枪机2监控画面显示，该路段双向车流密集，一辆白色轿车与一辆绿色轿车在最右侧应急车道停靠，白色轿车车门打开，驾驶员下车站在车旁，疑似发生故障或事故。随后，一辆黑色轿车从右侧车道驶过该停车区域，但未见明显绕行或减速行为。随后，一辆红色货车、一辆白色厢式货车及多辆轿车陆续通过该区域，车辆均保持正常行驶状态，未出现紧急避让或减速情况。视频中未见明显碰撞痕迹或人员下车交涉，也未发现抛洒物或施工迹象，但白色轿车停靠在应急车道且驾驶员下车处理，符合多车事故特征，影响了应急通道的通行效率。
1212,6065,占道施工_20230802230147_运行安全_33417700.mp4,占道施工,二轮车辆闯入,2023年8月02日23时01分至23时02分，外环高速丰翔路-1路段夜间出现二轮车辆闯入交通事件。视频显示，一辆摩托车从右侧车道驶入主路，行驶过程中未见明显专用二轮车道或禁止标志，其行为属于闯入高速公路禁止通行区域。该摩托车在车流中穿行，与多辆货车和轿车并行，存在逆行、横穿车道等危险行为，驾驶员佩戴头盔，车辆有牌照特征，且无牌照标识。该行为对正常行驶的机动车造成潜在安全隐患，引发后方车辆紧急避让反应，影响了道路通行安全与秩序。现场未见其他车辆碰撞或异常停车情况，但该二轮车辆闯入行为已构成交通异常，属于典型二轮车辆闯入事件。
1213,6066,异常停车_20230717150011_突发事件_1158110.mp4,异常停车,多车事故,2023年7月17日15时00分06秒，在嘉闵西京沪南入口处的高架路段，一辆红色轿车与一辆黑色轿车发生近距离碰撞，黑色轿车斜停靠在行车道内，红色轿车紧急刹车并亮起双闪灯，导致后方车辆减速避让。事故发生后，两车人员下车交涉。此次事故导致后方车辆出现短暂减速和变道避让行为，影响了该路段的正常通行秩序，且未见明显抛洒物或施工迹象，但存在潜在安全隐患，符合多车事故的典型特征。
