index,id,video,gt_label,pred_label,pred_text
0,4853,占道施工_20230820045634_运行安全_34614824.mp4,拥堵,占道施工,2023年8月20日04:56至04:57期间，外环高速联谊路东向西方向发生占道施工交通事件。现场位于G60市区方向下一出口附近，道路右侧车道被多个橙色交通锥桶封闭，形成临时施工区域，车道数量减少，车辆需变道行驶。施工区域内可见一辆工程车缓慢行驶，车顶警示灯闪烁，提示过往车辆注意避让。多辆货车、轿车及面包车依次通过该区域，车速明显降低，部分车辆因车道变窄而减速行驶。施工区域未见明显施工人员或大型机械作业，但存在明显的车道缩减和交通引导措施，导致通行效率下降。该事件属于典型的占道施工异常情况，对道路通行造成一定影响。
5,4858,异常停车_20240623150949_突发事件_35720119.mp4,异常停车,多车事故,2024年06月23日15:13:00至15:13:59，在外环高速联谊路西枪机1处，发生了一起多车事故。涉事车辆包括一辆黑色轿车和一辆白色SUV，两车停在行车道上，驾驶员站在车旁，似乎在进行交涉。事故没有造成后方车辆明显被迫减速或绕行，交通流量影响小。异常特征表现为车辆位置异常，且无明显施工或抛洒物等其他干扰因素，符合多车事故的判断标准。
10,4863,占道施工_20240421095734_运行安全_35504665.mp4,占道施工,抛洒物,2024年4月21日10:09:28至10:09:56期间，外环高速蕴川立交东路段出现抛洒物交通事件。在视频画面中，右侧车道上有多个红色和黄色的交通锥桶，以及一辆白色货车和一辆绿色货车，所有车辆正常行驶。然而，在10:09:28左右，一个重物进入了该路段行车道，导致车辆紧急避让。未见涉事车辆，随后，该抛洒物导致后方多辆汽车紧急减速或变道绕行，造成了短暂的交通拥堵和安全隐患。未见明显碰撞或人员下车处理，但已经对后续车辆造成影响。整个事件中，抛洒物尺寸较大，足以引发车辆避让行为，存在较大安全隐患。
12,4865,异常停车_20240607073159_突发事件_35682192.mp4,异常停车,拥堵,2024年6月7日07:36:00至07:36:29期间，在外环高速沪太立交东2枪机2处，一辆红色货车在行车道上异常停车，车辆完全静止且开启双闪灯，驾驶员不在车内，导致后方多辆车辆被迫减速避让，交通流出现短暂拥堵，该行为违反了非停车区域不得停车的规定，存在安全隐患。
14,4867,异常停车_20240606112804_突发事件_35678999.mp4,异常停车,抛洒物,2024年6月6日11时29分57秒至11时30分54秒，外环高速漕宝入口匝道（内）路段出现抛洒物交通事件。在视频画面中，右侧车道靠近中央隔离带处可见一块长条状异物（疑似金属板或木板）横卧于路面，位于行车道与应急车道之间，未被及时清理。该异物导致后方多辆货车和轿车行驶过程中出现急刹或绕行行为，尤其在11时30秒左右，一辆白色轿车明显减速避让该物体，随后多车紧随其后采取类似措施，造成局部短时通行受阻。涉事车辆包括一辆红色集装箱货车及后续多辆小型客车和货运车辆，均未发生碰撞但存在安全隐患。异常特征表现为：异物尺寸较大、位置固定、未见人员处理、持续影响车辆正常通行，且无警示标志提示，推测可能来自前方货车货箱脱落所致。
15,4868,多车事故_20240530152809_突发事件_35654829.mp4,多车事故,异常停车,2024年5月30日15时28分05秒至15时29分03秒，外环高速莘朱路路段监控画面显示，一辆灰色轿车停靠在道路左侧应急车道上，车辆开启双闪灯，驾驶员站在车旁，车辆处于完全静止状态。该车辆长时间占用应急车道，影响了应急通道的正常使用，且无明显故障迹象或紧急情况，符合异常停车特征。
16,4869,二轮车辆闯入_20230715120335_突发事件_1149569.mp4,二轮车辆闯入,异常停车,2023年7月15日14时03分10秒至14时03分57秒，外环高速仙霞路（内）路段出现异常停车事件。一辆白色轿车在右侧应急车道上突然停车并打开车门，随后有两人下车站在路边，其中一人走向旁边停靠的红色货车，疑似发生碰撞后停车处理。该行为导致后方车辆被迫减速绕行，形成短暂拥堵，影响了正常交通流。现场无明显事故痕迹，车辆停留时间较长且无交通信号灯或标志允许停车，符合异常停车特征。
17,4870,异常停车_20240614105451_突发事件_35704233.mp4,多车事故,异常停车,2024年6月14日10时59分12秒至11时01分10秒，外环高速沪太立交东2枪机2监控画面显示，一辆蓝色货车和一辆蓝色集装箱货车停靠在道路右侧紧急停车带内，两车均开启双闪灯，且长时间保持静止状态，期间有其他车辆从其旁边正常通过，未见明显应急救援活动。两车均处于非行车道但靠近紧急停车带区域，无交通标志允许停车，驾驶员未佩戴头盔，车辆状态疑似故障或违规停车。该停车行为持续约一分钟，期间未造成后方车辆绕行或减速，但对正常行驶车辆构成潜在安全隐患，属于异常停车事件。
18,4871,多车事故_20240622131800_突发事件_35718810.mp4,多车事故,异常停车,2024年6月22日13时17分23秒至13时17分30秒，武宁路地道南线西口监控画面显示，一辆白色轿车在隧道右侧车道内长时间静止不动，车辆开启双闪灯，驾驶员下车后站在车旁，车辆后方有多辆车辆因避让而紧急刹车或变道，导致短时交通拥堵。该车停靠位置位于行车道内，属于非停车区域，且无任何交通标志允许临时停车，存在明显异常停车行为，影响了正常交通秩序。
19,4872,抛洒物_20240316111134_运行安全_35415772.mp4,抛洒物,多车事故,2024年3月4日16时14分至16时15分，在外环高速虹梅南路路段，出现红色纸盒状抛洒物逆时针缓缓向对向车道扩散。该区域无明显事故迹象，但路面车辆行驶正常，抛洒物持续存在并经过近分钟时间，不易被察觉。该事件未见明显车辆碰撞或停车行为，也未发现其他异常停车或施工迹象，且该路段为多车道高速公路，车流密集，存在潜在安全隐患。整体影响为部分车辆行驶中车道质量有所干扰，存在引发后车紧急避让风险。
20,4873,异常停车_20240621232054_突发事件_35717764.mp4,异常停车,多车事故,2024年6月21日23时20分至23时51分，外环高速莘朱路路段夜间监控画面显示，一辆装载多辆挖掘机的红色平板货车停靠在道路左侧应急车道内，车辆未开启双闪警示灯，且长时间静止不动，驾驶员不在车内或车辆无明显故障迹象。该车所在位置为非停车区域，周围无交通信号灯或标志允许临时停车，车辆长时间占用车道，导致后方车辆需绕行或减速避让，影响了正常行车秩序。该行为符合异常停车特征，存在安全隐患，可能引发追尾或剐蹭事故。
21,4874,占道施工_20240323090249_运行安全_35433956.mp4,占道施工,拥堵,2024年03月23日星期六09:02:45至09:03:43期间，外环高速淞滨路西段出现交通拥堵事件。该路段为多车道高速公路，车流密集，主要由轿车、货车及厢式运输车组成，车辆在多个车道内缓慢行驶，部分车辆间歇性停顿，整体通行速度明显下降。左侧车道车辆排成长队，右侧车道虽有车辆保持一定速度通行，但受整体车流影响，存在缓行现象。未见明显事故或障碍物，但车道内设置有红色和白色相间的交通锥桶，可能为占道施工或临时管制措施，导致车道数量减少，引发后方车辆积压。由于天气阴沉、能见度较低，车辆行驶状态受限，导致交通流持续拥堵，影响了该路段的正常通行效率。异常特征表现为长时间低速行驶、车辆间距缩小、车流密度高，符合典型拥堵判断标准。
24,4877,占道施工_20240430000257_运行安全_35546785.mp4,拥堵,占道施工,2024年4月30日00:05:04至00:06:03期间，外环高速沪太立交西3枪机1监控画面显示，夜间高速公路右侧车道正在进行占道施工。施工区域位于道路右侧，现场有多名身穿反光背心、头戴安全帽的施工人员在作业，其中一名工作人员站在一辆黄色工程车旁，该车顶部装有警示灯并亮起红蓝警示灯。施工区域用多个红白相间的交通锥桶进行隔离，形成临时封闭区，车道被部分占用，导致车辆需绕行或减速通过。施工车辆停放在施工区域前方，未见明显施工行为，但存在明显的施工设施布置。该施工行为导致右侧车道通行能力下降，过往车辆需调整行驶路线，存在潜在交通风险。整体画面显示施工区域布置规范，但未见施工人员进行高空作业，符合占道施工判断标准。
27,4880,占道施工_20231010231541_运行安全_34918688.mp4,拥堵,占道施工,2023年10月10日23时15分至23时16分，嘉闵西侧真南路出口路段夜间发生占道施工交通事件。现场可见多辆工程车辆停靠在道路右侧车道，其中一辆黄色工程车停于最左侧车道，周围设置有多个橙白相间的交通锥桶进行区域隔离，多名身穿反光背心的施工人员在车辆周围作业，部分人员在移动或调整锥桶位置。施工区域占用了一条行车道，导致该车道车辆需减速绕行，对通行造成一定影响。施工区域设有警示灯和指示牌，提示前方施工，但未见明显的施工围挡或大型机械作业。整体交通流保持有序，未出现拥堵或事故情况，但存在因施工导致的车道减少和车速降低现象，符合占道施工典型特征。
28,4881,占道施工_20240523232826_运行安全_35628713.mp4,占道施工,拥堵,2024年05月23日23:28:22至23:28:45，在某高速公路路段，发生了一起占道施工交通事件。现场可见多辆工程车辆和施工人员在车道内进行作业，施工人员穿着反光背心，操作相关设备，车道被多个锥桶遮挡，导致车道数量减少，车辆需变道或减速通行。涉事车辆包括一辆黄色工程车和其他几辆小型货车，它们在施工区域附近停留或缓慢通过。此事件影响了该路段的正常交通秩序，过往车辆被迫减速或变更车道，但未造成严重的交通拥堵。异常特征包括明显的施工设施、施工人员的活动以及车辆被迫绕行的行为。
31,4884,抛洒物_20240402065256_运行安全_35459975.mp4,拥堵,异常停车,2024年04月02日06:52:50至06:53:48，在沪宁转外环外圈执勤1处，监控画面显示该路段为单向两车道的弯道，路面湿滑，右侧有少量水渍。在06:53:03左右，一辆白色轿车在行车道上完全静止，且无驾驶员下车或明显故障迹象，周围其他车辆正常行驶，该行为属于非紧急情况下的异常停车，存在安全隐患。
35,4888,二轮车辆闯入_20230718135047_突发事件_1961042.mp4,多车事故,二轮车辆闯入,2023年7月18日13时50分43秒，在外环高速莘庄立交北段，一辆二轮摩托车从画面左侧驶入主车道，沿最左侧车道由南向北行驶，驾驶员身穿深色衣物并佩戴头盔，车辆有明显牌照。该路段为高速公路，禁止二轮车辆通行，且无专用二轮车道或允许通行标志，摩托车在车流中穿行，周围多辆汽车紧急避让，存在较大安全隐患。该行为属于二轮车辆闯入高速公路的典型异常交通事件。
36,4889,拥堵_20240106090708_突发事件_35296938.mp4,拥堵,异常停车,2024年1月8日早上7点06分至7点07分，S20内至G60出省方向的高架路段出现交通拥堵事件。该路段位于通往杭州方向（G60）与浦东机场方向（S20）的交汇处附近，道路两侧有绿化带和指示牌，显示前方为G60杭州方向入口和G60上海方向入口。视频中可见多辆机动车包括轿车、货车、厢式货车及一辆大型红色集装箱货车，车辆在多个车道上缓慢行驶或完全停滞，车距明显缩短，部分车辆尾灯亮起，表明车速极低。拥堵主要集中在靠近G60方向入口的匝道区域，车辆排队长度超过百米，持续时间约一分钟且无缓解趋势，符合拥堵判断标准。未见施工设施、异常停车或事故迹象，但因车流量大导致通行效率显著下降，对前往杭州方向的交通流产生较大影响。
47,4900,拥堵_20231208081125_突发事件_35203668.mp4,抛洒物,拥堵,2023年12月8日星期五上午8时11分至8时12分，位于城市高架道路主干道上发生拥堵事件。事发地点为城市高架桥多条车道交汇的路段，右侧匝道与主路方向车流密集，车辆行驶缓慢，排队长度持续增加，形成明显拥堵态势。涉事车辆包括多辆轿车、货车及一辆大型集装箱运输车，其中货车在车流中缓慢移动，未见异常停车或事故迹象。左侧对向车道车流相对顺畅，未受影响。该拥堵发生在高架桥主线与匝道交汇区域，受主路车流影响，部分车辆出现减速、变道和跟车行为，但未发生碰撞或停车，整体为典型早高峰时段的交通拥堵现象，主要影响为通行效率下降和行车延误。
49,4902,异常停车_20230718221620_突发事件_1963284.mp4,异常停车,多车事故,2023年7月18日22时16分至22时17分，夜间高速公路路段发生一起多车事故。事故发生在道路左侧车道，涉事车辆包括一辆白色货车及后方多辆跟随车辆，其中一辆白色货车与前方黑色轿车发生追尾碰撞，导致车辆位置异常，横跨车道并斜停于行车道内。事故发生后，驾驶员下车查看情况，现场未见明显警示标志或施工设施，但事故车辆开启双闪灯，符合多车事故的典型特征。事故造成该路段交通拥堵，后方车辆被迫减速或变道绕行，交通流受到明显影响。现场无明显人员伤亡，但存在明显的车辆碰撞痕迹和异常停车行为，符合多车事故的判定标准。
53,4906,拥堵_20231220084328_突发事件_35245026.mp4,拥堵,抛洒物,2023年12月20日星期三上午8时43分至8时44分，北环高速同济路立交南段出现交通拥堵事件。该路段为多车道高速公路，车流密集，主要由轿车、货车及一辆红色货车组成，车辆在多个车道上缓慢行驶，部分车辆间歇性停顿，整体通行速度明显下降。拥堵区域位于立交桥附近，受前方车流影响，车辆排队长度持续增加，未见明显事故或障碍物，但车流密度高且持续时间较长，符合拥堵判断标准。异常特征表现为车辆行驶缓慢、车距缩短、通行效率降低，且无施工或抛洒物等外部因素干扰，推测为高峰时段车流量过大所致。
56,4909,占道施工_20230806231920_运行安全_34537966.mp4,拥堵,占道施工,2023年8月6日23时19分至23时20分，嘉闵西侧汇聚机箱路段夜间出现占道施工交通事件。现场可见多排红白相间的交通锥桶沿道路一侧排列，形成临时隔离带，占用部分行车道，导致车辆需绕行或减速通过。施工区域未见明显施工人员或大型施工设备，但存在明显的车道缩减和引导标志，表明该区域正在进行道路维护或施工活动。过往车辆包括轿车、货车等，均在锥桶引导下正常行驶，未发生拥堵或事故。该事件导致车道数量减少，影响了车辆通行效率，属于典型的占道施工交通异常情况。
57,4910,异常停车_20240517120016_突发事件_35600670.mp4,异常停车,多车事故,2024年5月17日12时00分43秒至12时01分51秒，外环高速丰翔路南段监控画面显示，一辆红色货车在道路右侧应急车道内完全静止，车辆未开启双闪灯，且该区域无交通信号灯或标志允许停车。该车长时间停靠在行车道上，导致后方多辆小型轿车和货车被迫减速绕行，影响了正常交通流。该行为符合异常停车特征，存在安全隐患，可能引发追尾或剐蹭事故。
58,4911,二轮车辆闯入_20230722141048_突发事件_33394623.mp4,二轮车辆闯入,异常停车,2023年7月22日14时10分至14时11分，外环高速京沪立交（内）路段出现异常停车事件。在视频画面左侧靠近绿化带的导流线区域，一辆白色轿车停靠在行车道上，车辆开启双闪灯，驾驶员下车后在车旁停留，随后再次上车，随后驶离。该车停靠位置位于非停车区域，导致后方车辆被迫减速绕行，影响了正常交通流。此行为不符合高速公路临时停车规定，存在安全隐患，且未按规定设置警示标志，属于典型异常停车事件。
59,4912,占道施工_20230816005058_运行安全_34587905.mp4,占道施工,拥堵,2023年8月16日00:50至00:51期间，外环高速老沪闵路东（内）路段出现占道施工交通事件。现场可见一辆工程车辆缓慢行驶在道路右侧车道，车顶闪烁警示灯，周围设置有多个红白相间的交通锥桶，形成临时隔离带，占用部分行车道。该施工区域导致右侧车道通行空间受限，车辆需减速并变道绕行，影响了正常交通流。施工区域未见明显施工人员或大型机械作业，但存在明显的施工警示标志和灯光提示，符合占道施工特征。整体交通未出现严重拥堵，但车辆行驶速度明显降低，存在潜在安全隐患。
60,4913,二轮车辆闯入_20230721130522_突发事件_33393643.mp4,二轮车辆闯入,拥堵,2023年7月21日13时05分23秒，在东侧元江路入口3的隧道内，一辆二轮摩托车从画面右侧驶入车道，驾驶员身穿深色衣物并佩戴头盔，车辆在行驶过程中未见明显违规行为，但该路段为封闭式隧道，通常禁止非机动车通行，因此属于闯入行为。摩托车在车流中穿行，与多辆轿车并行，未发生碰撞，但其进入行为对后方车辆造成潜在安全隐患，其他车辆需注意避让，影响了道路通行安全。该事件持续约10秒后，摩托车驶出画面，未引发事故或拥堵，但存在违反交通规则的迹象。
68,4921,占道施工_20230905002157_运行安全_34710543.mp4,占道施工,多车事故,2023年9月5日00:21:54至00:22:52期间，外环高速吴中路路段夜间发生占道施工交通事件。现场可见多辆工程车辆停靠在道路右侧车道，包括一辆黄色工程车和一辆蓝色工程车，周围设置有多个红白相间的交通锥桶，形成临时施工区域。施工区域位于主路与匝道交汇处，部分车道被封闭，导致车辆需绕行或减速通过。过往车辆包括多辆货车、轿车及厢式货车，均正常行驶但受施工影响出现变道和速度调整。施工区域未见明显施工人员活动，但存在明显的施工设施布置，且无警示灯闪烁，存在一定的交通安全隐患。整体交通流保持有序，未出现拥堵或事故情况，但存在因施工引发的通行效率下降和潜在追尾风险。
69,4922,异常停车_20230716095332_突发事件_1153383.mp4,多车事故,拥堵,2023年7月16日09时53分至09时54分，外环高速丰翔路-1路段出现交通拥堵事件。该路段为双向多车道高速公路，路面湿滑，天气阴雨，能见度较低。视频显示，从09:53:29开始，右侧车道车辆行驶缓慢，车流密集，多辆货车与轿车依次排队缓行，车距明显缩短，部分车辆刹车灯持续亮起，表明车速降低或处于停滞状态。涉事车辆包括白色厢式货车、红色厢式货车、白色面包车及黑色轿车等，均在正常车道内行驶，未见异常停车、事故或施工迹象。由于车流量大且道路通行能力受限，导致车辆通行效率下降，形成持续性拥堵。拥堵影响范围覆盖多个车道，持续时间约一分钟且无缓解趋势，符合典型拥堵特征。
72,4925,二轮车辆闯入_20230717165524_突发事件_1356626.mp4,多车事故,抛洒物,2023年7月17日星期一16时54分22秒，外环高速京沪铁路桥南路段，监控画面显示道路右侧车道边有一根木制横杆状物体，疑似抛洒物，位于桥面右侧护栏附近。该物体未见明显移动，但自视频流持续播放过程中未被清理。车流密集且以货车和轿车为主，多辆车辆在经过该区域时出现轻微避让或减速行为，尤其当车辆靠近时刹车或变道，导致后车之间出现短时竞争行为。未见车辆碰撞或事故迹象。该抛洒物尺寸较大，足以引发驾驶员注意并采取避让措施，属于典型抛洒物交通异常事件，影响了该路段的通行效率和行车安全。异常特征表现为物体静止在车道上，无车辆撞击或堆积其他杂物，但已对正常交通流造成干扰。
74,4927,抛洒物_20231104061607_运行安全_35044837.mp4,多车事故,抛洒物,2023年11月4日06时16分，外环高速顾戴路路段出现抛洒物交通事件，一辆白色货车货箱内装载着红色和白色的物品（疑似货物）在行车道上形成抛洒物。该车停车.FullHD画面显示，抛洒物位于右侧车道靠近护栏处，后续多辆车辆（包括轿车、货车及大型运输车）经过该区域时出现避让行为，部分车辆紧急减速或变道绕行，影响了道路通行安全。抛洒物尺寸较大，足以引发后方车辆避让行为，且未见驾驶员下车处理，存在安全隐患。该事件属于典型抛洒物异常情况，可能由货车装载不规范导致，对道路安全构成潜在威胁。
77,4930,异常停车_20240613165503_突发事件_35702382.mp4,异常停车,拥堵,2024年6月13日16时55分至16时56分，外环高速丰翔路南段监控画面显示，该路段为多车道高速公路，道路两侧绿树成荫，交通标志清晰。视频中未发现明显的事故痕迹或车辆异常停车情况。所有车辆均在正常行驶，无车辆变道、减速或异常刹车行为，未观察到二轮车辆闯入、施工设施、抛洒物或占道施工迹象。整体车流正常，无拥堵现象，符合非事故性交通异常情况特征。
82,4935,占道施工_20230903005103_运行安全_34696362.mp4,拥堵,占道施工,2023年9月3日00:50:58至00:51:57期间，外环真南路入口路段夜间出现占道施工交通事件。施工区域位于道路右侧应急车道及部分行车道，由一排红白相间的交通锥桶围挡，形成临时隔离带，占用部分车道空间。现场可见一辆黄色工程车停靠在施工区域前方，车顶警示灯持续闪烁，表明正在进行施工作业。施工区域内未见明显施工人员活动，但存在明显的施工设施布置，导致该侧车道通行能力下降，过往车辆需减速并变道绕行。该施工行为造成局部车流缓行，影响了正常交通秩序，属于典型的占道施工异常情况。
83,4936,占道施工_20231207002615_运行安全_35196934.mp4,占道施工,拥堵,2023年12月7日00:26至00:27期间，G60市区方向至S20内2枪机12发生占道施工交通事件。现场可见一辆工程车辆停靠在道路右侧，车顶警示灯闪烁，周围设置多排红白相间的交通锥桶，形成临时隔离带，占用部分车道。两名身穿反光背心的施工人员在锥桶旁进行作业，其中一人手持工具在移动，另一人站立观察。施工区域前方有车辆减速通过，包括轿车、货车及大型集装箱卡车等，均按指示绕行或减速通过。该施工区域未见明显施工机械或围挡，但存在明显的车道缩减和交通引导措施，导致通行车道减少，车辆需变道行驶，存在潜在安全隐患。整体交通流未受显著影响，但施工区域存在潜在拥堵风险。
87,4940,占道施工_20240311001653_运行安全_35399564.mp4,占道施工,拥堵,2024年03月11日星期一00:19:54至00:20:03，在外环高速铁力路西枪机2处，发生了一起占道施工交通事件。现场可见多辆工程车辆和施工人员，他们穿着反光背心，正在进行道路施工操作，车道被锥桶和施工车辆遮挡，导致车道数量减少，车辆需变道或减速通行。施工区域设有警示牌和闪烁警示灯，以提醒过往车辆注意避让。此次施工行为对夜间行车造成一定影响，车辆被迫减速或绕行，但未引发严重拥堵或事故。异常特征包括施工设施占据部分车道、施工人员现场作业以及明显的警示标志。
94,4947,占道施工_20230909002352_运行安全_34746468.mp4,占道施工,拥堵,2023年9月9日星期六00:23:59至00:24:58期间，K14+050路段夜间出现严重交通拥堵事件。该路段为城市高架道路，双向多车道，右侧车道被大量车辆缓慢行驶，车流密集且持续时间较长，车辆排成长队，尾灯形成明显光带，表明通行速度极低。涉事车辆包括各类轿车、货车、客车及大型运输车，如红色集装箱货车、白色厢式货车、黄色出租车等，均处于低速行驶或短暂停滞状态。左侧对向车道车流相对顺畅，但因右侧拥堵导致整体通行效率下降。现场未见异常停车、事故或抛洒物，也无施工设施或二轮车辆闯入迹象，推测拥堵可能由前方交通瓶颈或流量高峰引发。影响范围覆盖多个车道，车辆排队长度超过百米，且无缓解趋势，符合典型拥堵特征。
95,4948,占道施工_20230902222328_运行安全_34695991.mp4,拥堵,占道施工,2023年9月2日22时23分至22时24分，外环高速龙吴路路段夜间出现占道施工交通事件。现场可见多辆工程车辆停靠在右侧车道，包括一辆黄色工程车和一辆装载设备的平板运输车，周围设置大量红白相间的交通锥桶，形成临时施工区域。施工区域占用部分车道，导致车辆需绕行或减速通过，影响了正常通行秩序。施工区域内可见施工人员活动，且施工设施明显遮挡部分车道，符合占道施工特征。整体交通流虽未完全中断，但存在明显的车道缩减和车速降低现象，属于典型的占道施工异常情况。
102,4955,抛洒物_20240530074153_运行安全_35652730.mp4,抛洒物,拥堵,2024年5月30日07:41至07:42期间，外环高速丰翔路南段出现交通拥堵事件。该路段为多车道高速公路，两侧绿树成荫，道路标线清晰，设有“G30 向家庙方向”的指示牌。视频显示，大量机动车包括轿车、货车、客车及特种车辆（如工程车）在多个车道内缓慢行驶或完全停滞，车流密度极高，车辆间距极小，部分车辆刹车灯持续亮起，表明车速极低或处于停滞状态。拥堵主要集中在左侧车道，车辆排成长队，且持续时间超过一分钟，未见明显缓解趋势。未发现异常停车、施工、事故或抛洒物等直接诱因，也无二轮车辆闯入或紧急避让行为。整体表现为典型的高峰时段交通拥堵现象，可能与车流量大、上游路段通行效率降低或前方存在瓶颈有关。
104,4957,拥堵_20240316155937_突发事件_35416515.mp4,多车事故,拥堵,2024年3月16日15时59分至16时00分，G60市区方向至S20外环高速路段出现严重交通拥堵事件。该路段位于高速公路弯道区域，道路两侧绿树成荫，上方有“S20 Rego 2/4”的指示牌。视频显示，多辆小轿车、货车及厢式货车在车道内缓慢行驶或完全停止，车辆排成长队，车距极短，部分车辆刹车灯持续亮起，表明车速极低或处于停滞状态。涉事车辆包括白色厢式货车、红色集装箱货车、白色轿车及多辆私家车，均处于低速行驶状态，未见明显事故或障碍物导致停车。由于车流密集且持续时间较长，导致通行效率显著下降，后方车辆被迫减速并频繁变道，存在明显的拥堵特征。此拥堵影响了该路段的正常交通秩序，造成通行延误，属于典型的交通拥堵事件。
105,4958,占道施工_20230818024706_运行安全_34600742.mp4,拥堵,占道施工,2023年8月18日02:46至02:47期间，外环高速沪太立交东段发生占道施工交通事件。现场可见多辆货车和轿车在夜间行驶过程中，道路右侧车道被一排红白相间的交通锥桶封闭，形成临时隔离带，车辆需绕行或减速通过。施工区域前方设有警示灯和指示牌，提示前方施工。施工人员身穿反光背心在作业区域内活动，对通行车辆造成一定影响，导致部分车辆变道行驶，车流速度减缓。该施工区域未见明显施工机械或大型工程车辆，但存在明显的交通引导措施，符合占道施工特征。
106,4959,二轮车辆闯入_20230721142306_突发事件_33393718.mp4,二轮车辆闯入,多车事故,2023年7月21日14时23分，外环高速潭宝路北段出现严重交通拥堵，多车道车辆缓慢行驶或完全停滞，车流密集且持续时间较长，未见明显事故或障碍物。涉事车辆包括大量轿车、货车、厢式货车及大型集装箱运输车，其中以白色、红色和蓝色货车为主，部分车辆在车道间频繁变道，导致通行效率降低。道路两侧绿化带清晰可见，无施工迹象，亦无异常停车或抛洒物，但因车流量大且车辆密集，形成典型拥堵现象，影响整体通行速度，存在潜在追尾风险。
110,4963,异常停车_20240606120515_突发事件_35679057.mp4,异常停车,抛洒物,2024年6月6日11时05分至11时06分，外环高速吴中路路段出现抛洒物交通事件，右侧车道存在白色纤维状异物。该行为导致后续多辆货车和轿车采取紧急避让措施，部分车辆减速绕行，影响了道路通行秩序和安全性。异常特征表现为车道上有足够尺寸的异物，且可见车辆急刹或绕行行为，存在安全隐患。
113,4966,占道施工_20231116003349_运行安全_35106756.mp4,占道施工,异常停车,2023年11月16日00:33:45至00:34:44期间，嘉闵西桃浦公路南路段夜间监控画面显示，一辆白色轿车在右侧车道内长时间静止不动，车辆未开启双闪灯，且无明显故障迹象或驾驶员下车行为。该车位于道路右侧靠近匝道汇入区域，周围有其他车辆正常行驶，包括货车、轿车及出租车等，均未受影响。该行为符合异常停车判断标准，存在安全隐患，可能引发后方车辆紧急避让或减速风险。
114,4967,异常停车_20240614153120_突发事件_35704875.mp4,异常停车,多车事故,2024年6月14日15时31分至15时32分，在外环高速吴淞江桥南路段，发生了一起多车事故。涉事车辆包括一辆白色SUV和一辆大型货车，白色SUV在右侧车道上与前方车辆发生碰撞，导致车辆位置异常，斜停在左侧车道上。事故现场有人员下车查看情况，其他车辆被迫紧急避让或停滞，造成了交通拥堵。异常特征表现为车辆明显碰撞痕迹和交通流中部分车辆的紧急避让行为。
119,4972,占道施工_20231210002635_运行安全_35208250.mp4,占道施工,拥堵,2023年12月10日00:26至00:27期间，北环高速铁力路地道东段发生占道施工交通事件。现场可见多辆车辆在夜间行驶，道路一侧设置有连续的交通锥桶，形成临时隔离带，占用部分车道。施工区域前方有警示灯闪烁，提示过往车辆注意安全。该施工区域未见明显施工人员或大型工程设备，但车道被明显压缩，车辆需绕行或减速通过，影响了正常通行效率。整体交通流保持有序，未出现拥堵或事故现象，但存在因施工导致的车道变窄和车速降低的特征。
120,4973,多车事故_20240622062856_突发事件_35717902.mp4,多车事故,异常停车,2024年6月22日06:28:33至06:29:39期间，S20外至S4金山方向的高架道路上发生了一起异常停车事件。一辆红色货车在右侧车道上完全静止，且无驾驶员下车或明显故障迹象，车辆后方有其他车辆被迫减速绕行。该车停靠位置位于非停车区域，导致后方多辆货车和轿车被迫减速避让，影响了道路的正常通行秩序，存在明显的交通安全隐患。此行为符合异常停车的判断标准，表现为车辆在禁止停车区域长时间静止、未开启警示灯以及引发后续车辆避让等异常特征。
124,4977,二轮车辆闯入_20230719084953_突发事件_1965724.mp4,二轮车辆闯入,异常停车,2024年3月1日18时03分（约35米），在城市快速路的右侧车道上，一辆白色轿车停靠在路边，车辆未开启双闪灯，驾驶员下车后在车旁停留并有弯腰动作，疑似因为发生事故而检查车辆状况。该车辆停于行车道内，属于非停车区域，且无交通信号灯或标志允许停车，导致后方车辆被迫减速绕行，造成局部交通流受阻。现场未见明显碰撞痕迹或其他车辆损坏，但车辆异常停车行为持续存在，对通行秩序产生影响。
128,4981,异常停车_20240624005704_突发事件_35720496.mp4,异常停车,多车事故,2024年06月24日00:57:00至00:57:59，在上行中春路出口匝道处，发生了一起多车事故。视频中可以看到多辆汽车在该路段行驶，其中一辆白色轿车与前方车辆发生了碰撞。事故导致白色轿车停在行车道内，影响了后续车辆的正常行驶，多辆车被迫减速或停车以避让事故车辆。现场可见多辆车开启双闪灯，驾驶员下车查看情况，事故造成了交通拥堵，后续车辆被迫绕行或减速，整体交通秩序受到影响。异常特征包括事故车辆的明显碰撞痕迹、人员下车处理以及对后续交通的影响。
133,4986,占道施工_20240326231211_运行安全_35443106.mp4,占道施工,抛洒物,2024年3月26日23时12分至23时13分，外环高速漕宝路北段发生占道施工交通事件。现场可见一辆工程车停靠在右侧车道，车顶警示灯闪烁，周围设置多排红白相间的交通锥桶，形成临时隔离区域。一名身穿反光背心的工作人员在锥桶旁进行作业，车辆通行受阻。该施工区域位于道路右侧，导致部分车辆需绕行或减速通过，影响了正常交通流。施工区域设有明显的警示标志和灯光提示，符合占道施工标准，且未见其他异常停车、事故或抛洒物等情况。
136,4989,拥堵_20231107082450_突发事件_35060189.mp4,拥堵,二轮车辆闯入,2023年11月7日星期二上午8时24分至8时25分，北环高速宝杨路路段出现严重交通拥堵。该路段为双向多车道高速公路，左侧方向车流密集，车辆行驶缓慢，部分车辆处于停滞状态，排队长度持续延伸，形成明显的拥堵带。涉事车辆包括多辆轿车、SUV及少量货车，均在正常行驶车道内缓慢移动或停顿，未见异常停车、事故或占道施工迹象。右侧方向为城市快速路，有少量车辆正常通行，但整体车流量较大，存在轻微变道和减速行为。拥堵主要集中在主车道，影响范围覆盖多个车道，且持续时间超过一分钟，符合拥堵判断标准。现场无可见抛洒物、施工设施或二轮车辆闯入情况，也无人员下车或交涉行为，推测为早高峰时段常规性交通压力所致。
139,4992,拥堵_20231125085330_突发事件_35152142.mp4,拥堵,多车事故,2023年11月25日星期六上午8时53分至8时54分，位于城市高架道路主干道上，靠近右侧匝道入口处发生多车事故。涉事车辆包括一辆轿车和一辆SUV，其中一辆白色SUV与前方轿车发生追尾碰撞，导致车辆横向偏移并阻塞了右侧车道。事故现场有人员下车查看情况，部分车辆停靠在行车道内未及时撤离，导致该路段交通流明显受阻，车辆行驶缓慢，出现短时拥堵现象。异常特征表现为车辆位置异常（横跨车道、斜停）、存在明显碰撞痕迹以及后方车辆紧急避让行为。
141,4994,拥堵_20231103084448_突发事件_35040848.mp4,拥堵,抛洒物,2023年11月3日星期一上午8时40分，位于城市快速路某路段（道路标线内）发生交通拥堵事件。该路段为多车道高速公路，双向通行，现场可见大量车辆缓慢移动或完全停止，排队长度持续延伸，车辆间距明显缩小，车流密度显著增加，尤其在中间及右侧车道出现严重拥堵。涉事车辆包括多辆轿车、SUV、货车及大型客车，其中红色集装箱货车、绿色公交车及白色厢式货车等均处于缓慢行驶状态。部分车辆因前方拥堵被迫减速或变道，导致整体通行效率下降。拥堵影响范围覆盖多个车道，且无明显事故或障碍物导致阻塞，推测为高峰时段车流量过大所致。异常特征表现为长时间、大范围的车辆缓行与停滞，符合典型拥堵判断标准，但未见施工设施、抛洒物或交通事故痕迹。
142,4995,抛洒物_20240604045959_运行安全_35669310.mp4,抛洒物,多车事故,2024年6月4日星期五上午9时59分至10时00分，外环高速沪太立交东1-1 03路段发生抛洒物交通事件。视频显示，该路段为双向多车道高速公路，右侧应急车道停放一辆白色厢式货车，车身侧面有“L”形警示标识，车辆开启双闪灯。从画面中可见，白色塑料袋状物体位于右侧车道靠近护栏处，持续存在并随车辆行驶被逐渐拖动。该抛洒物尺寸较大，足以影响后方车辆正常通行，存在安全隐患。多辆过往车辆（包括轿车、货车及大型运输车）在经过该区域时出现减速、避让行为，部分车辆绕行至左侧车道，导致局部车流短暂受阻。现场无其他异常停车、施工或事故迹象，但抛洒物持续存在并可能引发追尾或侧滑风险，属于典型货物抛洒事件。
144,4997,二轮车辆闯入_20230715105641_突发事件_1149385.mp4,二轮车辆闯入,拥堵,2023年7月15日10时56分至10时57分，外环高速吴中入口匝道（外）路段出现交通拥堵事件。该路段为多车道高速公路，车流密集，主要由轿车、货车及厢式运输车组成，其中红色集装箱货车、白色厢式货车和蓝色货车等车辆在车道内缓慢行驶或短暂停滞，形成连续排队现象。车辆行驶速度明显降低，部分车辆间距离缩短，存在频繁变道和减速行为，表明车辆通行受阻。道路两侧绿化带清晰可见，未见施工设施或障碍物，也无异常停车或事故迹象，但因车流量大且车辆类型多样，导致整体通行效率下降，形成持续性拥堵。该事件符合拥堵判断标准：多辆车缓慢移动或完全停止，排队车辆长度超过正常范围，发生在匝道等瓶颈区域，且无明显原因（如事故或施工）。
146,4999,多车事故_20240623031336_突发事件_35719212.mp4,多车事故,二轮车辆闯入,2024年6月23日03时13分至03时14分，外环高速京沪立交南2枪机1监控画面显示，夜间道路上车辆正常行驶，路面湿滑，车辆刹车灯持续亮起，显示车辆处于缓慢或停止状态。期间，多辆机动车在行车道上并线或变道，其中右侧车道车辆频繁变道，导致车道通行效率下降，后方车辆被迫减速跟随，形成轻微拥堵。涉事车辆包括轿车、货车及厢式货车等，均保持低速行驶，未见明显碰撞或停车行为，但存在频繁变道和急刹现象，符合多车事故引发的交通干扰特征。现场无施工设施、抛洒物或异常停车情况，也未发现二轮车辆闯入，整体交通秩序虽未完全中断，但存在明显的交通秩序混乱和安全隐患。
148,5001,异常停车_20240510075910_突发事件_35576724.mp4,拥堵,异常停车,2024年5月10日07时59分至08时00分，外环高速龙吴路路段出现异常停车事件。一辆白色厢式货车在右侧车道内完全静止，车辆开启双闪灯，驾驶员站在车旁，车辆处于非正常行驶状态。该车停在行车道上，导致后方多辆汽车被迫减速绕行，形成局部拥堵。周围车辆包括轿车、货车等密集排队，交通流受到明显影响，显示出典型异常停车特征。
149,5002,二轮车辆闯入_20230719213652_突发事件_6964615.mp4,二轮车辆闯入,异常停车,2023年7月19日21时36分至21时37分，外环高速沪太立交东1-1路段夜间出现异常停车事件。一辆红色货车在右侧车道内长时间静止不动，车辆开启双闪警示灯，且无明显故障迹象或驾驶员在车旁活动，车辆处于非停车区域的行车道上。该车停靠位置导致后方多辆小型轿车和货车被迫减速绕行，影响了该路段的正常通行秩序，存在安全隐患。
153,5006,拥堵_20230803073540_突发事件_33419873.mp4,拥堵,二轮车辆闯入,2023年8月3日07:35至07:36期间，外环高速丰翔路南段出现交通拥堵事件。该路段为多车道高速公路，两侧绿树成荫，道路中间设有绿色护栏。视频显示，从07:35:36开始，右侧车道车辆行驶缓慢，车流密集，多辆轿车、货车及厢式运输车在车道内依次排队缓行，部分车辆刹车灯持续亮起，表明车速明显降低。其中可见白色厢式货车、红色集装箱货车、白色面包车及多辆私家车，均处于低速行驶状态，未见明显事故或停车行为。由于车流量大且通行效率下降，导致后方车辆被迫减速并排成队列，形成持续性拥堵。拥堵影响范围覆盖多个车道，持续时间约一分钟且无缓解趋势，符合典型拥堵特征。现场未发现占道施工、异常停车、抛洒物或二轮车辆闯入等其他异常情况，主要异常特征为车辆密度高、车速缓慢、排队长度较长，表明该路段存在交通瓶颈，可能由上游车流汇聚或前方道路瓶颈所致。
154,5007,拥堵_20240108181007_突发事件_35302890.mp4,拥堵,多车事故,2024年1月8日18时10分左右，在嘉闵东京沪立交北入路段，发生一起多车事故。事故发生在夜间高速公路的行车道上，一辆白色轿车与白色货车疑似发生碰撞，白色轿车斜停靠在机动车道上，右侧货车被撞出行车道，俩位驾驶员下车并在车旁放置三角警示牌。事故导致该车道交通流受阻，后方车辆被迫减速绕行，形成拥堵态势。现场无明显碰撞痕迹，但车辆位置异常且存在紧急避让行为，符合多车事故特征。
155,5008,占道施工_20231010001353_运行安全_34913276.mp4,占道施工,拥堵,2023年10月10日星期二凌晨2点14分，位于城市高架道路的某路段发生占道施工交通事件。该路段为双向多车道高架桥，右侧车道设有连续的交通锥桶和警示标志，形成临时隔离带，占用部分行车道。现场可见一辆黄色工程车停靠在右侧车道，车顶闪烁警示灯，车身带有“前方施工”标识，表明正在进行道路施工或维护作业。施工区域设有反光锥桶和临时隔离设施，引导车辆绕行。过往车辆包括多辆轿车、货车及一辆大型运输车，均在施工区域前减速并变道行驶，部分车辆因避让施工区域而出现短暂排队现象。由于施工区域设置规范，交通流未完全中断，但存在车道减少的情况，导致车辆通行速度降低，存在潜在拥堵风险。整体异常特征表现为夜间施工设施在行车道上的临时占用，对交通组织和行车安全造成一定影响。
165,5018,异常停车_20240622104255_突发事件_35718551.mp4,异常停车,多车事故,2024年06月22日10:43:03至10:43:47，在上行中春路出口匝道处，发生了一起多车事故。视频中可以看到，一辆白色轿车和一辆黑色轿车在匝道口处发生碰撞，导致车辆位置异常，两车停在车道上。事故现场有人员下车查看情况，其他车辆被迫紧急避让或停滞，交通秩序受到严重影响，后续车辆出现缓慢移动甚至完全停止的情况，形成了短暂的拥堵现象。此事件的异常特征在于多辆车在非停车区域发生碰撞，且事故车辆停留时间较长，对道路交通造成了显著影响。
166,5019,二轮车辆闯入_20230721112750_突发事件_33393552.mp4,二轮车辆闯入,异常停车,2023年7月21日11时27分45秒至11时28分03秒，位于S4市区方向至S20的高架道路路段，一辆白色轿车在当前路段的左侧车道内完全静止，未开启双闪灯，且无交通信号灯或标志允许其停车，驾驶员不在车内，车辆明显处于异常停车状态。该车停靠位置位于道路左侧护栏旁，周围无施工设施或警示标志，不符合临时停车规范，存在安全隐患。
167,5020,异常停车_20240606202640_突发事件_35681177.mp4,异常停车,多车事故,2024年6月6日20时26分37秒至20时27分35秒，外环高速吴淞江桥南路段发生一起多车事故。事故发生在夜间，监控画面显示一辆白色轿车停靠在最右侧车道靠近护栏处，车门打开，两名人员站在车旁，疑似车辆故障或发生碰撞后停车。该车停于行车道后方，导致后方车辆被迫减速避让，引发短暂拥堵。随后多辆车辆（包括轿车、货车及大型运输车）从左侧车道正常行驶通过，期间车流出现明显滞缓现象，形成较长的排队缓行队列。涉事车辆为白色轿车，车门打开且驾驶员下车站在车旁，符合异常停车特征。事故区域无施工设施、无抛洒物、无二轮车辆闯入，也未见人员 crossing streets，但车辆排队长度超过正常范围，影响了正常交通秩序。整体判断为因车辆临时停车引发的多车事故事件，具有典型异常停车特征。
169,5022,拥堵_20240302170008_突发事件_35384775.mp4,多车事故,拥堵,2024年3月2日17:00:06至17:00:08，嘉闵高架路东侧西虹江南路段发生拥堵事件。该路段为多车道高架道路，车流密集，车辆以缓慢速度行驶，部分车辆处于停滞状态，排队长度持续延伸，影响通行效率。涉事车辆包括各类轿车、SUV、面包车及一辆大型客车，均在正常行驶过程中因前方车流缓慢而被迫减速或停止，未见明显事故或异常停车情况。右侧车道虽有车辆通行，但整体车流受阻严重，存在典型拥堵特征。此拥堵现象可能由上游交通压力或前方路口汇聚导致，且无施工或抛洒物等直接诱因，属于常态化交通拥堵事件。
170,5023,异常停车_20240516005056_突发事件_35594538.mp4,异常停车,拥堵,2024年5月16日00:50:52至00:51:50期间，外环高速丰翔路南段夜间监控画面显示，一辆白色厢式货车在右侧车道内完全静止，车辆开启双闪灯，驾驶员未下车，后方多辆机动车被迫减速绕行或变道通过，造成短时交通拥堵。该车辆长时间停靠在行车道上，无任何停车标志或允许停车的指示，且周围无施工或其他异常情况，属于非正常停车行为，影响了正常交通流的通行效率，存在安全隐患。
172,5025,抛洒物_20240519134159_运行安全_35607164.mp4,抛洒物,异常停车,2024年5月19日13时41分54秒，在城市高架桥路段，一辆白色轿车在最左侧车道停靠，车辆开启双闪灯，驾驶员下车查看，符合异常停车行为。
178,5031,占道施工_20230804014203_运行安全_34424962.mp4,拥堵,占道施工,2023年8月4日凌晨1点41分至1点43分，S20LSTV06路段夜间出现占道施工交通事件。施工现场位于道路右侧车道，一辆红色货车停靠在路边，车后设置有蓝色警示灯和反光标识，旁边有一名身穿反光背心的施工人员在作业区域活动。施工区域用多个红白相间的交通锥桶进行隔离，形成临时封闭区，引导车辆绕行。多辆机动车在该区域减速行驶，包括白色轿车、红色货车及大型集装箱货车等，均按指示通过施工区域。由于施工占用部分车道，导致通行速度有所降低，但整体交通秩序未出现严重混乱。该事件符合占道施工判断标准，表现为车道被施工设施遮挡、施工人员在场操作、设有警示标志及车辆绕行等特征。
179,5032,二轮车辆闯入_20230720193743_突发事件_33391730.mp4,二轮车辆闯入,拥堵,2023年7月20日19时37分至19时38分，S20外至G60出省方向1枪机2监控路段夜间出现交通拥堵事件。该路段为弯道道路，两侧有绿化带和隔音墙，路面湿滑，车辆行驶过程中车流缓慢移动，多辆小汽车、货车及一辆摩托车在弯道区域依次排队缓行，车距较近，刹车灯持续亮起，表明车辆处于低速行驶或短暂停滞状态。其中一辆摩托车在弯道中穿插于车流中，未见明显违规行为，但其存在对其他车辆造成潜在安全隐患。整个拥堵区域持续时间约一分钟，未见明显事故或障碍物导致阻塞，但车辆密度较高，通行效率下降，符合拥堵判断标准中“多辆车缓慢移动或完全停止”“排队车辆长度超过正常范围”“持续一段时间且无缓解趋势”等特征。
181,5034,二轮车辆闯入_20230722135422_突发事件_33394607.mp4,二轮车辆闯入,异常停车,2023年7月22日13时54分23秒，在S4市区方向至S20外枪机2监控区域的高速公路右侧车道上，一辆白色面包车完全停止。该行为符合异常停车的判断标准，属于非紧急情况下在行车道上完全静止的情况。
182,5035,占道施工_20240314205553_运行安全_35410880.mp4,拥堵,占道施工,2024年3月14日星期四凌晨20:55至20:56，在某高速公路路段发生了一起占道施工交通事件。现场可见车道被多个锥桶遮挡，施工人员穿着反光背心在进行操作，部分施工区域设有警示牌和闪烁警示灯。涉事车辆包括多辆货车和轿车，它们被迫减速或变道绕行，导致该路段交通流量明显减缓。异常特征表现为车道数量减少，车辆需变道或减速，且施工区域设有明显的警示标志，对过往车辆的正常通行造成了一定影响。
187,5040,占道施工_20240212124637_运行安全_35360738.mp4,占道施工,异常停车,2023年10月12日12时46分30秒，在一条城市高架道路上，一辆黄色工程车停靠在右侧车道，车后放置了多个红色锥桶，形成临时隔离区域。该工程车未开启双闪灯，且驾驶员不在车内，车辆处于静止状态，属于异常停车行为。现场可见该区域为道路施工区域，有施工人员在旁操作，锥桶沿车道排列，占用部分行车道，导致车辆需绕行或减速通过。该行为符合异常停车的判断标准，存在安全隐患，可能引发后方车辆避让或引发交通拥堵。
188,5041,占道施工_20231224003234_运行安全_35255801.mp4,拥堵,占道施工,2023年12月24日星期日凌晨00:34:45至00:35:03期间，外环高速江杨北路路段夜间出现占道施工交通事件。现场可见道路左侧车道被一排橙白相间的交通锥桶封闭，形成临时隔离带，占用部分行车道，导致车辆需绕行或减速通过。施工区域未见明显施工人员或工程车辆作业，但存在明显的施工警示标志和照明设施。该施工区域影响了正常通行秩序，车辆在经过时出现变道和减速现象，部分车辆因避让施工区域而调整行驶路线，造成局部交通流受阻。异常特征表现为车道被非永久性设施占用，且无明显施工活动迹象，符合占道施工判断标准。
191,5044,占道施工_20230804235444_运行安全_34429800.mp4,拥堵,抛洒物,2023年8月4日星期五凌晨4时54分至4时55分，外环高速沪渝立交-1枪机1监控区域发生占道施工交通事件。现场可见多辆工程车辆停靠在右侧车道，包括一辆黄色工程车和一辆红色大型货车，车辆均开启警示灯，周围设置多个橙白相间的交通锥桶，形成临时隔离区域。施工人员身穿反光背心，在施工区域内活动，部分人员在锥桶旁摆放或调整锥桶位置。该施工行为导致右侧车道被部分封闭，车辆需减速并变道通行，造成车流缓慢且车距缩短，影响了正常交通秩序。施工区域设有明显的警示标志，符合占道施工标准特征，且未见其他异常停车、事故或抛洒物等情况。
196,5049,占道施工_20240114031807_运行安全_35316842.mp4,占道施工,拥堵,2024年1月4日13时18分至13时19分，在外环高速虹梅南路路段，发生了一起占道施工交通事件。现场可见多辆工程车辆和施工人员，他们穿着反光背心，正在进行道路施工操作。施工区域被多个锥桶围挡，部分车道被遮挡，导致车辆需变道或减速通行。施工区域设有警示牌和闪烁警示灯，以提醒过往车辆注意避让。此次施工行为对道路交通造成一定影响，但未引发严重拥堵或事故。异常特征包括施工设施遮挡车道、施工人员现场作业以及明显的警示标志。
197,5050,异常停车_20240515172009_突发事件_35594101.mp4,拥堵,抛洒物,2024年5月15日17时20分05秒，在G60市区方向至S4金山方向的高架道路上，监控画面显示道路右侧车道出现散落的木板状异物，疑似为抛洒物，位于道路中央偏右位置。该异物持续存在于路面，未见明显移动或被清理。期间多辆汽车及货车经过该区域，部分车辆在接近该区域时出现轻微减速或变道行为，但未发生碰撞或紧急避让情况。涉事车辆未在画面中明确显现，但根据异物形态和位置判断，可能为前方货车运输货物脱落所致。该事件属于典型的抛洒物交通异常，可能对行车安全构成潜在威胁，影响后方车辆正常通行
199,5052,拥堵_20240226174539_突发事件_35375519.mp4,拥堵,抛洒物,2024年2月26日17时45分至17时46分，沪闵高架至S4金山方向路段出现交通拥堵事件。该路段为双向多车道高架道路，两侧有绿化带和护栏，监控画面显示车辆在接近一个弯道区域时出现缓慢行驶和排队现象，车流密集且行驶速度明显下降，多辆小客车、出租车及一辆大型客车（车牌号沪FC2215）等车辆在车道内缓慢移动或短暂停滞，部分车辆刹车灯持续亮起，表明车辆处于低速行驶或短暂停止状态。拥堵区域持续时间约一分钟，未见明显事故或障碍物导致停车，但车流密度较高，后方车辆被迫减速并保持安全距离，影响了正常通行效率。整体表现为典型的城市高峰时段交通拥堵特征，无异常停车、占道施工、二轮闯入或抛洒物等其他异常情况。
202,5055,占道施工_20231208031956_运行安全_35202161.mp4,占道施工,拥堵,2023年12月8日03时19分至03时20分，嘉闵高架东侧民生路北段发生占道施工交通事件。现场可见一辆黄色工程车停靠在右侧车道，车顶警示灯持续闪烁，车身周围设置有反光锥桶，形成临时隔离区域。一名身穿反光背心的工作人员在车辆附近活动，疑似进行作业或值守。该施工区域位于道路右侧，占用部分行车道，导致右侧车道通行空间受限，车辆需减速绕行。施工区域未见明显施工设备或围挡，但存在明显的警示标志和人员值守，符合占道施工特征。施工期间未见车辆因避让而出现明显拥堵或事故，整体交通流保持有序，但存在潜在安全隐患。
207,5060,拥堵_20240124075529_突发事件_35334707.mp4,拥堵,异常停车,2024年4月23日14时47分至14时48分，位于城市高架道路南向车道，一辆白色厢式货车在最右侧车道内完全静止，车辆开启双闪灯，驾驶员下车活动，后方车辆被迫减速绕行，造成短时交通拥堵。该车停靠位置位于主路行车道，无交通信号灯或标志允许停车，且车辆明显故障，符合异常停车特征。
209,5062,异常停车_20230715182223_突发事件_1150795.mp4,异常停车,多车事故,2023年7月15日18时22分28秒，在外环高速沪渝立交附近路段，一辆二轮车驶入主路，进入高速公路行车道，该车辆未在专用通道或合法区域通行，且在车流中穿行，驾驶员佩戴头盔，无明显牌照标识，其行为属于闯入禁止通行区域的危险驾驶行为，对周围正常行驶的机动车构成潜在碰撞风险，导致部分车辆紧急避让，存在较大安全隐患。
216,5069,拥堵_20240129130206_突发事件_35344996.mp4,拥堵,抛洒物,2024年3月19日13时30分至13时31分，S20内至G60出省方向的高架路段出现交通拥堵事件。该路段位于通往杭州方向（G60）与浦东机场方向（S20）的交汇处，道路两侧有绿化带和指示牌，上方有高架桥结构。视频显示，多辆机动车在该路段缓慢行驶或处于停滞状态，车流密集，车辆间距极小，整体车速明显低于正常通行水平，持续时间超过一分钟且无缓解趋势。涉事车辆包括轿车、货车、客车及大型运输车，如油罐车、集装箱卡车和公交车等，均在正常车道内行驶，未见异常停车或事故迹象。由于车流量大，导致后方车辆被迫减速并排队，影响了道路通行效率。异常特征表现为车辆排成长队、行驶速度极低，符合典型拥堵判断标准，但未发现占道施工、抛洒物或交通事故等其他异常情况。
217,5070,拥堵_20231027074806_突发事件_35006048.mp4,拥堵,异常停车,2023年10月27日02时48分，外环高速莘庄立交东（外）路段，一辆白色面包车在最右侧车道停靠，驾驶员下车查看后返回车辆，期间后方车辆被迫减速绕行，造成通行效率下降，存在异常停车行为。
220,5073,异常停车_20240529084732_突发事件_35649482.mp4,多车事故,异常停车,2024年5月29日08:57至08:58，在外环高速丰翔路南段，一辆红色货车在行车道上异常停车，车辆完全静止且未开启双闪灯，驾驶员不在车内，疑似车辆故障。该行为导致后方车辆被迫减速避让，影响了道路的正常通行，表现出典型的异常停车特征。
221,5074,二轮车辆闯入_20230721115756_突发事件_33393564.mp4,多车事故,二轮车辆闯入,2023年7月18日10时57分至10时58分，S20内至虹桥枢纽方向高架路段，一辆二轮车在机动车道上行驶，驾驶员佩戴头盔，车辆无明显牌照标识。该二轮车在无专用非机动车道且无明显允许通行标志的情况下，沿道路右侧车道行驶，对正常行驶的机动车构成潜在安全隐患，导致部分车辆需减速避让，影响了道路通行安全与秩序。此行为符合二轮车辆闯入交通异常事件特征。
226,5079,二轮车辆闯入_20230721120747_突发事件_33393579.mp4,二轮车辆闯入,多车事故,2023年7月21日12时07分43秒至12时08分10秒，S20内至沪闵高架桥路段，一辆二轮车在机动车道上行驶，未见其在专用通道或合法区域通行，且无明显头盔佩戴或牌照信息。该车辆在无专用非机动车道的高速路段上行驶，属于禁止通行区域闯入行为，存在较大安全隐患。该事件符合二轮车辆闯入判断标准，表现为非法进入、逆行或横穿车道等危险驾驶行为，对主路正常交通秩序造成干扰，存在引发追尾或侧碰事故的风险。
227,5080,二轮车辆闯入_20230718144135_突发事件_1961413.mp4,二轮车辆闯入,抛洒物,2023年7月18日14时41分30秒左右，在外环高速莘朱路路段，一辆二轮摩托车从画面左侧驶入主车道，行驶方向与机动车一致，驾驶员佩戴头盔，车辆有明显牌照。该摩托车在车流中穿行，未在专用非机动车道或辅道行驶，属于闯入高速公路禁止通行区域的危险行为。其行为导致后方车辆紧急避让，存在较大安全隐患，影响了正常交通秩序。该事件符合二轮车辆闯入交通异常特征，且未见施工设施、抛洒物或其他事故迹象，但该行为仍构成显著交通风险。
228,5081,异常停车_20230720131040_突发事件_33389877.mp4,抛洒物,异常停车,2023年7月20日13时10分至13时11分，外环高速沪渝立交段出现异常停车事件。一辆白色轿车在右侧车道内完全静止，车辆未开启双闪灯，且无交通信号灯或标志允许其在此处停车。该车停靠位置位于行车道内，非停车区域，且周围无施工或事故迹象，其行为符合异常停车特征。
229,5082,异常停车_20230718122756_突发事件_1960711.mp4,异常停车,二轮车辆闯入,2023年7月18日12时28分04秒至12时28分13秒，外环高速丰翔路路段出现二轮车辆闯入交通事件。一辆摩托车从右侧匝道驶入主车道，进入正常行驶的车流中，随后在多车道的高速公路上行驶，未见其有明显减速或避让行为，且该路段为禁止二轮车辆通行的快速路。摩托车驾驶员佩戴头盔，车辆无牌照特征，其闯入行为导致周边车辆紧急避让，存在较大安全隐患，属于典型的二轮车辆非法闯入异常事件。
233,5086,二轮车辆闯入_20230718173743_突发事件_1962266.mp4,二轮车辆闯入,拥堵,2023年7月18日17时37分至17时38分，外环高速莘朱路路段出现交通拥堵事件。该路段为多车道高速公路，双向车流密集，车辆以正常速度行驶，未见明显事故或障碍物。视频显示，从17:37:39开始，道路右侧车道车辆行驶缓慢，车距明显缩短，部分车辆出现变道绕行行为，形成持续性缓行状态。涉事车辆包括多辆轿车、货车及一辆蓝色大巴车，均在正常车道内行驶，未发现异常停车、占道施工、二轮车辆闯入或抛洒物等异常情况。由于车流密度高且持续时间较长，导致通行效率下降，后方车辆被迫减速并排队前行，形成典型的拥堵特征。此拥堵发生在高速公路瓶颈区域，影响了整体交通流畅性，但未引发严重交通事故或紧急避让行为。
234,5087,占道施工_20240521003405_运行安全_35613493.mp4,占道施工,拥堵,2024年5月21日00:33至00:34期间，在S26沪常高速地面联友路下匝道（S14+795金丰路下匝道口）处发生占道施工交通事件。现场有多名施工人员穿着反光背心在车道内进行作业，旁边停放着一辆黄色工程车，车顶装有警示灯并闪烁灯光。施工区域用多个红白相间的交通锥桶进行隔离，形成临时封闭区，导致车道数量减少，过往车辆需减速并变道行驶。施工车辆和人员的行为符合占道施工标准，对正常交通流造成一定影响，车辆通行速度有所降低，但未出现严重拥堵或事故。异常特征包括施工设施遮挡部分车道、施工人员在夜间操作设备以及设置的警示标志。
244,5097,异常停车_20240515215245_突发事件_35594521.mp4,抛洒物,多车事故,2024年5月21日51时52分36秒至51时53分33秒，S20外至S4金山方向高架路段发生一起多车事故。事故发生在夜间，道路环境湿滑，双向车道中右侧车道有一辆黑色轿车停靠，车后方有明显放置警示标志，车辆开启双闪灯。从画面看，该车故障或突发情况导致车辆停驶，造成后方车辆紧急避让或减速。事故造成交通拥堵，部分车辆在车道间穿行，存在安全隐患。现场无明显人员下车交涉或交警到场处理，但可见后方车辆行驶速度显著降低并形成排队现象，影响了正常通行秩序。此事件符合多车事故判断标准，涉及二辆车
245,5098,拥堵_20231207064925_突发事件_35198145.mp4,抛洒物,拥堵,2023年12月7日早上6点07分至6点08分，外环高速沪嘉地道2（外）路段出现交通拥堵事件。该路段位于曹安公路出口3公里处，监控画面显示多车道内车辆行驶缓慢，车流密集，排队长度持续增加，车辆间距明显缩小，部分车辆处于低速移动或短暂停滞状态。涉事车辆包括各类轿车、货车、厢式货车及大型运输车，如红色平板货车、白色厢式货车、蓝色集装箱货车等，均在正常车道内行驶但受前方拥堵影响而减速或变道。未见异常停车、施工设施、二轮车辆闯入或抛洒物等情况，也无明显碰撞痕迹或人员下车交涉行为。拥堵主要集中在画面中段及前方区域，导致通行效率显著下降，影响正常交通秩序，符合拥堵判断标准中的多辆车缓慢移动、排队长度超出正常范围且无缓解趋势的特征。
272,5125,占道施工_20240304011053_运行安全_35386404.mp4,占道施工,拥堵,2024年3月4日01:13:35至01:14:33期间，外环高速蕴藻浜桥北1（外）路段夜间出现占道施工交通事件。现场可见一辆工程作业车停靠在右侧车道，车顶警示灯持续闪烁，车身周围设置有反光锥桶和警示标志，表明正在进行道路施工或维护作业。该车辆后方车道被部分遮挡，导致车辆需减速并变道通行，影响了正常交通流。施工区域设有明显的警示设施，符合占道施工标准，且无其他异常行为或事故迹象。整体交通秩序受施工影响出现轻微拥堵，但未引发严重交通事故。
277,5130,拥堵_20231115071621_突发事件_35102429.mp4,拥堵,二轮车辆闯入,2023年11月15日02:16至02:17期间，外环高速京沪立交南（外）路段出现严重交通拥堵事件。该路段为双向多车道高速公路，左侧方向车流密集，车辆排成长队缓慢移动，行驶速度极低，部分车辆几乎处于静止状态，持续时间约一分钟且无缓解趋势。涉事车辆包括大量轿车、货车、客车及大型运输车，其中红色集装箱货车、蓝色厢式货车和白色面包车较为显著，均在正常车道内排队前行。右侧方向车流相对顺畅，但受左侧拥堵影响，整体通行效率下降。拥堵区域位于立交桥附近，受匝道分流与车流汇聚双重压力，导致车辆积压加剧。现场未见明显事故、施工或抛洒物迹象，也无异常停车或二轮车辆闯入情况，推测为高峰时段流量饱和所致。该事件造成通行延误，影响范围覆盖多个车道，对后方车辆造成较大延误和潜在安全隐患。
286,5139,异常停车_20240621201008_突发事件_35717757.mp4,异常停车,多车事故,2024年6月21日20时10分至20时11分，外环高速吴淞江桥南路段发生一起多车事故。事发时段为夜间，路面湿滑，能见度较低。事故发生在由南向北方向的行车道上，涉事车辆包括俩辆轿车，其中一辆银色轿车在行驶过程中与前方白色车辆发生追尾，导致后方车辆紧急刹车并引发连锁碰撞。事故现场有车辆驾驶员下车查看情况，后方车辆被迫减速绕行，交通流明显受阻，车速下降，形成拥堵态势。异常特征表现为多车连续碰撞痕迹、车辆位置异常、刹车灯密集亮起以及后方车辆避让行为，符合多车事故判断标准。
287,5140,二轮车辆闯入_20230722140741_突发事件_33394617.mp4,二轮车辆闯入,拥堵,2023年7月22日14时07分至14时08分，外环高速龙吴路路段出现交通拥堵事件。该路段为多车道高速公路，双向车流密集，左侧车道车辆行驶缓慢，形成明显排队现象，车辆间距缩小，车速降低，部分车辆处于低速蠕行状态，持续时间约1分钟且无缓解趋势。涉事车辆包括多辆轿车、货车及大型客车，其中红色集装箱货车、白色厢式货车和蓝色大巴车在拥堵车队中较为突出。右侧车道车流相对顺畅，未受影响。拥堵区域位于道路中央隔离带附近，两侧有绿化带和路灯设施，未见施工、事故或抛洒物等异常情况，也无二轮车辆闯入或占道行为。整体表现为典型的高峰时段交通拥堵，主要影响为通行效率下降，车辆通行速度显著降低，但未造成严重通行阻塞。
290,5143,占道施工_20231118231235_运行安全_35120671.mp4,占道施工,拥堵,2023年11月18日23时12分至23时13分，外环高速顾戴路路段夜间出现占道施工交通事件。现场可见一辆黄色工程车停靠在道路左侧车道，车顶警示灯闪烁，周围摆放多个橙白相间的交通锥桶，形成临时隔离区域。多名身穿反光背心的施工人员在车辆附近活动，进行作业或指挥交通。该施工区域占据了一条行车道，导致车辆需绕行或减速通过，影响了正常通行效率。施工区域设有明显的警示标志和灯光提示，符合规范的占道施工标准，但未见明显交通事故或拥堵现象，整体交通秩序尚可维持。
296,5149,拥堵_20240221071925_突发事件_35367921.mp4,二轮车辆闯入,拥堵,2024年3月1日12时24分至12时25分，S20内至G60出省方向的高架路段出现交通拥堵事件。该路段位于通往杭州方向（G60）与浦东机场方向（S20）的交汇处，路面湿滑，天气阴雨。视频显示，多辆小汽车、货车及客车在车道上缓慢行驶或完全停止，车流密集且持续时间较长，车辆间距极小，尾灯普遍亮起，表明驾驶员处于减速或停车状态。其中一辆橙色大巴车在车流中缓慢前行，后方跟随多辆红色集装箱货车和白色厢式货车，均处于低速移动状态。由于车流量大且道路通行能力受限，导致车辆排队长度超过正常范围，形成明显的拥堵现象，影响了该路段的正常通行效率。未见明显的事故、施工或抛洒物等直接诱因，推测为高峰时段车流集中所致，属于典型的城市快速路拥堵事件。
299,5152,异常停车_20230716123219_突发事件_1153845.mp4,异常停车,多车事故,2023年7月16日12时32分至12时33分，外环高速丰翔路南段监控画面显示，该路段为多车道高速公路，道路两侧绿树成荫，交通标志清晰。视频显示，一辆红色货车在最右侧应急车道停靠，车辆未开启双闪灯，驾驶员下车活动。
300,5153,异常停车_20230717211102_突发事件_1956593.mp4,异常停车,抛洒物,2023年7月17日21时11分04秒至21时11分54秒，外环高速吴中入口匝道（外）路段出现抛洒物交通事件。在视频画面右侧车道标志线附近，可见一个黑色物体静止于路面，疑似为车辆遗落的货物或杂物。该异物未完全占据行车道但已对通行构成潜在威胁。期间无车辆经过该抛洒物。涉事车辆未在画面中明确显示，但根据现场情况判断，该抛洒物可能来自过往货运车辆运输过程中脱落的物品，存在安全隐患，需及时清理以保障道路安全畅通。
303,5156,异常停车_20240509150751_突发事件_35574422.mp4,异常停车,抛洒物,2024年5月9日15时07分45秒至15时08分42秒，外环高速莘庄立交东（外）路段出现抛洒物交通事件。视频显示，该路段双向车道车流密集，以货车和轿车为主，车辆行驶方向一致，未见明显事故或停车情况。在画面右侧车道中央位置，有一处白色物体静止于路面，疑似从过往货车货箱中掉落的货物残余，尺寸较大，对驾驶员正常通行构成潜在威胁。尽管未见车辆因避让该物体而急刹或变道，但其存在明显异常，属于典型抛洒物事件。该物体可能来自过往货车，因重量过大而不慎脱落，未造成车辆碰撞或事故，但已对行车安全构成潜在威胁，尤其在高速行驶情况下易引发追尾或侧滑风险。现场无施工人员、警示标志或其他异常情况，仅此单一异物存在，符合抛洒物判断标准。
305,5158,二轮车辆闯入_20230718132546_突发事件_1960926.mp4,二轮车辆闯入,异常停车,2023年7月18日13时25分42秒至13时26分09秒，嘉闵西侧真南路出口路段出现异常停车事件。一辆白色轿车在右侧应急车道内完全静止，车辆未开启双闪灯，且无明显故障迹象。该车停靠位置位于道路右侧护栏旁，占用应急车道，导致后方车辆需绕行避让，影响了应急车道的正常通行功能。此行为不符合临时停车规范，存在安全隐患，可能引发追尾或剐蹭事故。现场无施工设施、无二轮车辆闯入、无抛洒物、无事故迹象，但该车长时间静止且未按规定设置警示标志，属于典型异常停车行为。
307,5160,拥堵_20230817005031_突发事件_34594619.mp4,拥堵,异常停车,2023年8月17日00:50:17至00:50:38期间，外环高速沪太立交东段发生交通拥堵事件，现场多辆货车与集装箱车在夜间行驶，车辆缓慢移动或完全停止，排队长度较长且持续无缓解趋势，主要涉及蓝色集装箱货车、红色厢式货车及多辆大型货车，部分车辆尾灯亮起，显示刹车状态，后方车辆被迫减速或停止，影响通行效率，整体呈现典型拥堵特征，未见施工设施、异常停车或事故迹象，但因车流量大导致通行不畅。
312,5165,异常停车_20230715131342_突发事件_1149825.mp4,异常停车,抛洒物,2023年7月15日13时13分40秒左右，在外环高速金山方向至G60沪昆高速的2号车道上，出现一块棕色纸板状异物，该异物位于右侧车道靠近护栏处。该区域为多车道高速公路，车流密集，车辆正常行驶，无明显紧急情况或减速行为。该抛洒物持续存在于路面，影响后方车辆正常通行，存在安全隐患，可能引发后方车辆急刹或绕行，属于典型的抛洒物交通异常事件。
313,5166,异常停车_20240607122524_突发事件_35683599.mp4,拥堵,异常停车,2024年6月7日12时25分19秒至12时26分16秒，外环高速莘朱路路段监控画面显示，一辆白色轿车在最左侧车道完全停止，车辆未开启双闪灯，驾驶员未下车，后方车辆被迫减速绕行。该车停靠位置位于行车道内，非停车区域，且无交通信号灯或标志允许停车，车辆状态疑似故障，其异常停车行为持续约58秒，期间未见明显故障迹象，对正常交通流造成一定影响。
315,5168,二轮车辆闯入_20230719082253_突发事件_1966685.mp4,二轮车辆闯入,拥堵,2023年7月19日星期三上午8时17分至8时18分，北环高速同济路立交南段出现交通拥堵事件。该路段为多车道高速公路，车流密集，主要由轿车、货车及少量公交车组成，车辆包括白色、蓝色、绿色等各类厢式货车和白色大巴车。视频显示，从8:17:51开始，右侧车道车辆行驶缓慢，部分车辆出现排队现象，尤其靠近立交桥入口处形成明显拥堵，车辆间距缩小，车速降低，持续时间约1分钟且无缓解趋势。左侧车道虽有车辆正常通行，但整体车流密度较高，部分车辆因汇入流量增加出现轻微变道和减速行为。未见明显事故、施工或抛洒物迹象，也无二轮车辆闯入或异常停车情况。拥堵主要集中在主路与匝道交汇处附近，可能与该区域车流量大有关，导致通行效率下降。整体表现为典型的城市快速路高峰时段拥堵特征，影响了道路通行能力。
317,5170,二轮车辆闯入_20230717162532_突发事件_1356500.mp4,二轮车辆闯入,拥堵,2023年7月17日星期一16时25分至16时26分，某城市高架桥路段出现交通拥堵事件。该路段为多车道高架道路，背景可见城市高层建筑和跨线桥，天气为阴天。画面中可见大量机动车包括轿车、货车、客车及摩托车，车辆在多个车道上缓慢行驶或处于停滞状态，车流密度显著增加，车辆间距缩小，部分车辆频繁变道，整体通行速度明显下降。涉事车辆包括白色、黑色、红色等多种颜色的小型货车、面包车、出租车及摩托车，其中红色货车和白色轿车较为显眼。由于车流量大且车速缓慢，导致后方车辆排队长度持续增加，形成典型拥堵现象，影响了该路段的正常通行效率。未见明显事故、施工或抛洒物等直接诱因，推测为高峰时段车流集中所致。异常特征表现为长时间、大范围的车辆缓行与低速移动，符合拥堵判断标准。
318,5171,占道施工_20231022232105_运行安全_34979090.mp4,拥堵,占道施工,2023年10月22日23时21分至23时22分，外环高速莘庄立交东南方向路段发生占道施工交通事件。现场可见多组交通锥桶沿道路左侧车道有序摆放，形成临时隔离带，一名身穿反光背心的工作人员在锥桶区域内进行作业，车辆通行需绕行或减速通过。该施工区域未见明显施工设备或围挡，但存在明显的车道缩减和引导措施，导致部分车辆在夜间行驶时选择绕行或变道避让，影响了正常通行效率。异常特征包括：施工区域设有交通锥、有工作人员值守、车道被临时封闭，且车辆行驶速度明显降低，符合占道施工的典型特征。
319,5172,多车事故_20240405093600_突发事件_35467883.mp4,异常停车,多车事故,2024年4月5日09时35分至09时36分，位于武宁路地道南线西向东方向，监控画面显示多辆汽车在隧道内发生事故。涉事车辆包括一辆白色SUV和一辆白色轿车，两车出现碰撞痕迹且位置异常，白色轿车斜停在车道上，将其前车撞停的白色SUV也处于停滞状态。事故现场有人员下车查看情况，交通受阻，后方车辆被迫减速绕行，形成短暂拥堵。事故未见明显抛洒物，但车辆位置异常且存在追尾迹象，符合多车事故特征。
321,5174,二轮车辆闯入_20230721140318_突发事件_33393694.mp4,二轮车辆闯入,多车事故,2023年7月21日14时03分15秒左右，在嘉闵西桃浦公路南段的高架道路上，一辆白色轿车在右侧车道内突然减速并完全停止，车辆未开启双闪灯，驾驶员未下车，后方车辆被迫减速避让。该车停靠位置位于行车道内，非停车区域，且无交通信号灯或标志允许停车，导致后方车辆被迫绕行或减速，影响了正常通行秩序。该行为符合异常停车特征，存在安全隐患，可能引发追尾或剐蹭事故。
325,5178,多车事故_20240615170147_突发事件_35706881.mp4,多车事故,拥堵,2024年6月15日17时01分至17时02分，嘉闵西侧定焦05监控点位拍摄到隧道内发生交通拥堵事件。事发地点位于城市高架桥路段，道路两侧设有隔音屏障，车流密集且持续缓慢移动。涉事车辆包括多辆小轿车、SUV、出租车及一辆白色大巴车，车辆在多个车道内排队缓行，部分车辆刹车灯亮起，表明车速明显降低。由于车距缩短、车辆间距缩小，后方车辆被迫减速或停顿，形成较长的排队现象，影响了正常通行效率。该拥堵未见明显事故或施工迹象，但车流密度高、通行速度低，符合典型拥堵特征，且持续时间较长，对交通运行造成显著影响。
326,5179,拥堵_20240116105943_突发事件_35321896.mp4,拥堵,异常停车,2024年1月16日10:59至11:00，在外环高速莘朱路路段，一辆红色货车在行车道上短暂异常停车，车辆完全静止且未开启双闪灯，导致后方多辆车辆被迫减速绕行，影响了道路的正常通行秩序，存在明显的交通安全隐患。
327,5180,异常停车_20240624123347_突发事件_35721832.mp4,异常停车,多车事故,2024年6月24日12时37分，外环高速沪太立交东2枪机监控画面显示，双向车道车流正常行驶，一辆黑色轿车停靠在最右侧应急车道内，车辆开启右转向灯，未见驾驶员。
330,5183,占道施工_20231211231122_运行安全_35212069.mp4,异常停车,占道施工,2023年12月11日23时11分至23时12分，外环高速顾戴路北（内）路段夜间出现占道施工交通事件。现场可见一辆工程车辆缓慢行驶在左侧车道，车顶闪烁警示灯，周围设置多排反光锥桶形成临时隔离带，占用部分行车道。该施工区域导致右侧车道车辆需减速绕行，车流出现明显滞缓现象，尤其以大型货车为主，通行效率显著下降。施工区域未见明显施工人员活动，但存在明显的施工设施布置和警示标志设置，符合占道施工特征。整体交通流受影响，车辆行驶速度降低，存在潜在安全隐患。
332,5185,异常停车_20230720055000_突发事件_6966735.mp4,拥堵,异常停车,2023年7月20日05:50:34，在外环高速莘庄立交东（外）路段，一辆白色轿车在最左侧车道上异常停车，车辆完全静止且未开启双闪灯，驾驶员不在车内，导致后方车辆被迫减速避让，影响了道路的正常通行秩序，显示出明显的交通安全隐患。该行为违反了高速公路禁止随意停车的规定，属于典型的非紧急情况下的异常停车事件。
333,5186,异常停车_20240517235647_突发事件_35602489.mp4,异常停车,占道施工,2024年5月17日23时56分至23时57分，嘉闵高架东侧隧道内发生占道施工交通事件。现场可见多辆车辆在隧道内缓慢行驶，其中一辆黄色工程车停靠在最右侧车道，车旁有施工人员及施工设备，车辆均开启警示灯。施工区域设有明显的警示牌和闪烁警示灯，车道被部分遮挡，导致车辆需减速并变道通行，影响了正常交通流。该行为符合占道施工的异常特征，存在施工人员、工程车辆及施工设施等异常情况，对过往车辆造成一定影响。
337,5190,异常停车_20240510100530_突发事件_35577578.mp4,拥堵,异常停车,2024年5月10日10时05分至10时06分，外环高速龙吴路路段出现异常停车事件。一辆白色轿车在右侧车道内完全静止，未开启双闪灯，车辆位置位于道路中央偏右区域，周围无施工或事故迹象。该车长时间停靠导致后方多辆车辆被迫减速绕行，造成短时交通拥堵。车辆周围未见明显故障迹象或人员下车处理，也未发现其他车辆碰撞痕迹或抛洒物，初步判断为非事故引发的异常停车行为。
342,5195,拥堵_20240226180514_突发事件_35375560.mp4,抛洒物,拥堵,2024年2月26日18:05至18:06期间，在嘉闵东柴塘北路入口处发生拥堵交通事件。该路段为多车道高架道路，夜间车流量较大，车辆行驶缓慢，车距明显缩短，多辆轿车、货车及客车在车道内排队缓行，部分车辆刹车灯持续亮起，表明车速极低或处于停滞状态。涉事车辆包括白色、黑色、红色等多种颜色的轿车和大型货车，未见异常停车、事故或施工迹象，但因车流密集导致通行效率下降，形成持续性拥堵。影响范围覆盖多个车道，影响了正常交通秩序，且无明显缓解趋势，符合拥堵判断标准中“多辆车缓慢移动或完全停止”“排队车辆长度超过正常范围”“持续一段时间且无缓解趋势”的特征。
343,5196,占道施工_20230810235656_运行安全_34560354.mp4,占道施工,异常停车,2023年8月10日23时56分至23时57分，嘉闵高架路东柴塘北路入口处发生占道施工交通事件。现场可见一辆黄色工程车缓慢行驶在左侧车道，车后方摆放了多个红白相间的交通锥桶，形成临时隔离带，占用部分行车道。施工区域设有“交替通行”提示牌和黄色警示标志，提示车辆需按顺序通过。多辆机动车在该区域减速行驶，包括轿车、货车及大型运输车，部分车辆因车道变窄而变道绕行。施工区域未见明显施工人员或设备作业，但存在明显的车道缩减和交通引导措施，导致该路段车流缓慢通行，存在潜在拥堵风险。整体交通秩序受影响，但未发生交通事故或异常停车情况。
348,5201,异常停车_20240624184732_突发事件_35722520.mp4,抛洒物,拥堵,2024年6月24日18时47分至18时48分，外环高速曹安路北段出现严重交通拥堵事件。该路段为多车道高架道路，路面湿滑，天气阴雨，能见度较低。视频显示，从18:47:23开始，大量机动车在各车道上缓慢行驶或完全停滞，车流密集且持续时间较长，车辆尾灯连成一片红色光带，表明通行速度极低。涉事车辆包括轿车、货车、厢式货车及一辆大型红色集装箱卡车，均处于低速行驶状态，部分车辆频繁变道，但整体车流未见明显缓解趋势。右侧车道有少量车辆正常通行，但左侧主车道因车流积压形成明显拥堵，车辆排队长度超过百米，且无明显事故或障碍物导致阻塞。此拥堵现象持续约1分钟，影响了该路段的正常交通秩序，造成通行效率下降，可能引发后方车辆积压甚至临时停顿。异常特征表现为：车流密度高、车速极低、车辆间距极小、尾灯连贯、无突发事故迹象，符合典型早高峰时段因车流量过大引发的拥堵特征。
350,5203,二轮车辆闯入_20230718094910_突发事件_1959761.mp4,二轮车辆闯入,抛洒物,2023年7月18日星期一上午9时47分，外环高速仙霞路南（外）路段出现交通拥堵事件。该路段为多车道高速公路，双向车流密集，左侧车道车辆行驶缓慢，形成明显排队现象，车辆间距缩小，车速降低，部分车辆处于低速蠕行状态，持续时间超过10秒且无缓解趋势。涉事车辆包括多辆轿车、货车及厢式货车，其中白色厢式货车、蓝色集装箱货车、红色厢式货车和白色面包车等在画面中较为显著。车辆均在正常车道内行驶，未见异常停车、事故或占道施工迹象，也无二轮车辆闯入或抛洒物情况。右侧应急车道未受影响，表明拥堵主要集中在左侧车道。拥堵主要表现为车流密度增加、通行效率下降，可能与早高峰车流量大有关，但未发现直接诱因如施工、事故或抛洒物。整体表现为典型的城市快速路早高峰拥堵特征，无其他异常停车、占道施工、事故或抛洒物等干扰因素。
353,5206,多车事故_20240621121139_突发事件_35716923.mp4,多车事故,拥堵,2024年6月21日12时10分至12时11分，在外环高速沪嘉立交北段，多辆货车和轿车在雨天湿滑路面上缓慢行驶，现场出现明显拥堵现象，大量车辆排队缓行，车距极短，刹车灯持续亮起，交通流明显受阻，未见施工设施或事故迹象，但车流密度大且持续无缓解趋势，符合拥堵判断标准。
360,5213,拥堵_20230922141132_突发事件_34846186.mp4,拥堵,抛洒物,2023年9月22日14时11分至14时12分，外环高速沪太立交东1-1 03路段出现交通拥堵事件。该路段为双向多车道高速公路，路面湿滑，天气阴雨，能见度较低。视频显示，自14:11:45起，道路右侧车道出现持续性车辆缓行现象，车流密度明显增大，多辆轿车、货车及厢式运输车在湿滑路面上缓慢行驶或处于停滞状态，车辆间距极小，部分车辆尾灯亮起，表明存在减速、变道和跟车行为。涉事车辆包括红色集装箱货车、白色厢式货车、黄色出租车及多辆私家车，均在正常行驶过程中受阻，未见异常停车、事故或施工迹象。由于车流量大且通行速度缓慢，导致后方车辆排队长度逐渐增加，形成明显的拥堵态势，影响了该路段的正常通行效率。整体表现为典型的早高峰时段因车流密集引发的交通拥堵，无其他异常停车、占道施工或抛洒物等干扰因素。
364,5217,占道施工_20230910234753_运行安全_34759441.mp4,拥堵,占道施工,2023年9月10日23时47分至23时48分，外环真南路入口路段夜间出现占道施工交通事件。现场可见一辆黄色工程车停靠在右侧车道，车后方设置有多个橙白相间的交通锥桶，形成临时隔离带，占用部分行车道。一名身穿反光背心的施工人员在工程车旁作业，车辆处于静止状态。该施工区域导致右侧车道通行空间受限，过往车辆需减速绕行，车流速度明显减缓，但未造成严重拥堵。施工区域设有警示标志和反光设施，符合规范要求，但未设置明显的施工围挡或警示灯，存在潜在安全隐患。整体交通秩序尚可维持，属于常规占道施工行为。
365,5218,异常停车_20240510182519_突发事件_35579441.mp4,多车事故,异常停车,2024年5月10日18时25分至18时26分，外环高速京沪立交南侧路段出现异常停车事件。一辆红色货车在右侧车道内完全静止，未开启双闪灯，车辆位置位于应急车道与主车道之间，无任何交通标志或信号允许其停车。该车停靠导致后方多辆汽车被迫减速绕行，影响了右侧车道的正常通行秩序。该异常停车行为持续期间未见明显故障迹象，且无施工或事故迹象，属于非紧急情况下的违规停车，存在较大安全隐患。
372,5225,二轮车辆闯入_20230718104135_突发事件_1960293.mp4,二轮车辆闯入,拥堵,2023年7月18日星期二10时41分，外环高速吴中路路段出现交通拥堵事件，现场多辆机动车在道路上缓慢行驶或停滞，车辆排成长队，车流密度明显增大，通行速度显著下降。涉事车辆包括多辆轿车、货车及厢式货车，其中红色集装箱货车、白色厢式货车和白色轿车等在画面中较为突出。车辆均保持正常行驶状态，未见异常停车、事故或抛洒物等情况，但因车流量大且道路通行能力受限，导致整体通行效率降低，形成持续性拥堵现象，影响了该路段的正常交通秩序。
373,5226,异常停车_20240508124653_突发事件_35570236.mp4,异常停车,拥堵,2024年5月8日12时46分至12时47分，外环高速莘庄立交东（外）路段出现异常停车事件。一辆红色货车在左侧车道内完全静止，开启双闪灯，驾驶员下车活动，车辆处于非停车区域且无交通信号灯或标志允许停车，导致后方多辆车辆被迫减速绕行，形成局部拥堵。该行为违反了高速公路禁止随意停车的规定，存在安全隐患，影响了正常交通秩序。
375,5228,拥堵_20230926190149_突发事件_34866662.mp4,拥堵,占道施工,2023年9月26日19时1分48秒至19时2分42秒，嘉闵西侧汇聚机箱路段夜间交通监控画面显示，监控画面显示该路段车流密集，车辆行驶缓慢，多辆机动车在双向车道中排队缓行，车距明显缩短，刹车灯持续亮起，形成明显的拥堵现象。现场可见一辆黄色工程车停靠在道路左侧应急车道，车旁有“40”限速标志及交通锥桶，表明该区域存在占道施工情况，施工设施已布置完毕，对通行车道造成一定影响。车辆在施工区域附近有序通过，未见异常停车、事故或抛洒物等行为，整体交通秩序虽受施工影响但未发生拥堵或交通事故，属于典型的占道施工引发的交通拥堵事件。
376,5229,异常停车_20240613191019_突发事件_35702759.mp4,异常停车,拥堵,2024年6月13日19时10分至19时11分，G2进外环外圈匝道03路段出现交通拥堵事件。该路段为城市快速路，双向多车道，夜间路面湿滑，车辆行驶缓慢。涉事车辆包括多辆轿车、货车及厢式货车，其中红色货车、白色厢式货车和黄色面包车等车辆在车道内依次排队前行，车流密集且持续无明显缓解趋势。车辆尾灯普遍亮起，表明车速明显降低，部分车辆处于低速蠕行状态。由于车流量大且道路通行能力受限，导致后方车辆被迫减速并排成队列，形成典型的拥堵现象。未见异常停车、施工设施、抛洒物或事故迹象，也无二轮车辆闯入或家庭用车行为，整体表现为典型的城市早高峰时段的交通拥堵。
377,5230,占道施工_20230910233019_运行安全_34759408.mp4,占道施工,拥堵,2023年9月10日23时28分至23时29分，外环高速京沪铁路桥南路段夜间出现占道施工交通事件。现场可见道路右侧车道被一排红白相间的交通锥桶封闭，形成临时隔离带，部分车道被占用，车辆需绕行或减速通过。施工区域未见明显施工人员或工程车辆作业，但存在警示标志和锥桶布置，表明正在进行道路施工或维护作业。该施工导致右侧车道通行能力下降，部分车辆在接近施工区时出现变道或减速行为，影响了正常交通流。整体交通秩序尚可维持，但存在潜在拥堵风险。异常特征为车道被非永久性设施占用，且无明显施工警示牌，可能引发驾驶员误判或紧急避让。
378,5231,二轮车辆闯入_20230715120950_突发事件_1149592.mp4,二轮车辆闯入,异常停车,2023年7月12日15时09分47秒至15时10分15秒，外环高速武威路南（内）路段出现异常停车事件。在监控画面右侧车道，一辆红色货车停靠在应急车道上，车辆未开启双闪灯，且驾驶员未下车处理，车辆长时间静止不动，导致后方车辆被迫减速绕行，影响了该车道的正常通行秩序。该车停靠位置位于道路右侧靠近护栏处，周围无施工设施或警示标志，存在明显安全隐患。
380,5233,拥堵_20231009072551_突发事件_34910526.mp4,拥堵,二轮车辆闯入,2023年10月9日星期一上午7时25分至7时27分，沪宁上行进出口路段出现交通拥堵事件。该路段为双向车道的高架桥，道路两侧有绿化带和建筑物，右侧有蓝色屋顶的白色建筑。视频显示，多辆机动车在该路段缓慢行驶或完全停止，车流密集，车辆间距极小，包括轿车、货车、厢式货车及一辆白色面包车等各类车辆。其中，一辆红色集装箱货车、一辆白色厢式货车和一辆白色大巴车在车流中依次通过，均处于低速行驶状态。由于车流量大且通行速度明显下降，导致后方车辆排队长度持续增加，形成明显的拥堵态势。未见异常停车、施工设施、抛洒物或事故迹象，也无二轮车辆闯入或家庭用车情况。整体影响为该路段通行效率显著降低，车辆通行时间延长，存在潜在安全隐患。
382,5235,占道施工_20231214032816_运行安全_35220924.mp4,拥堵,占道施工,2023年12月14日03时28分至03时29分，嘉闵西侧汇聚机箱路段夜间出现占道施工交通事件。现场可见多排红白相间的交通锥桶沿道路右侧车道有序摆放，形成临时隔离带，占用部分行车道，导致车辆需绕行或减速通过。施工区域前方设有“40”限速标志，提示驾驶员减速行驶。一辆工程车停靠在施工区域前方，车顶警示灯持续闪烁，表明正在进行施工作业。多辆机动车（包括轿车、货车）依次通过该区域，未见明显拥堵或事故现象，但车道数量减少，车辆行驶速度明显降低，存在一定的通行影响。整体表现为典型的占道施工场景，符合占道施工判断标准中的“车道被施工设施遮挡”、“存在施工人员及设备”、“设有警示标志”等特征。
383,5236,二轮车辆闯入_20230721000717_突发事件_33392877.mp4,二轮车辆闯入,多车事故,2023年7月21日00:07:15至00:08:14期间，外环高速莘庄立交北段发生一起多车事故。事故发生在夜间，道路照明良好，路面湿滑。涉事车辆包括一辆白色厢式货车、一辆黑色轿车，其中白色厢式货车在中间车道停车双闪，右侧车道黑色车辆与后方车辆发生轻微碰撞，导致后方车辆紧急刹车并形成拥堵。现场未见明显人员下车交涉或交警到场，但事故造成该路段通行受阻，后方车辆排队缓慢行驶，影响了正常交通流。异常特征表现为多车碰撞痕迹、车辆位置异常及持续的车辆减速与变道行为，符合多车事故判断标准。
384,5237,占道施工_20240602013348_运行安全_35662957.mp4,拥堵,占道施工,2024年6月2日01时34分，外环高速顾戴路北（内）路段夜间出现占道施工交通事件。现场可见多辆工程车辆停靠在道路右侧车道，包括一辆黄色工程车和一辆闪烁警示灯的作业车，周围设置了一排红白相间的交通锥桶，形成临时隔离带，占用部分行车道。施工区域未见明显施工人员活动，但已设置警示标志，导致该车道通行空间受限，车辆需减速绕行。该施工行为造成车道数量减少，影响了正常交通流，存在潜在安全隐患，符合占道施工特征。
386,5239,多车事故_20240528170718_突发事件_35647151.mp4,多车事故,异常停车,2024年5月28日17时07分15秒至17时08分12秒，外环高速莘庄立交北段出现异常停车事件。一辆白色厢式货车在最右侧应急车道停靠，车辆开启双闪灯，符合异常停车行为。
390,5243,拥堵_20240227071040_突发事件_35376127.mp4,拥堵,多车事故,2024年2月27日07:10至07:11，嘉闵西侧定焦03路段发生一起多车事故。事故发生在隧道内靠近出口匝道区域，涉事车辆包括一辆白色轿车和一辆黑色轿车，两车发生碰撞。事故发生后，白色轿车停于行车道上，车门打开，驾驶员下车站在车旁，而黑色轿车则斜停于车流中，导致后方车辆被迫减速绕行。现场可见明显碰撞痕迹，车辆位置异常，且有人员下车交涉，其他车辆紧急避让或减速，交通流受到明显影响，形成拥堵态势。异常特征表现为车辆散乱、车灯开启、人员下车处理以及后方车辆紧急避让，符合多车事故的判断标准。
391,5244,二轮车辆闯入_20230715103434_突发事件_1149321.mp4,二轮车辆闯入,拥堵,2023年7月15日10时34分，外环高速仙霞路（内）路段出现交通拥堵事件，现场多辆机动车在道路上缓慢行驶或处于停滞状态，车辆排成长队，车流密度高，通行速度明显下降，部分车辆在车道间频繁变道，导致整体通行效率降低。涉事车辆包括轿车、货车、客车及一辆黄色工程车，其中红色货车和白色厢式货车较为显眼，均在正常行驶过程中因前车缓行而被迫减速或停车。该路段为双向多车道高速公路，右侧车道因车辆积压形成瓶颈效应，形成持续性拥堵，未见明显事故或障碍物，但车流持续缓慢移动，无缓解趋势，符合拥堵判断标准中的多辆车缓慢移动、排队长度超常、发生在瓶颈区域等特征，影响了该路段的正常通行秩序。
392,5245,占道施工_20240116001646_运行安全_35320347.mp4,占道施工,拥堵,2024年1月16日00:16:40至00:17:38期间，外环高速老沪闵路东（内）路段夜间出现占道施工交通事件。现场可见右侧车道被黄色施工警示车和工程作业人员及设备遮挡，车道内设置了一排反光锥桶，形成临时隔离带，部分车道被封闭。一辆黄色工程车停在施工区域前方，车顶闪烁警示灯，多名身穿反光背心的施工人员在车辆旁进行作业。该施工区域导致右侧车道通行空间受限，车辆需减速并变道绕行，影响了正常交通流。整体车流较为密集，但未出现严重拥堵，整体交通秩序尚可维持。异常特征为车道被施工设施占用，存在明显的交通引导与管控措施。
396,5249,异常停车_20240509075438_突发事件_35572731.mp4,异常停车,拥堵,2024年5月9日星期四早上7点54分至7点55分，外环高速沪渝立交路段出现交通拥堵事件。该路段为多车道高速公路，双向车流密集，左侧车道车辆行驶缓慢，形成明显排队现象，车辆间距缩小，车速降低，部分车辆处于低速蠕行状态，持续时间超过一分钟且无缓解趋势。涉事车辆包括多辆轿车、货车及一辆大型罐车，其中右侧车道有大型油罐车和一辆白色大巴车缓慢行驶，未见异常停车或事故迹象。右侧车道车流相对顺畅，未受影响。拥堵主要集中在左侧主车道，影响范围覆盖多个车道，导致后方车辆被迫减速并排成队列，符合拥堵判断标准中的多辆车缓慢移动、排队长度超常、持续无缓解等特征。现场无施工设施、无抛洒物、无二轮车辆闯入、无碰撞痕迹，也未见异常停车或二轮车辆闯入行为，初步判断为早高峰时段常规性交通拥堵。
403,5256,拥堵_20231008173228_突发事件_34907696.mp4,抛洒物,拥堵,2023年10月8日17时32分至17时33分，外环高速仙霞路南段出现严重交通拥堵事件。该路段为多车道高速公路，双向车流密集，其中南向车道车辆排成长队，行驶缓慢，车距明显缩短，多数车辆刹车灯持续亮起，表明车速极低或处于停滞状态。涉事车辆包括大量轿车、货车及厢式运输车，其中红色货车和白色厢式货车较为突出，部分车辆在缓慢移动中频繁变道，加剧了通行压力。拥堵区域位于高架桥下弯道处，道路两侧设有绿化带和隔离护栏，未见施工设施或事故迹象，但车流持续积压且无缓解趋势，符合典型拥堵特征。异常特征表现为车辆排队长度超过正常范围，车速显著低于正常水平，且持续时间较长，对通行效率造成显著影响。
405,5258,拥堵_20231105092324_突发事件_35049289.mp4,拥堵,多车事故,2023年11月5日09时23分至09时24分，位于城市高架道路南向车道发生一起多车事故。涉事车辆包括一辆白色轿车及左后方黑色轿车。视频显示，白色轿车与前方黑色轿车发生追尾碰撞，导致其横向偏移并阻塞了右侧车道。事故发生后，现场有多辆车紧急避让或减速，造成该路段交通流拥堵。事故车辆停靠在右侧应急车道，车身有明显碰撞痕迹，物品散落，进一步加剧了交通风险。事故未见人员下车交涉，但后续车辆持续缓慢通过，交通秩序受到一定影响。异常特征表现为车辆碰撞痕迹明显、车辆位置异常、刹车灯连绵不绝、车道占用严重，符合多车事故判断标准。
413,5266,异常停车_20240605221604_突发事件_35677377.mp4,多车事故,异常停车,2024年6月5日22时15分至22时56分，外环高速莘庄立交东（外）路段发生一起异常停车事件。一辆红色货车在右侧车道内长时间静止不动，车辆开启双闪灯，且驾驶员不在车内，导致后方车辆被迫减速绕行。该车停靠位置位于道路右侧护栏旁，周围无施工设施或警示标志，存在明显违规停车行为，影响了正常交通流，造成后续车辆正常行驶出现短暂拥堵和变道避让现象。此行为符合异常停车判断标准中的多项特征，包括非停车区域静止、未开启警示灯以及引发后方车辆绕行等。
415,5268,占道施工_20240611232123_运行安全_35695533.mp4,拥堵,异常停车,2024年6月11日23时25分至23时26分，在G60市区方向至S4有ota（外）路段，发生了一起占道施工交通事件。现场可见一辆工程车辆停在道路中央，周围放置了多个红白相间的交通锥桶，形成临时隔离带，引导车辆绕行。施工区域设有警示牌和闪烁警示灯，提示驾驶员注意避让。多辆机动车在施工区域前减速行驶，其中一辆白色货车和一辆红色轿车先后通过该路段，车辆均保持正常行驶状态，未出现紧急避让或拥堵现象。此次施工导致车道数量减少，影响了部分车辆的通行效率，但整体交通秩序较为有序，未见异常停车、事故或人员下车交涉等现象。
416,5269,异常停车_20240625041931_突发事件_35722542.mp4,拥堵,多车事故,2024年6月25日04时19分至04时20分，外环高速吴淞江桥南路段，一辆白色货车在右侧应急车道内长时间静止不动，车辆未开启双闪灯，且无驾驶员在车内活动迹象，疑似发生故障或违规停车。该车位于道路最右侧车道，周围其他车辆正常行驶，但其绕行或减速行为可能对后方车流造成一定影响。该异常停车行为持续约1分钟，期间无其他车辆发生碰撞或事故，但已构成明显的交通安全隐患。
417,5270,二轮车辆闯入_20230722195708_突发事件_33394987.mp4,二轮车辆闯入,抛洒物,2023年7月22日19时57分04秒至19时57分30秒，外环高速沪嘉地道2（外）路段出现抛洒物交通事件。在视频画面右侧车道标志线附近，可见一个黑色物体静止于路面，疑似为车辆遗落的货物或杂物。该异物未完全占据行车道但已对通行构成潜在威胁。期间无车辆经过该抛洒物。涉事车辆未在画面中明确显示，但根据现场情况判断，该抛洒物可能来自过往货运车辆运输过程中脱落的物品，存在安全隐患，需及时清理以保障道路安全畅通。
418,5271,二轮车辆闯入_20230718132528_突发事件_1961033.mp4,拥堵,二轮车辆闯入,2023年7月18日13时25分25秒至13时25分51秒，北环高速同济路立交南段，一辆二轮摩托车沿机动车道行驶，驾驶员佩戴头盔，车辆无明显牌照标识，车辆在车流中穿行，该区域无专用二轮车道设置，且设有禁止非机动车通行标志，摩托车在车流中行驶，存在逆行、横穿车道等危险行为，对周边正常行驶的车辆造成潜在安全隐患，后方车辆需主动避让，影响交通秩序。
419,5272,占道施工_20231229001452_运行安全_35273769.mp4,占道施工,二轮车辆闯入,2023年12月29日00:14:50至00:15:48期间，外环高速丰翔路路段夜间监控画面显示，一辆二轮车辆（疑似电动车或摩托车）从右侧辅路驶入主车道，行驶方向与机动车流一致。该二轮车辆未在专用非机动车道或允许通行区域行驶，且无明显警示标志或防护装备，驾驶员未佩戴头盔。其行为导致后方部分车辆紧急避让，存在较大安全隐患。该事件符合二轮车辆闯入交通异常特征，属于典型违规进入高速公路的危险行为。
420,5273,异常停车_20240529021838_突发事件_35647733.mp4,异常停车,占道施工,2024年5月29日02时18分至02时29分，在外环高速莘庄立交东（外）路段，发生了一起占道施工交通事件。现场可见车道被锥桶和施工设施遮挡，施工区域设有警示牌和闪烁警示灯，但未见明显施工人员操作设备。涉事车辆包括一辆红色工程车，其后方放置了多个交通锥桶，对通行车道进行了部分封闭。该行为导致过往车辆需变道或减速行驶，影响了道路的正常通行秩序，且施工区域设有明显的警示标志，符合占道施工的典型特征。
422,5275,占道施工_20240519001945_运行安全_35605576.mp4,占道施工,拥堵,2024年05月19日星期一凌晨00:14:39至00:15:38，在一条夜间高速公路上发生了占道施工交通事件。视频显示，该路段被多个红白相间的交通锥桶分隔，施工区域设有警示灯，车辆需绕行或减速通过。涉事车辆包括多辆小型轿车和货车，它们在施工区域附近有序行驶，部分车辆变道避让。此次施工导致车道数量减少，影响了正常交通流，但未造成严重拥堵。异常特征包括明显的施工设施、闪烁的警示灯以及车辆被迫改变行驶路线。整个过程持续约一分钟，对过往车辆的通行造成了一定影响。
424,5277,多车事故_20240622082700_突发事件_35718483.mp4,拥堵,异常停车,2024年8月22日06时27分23秒至06时28分30秒，在武宁路4期北环城西路路段，一辆白色轿车在行车道上异常停车，驾驶员下车后站在车旁，旁边放置一辆涉事车辆，导致后方多辆车辆被迫减速绕行，存在明显的安全隐患，符合异常停车的判断标准。
425,5278,二轮车辆闯入_20230718183706_突发事件_1965703.mp4,二轮车辆闯入,异常停车,2024年3月10日10时25分至10时26分，位于城市高架桥路段的右侧车道上，一辆红色货车在行驶过程中，其后方车辆出现逐渐减速并频繁变道避让行为，其中一辆白色轿车在变道过程中突然停车于行车道上，导致后方多辆轿车紧急刹车并出现短暂拥堵。该行为造成后方车辆通行受阻，影响了至少三辆以上车辆正常行驶，且驾驶员未下车处理，车辆长时间停靠在非停车区域，符合异常停车特征。
433,5286,异常停车_20230716131755_突发事件_1154007.mp4,异常停车,拥堵,2023年7月16日13时17分至13时18分，外环高速漕宝入口匝道（内）路段出现交通拥堵事件。该路段为多车道高速公路，车流密集，主要由轿车、货车及少量客车组成，车辆在多个车道上缓慢行驶或处于停滞状态，形成连续排队现象，持续时间约一分钟且无缓解趋势。涉事车辆包括各类小型客车、厢式货车、集装箱卡车及大型运输车，均在正常行驶过程中因前方车流缓慢而被迫减速。道路两侧设有绿化带和隔离护栏，右侧车道设有导流线区域，未见明显施工或事故迹象。整体交通流呈现缓行状态，车辆间距较小，存在轻微变道拥堵，但未发生碰撞或异常停车行为，属于典型的早高峰时段因车流量大引发的常态化拥堵事件。
437,5290,二轮车辆闯入_20230719090700_突发事件_1965767.mp4,二轮车辆闯入,拥堵,2023年7月19日09时08分，S20LSTV01监控点位显示，某城市高架道路双向车道出现严重交通拥堵，车辆行驶缓慢，车流密集且持续无缓解趋势。画面中可见多辆小轿车、货车及一辆摩托车在各车道内正常行驶，其中摩托车在车流中穿行，未见逆行或违规行为，但整体通行效率显著下降。涉事车辆包括白色轿车、黑色SUV、红色轿车、蓝色集装箱货车、白色厢式货车以及多辆小型面包车，均处于低速行驶状态，部分车辆因前方拥堵而被迫减速或变道。右侧车道未受影响，但左侧车道车辆排队长达数百米，形成典型的拥堵现象，且持续时间超过10秒，符合拥堵判断标准。现场无施工设施、异常停车或事故迹象，也未发现抛洒物或二轮车辆闯入情况，推测拥堵可能由上游交通压力或前方瓶颈路段导致，属于典型早高峰时段的交通拥堵事件。
440,5293,占道施工_20231027232444_运行安全_35008388.mp4,拥堵,占道施工,2023年10月27日23时24分至23时25分，外环高速虹梅南路路段夜间出现占道施工交通事件。现场可见一辆黄色工程车停靠在右侧车道，车顶警示灯闪烁，周围设置多组红白相间的交通锥桶，形成临时隔离区域，占用部分行车道。多名身穿反光背心的施工人员在车辆附近活动，进行作业或指挥交通。该施工区域导致右侧车道通行空间受限，过往车辆需减速绕行，部分大型货车和轿车在经过该区域时明显放慢速度，存在轻微拥堵现象。施工区域未见明显施工机械或设备作业，但存在明显的施工警示标志和灯光提示，符合占道施工特征。整体交通流受影响较小，但存在潜在安全隐患。
445,5298,二轮车辆闯入_20230718184632_突发事件_1965701.mp4,二轮车辆闯入,异常停车,2023年07月18日18时17分39秒，在外环高速铁力路西枪机2监控区域，一辆红色货车停靠在最右侧车道边缘，车辆开启双闪灯，驾驶员下车后在车旁停留并进行操作，期间有其他车辆从其旁边正常行驶通过。该货车长时间占用行车道，导致后方车辆需绕行或减速避让，影响了道路通行效率。该行为符合异常停车的判断标准，存在安全隐患。
447,5300,二轮车辆闯入_20230722161335_突发事件_33394734.mp4,二轮车辆闯入,异常停车,2023年7月22日16时13分35秒至16时13分48秒，外环高速仙霞路（内）路段，所有车辆均在正常行驶，未见任何车辆在非停车区域静止、无信号允许停车、未开启双闪灯或驾驶员不在车内等情况，且无明显故障迹象或人员下车处理迹象，因此该行为属于非紧急情况下的异常停车，存在安全隐患。
451,5304,占道施工_20240213201516_运行安全_35362123.mp4,拥堵,占道施工,2024年02月13日星期二20:18至20:19期间，在某高速公路路段发生占道施工交通事件，现场可见多辆工程车辆和施工人员正在进行作业。涉事车辆包括一辆黄色工程车和一辆带有警示灯的作业车，它们停放在右侧车道并开启警示灯。施工人员穿着反光背心，在车道旁操作设备，部分人员在移动或调整锥桶。该施工区域导致右侧车道被封闭，车辆需变道至左侧车道通行，影响了正常交通流，但未造成严重拥堵。异常特征包括施工设施（锥桶和警示标志）占据部分车道，且施工人员在夜间进行作业，符合占道施工的典型特征。
456,5309,二轮车辆闯入_20230718172107_突发事件_1962220.mp4,二轮车辆闯入,拥堵,2023年7月16日13时17分至13时18分，外环高速老沪闵路东（内）路段出现交通拥堵事件。该路段为多车道高架道路，车流密集，主要由轿车、货车、客车及大型运输车辆组成，包括红色、黄色、白色等多种颜色的车辆。视频显示，车辆在多个车道上缓慢行驶，部分车辆间距极小，整体车速明显降低，形成连续的缓行状态。未见明显的事故或障碍物导致停车，但车流持续积压且无缓解趋势，尤其在靠近画面右侧汇入区域更为明显。拥堵主要集中在中间及右侧车道，左侧车道通行相对顺畅，但受整体车流影响，右侧车道车辆也出现排队现象。此拥堵可能由前方交通瓶颈或高峰时段车流量过大引起，未发现异常停车、施工、抛洒物或二轮车辆闯入等其他异常情况，属于典型的城市快速路高峰期拥堵特征。
464,5317,拥堵_20240226165537_突发事件_35375371.mp4,拥堵,抛洒物,2024年2月26日16时55分至16时56分，S4市区方向至S20内环高架路段出现严重交通拥堵事件。该路段为多车道高速公路，双向车流密集，其中南向车道车辆排成长队，行驶缓慢，部分车辆处于停滞状态，后方车辆被迫减速或变道绕行。涉事车辆包括多辆轿车、SUV、货车及大型客车，如白色厢式货车、红色集装箱货车、蓝色集装箱货车等，均在正常行驶中未见异常停车或事故迹象。车辆整体移动速度极低，排队长度持续延伸，且无明显缓解趋势，符合拥堵判断标准。该拥堵发生在早高峰时段，影响范围覆盖多个车道，导致通行效率显著下降，存在潜在安全隐患。异常特征表现为车流密度高、车辆间距小、行驶速度极低，且无施工、事故或抛洒物等外部干扰因素，推测为高峰时段流量饱和所致。
466,5319,拥堵_20231216111101_突发事件_35232778.mp4,拥堵,异常停车,2023年12月16日11时10分至11时12分，S4市区方向至G60出省方向的高架桥路段出现交通拥堵事件。该路段为单向单车道，两侧有绿化带和护栏，路面湿滑，可能为秋季天气。视频显示，多辆大型工程车辆（包括一辆黄色工程车和一辆红色吊车）在道路上缓慢行驶或完全停止，其中一辆黄色工程车和一辆红色吊车依次从画面左侧驶入并持续向前行驶，期间未见明显事故或障碍物。车辆均保持低速行驶状态，车距较近，后方车辆被迫减速跟随，形成连续排队现象。由于车辆密集且无明显施工或事故迹象，推测拥堵可能由前方交通流量增加或施工导致。整个过程中，车辆均沿道路正常通行，未发生变道碰撞、抛洒物或异常停车行为，但车辆通行效率显著下降，影响了该路段的正常交通秩序。
467,5320,占道施工_20240325003353_运行安全_35437138.mp4,占道施工,异常停车,2024年03月25日00:33:53至00:34:52，在外环高速沪太立交东1-1 03路段，一辆白色货车在行车道上异常停车，车辆完全静止且未开启双闪灯，驾驶员不在车内，导致后方多辆车辆被迫减速绕行，影响了道路的正常通行秩序，存在明显的交通安全隐患。
470,5323,拥堵_20231109070031_突发事件_35073085.mp4,拥堵,抛洒物,2023年11月9日早上7点59分至8点00分，S20内至G60出省方向的高架道路上发生拥堵事件。该路段位于通往杭州方向（G60）与浦东机场方向（S20）的交汇处附近，道路两侧有绿化带和指示牌，显示“G60杭州方向 匝道”及“S20浦东机场方向”。视频显示，多辆机动车包括轿车、货车、厢式货车及大型集装箱卡车在双向车道上缓慢行驶或完全停滞，车辆间距极小，车流密度显著增加，形成持续性拥堵。涉事车辆包括红色集装箱货车、白色厢式货车、绿色集装箱货车以及多辆私家车，均处于低速移动状态，部分车辆刹车灯亮起，表明驾驶员正在减速或停车等待。由于车流密集且无明显事故或障碍物，推测拥堵原因为早高峰时段车流量过大，导致通行效率下降。整个过程中未见异常停车、施工设施、抛洒物或交通事故痕迹，但车辆排队长度超过正常范围，影响了该路段的正常通行秩序。
471,5324,拥堵_20230926162724_突发事件_34866100.mp4,拥堵,二轮车辆闯入,2023年9月26日16时27分至16时28分，外环高速吴中入口匝道（外）路段出现交通拥堵事件。该路段为多车道高速公路，车流密集，主要由轿车、货车及厢式运输车组成，车辆在多个车道内缓慢行驶或处于停滞状态，部分车辆在匝道汇入主路时出现排队现象，车距明显缩短，通行速度显著降低。拥堵主要集中在靠近匝道入口的区域，车辆排成长队，持续时间超过一分钟且无缓解趋势，符合拥堵判断标准。现场未见异常停车、施工设施、事故痕迹或抛洒物，也无二轮车辆闯入情况，但因车流量大且车辆密度高，导致整体通行效率下降，影响了该路段的正常交通秩序。
473,5326,拥堵_20230815075607_突发事件_34581740.mp4,拥堵,异常停车,2023年7月15日07:55:13至07:56:09期间，在S4市区方向至S20内环高架桥路段，一辆蓝色货车停靠在右侧车道上，车辆未开启双闪灯，驾驶员不在车内，且车辆处于完全静止状态。该货车停靠位置位于道路右侧靠近护栏处，周围无施工设施或警示标志，后方车辆正常行驶但需绕行避让，导致通行效率下降。该行为符合异常停车特征，存在安全隐患，影响正常交通秩序。
480,5333,拥堵_20231218100016_突发事件_35238909.mp4,拥堵,多车事故,2023年12月18日星期一上午10:08至10:09，外环高速同济路立交南段监控画面显示，该路段为多车道高速公路，车流正常行驶，天气阴沉，路面湿滑，能见度较低。在视频起始阶段，一辆二轮摩托车从左侧高架桥下驶入主车道，沿道路中间隔离带左侧行驶，期间未见其进入主车道或驶离方向。该摩托车在湿滑路面上穿行于机动车道与非机动车道之间，存在逆行风险，且无专用二轮车道标识或明显禁止标志，驾驶员未佩戴头盔，车辆无牌照特征。其行为导致后方部分车辆紧急避让，影响了正常交通秩序，构成二轮车辆闯入交通事件。该事件持续约1分钟，期间无其他车辆发生碰撞或事故，但存在较大安全隐患。
481,5334,二轮车辆闯入_20230718185422_突发事件_1962524.mp4,拥堵,异常停车,2023年7月18日18时54分22秒，在S20内至沪闵高架桥路段，一辆红色轿车在道路右侧车道内完全静止，驾驶员不在车内，但车辆未开启双闪灯，且无明显故障迹象。该车停靠位置位于高架桥弯道处，对行车道车辆造成潜在安全隐患，属于异常停车行为。
483,5336,拥堵_20230905113949_突发事件_34715007.mp4,抛洒物,拥堵,2023年9月5日10时39分至10时40分，S4市区方向至S20内环高架路段出现严重交通拥堵，现场多车道车辆缓慢行驶或完全停滞，车流密集且持续时间较长，影响范围覆盖多个车道，车辆排成长队，部分车辆因避让或变道导致轻微穿插，整体通行效率显著下降。涉事车辆包括各类轿车、货车、厢式货车及大型运输车，其中红色集装箱货车、白色厢式货车、蓝色集装箱车和黄色工程车等在拥堵路段中较为显著，未见明显事故或异常停车现象，但因车流量大且车辆类型多样，造成通行不畅，形成典型拥堵态势。该路段为城市快速路主干道，无施工迹象，也无抛洒物或二轮车辆闯入情况，推测拥堵可能由高峰时段车流集中或前方道路瓶颈引发，但未发现直接诱因。
484,5337,拥堵_20240310124405_突发事件_35398692.mp4,拥堵,多车事故,2024年5月10日12时44分，外环高速沪太立交东1-1 03路段发生一起多车事故。事故发生在高速公路右侧车道，涉事车辆包括两辆黑色轿车，两车在行驶过程中发生追尾，导致车辆斜停于车道内。事故发生后，现场有多名人员下车查看情况，其中一人打开车辆的后备箱，另一人从车内取出物品，表明事故已造成交通中断，现场秩序受到严重影响。未见明显抛洒物或施工迹象，但事故车辆占据部分车道，导致后方车辆被迫减速绕行，出现持续性拥堵现象。整体异常特征表现为多车事故，发生在高速公路这个复杂路况下，具有较高的安全隐患。
489,5342,异常停车_20230719212756_突发事件_6964569.mp4,异常停车,二轮车辆闯入,2023年7月19日21时28分04秒，在外环高速丰翔路南段，一辆二轮车驶入主路，进入高速公路行车道内行驶，该车辆在车流中穿行，驾驶员佩戴头盔，无专用二轮车道或明显禁止标志，其行为属于闯入高速公路的危险驾驶行为，导致周边车辆紧急避让，存在较大安全隐患，符合二轮车辆闯入交通异常事件特征。
492,5345,二轮车辆闯入_20230721130012_突发事件_33393638.mp4,二轮车辆闯入,抛洒物,2023年7月21日13时00分14秒至13时00分16秒，外环高速顾戴路北（内）路段出现抛洒物交通事件。在视频画面右侧车道标志线附近，可见一个黑色物体静止于路面，疑似为车辆遗落的货物或杂物。该异物未完全占据行车道但已对通行构成潜在威胁。期间无车辆经过该抛洒物。涉事车辆未在画面中明确显示，但根据现场情况判断，该抛洒物可能来自过往货运车辆运输过程中脱落的物品，存在安全隐患，需及时清理以保障道路安全畅通。
499,5352,异常停车_20240624182757_突发事件_35722498.mp4,异常停车,拥堵,2024年6月24日18:27至18:28，在某高速公路路段发生一起多车事故。涉事车辆包括一辆白色轿车和一辆蓝色SUV，其中白色轿车停靠在道路右侧应急车道，车门打开，驾驶员和乘客下车站在路边，疑似与蓝色SUV发生碰撞。事故现场有车辆轻微避让，交通异常情况发生，其他车辆被迫减速或变道绕行，造成局部拥堵。异常特征表现为车辆位置异常（横跨车道与斜停）、人员下车交涉、紧急避让行为以及后方车辆明显减速。此事件影响了该路段的正常通行秩序，存在安全隐患。
500,5353,异常停车_20230721151500_突发事件_33393787.mp4,异常停车,二轮车辆闯入,2023年7月21日15时15分00秒左右，在外环高速京沪立交（内）路段，一辆二轮摩托车从右侧车道驶入主路，行驶于机动车道内，未在专用非机动车道或辅路通行，且无明显禁止标志区域，驾驶员佩戴头盔，车辆有牌照特征，影响了正常交通秩序，构成二轮车辆闯入交通事件。
501,5354,占道施工_20231009001029_运行安全_34908653.mp4,拥堵,占道施工,2023年10月9日00:10:26至00:11:23期间，嘉闵西侧德华路高架桥路段夜间出现占道施工交通事件。现场可见一名身穿黄色反光工作服的施工人员在道路左侧车道内行走，并沿道路边缘缓慢移动，未见明显作业设备或施工设施。该区域车道被多个红白相间的交通锥桶封闭，形成临时隔离带，导致部分车道被占用。过往车辆包括多辆轿车、货车及一辆黄色工程车，均正常行驶于其他车道，未发生拥堵或事故。施工区域设有警示标志和反光设施，但未见明显的施工围挡或大型机械作业，推测为局部维护或施工作业。整体交通流保持有序，无异常停车、事故或抛洒物等情况，但因车道被部分封闭，对通行效率产生一定影响，属于典型的占道施工类交通异常事件。
502,5355,占道施工_20231012004626_运行安全_34924737.mp4,拥堵,占道施工,2023年10月12日00:46至00:47期间，外环高速吴淞江桥南路段夜间出现占道施工交通事件。现场可见多辆工程车辆（包括一辆大型货车、一辆黄色工程车）在道路右侧车道内缓慢行驶，车顶闪烁警示灯，周围设置大量红白相间的交通锥桶，形成临时隔离带，占用部分行车道。施工区域前方有身穿反光背心的工作人员在路边作业，部分车辆因施工区域影响需减速绕行。该施工行为导致右侧车道通行空间受限，过往车辆需变道行驶，造成局部车流缓慢，存在一定的交通压力。整体表现为典型的占道施工异常情况，符合施工设施遮挡车道、施工人员现场作业及警示设施布置等特征。
503,5356,占道施工_20240618234009_运行安全_35712338.mp4,拥堵,占道施工,2024年6月23日18时40分至18时41分，外环高速吴中入口匝道（外）路段发生占道施工交通事件。现场右侧车道被施工锥桶封闭，可见施工人员穿着反光背心在作业，车道内摆放了多个交通锥桶进行隔离，形成临时施工区域。施工区域内未见明显警示牌或闪烁警示灯，但车道被有效隔离，车辆需绕行或减速通过。该施工行为导致右侧车道通行能力下降，部分车辆在接近施工区域时出现减速或变道行为，影响了正常交通流。异常特征包括：施工设施（锥桶）在车道边缘摆放、施工人员在场操作、车道被部分封闭等。
505,5358,占道施工_20231012001702_运行安全_34924664.mp4,拥堵,多车事故,2023年10月12日00时16分至00时17分，外环高速武威路南（内）路段发生多车事故。视频显示，该路段为夜间高速公路，车流密集，多辆轿车和货车在道路上行驶过程中出现异常停车或紧急避让行为，其中一辆白色轿车在右侧车道行驶过程中突然减速并完全停止，后方车辆被迫紧急刹车或变道绕行，导致车流出现明显拥堵和缓行现象。涉事车辆包括白色轿车、红色轿车及多辆小型货车，均停靠在行车道上，部分车辆位置异常，存在追尾或侧碰痕迹。事故区域位于“60”线区域，影响了多个车道通行，后续车辆出现缓慢移动或停滞现象，交通秩序受到严重影响。现场未见明显人员下车交涉或交警到场处理，但事故持续约一分钟以上，且无施工或抛洒物等其他干扰因素，初步判断为多车追尾事故。
509,5362,拥堵_20231105092245_突发事件_35049299.mp4,拥堵,多车事故,2023年11月5日星期日上午9时22分至9时23分，位于城市高架道路的市区方向入口附近路段发生多车事故。涉事车辆包括一辆轿车与一辆货车，其中一辆白色轿车与前方车辆发生追尾碰撞，导致后方车辆紧急避让并出现拥堵现象。事故现场有人员下车交涉。该事故造成该方向交通流受阻，车辆排队缓慢行驶，影响了整体通行效率，符合多车事故的异常特征。
510,5363,拥堵_20240110152409_突发事件_35308543.mp4,拥堵,异常停车,2024年1月10日15时24分，在外环高速曹安路北段，一辆白色面包车在最右侧车道内异常停车，车辆完全静止且开启双闪灯，后方车辆被迫减速避让，造成该车道通行受阻，持续时间超过30秒，符合异常停车特征。
511,5364,拥堵_20231106162757_突发事件_35056356.mp4,拥堵,抛洒物,2023年11月6日16时27分59秒，在外环高速莘庄立交东南方向的高架路段，画面显示多辆车辆在行驶过程中出现异常停车行为，其中一辆白色轿车在右侧车道内完全静止，未开启双闪灯，且驾驶员未下车处理，导致后方车辆被迫减速绕行，形成局部拥堵。该车辆长时间停靠在行车道上，影响了正常交通流，存在较大安全隐患。现场无施工设施、无二轮车辆闯入、无事故迹象，也未见抛洒物，初步判断为驾驶员违规停车所致。
513,5366,异常停车_20230718070839_突发事件_1959122.mp4,异常停车,抛洒物,2023年7月18日星期一早上7点08分至7点09分，位于城市快速路某路段（道路两侧有绿化带，道路标线清晰）出现持续性交通拥堵。该路段为多车道高速公路，双向通行，现场车辆密集，车流缓慢移动，部分车辆处于低速行驶或短暂停滞状态，未见明显事故或障碍物。涉事车辆包括多辆轿车、货车、厢式货车及一辆蓝色大型平板运输车，其中白色厢式货车、黑色SUV、黄色出租车、红色集装箱货车等均在车流中穿行。车辆整体行驶间距缩小，车速降低，后方车辆不断汇入导致排队长度逐渐增加，形成典型的早高峰拥堵特征。该拥堵影响范围较长，持续时间约一分钟且无缓解趋势，符合交通拥堵判断标准中的多辆车缓慢移动、排队长度超常、发生在瓶颈区域等条件。现场无异常停车、施工、事故或抛洒物等直接诱因，推测为早高峰车流量过大所致。
517,5370,异常停车_20240623140528_突发事件_35720007.mp4,异常停车,多车事故,2024年6月23日14时08分至14时09分，外环高速沪太立交东2枪机2监控画面显示，该路段为多车道高速公路，路面湿滑，天气为雨天。在视频起始阶段，右侧车道有一辆红色货车长时间停靠在应急车道上，车辆开启双闪灯，且无明显故障迹象或驾驶员在车旁活动，车辆处于完全静止状态。
523,5376,拥堵_20240113125113_突发事件_35316338.mp4,拥堵,抛洒物,2024年1月13日12时52分至12时53分，外环高速吴淞江桥路段出现抛洒物交通事件。在视频画面中，右侧车道上有白色不明物体，随后被后方车辆发现并紧急避让，导致多辆汽车减速绕行。该事件发生在高速公路主车道上，影响范围较小，但对行车安全构成潜在威胁。异常特征表现为抛洒物呈不规则形状，可能为货车运输过程中掉落的货物残片或杂物，且无人员下车处理或设置警示标志。
526,5379,占道施工_20231026001339_运行安全_34997796.mp4,占道施工,拥堵,2023年10月26日00:13:30至00:14:29期间，嘉闵高架路东侧西虹江南路段夜间出现占道施工交通事件。现场可见一辆黄色工程车停靠在道路右侧车道，车后方设置了一排反光锥桶，形成临时隔离带，占用部分行车道。一名身穿反光背心的工作人员在锥桶旁进行作业，手持工具并弯腰作业，疑似处理锥桶安装或维护工作。该施工区域导致右侧车道通行空间受限，车辆需减速绕行，影响了正常交通流。同时，施工区域未见明显警示牌或闪烁警示灯，但锥桶布置规范，符合占道施工标准。整体交通未出现拥堵，但存在潜在安全隐患。
527,5380,异常停车_20240616161312_突发事件_35708172.mp4,异常停车,拥堵,2024年6月16日16时13分至16时14分，外环高速虹梅南路段出现交通拥堵事件。该路段为多车道高速公路，双向车流密集，其中南向车道出现车辆缓行现象，车辆行驶速度明显下降，部分车辆处于低速移动或短暂停滞状态，形成连续排队缓行队列。涉事车辆包括各类轿车、货车及厢式运输车，均在正常行驶车道内行驶，未见异常停车、事故或施工迹象。拥堵主要集中在画面左侧中段区域，影响范围约数百米，持续时间超过1分钟，且无缓解趋势。异常特征表现为车辆间距缩小、车速降低、后方车辆被迫减速并频繁变道以适应通行，符合典型拥堵判断标准。
533,5386,二轮车辆闯入_20230719092936_突发事件_1966682.mp4,多车事故,二轮车辆闯入,2023年7月19日09时29分35秒左右，在北环高速同济路立交南段，一辆二轮车沿最右侧机动车道行驶，存在闯入禁止通行区域的行为。该二轮车驾驶员佩戴头盔，且车辆无明显牌照，行驶过程中未见逆行或横穿车道等危险行为，但其进入机动车道的行为违反了高速公路交通管理规定，对正常行驶的车辆构成潜在安全隐患。由于该路段为封闭式高速公路，本应禁止二轮车辆通行，因此该行为属于典型的二轮车辆闯入事件。现场其他车辆未出现紧急避让或减速情况，交通秩序整体保持正常，但该行为仍存在较大安全风险。
535,5388,异常停车_20240511180600_突发事件_35582216.mp4,异常停车,多车事故,2024年5月11日18时05分至18时06分，外环高速龙吴路路段在雨雾天气条件下发生一起多车事故。事故发生在道路右侧车道，涉事车辆包括一辆白色轿车和一辆黑色轿车，已经在最右侧车道停靠疑似发生追尾事故。部分车辆停靠在行车道内未开启双闪灯，驾驶员下车查看情况，造成后方车辆减速绕行，存在明显安全隐患。事故现场无明显散落物，但车辆位置异常，影响正常通行秩序，符合多车事故的典型特征。
536,5389,抛洒物_20240317093021_运行安全_35417598.mp4,抛洒物,拥堵,2024年6月17日09:30:47至09:31:45期间，在外环高速曹安路北段，多辆汽车和货车在道路上缓慢移动或完全停止，形成明显的交通拥堵现象。涉事车辆包括轿车、货车和卡车等各类机动车，它们在多个车道上密集排列，车流密度极高，导致车辆行驶速度极低。此次拥堵发生在高速公路的瓶颈区域，影响了大量车辆的正常通行，异常特征表现为车辆排队长度超过正常范围，且持续时间较长，无明显缓解趋势，符合拥堵判断标准中的多辆车缓慢移动或完全停止、排队车辆长度超过正常范围、持续一段时间且无缓解趋势等条件。
538,5391,占道施工_20240412152112_运行安全_35519156.mp4,拥堵,占道施工,2024年04月12日15:21:08至15:21:25，在外环高速淞滨路西，视频显示存在占道施工交通事件。左侧车道被多个红白色相间的锥桶遮挡，导致该车道无法通行，车辆被迫在右侧车道行驶，形成明显的车道数量减少情况。涉事车辆包括多辆轿车和货车，它们在施工区域附近变道或减速，显示出施工对交通流的影响。此外，施工区域设有警示牌和闪烁警示灯，进一步提示过往车辆注意避让。整体来看，此次占道施工导致右侧车道车辆行驶受阻，存在一定的交通拥堵风险，且施工设施明显占据行车道，符合占道施工的典型特征。
542,5395,二轮车辆闯入_20230721180300_突发事件_33393898.mp4,二轮车辆闯入,拥堵,2023年7月21日18时02分至18时03分，S20外环线至S4金山方向高架路段出现交通拥堵事件，该路段为双向多车道高架道路，两侧有绿化带和立交桥结构。视频显示，从18:02:48开始，道路中间车道车辆行驶缓慢，车流密度逐渐增大，车辆间距明显缩小，部分车辆刹车灯持续亮起，表明车速降低或处于缓行状态。涉事车辆包括多辆轿车、SUV、客车及一辆黄色公交车，均在正常行驶中未见异常停车或事故迹象。由于车流量较大且通行速度受限，导致后方车辆排队长度逐渐增加，形成持续性拥堵。拥堵影响范围覆盖至少三车道，且无明显施工或障碍物阻塞，推测为早高峰时段车流集中所致。整体表现为典型的城市快速路拥堵特征，无其他异常行为或事故发生。
543,5396,多车事故_20240405161100_突发事件_35468341.mp4,多车事故,抛洒物,2024年4月5日16时19分23秒，在武宁路地道南线西向东方向，一辆白色SUV在行车道内异常停车，车辆后方有人员下车并站在车旁，后方多辆车辆被迫减速避让，造成该车道短暂拥堵。该车开启双闪灯，驾驶员下车查看，驾驶员及乘客均未下车，随后车辆开启正常行驶灯并驶离。现场无明显故障迹象，也未见施工设施或抛洒物，主要异常特征为车辆在行车道内静止引发后方车辆绕行，存在安全隐患。
544,5397,多车事故_20240523200201_突发事件_35628681.mp4,多车事故,异常停车,2024年5月23日20时01分56秒至20时02分57秒，外环高速吴淞江桥路段出现异常停车事件。一辆红色货车在右侧车道内完全静止，车辆未开启双闪灯，且无交通信号灯或标志允许其停车，驾驶员不在车内，车辆明显处于非正常行驶状态。该车停靠位置导致后方多辆车辆被迫减速绕行，造成局部交通拥堵，影响通行效率。周围车辆包括轿车、货车及集装箱运输车等，均未见明显避让或减速行为，但该车长时间静止状态与非紧急情况下的临时停车存在本质差异，符合异常停车特征。
547,5400,异常停车_20240614152918_突发事件_35704870.mp4,异常停车,拥堵,2024年6月14日15时29分15秒至15时30分11秒，外环高速莘庄立交东（外）路段出现异常停车事件。一辆白色轿车在最左侧车道内完全静止，未开启双闪灯，车辆处于非停车区域且无交通信号灯或标志允许停车，驾驶员不在车内，车辆明显处于故障状态。该车停在行车道上，导致后方多辆车辆被迫减速绕行，造成短时交通拥堵，影响了正常通行秩序。周围车辆包括轿车、货车、客车等均正常行驶，但该车长时间静止无疑构成交通安全隐患。
548,5401,异常停车_20240616183802_突发事件_35708477.mp4,异常停车,抛洒物,2024年6月6日15:36至15:37，在外环高速吴中入口匝道（外）路段，未知车辆在行驶过程中遗落了货物，导致车道上出现抛洒物。这一事件对后续车辆造成了影响，多辆车辆为了避让抛洒物不得不紧急刹车或变道，存在一定的安全隐患。异常特征表现为车道上有明显异物，且后方车辆出现了绕行的行为，进一步证实了抛洒物的存在及其对交通的影响。
552,5405,占道施工_20240328073239_运行安全_35446735.mp4,拥堵,占道施工,2024年03月28日星期四03:32至03:53，在外环高速铁山路段，视频显示该区域存在占道施工情况。施工区域由锥桶和临时围栏进行隔离，车道被部分遮挡，导致车辆需变道或减速行驶。虽然未见明显施工人员操作设备，但施工设施的存在使得道路通行空间受限，影响了正常交通流。此外，施工区域设有警示标志，提醒过往车辆注意避让，确保行车安全。整体来看，此次占道施工事件符合占道施工的异常特征，存在明显的施工设施遮挡车道、车辆需变道或减速以及设有警示标志等典型特征。
554,5407,抛洒物_20240113021704_运行安全_35315222.mp4,抛洒物,异常停车,2024年01月13日星期六凌晨02:16:02至02:17:02期间，在外环高速沪渝立交-1枪机1监控区域，一辆白色货车在最右侧车道停靠，车辆开启双闪灯，符合异常停车行为。
561,5414,多车事故_20240209221400_突发事件_35359491.mp4,拥堵,多车事故,2024年2月9日22时14分，武宁路地道南线西向东方向发生多车事故交通事件。事故发生在隧道内靠近出口区域，涉事车辆包括多辆小轿车，其中一辆白色轿车与前方车辆发生追尾碰撞，导致后方车辆紧急刹车并引发连锁反应，形成抛洒物。车辆满载，行驶缓慢，部分车辆存在位置异常、可见碰撞痕迹及位置异常情况，车辆排队缓慢通过，影响整体通行效率。现场未见明显人员下车交涉或交警到场，但事故持续存在，对通行造成一定影响。
564,5417,占道施工_20240525231344_运行安全_35637175.mp4,占道施工,拥堵,2024年05月25日23:13至23:14期间，在外环北侧K208+490处，发生了一起占道施工交通事件。现场可见一辆工程车辆缓慢行驶在右侧车道上，车辆顶部的警示灯闪烁，周围放置了多个交通锥桶以隔离施工区域。施工人员穿着反光背心，正在进行相关操作。由于施工占用了一部分车道，导致该区域的车道数量减少，过往车辆需减速并变道行驶，对交通流产生了一定影响。此外，施工区域设有明显的警示标志，提醒驾驶员注意避让。整个过程中，车辆有序通过，未出现严重的交通拥堵现象。
568,5421,占道施工_20231025233458_运行安全_34997684.mp4,占道施工,抛洒物,2023年10月29日23时34分至23时35分，外环高速吴中路路段夜间发生占道施工交通事件。现场有多名身穿反光背心、头戴安全帽的施工人员在道路右侧车道作业，其中一名工作人员推着蓝色工具箱沿车道行走，另一名工作人员在锥桶旁整理锥桶。施工区域用一排红白相间的交通锥桶围出作业区，部分车道被封闭，导致车辆需绕行或减速通过。施工车辆为黄色工程车，停靠在施工区域前方，未见明显施工行为。过往车辆包括多辆轿车、货车及厢式货车，均正常行驶并保持一定车距，未出现拥堵或事故现象。施工区域位于高速公路主路右侧，对通行造成一定影响，但整体交通秩序可控，未发现异常停车、事故或抛洒物等情况。
569,5422,异常停车_20240510232403_突发事件_35579518.mp4,多车事故,异常停车,2024年5月10日23时24分，在外环高速莘庄立交东（外）路段，一辆红色货车在行车道上异常停车，车辆完全静止且开启双闪灯，驾驶员不在车内，导致后方多辆车辆被迫减速绕行，交通流出现明显滞缓，存在安全隐患。该行为违反了非停车区域禁止停车的规定，且无交通信号灯或标志允许停车，符合异常停车的判断标准。
575,5428,二轮车辆闯入_20230715120358_突发事件_1149570.mp4,二轮车辆闯入,拥堵,2023年7月15日12时03分至12时04分，位于城市高架道路南向车道（靠近右侧隔音屏障）发生拥堵事件。该路段为多车道高速公路，车流密集，主要由轿车、货车及厢式运输车组成，其中包含红色、白色、蓝色、黄色和黑色等多种颜色的车辆。视频显示，从12:03:54开始，右侧车道车辆行驶缓慢，部分车辆出现排队现象，尤其靠近右侧护栏处形成明显拥堵队列，持续时间约一分钟且无缓解趋势。涉事车辆包括多辆大型货车、厢式货车、轿车及摩托车，其中红色集装箱货车、白色厢式货车、黄色工程车和蓝色货车等在拥堵区域中较为显著。由于车流密集，车辆间距极小，后方车辆被迫减速或变道绕行，导致通行效率显著下降。现场未见事故、施工或抛洒物等直接诱因，但整体车流密度高，存在潜在追尾风险，符合拥堵判断标准中的多辆车缓慢移动、排队长度超常、发生在瓶颈区域等特征。
580,5433,异常停车_20230716171405_突发事件_1154789.mp4,拥堵,异常停车,2023年7月17日16时14分至16时15分，外环高速丰翔路路段出现异常停车事件。一辆白色轿车在右侧应急车道内突然减速并完全停止，车辆未开启双闪灯，且驾驶员未见下车处理，车辆位置处于非停车区域，导致后方多辆汽车被迫减速绕行。该车停车期间影响了正常行车秩序，存在较大安全隐患。周围车辆行驶速度明显降低，部分车辆避让至相邻车道，造成局部交通流紊乱。该行为符合异常停车判断标准中的多项特征：完全静止、无合法停车条件、未开启警示灯、影响后方通行。
582,5435,异常停车_20240525010240_突发事件_35633385.mp4,异常停车,拥堵,2024年05月25日星期六01:02:35至01:03:33，在某高速公路路段，发生了一起多车事故。涉事车辆包括一辆白色轿车和一辆白色SUV，白色轿车在右侧车道行驶过程中突然变道，导致与前方白色SUV发生碰撞，随后在行车道上停车。事故现场有人员下车查看情况，其他车辆被迫紧急避让或停滞，造成了交通拥堵。异常特征表现为车辆位置异常，且有人员下车交涉，且事故区域交通流明显受阻，持续时间较长，影响了后续车辆的正常行驶。
584,5437,多车事故_20240604063143_突发事件_35669650.mp4,多车事故,异常停车,2023年9月20日09:50至09:51期间，G60市区方向至S20内环高架路段出现交通拥堵事件。该路段为多车道高速公路，车流密集，包含轿车、货车、厢式货车及大型集装箱运输车等多种车型。视频显示，从画面右侧开始，一辆红色集装箱货车在右侧车道缓慢行驶，后方车辆持续排队，车速明显降低，形成连续的缓行状态。随后，一辆白色面包车从左侧车道驶入并逐渐靠近拥堵点，但未见明显干预措施。随后，一辆蓝色集装箱货车和一辆黄色工程车先后驶入右侧车道，进一步加剧了通行压力。由于车辆密集、行驶缓慢且无明显事故迹象，导致后方车辆被迫减速或变道，形成持续性拥堵。整个过程中，未见抛洒物、施工设施或异常停车情况，但因车流量大且车辆类型多样，造成通行效率下降，影响正常交通秩序。
588,5441,占道施工_20240508001513_运行安全_35567754.mp4,拥堵,占道施工,2024年5月8日00:16至00:17期间，在S26沪常高速主线金光路东侧（K13+730）路段，发生了占道施工交通事件。现场可见多辆工程车辆和施工人员在道路右侧进行作业，施工区域被锥桶和围栏遮挡，导致车道数量减少，车辆需变道或减速通行。施工人员穿着反光背心，操作设备，施工区域设有警示牌和闪烁警示灯，以提醒过往车辆注意避让。此次施工对正常交通造成一定影响，车辆在经过该区域时需谨慎驾驶，以确保安全。异常特征包括施工设施占据部分车道、施工人员现场作业以及明显的警示标志和灯光提示。
592,5445,占道施工_20230923001746_运行安全_34849181.mp4,拥堵,占道施工,2023年9月23日00:17至00:18期间，嘉闵西侧真南路出口路段夜间出现占道施工交通事件。现场可见多辆工程车辆停靠在右侧车道，包括一辆黄色工程车和一辆红色警用SUV，车辆周围设置有多个红白相间的交通锥桶，形成临时隔离带，占用部分行车道。施工区域前方设有警示灯和指示牌，提示前方施工。施工区域内未见明显施工人员活动，但存在明显的施工设施布置，导致该车道通行能力下降，过往车辆需减速绕行，影响了正常交通流。整体表现为典型的占道施工异常情况，符合占道施工判断标准中的“车道被施工设施遮挡”、“设有警示标志”、“车道数量减少”及“车辆需变道或减速”等特征。
600,5453,二轮车辆闯入_20230718131337_突发事件_1960871.mp4,二轮车辆闯入,拥堵,2023年7月18日13时13分至13时14分，外环高速仙霞路（内）路段出现拥堵交通事件。该路段为多车道高速公路，双向车流密集，车辆包括轿车、货车、客车及大型运输车等各类机动车。从视频画面可见，从13:13:05开始，右侧车道车辆行驶缓慢，车距明显缩短，部分车辆处于低速移动或短暂停滞状态，形成持续性拥堵，排队车辆长度超过正常范围，且无缓解趋势。拥堵主要集中在靠近右侧护栏的车道，左侧车道虽有车辆通行但车速也明显降低。未见明显事故、施工或抛洒物等直接诱因，推测可能因前方道路瓶颈或流量高峰导致。整体影响为通行效率下降，车辆通行速度显著降低，存在潜在追尾风险。异常特征表现为长时间、大范围的车辆缓行现象，符合典型拥堵判断标准。
601,5454,异常停车_20240509123203_突发事件_35573824.mp4,异常停车,拥堵,2024年5月9日12时32分，外环高速吴淞江桥南路段出现交通拥堵事件，现场多辆机动车在道路上缓慢行驶或处于停滞状态，车辆排成长队，持续时间超过10秒且无缓解趋势。涉事车辆包括多辆轿车、货车及厢式货车，其中一辆红色集装箱货车和一辆白色厢式货车在画面中较为显眼，均处于低速行驶状态。该路段为双向多车道高速公路，右侧车道有车辆排队通过，左侧车道车流相对顺畅但受阻明显。异常特征表现为车辆间距缩小，车速显著降低，部分车辆频繁变道，整体通行效率下降，符合拥堵判断标准中的多辆车缓慢移动、排队长度超常且无缓解趋势等特征。
607,5460,占道施工_20240501160403_运行安全_35551690.mp4,占道施工,拥堵,2024年05月01日16:03:55至16:04:14，在外环高速松滨路西枪机2处，视频显示该路段正在进行占道施工。施工区域由多个锥桶和围栏进行隔离，部分车道被遮挡，车辆需变道或减速通行。虽然未见明显施工人员操作设备，但施工设施明显影响了道路的正常通行，导致车辆行驶路径改变，存在一定的交通安全隐患。异常特征包括施工区域内的交通流明显受阻，车辆行驶速度减缓，但未出现拥堵或事故情况。
609,5462,二轮车辆闯入_20230721183411_突发事件_33393915.mp4,二轮车辆闯入,拥堵,2023年7月21日18时34分，外环高速仙霞路（内）路段出现严重交通拥堵，现场多车道车辆缓慢行驶或完全停滞，车流密集且持续时间较长，车辆尾灯连成一片红色光带，表明通行速度极低。涉事车辆包括大量轿车、货车、客车及大型运输车辆，其中部分大型货车因体积较大导致车道内车辆间距缩小，加剧了通行压力。道路两侧绿化带清晰可见，路面湿滑，可能为刚下过雨，能见度较低，进一步加剧了拥堵风险。该路段为双向多车道高速公路，无明显施工迹象，也未发现异常停车、事故或抛洒物等情况，但因车流量大且处于高峰时段，导致整体通行效率显著下降，形成典型拥堵现象。
612,5465,二轮车辆闯入_20230715130813_突发事件_1149802.mp4,二轮车辆闯入,多车事故,2023年7月15日15时03分15秒，在外环高速吴淞江桥路段，一辆红色货车停靠在道路右侧应急车道上，且无明显施工或故障迹象，该车长时间静止于非停车区域。
615,5468,抛洒物_20240308063832_运行安全_35394541.mp4,抛洒物,异常停车,2023年8月6日06:38:29至06:39:28期间，外环高速淞滨路西路段，一辆红色集装箱货车在右侧车道内长时间静止不动，车辆未开启双闪灯，驾驶员不在车内，且无任何施工或故障迹象，该行为符合异常停车特征。
619,5472,占道施工_20240326010838_运行安全_35439821.mp4,拥堵,占道施工,2024年3月26日01:08:35至01:09:33期间，外环高速顾戴路路段夜间发生占道施工交通事件。现场可见一辆黄色工程车停靠在右侧车道，车后方设置多排反光锥桶，形成临时隔离带，多名身穿反光背心的施工人员在车辆周围作业，部分人员在移动锥桶或调整位置。该施工区域占用了一条行车道，导致过往车辆需减速并变道绕行，影响了正常通行秩序。施工区域设有警示灯和反光标识，但未见明显的施工围挡或大型机械作业，存在一定的安全隐患。整体交通流虽未完全中断，但存在明显的拥堵迹象，属于典型的占道施工异常情况。
620,5473,拥堵_20240101092944_突发事件_35283158.mp4,拥堵,多车事故,2024年01月01日星期一09:29:41至09:29:56期间，在外环高速吴中路路段，多辆汽车在行车道上呈长队态缓慢移动，部分车辆位置异常， suggestive of traffic congestion.
622,5475,异常停车_20240621123754_突发事件_35716942.mp4,异常停车,拥堵,2024年6月21日12时37分至12时38分，位于城市快速路某路段（具体位置未标注）出现交通拥堵事件。该路段为多车道高速公路，两侧有绿化带和护栏，路面湿滑，天气阴沉。视频显示，从12:37:53开始，该路段车流密集，车辆行驶缓慢，部分车辆在多个车道内排队缓行，车距明显缩短，整体通行效率下降。涉事车辆包括各类轿车、货车、厢式货车及大型运输车，如红色集装箱货车、蓝色集装箱货车、黄色平板拖车等，均处于正常行驶状态但速度较慢。未见异常停车、施工或事故迹象，也无二轮车辆闯入或抛洒物情况。拥堵主要集中在画面中段及右侧车道，车辆排队长达数百米，持续时间约一分钟，且无缓解趋势。该事件符合拥堵判断标准：多辆车缓慢移动或完全停止，排队车辆长度超过正常范围，发生在匝道等瓶颈区域，影响整体通行效率。
623,5476,多车事故_20240614081549_突发事件_35703757.mp4,多车事故,异常停车,2024年6月14日08时15分至08时16分，外环高速吴淞江桥南路段，一辆白色轿车在最右侧应急车道停靠，车辆未开启，持续时间超过30秒，符合异常停车行为。
624,5477,异常停车_20240509190024_突发事件_35575641.mp4,异常停车,拥堵,2024年5月9日19时00分至19时01分，外环高速曹安路北段发生交通拥堵事件。现场多辆轿车、货车及大型运输车辆在夜间行驶过程中，车流密集，车辆间距极小，刹车灯持续亮起，形成明显的红色光带，表明车辆处于低速行驶或短暂停滞状态。涉事车辆包括各类私家车、厢式货车、集装箱卡车及大型运输车，均在正常车道内行驶，未见异常停车、事故或施工迹象。拥堵主要集中在道路中段，车辆排队长度持续增加，通行效率显著下降，且无明显缓解趋势。该路段为城市快速路，无施工围挡或障碍物，也未发现抛洒物或二轮车辆闯入等情况，推测为高峰时段车流量过大所致，属于典型拥堵现象。
633,5486,占道施工_20231027000335_运行安全_35004115.mp4,占道施工,拥堵,2023年10月27日00:03:30至00:04:27期间，外环S6立交内圈上匝道处发生占道施工交通事件。现场可见一辆黄色工程车停靠在道路左侧车道，车顶闪烁着警示灯，周围摆放了多个红白相间的交通锥桶，形成临时隔离区域。一名身穿反光背心的工作人员在工程车旁进行作业，车辆缓慢行驶通过该区域。该施工区域导致左侧车道被部分占用，过往车辆需减速并变道绕行，影响了正常通行效率。施工区域设有明显的警示标志和灯光提示，符合夜间施工安全规范，但未见施工围挡或大型施工设备，推测为小型维护或检查作业。整体交通流未出现严重拥堵，但存在因车道减少导致的通行延误现象。
636,5489,异常停车_20240531151026_突发事件_35658797.mp4,异常停车,多车事故,2024年5月31日15时10分23秒至15时11分20秒，外环高速丰翔路南段监控画面显示，一辆红色货车在道路右侧应急车道内长时间静止不动，车辆未开启双闪灯，且驾驶员不在车内，周围无施工或事故迹象。该车停靠位置位于前方500米紧急停车带指示牌附近，导致后方多辆小型客车被迫减速绕行，影响了行车秩序和通行效率。此行为符合异常停车特征，存在安全隐患，可能引发追尾或二次事故。
637,5490,二轮车辆闯入_20230720182619_突发事件_33391531.mp4,二轮车辆闯入,拥堵,2023年7月20日18时26分，外环高速龙吴路路段出现严重交通拥堵，现场多车道车辆缓慢行驶或完全停滞，车流密集且持续时间较长，未见明显事故或障碍物。涉事车辆包括大量轿车、货车及客车，其中红色货车、白色厢式货车和黄色出租车等在拥堵路段中较为显著，车辆间距极小，部分车辆开启双闪灯，整体通行效率显著下降。该路段为双向多车道高速公路，右侧应急车道未受影响，左侧对向车道车流正常，表明拥堵主要集中在主路。由于车流量大且无明显施工或抛洒物迹象，推测拥堵可能由前方交通瓶颈或高峰时段叠加所致，影响范围覆盖多个车道，对通行造成较大延误。
641,5494,拥堵_20231208070947_突发事件_35202718.mp4,拥堵,二轮车辆闯入,2023年12月8日17时09分至17时10分，S20内至G60出省方向匝道处发生拥堵事件。该路段为城市高架道路，双向车道中单向车流密集，车辆行驶缓慢，多辆小轿车、货车及客车在匝道汇入前段区域形成明显排队现象，车辆间距缩小，行驶速度显著降低，部分车辆处于低速蠕动状态，未见完全停止但通行效率显著下降。涉事车辆包括白色、黑色、红色等多种颜色的私家车及一辆绿色大巴车，均在正常车道内行驶，未发现异常停车、事故或占道施工迹象。拥堵影响范围覆盖多个车道，持续时间约一分钟，且无缓解趋势，符合典型早高峰时段因车流量大引发的交通拥堵特征。现场无可见抛洒物、施工设施或二轮车辆闯入情况，亦无人员下车交涉或交警到场处理，推测为常规性交通缓行。
642,5495,拥堵_20240206132119_突发事件_35355258.mp4,拥堵,异常停车,2023年7月16日08时13分至08时14分，S20内至G60出省方向的高架路段出现交通拥堵事件，地点位于通往杭州方向（G60）与浦东机场方向（S20）的交汇处附近。该路段为双向多车道高架道路，两侧有绿化带和指示牌，车辆行驶缓慢，车流密集且持续排队，车辆间距明显缩小，部分车辆处于低速移动或短暂停滞状态，未见明显事故或障碍物。涉事车辆包括多辆轿车、SUV、货车及面包车，均在正常车道内行驶，无逆行、变道不慎或碰撞迹象。拥堵主要集中在靠近杭州方向入口的匝道区域，导致后方车辆被迫减速并排长队，影响通行效率。异常特征表现为长时间、大范围的车辆缓行，符合典型拥堵判断标准，且无施工、抛洒物或异常停车等其他干扰因素。
644,5497,拥堵_20231010143351_突发事件_34916901.mp4,拥堵,多车事故,2023年10月10日星期一14时33分至14时34分，位于城市高架道路主干道上，靠近右侧匝道入口处发生多车事故。涉事车辆包括一辆轿车和一辆货车，其中一辆白色SUV与前方轿车发生追尾碰撞，导致车辆横向偏移并阻塞了右侧车道。事故现场有人员下车查看情况，部分车辆停靠在行车道内未及时撤离，导致该路段交通流明显受阻，车辆行驶缓慢，出现短时拥堵现象。异常特征表现为车辆位置异常（横跨车道、斜停）、存在明显碰撞痕迹以及后方车辆紧急避让行为。
645,5498,占道施工_20240524002533_运行安全_35628720.mp4,占道施工,抛洒物,2024年5月24日00:25至00:26期间，在K14+050路段的高速公路夜间监控画面中，一辆白色轿车在右侧车道完全停止，车辆未开启双闪灯，驾驶员未下车或采取其他应急措施。该车停靠位置位于行车道，非停车区域，且无任何允许停车的交通信号或标志。其异常停车行为导致后方车辆被迫减速绕行，影响了正常交通流，存在安全隐患。现场无施工设施、无二轮车辆闯入、无抛洒物或事故迹象，初步判断为临时故障或驾驶员突发状况所致。
646,5499,拥堵_20240301080429_突发事件_35381314.mp4,多车事故,拥堵,2024年3月1日08:07至08:08期间，S20LSTV04监控点位显示某城市高架道路双向车道出现严重交通拥堵，车辆行驶缓慢，车流密集且持续无缓解趋势。涉事车辆包括多辆轿车、货车、客车及出租车，其中一辆白色大巴车和一辆黄色平板货车在车流中较为显眼，但未见异常停车或事故迹象。车辆普遍开启双闪灯，部分车辆刹车灯持续亮起，表明车速极低或处于缓行状态。道路两侧绿化带清晰，无施工设施或障碍物，亦无二轮车辆闯入或抛洒物存在，整体车流呈现典型高峰时段拥堵特征，影响范围覆盖多个车道，持续时间约一分钟，符合拥堵判断标准。
650,5503,占道施工_20230930014551_运行安全_34882479.mp4,拥堵,占道施工,2023年9月30日星期六凌晨1点45分至1点46分，K14+050路段夜间出现占道施工交通事件。施工区域位于道路右侧车道，现场设置有多个橙白相间的交通锥桶，形成临时隔离带，占用部分行车道。一辆黄色工程车缓慢行驶在施工区域内，车顶闪烁警示灯，两名身穿反光背心的施工人员在路边作业，其中一人手持工具进行施工作业，另一人协助搬运物资。施工区域前方设有警示标志和闪烁警示灯，提示过往车辆注意避让。该施工行为导致右侧车道通行空间受限，车辆需减速并变道绕行，影响了正常交通流。整体表现为典型的占道施工场景，符合施工区域设置交通锥桶、工程车辆及施工人员作业等规范标准。
651,5504,异常停车_20240613151852_突发事件_35701795.mp4,异常停车,多车事故,2024年6月13日15时18分至15时19分，外环高速莘朱路路段出现异常停车事件。一辆红色集装箱货车在右侧车道内完全静止，开启双闪灯，驾驶员下车在车旁活动，车辆长时间停靠在行车道上，导致后方多辆货车及轿车被迫减速绕行，形成局部拥堵。该车停靠位置位于道路右侧靠近护栏处，周围无施工设施或警示标志，也无其他车辆发生碰撞或事故迹象，整体交通流受到影响，车辆通行效率下降，存在安全隐患。
658,5511,占道施工_20240218000250_运行安全_35365007.mp4,拥堵,占道施工,2024年02月18日00:02:45至00:03:42，在某高速公路的夜间路段，发生了一起占道施工交通事件。视频显示，左侧车道被大量红白相间的交通锥桶封闭，形成明显的施工隔离带，车辆被迫在右侧车道缓慢通行。涉事车辆为一辆工程车，其后方有施工车辆跟随，表明正在进行道路维护或施工活动。由于车道被部分遮挡，过往车辆需变道行驶，导致该路段车流速度减缓，影响了正常交通秩序。异常特征包括：车道被锥桶遮挡，车辆需变道或减速，施工车辆在车道内行驶，未见施工人员穿戴反光背心或操作设备，但施工区域设有警示标志，符合占道施工的典型特征。
660,5513,异常停车_20240605184502_突发事件_35677335.mp4,多车事故,抛洒物,2024年6月6日10时44分30秒左右，在外环高速虹梅南路路段，道路上有不明物体，该抛洒物位于行车道中央，尺寸较大，导致后方及前方车辆紧急避让或减速，存在安全隐患，Observable特征为黄色物体位于车辙区域，疑似为货车运输过程中掉落的货物包装材料或杂物。
661,5514,异常停车_20230717102944_突发事件_1156236.mp4,拥堵,二轮车辆闯入,2023年7月17日10时29分45秒，在外环高速吴中路路段，一辆二轮车驶入主路，与多辆正常行驶的汽车发生近距离交错。该二轮车佩戴头盔，无明显牌照，且在高速公路上行驶过程中存在横穿车道等危险行为，导致后方车辆紧急避让，引发短暂交通秩序混乱。其闯入行为违反了高速公路禁止非机动车通行的规定，构成典型二轮车辆闯入事件，对道路安全构成严重威胁。
663,5516,多车事故_20240625161301_突发事件_35724773.mp4,多车事故,占道施工,2024年6月25日15时12分，在外环高速北翟路立交北侧路段，道路上有不明物品散落在车道中央，未见明显车辆碰撞痕迹但车辆在经过该区域时出现明显减速和避让行为，Fit 0781轿车甚至完全停止，表明该区域存在潜在安全隐患，且无施工或事故迹象，初步判断为占道施工引发的抛洒物交通事件。
666,5519,拥堵_20230825183322_突发事件_34654762.mp4,拥堵,二轮车辆闯入,2023年08月25日星期六11时30分20秒左右，在城市快速路中间路段，一辆二轮车辆从右侧车道驶入主路，行驶过程中未见明显专用二轮车道或禁止标志，驾驶员佩戴头盔。该二轮车在车流中穿行，与多辆轿车和货车并行，存在逆行、横穿车道等危险行为，且未在专用非机动车道内行驶，属于典型的二轮车辆闯入高速公路交通事件，对周边车辆造成潜在安全隐患，影响道路通行秩序。
667,5520,拥堵_20231102084523_突发事件_35035329.mp4,拥堵,抛洒物,2023年11月2日星期四上午8时45分至8时46分，外环高速同济路立交东侧路段出现严重交通拥堵。该路段为多车道高架道路，车流密集，车辆以缓慢速度行驶，部分车辆处于停滞状态，排队长度持续延伸，影响通行效率。涉事车辆包括大量轿车、SUV、货车及客车，均在正常行驶过程中因前方车流缓慢而被迫减速或停止。车辆在多个车道内密集排列，形成连续的拥堵带，且无明显事故或施工迹象，但整体车流速度显著低于正常水平，存在典型的拥堵特征。该拥堵事件发生在早高峰时段，对区域交通造成较大压力，但未见异常停车、占道施工、二轮车辆闯入或抛洒物等其他异常情况。
669,5522,占道施工_20240421231656_运行安全_35505730.mp4,占道施工,异常停车,2024年04月21日23:16至23:48，在外环高速沪太立交东1-2路段，发生了一起占道施工交通事件。现场可见多辆工程车辆和施工人员，他们穿着反光背心，正在进行道路施工操作。施工区域被锥桶和围栏遮挡，导致车道数量减少，车辆需变道或减速通行。施工人员在施工现场进行作业，而过往车辆则被迫减速或变更车道以绕行。此事件影响了该路段的正常交通秩序，造成了一定的交通拥堵风险，但未见明显的事故或异常停车情况。整个过程中，施工区域设有警示标志和闪烁警示灯，确保过往车辆能够及时注意到施工情况并采取相应措施。
670,5523,占道施工_20240126003046_运行安全_35337929.mp4,占道施工,拥堵,2024年1月26日00:30至00:31期间，在北环高速水产路路段，发生了一起占道施工交通事件。现场可见多辆工程车辆和施工人员在车道上进行作业，施工区域被多个锥桶围挡，导致车道数量减少，车辆需变道或减速通行。施工人员穿着反光背心，操作设备，施工区域设有警示牌和闪烁警示灯，以提醒过往车辆注意避让。此次施工影响了该路段的正常交通秩序，导致部分车辆被迫减速或绕行，但未造成严重拥堵。异常特征包括施工设施遮挡部分车道、施工人员现场作业以及明显的警示标志。
671,5524,占道施工_20230717002541_运行安全_1156039.mp4,拥堵,占道施工,2023年9月3日17时25分至17时26分，外环高速蕴藻浜桥北2（外）路段夜间出现占道施工交通事件。现场可见一辆黄色工程车停靠在右侧车道，车身带有反光标识，周围设置了一排红白相间的交通锥桶，形成临时隔离带，占用部分行车道。一名身穿反光背心的施工人员在锥桶旁活动，疑似进行道路维护或施工作业。该施工区域导致右侧车道通行空间受限，车辆需减速绕行，影响了正常交通流。同时，施工区域设有警示灯，闪烁提示过往车辆注意安全。整体交通秩序虽未完全中断，但存在明显的车道缩减和车速降低现象，符合占道施工的典型特征。
673,5526,拥堵_20240227075605_突发事件_35376429.mp4,拥堵,多车事故,2024年2月27日07:50:00至07:51:00，G50出省方向与S20内环高架路段之间的高架桥上发生一起多车事故，一辆白色轿车和白色SUV疑似发生碰撞。白色轿车在右侧车道完全静止，车头朝向正常行驶方向，驾驶员下车查看情况，其车辆旁有一人站立疑似求助。白色SUV则在后方正常行驶，后因避让该车而减速并逐渐跟随，最终停在最后面。事故导致后方车辆被迫减速绕行，交通流出现短暂拥堵，部分车辆排队缓慢移动。现场未见明显抛洒物或施工设施，但车辆异常停车及人员下车行为符合多车事故特征。
674,5527,占道施工_20231021011432_运行安全_34970740.mp4,占道施工,拥堵,2023年10月21日01时14分至01时15分，嘉闵高架路东侧嘉美路南段夜间出现占道施工交通事件。现场可见一名身穿反光背心、头戴安全帽的施工人员在道路左侧车道内作业，手持工具并沿车道边缘缓慢移动，周围设置了一排红白相间的交通锥桶，形成临时隔离带，占用部分行车道。施工区域前方有一辆亮着警示灯的工程车缓慢行驶，车顶闪烁蓝紫色灯光，疑似为施工或应急车辆。该施工行为导致左侧车道通行空间受限，车辆需减速绕行，影响了正常交通流，但未造成严重拥堵。施工人员在作业过程中未发生突发事故，但存在一定的交通安全隐患，需加强现场管理与警示措施。
675,5528,二轮车辆闯入_20230719192622_突发事件_5963995.mp4,二轮车辆闯入,拥堵,2023年7月19日19时26分，外环高速莘庄立交北段发生交通拥堵事件，现场多辆小客车、货车及厢式货车在多个车道内缓慢行驶或停滞，车流密集且持续时间较长，车辆间距明显缩小，刹车灯连成一片，部分车辆出现变道和减速行为，整体通行效率显著下降，未见异常停车、施工设施或事故迹象，但因车流量大导致通行不畅，形成典型拥堵现象。
677,5530,拥堵_20230821144719_突发事件_34616939.mp4,拥堵,占道施工,2023年8月21日14时47分至14时48分，位于嘉闵高架路西向的入口匝道发生拥堵事件。该路段为双向多车道高架道路，右侧车道出现车辆缓慢行驶及排队现象，车流密度逐渐增大，车辆间距明显缩小，部分车辆刹车灯持续亮起，表明通行速度显著下降。涉事车辆包括多辆轿车、SUV及小型货车，其中白色、黑色、红色等颜色的车辆在车流中穿行，未见异常停车、事故或施工迹象。左侧车道车流相对顺畅，但因右侧车道拥堵导致整体通行效率降低。该拥堵发生在隧道入口附近，属于典型高峰时段交通压力所致的缓行现象，未发现明显的抛洒物、占道施工或交通事故等其他异常情况，但车辆行驶速度普遍低于正常水平，存在潜在安全隐患。
679,5532,占道施工_20231011024603_运行安全_34919184.mp4,异常停车,占道施工,2023年10月11日02:45至02:46期间，外环高速北翟路路段夜间发生占道施工交通事件。现场可见一辆黄色工程车停靠在最左侧车道，车顶警示灯持续闪烁，车身周围设置多个红白相间的交通锥桶，形成临时隔离区域。两名身穿反光背心的施工人员在车辆附近活动，其中一人手持工具，另一人靠近车辆进行作业。该施工区域占用了一条行车道，导致后方车辆需减速绕行，部分车辆在通过时出现变道行为。整体交通流受影响，但未出现严重拥堵或事故。异常特征包括：施工设施（锥桶、工程车）、人员穿戴反光背心、警示灯提示，符合占道施工标准。
680,5533,二轮车辆闯入_20230719204751_突发事件_6964387.mp4,二轮车辆闯入,异常停车,2023年7月19日20时17分，外环高速沪太立交西2枪机2监控画面显示，夜间道路上车辆正常行驶，一辆红色货车在最右侧车道停靠，车辆开启双闪灯，驾驶员下车处理，符合异常停车行为。
682,5535,异常停车_20240604074559_突发事件_35670346.mp4,异常停车,拥堵,2024年6月4日早上7点45分至7点46分，嘉闵西桃浦公路南路段出现交通拥堵事件。该路段为多车道高速公路，车流密集，车辆以较慢速度行驶，部分车辆处于停滞状态，后方车辆持续排队，形成明显拥堵现象。涉事车辆包括多辆轿车、SUV及一辆大型货车，均在正常行驶过程中因前方车流缓慢而被迫减速或停止。未见异常停车、施工设施、二轮车辆闯入或抛洒物等其他异常情况，也无明显事故迹象。拥堵主要集中在道路中段，影响范围覆盖多个车道，导致通行效率下降，车辆通行时间延长，整体交通秩序受到一定影响。
687,5540,异常停车_20240623072623_突发事件_35719435.mp4,异常停车,二轮车辆闯入,2023年7月25日07:26:48至07:26:58期间，在外环高速吴中入口匝道（外）路段，一辆二轮车辆（疑似摩托车或电动车）从右侧匝道驶入主路车道，行驶方向与正常车流一致。该二轮车辆未佩戴头盔，无明显牌照，且在车流密集区域穿行，存在较大安全隐患。其行为违反了高速公路禁止非机动车通行的规定，属于典型的二轮车辆闯入交通异常事件。
688,5541,二轮车辆闯入_20230718184215_突发事件_1962541.mp4,多车事故,拥堵,2023年7月18日18时42分，外环高速龙吴路路段出现严重交通拥堵，多辆轿车、货车及客车在湿滑路面上缓慢行驶或停滞，车辆排成长队，车距明显缩短，刹车灯持续亮起，部分车辆在车道间频繁变道，通行效率显著下降，持续时间超过10秒且无缓解趋势，符合拥堵判断标准，影响范围覆盖多个车道，导致整体通行能力下降。
692,5545,二轮车辆闯入_20230721124941_突发事件_33393616.mp4,二轮车辆闯入,异常停车,2023年7月21日12时20分35秒至12时20分43秒，外环高速吴中入口匝道（内）路段出现异常停车事件。一辆红色厢式货车在右侧车道内完全静止，未开启双闪灯，车辆后方有多辆汽车因避让而紧急刹车或变道。该车停靠位置位于行车道内，非停车区域，且无交通信号灯或标志允许停车，驾驶员未见下车处理，车辆状态疑似故障或违规停车。该行为导致后方车辆通行受阻，存在安全隐患，影响道路整体通行效率。
693,5546,二轮车辆闯入_20230718131645_突发事件_1960885.mp4,二轮车辆闯入,异常停车,2023年7月18日13时16分45秒左右，在外环高速吴淞江桥南路段，一辆红色货车在最右侧车道停靠，车辆开启双闪灯，驾驶员下车在车旁活动，符合异常停车行为。
698,5551,二轮车辆闯入_20230719193435_突发事件_6964023.mp4,二轮车辆闯入,异常停车,2023年7月19日19时34分35秒至19时34分37秒，S20内至沪闵高架路段出现异常停车事件。一辆白色轿车在S20高架路段右侧匝道内完全静止，未开启双闪灯，且无明显故障迹象或驾驶员下车处理情况，车辆停放位置位于道路右侧护栏旁，周围无施工设施或警示标志，属于非紧急情况下的违规停车行为，影响了正常交通秩序。
701,5554,拥堵_20240311071901_突发事件_35399878.mp4,拥堵,多车事故,2024年3月11日7时18分至7时19分，沪闵高架至S4金山方向路段出现交通拥堵事件。该路段为双向多车道城市快速路，两侧有绿化带和护栏，道路标线清晰。视频显示，从7:18:52开始，该路段车辆行驶缓慢，车流密集，多辆小轿车、面包车及一辆大型客车（包括一辆绿色大巴、一辆白色大巴、一辆黄色大巴、一辆蓝色大巴、一辆黑色SUV、一辆白色轿车、一辆蓝色轿车、一辆银色轿车、一辆白色面包车、一辆黑色商务车、一辆白色厢式货车、一辆绿色出租车、一辆红色轿车、一辆蓝色轿车、一辆白色轿车、一辆黑色SUV、一辆白色面包车、一辆白色大巴、一辆白色厢式货车、一辆白色大巴、一辆白色大巴、一辆白色大巴、一辆白色大巴、一辆白色大巴、一辆白色大巴、一辆白色大巴、一辆白色大巴、一辆白色大巴、一辆白色大巴、一辆白色大巴、一辆白色大巴、一辆白色大巴、一辆白色大巴、一辆白色大巴、一辆白色大巴、一辆白色大巴、一辆白色大巴、一辆白色大巴、一辆白色大巴、一辆白色大巴、一辆白色大巴、一辆白色大巴、一辆白色大巴、一辆白色大巴、一辆白色大巴、一辆白色大巴、一辆白色大巴、一辆白色大巴、一辆白色大巴、一辆白色大巴、一辆白色大巴、一辆白色大巴、一辆白色大巴、一辆白色大巴、一辆白色大巴、一辆白色大巴、一辆白色大巴、一辆白色大巴、一辆白色大巴、一辆白色大巴、一辆白色大巴、一辆白色大巴、一辆白色大巴、一辆白色大巴、一辆白色大巴、一辆白色大巴、一辆白色大巴、一辆白色大巴、一辆白色大巴、一辆白色大巴、一辆白色大巴、一辆白色大巴、一辆白色大巴、一辆白色大巴、一辆白色大巴、一辆白色大巴、一辆白色大巴、一辆白色大巴、一辆白色大巴、一辆白色大巴、一辆白色大巴、一辆白色大巴、一辆白色大巴、一辆白色大巴、一辆白色大巴、一辆白色大巴、一辆白色大巴、一辆白色大巴、一辆白色大巴、一辆白色大巴、一辆白色大巴、一辆白色大巴、一辆白色大巴、一辆白色大巴、一辆白色大巴、一辆白色大巴、一辆白色大巴、一辆白色大巴、一辆白色大巴、一辆白色大巴、一辆白色大巴、一辆白色大巴、一辆白色大巴、一辆白色大巴、一辆白色大巴、一辆白色大巴、一辆白色大巴、一辆白色大巴、一辆白色大巴、一辆白色大巴、一辆白色大巴、一辆白色大巴、一辆白色大巴、一辆白色大巴、一辆白色大巴、一辆白色大巴、一辆白色大巴、一辆白色大巴、一辆白色大巴、一辆白色大巴、一辆白色大巴、一辆白色大巴、一辆白色大巴、一辆白色大巴、一辆白色大巴、一辆白色大巴、一辆白色大巴、一辆白色大巴、一辆白色大巴、一辆白色大巴、一辆白色大巴、一辆白色大巴、一辆白色大巴、一辆白色大巴、一辆白色大巴、一辆白色大巴、一辆白色大巴、一辆白色大巴、一辆白色大巴、一辆白色大巴、一辆白色大巴、一辆白色大巴、一辆白色大巴、一辆白色大巴、一辆白色大巴、一辆白色大巴、一辆白色大巴、一辆白色大巴、一辆白色大巴、一辆白色大巴、一辆白色大巴、一辆白色大巴、一辆白色大巴、一辆白色大巴、一辆白色大巴、一辆白色大巴、一辆白色大巴、一辆白色大巴、一辆白色大巴、一辆白色大巴、一辆白色大巴、一辆白色大巴、一辆白色大巴、一辆白色大巴、一辆白色大巴、一辆白色大巴、一辆白色大巴、一辆白色大巴、一辆白色大巴、一辆白色大巴、一辆白色大巴、一辆白色大巴、一辆白色大巴、一辆白色大巴、一辆白色大巴、一辆白色大巴、一辆白色大巴、一辆白色大巴、一辆白色大巴、一辆白色大巴、一辆白色大巴、一辆白色大巴、一辆白色大巴、一辆白色大巴、一辆白色大巴、一辆白色大巴、一辆白色大巴、一辆白色大巴、一辆白色大巴、一辆白色大巴、一辆白色大巴、一辆白色大巴、一辆白色大巴、一辆白色大巴、一辆白色大巴、一辆白色大巴、一辆白色大巴、一辆白色大巴、一辆白色大巴、一辆白色大巴、一辆白色大巴、一辆白色大巴、一辆白色大巴、一辆白色大巴、一辆白色大巴、一辆白色大巴、一辆白色大巴、一辆白色大巴、一辆白色大巴、一辆白色大巴、一辆白色大巴、一辆白色大巴、一辆白色大巴、一辆白色大巴、一辆白色大巴、一辆白色大巴、一辆白色大巴、一辆白色大巴、一辆白色大巴、一辆白色大巴、一辆白色大巴、一辆白色大巴、一辆白色大巴、一辆白色大巴、一辆白色大巴、一辆白色大巴、一辆白色大巴、一辆白色大巴、一辆白色大巴、一辆白色大巴、一辆白色大巴、一辆白色大巴
702,5555,占道施工_20231010223653_运行安全_34918540.mp4,占道施工,异常停车,2023年10月10日22时36分至22时37分，沪闵高架至S4金山方向1枪机1监控画面显示，一辆白色轿车在道路右侧车道内长时间静止不动，车辆开启双闪灯，且无明显故障迹象或驾驶员下车行为。该车停靠位置位于道路右侧护栏旁，处于非停车区域，周围无交通信号灯或标志允许停车。由于夜间光线较暗，该异常停车行为持续约1分钟，期间多辆过往车辆绕行避让，造成短暂通行干扰，存在较大安全隐患。
703,5556,占道施工_20240517173528_运行安全_35602048.mp4,拥堵,占道施工,2024年05月12日17时35分，武宁路快速化桥段发生占道施工交通事件。现场可见车道被大量红白相间的锥桶遮挡，形成临时隔离带，车辆需绕行或减速通过。施工区域未见明显施工人员或工程设备，但车道数量减少导致车流缓慢通行，后方车辆排队现象明显，影响了正常交通秩序。该行为符合占道施工的典型特征，包括使用锥桶围挡、设置警示标志以及车道数量减少等。
707,5560,异常停车_20240530203723_突发事件_35655743.mp4,异常停车,拥堵,2024年5月30日星期四凌晨4时37分至4时38分，外环高速沪渝立交路段出现严重交通拥堵，现场为夜间湿滑路面，能见度较低。视频显示，该路段双向车道中，右侧车道车辆行驶缓慢，车流密集，多辆轿车、货车及厢式运输车在湿滑路面上排成长队，尾灯连成一片红色光带，表明车辆处于低速或停滞状态。左侧车道虽有车辆正常通行，但整体车流量较大，且部分车辆频繁变道，加剧了通行压力。右侧车道右侧边缘可见一辆应急车辆，疑似参与应急救援行动，但未对主线造成明显影响。整体交通流呈现持续性缓行特征，无明显事故或障碍物导致阻塞，推测为雨雾天气引发的通行不畅，属于典型的拥堵事件。
711,5564,占道施工_20231207030438_运行安全_35197239.mp4,异常停车,占道施工,2023年12月7日星期四凌晨3时04分至3时05分，外环高速吴中路路段发生占道施工交通事件。现场可见一辆黄色工程车停靠在右侧车道，车顶警示灯持续闪烁，车身周围设置多组红白相间的交通锥桶，形成临时隔离区域，占用部分行车道。一名身穿反光背心的工作人员在工程车旁进行作业，车辆后方有其他施工车辆依次通过。该施工区域导致右侧车道通行空间受限，过往车辆需减速绕行，影响了正常交通流。现场未见明显事故或拥堵，但存在明显的占道施工特征，包括警示设施、人员作业及车道封闭措施。
714,5567,异常停车_20230715161413_突发事件_1150410.mp4,异常停车,多车事故,2023年7月15日16时14分至16时15分，位于某城市快速路南向车道，一辆红色集装箱货车停靠在最右侧应急车道内，车辆未开启双闪灯，驾驶员在车旁活动。该车长时间静止于行车道旁，导致后方车辆需减速绕行，影响了正常交通流。该行为符合异常停车特征，存在安全隐患，可能引发追尾或剐蹭事故。
717,5570,二轮车辆闯入_20230719200345_突发事件_6964170.mp4,二轮车辆闯入,异常停车,2023年7月19日20时03分43秒至20时04分07秒，嘉闵高架东侧民生路北方向出现异常停车事件。在监控画面中，一辆白色轿车在右侧应急车道内完全静止，车辆未开启双闪灯，且无明显故障迹象或驾驶员下车行为，车辆长时间停靠在行车道上，属于非停车区域内的异常停车行为。
718,5571,异常停车_20230717232211_突发事件_1957086.mp4,异常停车,二轮车辆闯入,2023年7月17日23时22分至23时23分，外环高速丰翔路路段夜间监控画面显示，一辆二轮车辆（疑似摩托车或电动车）从右侧应急车道突然驶入主车道，沿最右侧车道行驶，与正常行驶的多辆机动车并行。该二轮车辆未在专用非机动车道或允许通行区域行驶，且无明显警示标志或防护装备，驾驶员佩戴头盔，车辆无牌照特征不明确。其闯入主车道，属于典型的二轮车辆闯入高速公路交通事件，存在严重安全隐患，可能导致追尾、侧撞等事故，影响道路安全秩序。
720,5573,异常停车_20240624212135_突发事件_35722532.mp4,异常停车,多车事故,2024年6月24日21时24分31秒至21时25分28秒，外环高速京沪立交南1（外）路段夜间监控画面显示，一辆红色货车在左侧应急车道内长时间静止不动，车辆开启双闪灯，驾驶员下车处理，该车位于行车道与应急车道交界处，影响区域车流缓慢通行。
721,5574,二轮车辆闯入_20230717161734_突发事件_1356387.mp4,二轮车辆闯入,异常停车,2023年7月17日16时17分30秒左右，在外环高速莘庄立交东（外）路段，一辆白色轿车在最右侧车道上异常停车，车辆完全静止且开启双闪灯，驾驶员不在车内，疑似车辆故障。该行为导致后方车辆被迫减速避让，影响了正常交通流，存在安全隐患。现场无施工设施、无二轮车辆闯入、无事故迹象等直接诱因，初步判断为异常停车事件。
722,5575,异常停车_20240624215416_突发事件_35722534.mp4,拥堵,异常停车,2024年6月24日21时54分12秒至21时55分08秒，外环高速莘庄立交东（外）路段出现异常停车事件。一辆黑色轿车在道路左侧车道内完全静止，驾驶员下车后站在车旁，车辆开启双闪灯，周围车辆被迫减速绕行，导致该车道通行受阻。该车停靠位置位于主行车道，非停车区域，且无交通信号灯或标志允许停车，存在明显交通安全隐患。
724,5577,占道施工_20240105232721_运行安全_35296316.mp4,占道施工,拥堵,2024年1月5日23时27分，外环高速蕴藻浜桥北2（外）路段夜间出现占道施工交通事件。现场可见一辆工程作业车停靠在右侧车道，车顶警示灯闪烁，车身前方设置有多个红白相间的交通锥桶，形成临时隔离带，占据部分行车道。该车辆后方车辆需减速绕行，通行速度明显降低，影响了正常交通流。施工区域未见明显施工人员或大型机械作业，但存在明显的施工警示标志和灯光提示，表明正在进行道路维护或施工作业。整体交通秩序虽未完全中断，但车辆行驶路径受阻，存在潜在拥堵风险。
725,5578,拥堵_20230922143338_突发事件_34846350.mp4,拥堵,多车事故,2023年9月22日15时13分至15时14分，位于城市高架道路南向车道发生一起多车事故。事故发生在雨天湿滑路面上，涉事车辆包括一辆白色面包车、一辆白色轿车，其中白色面包车与前方白色轿车发生追尾碰撞，导致后方车辆紧急避让并出现紧急停车带现象，现场有多名人员下车查看情况。事故发生后，部分车辆被迫减速绕行，造成该路段交通流缓慢通行，车辆排队长度持续增加，影响范围覆盖多个车道。现场未见明显抛洒物或施工设施，但事故车辆异常停车且存在碰撞痕迹，符合多车事故特征。
730,5583,占道施工_20231014005212_运行安全_34934959.mp4,占道施工,拥堵,2023年10月14日00:52:00至00:52:58期间，嘉闵西侧德华路高架桥路段夜间出现占道施工交通事件。现场可见一辆工程作业车停靠在右侧车道，车顶警示灯持续闪烁，车辆后方及周围设置了一排红白相间的交通锥桶，形成临时隔离带，占用部分行车道。该施工区域位于道路右侧靠近匝道入口处，车辆需绕行或减速通过。施工区域未见明显施工人员活动，但存在明显的施工设施布置，且车道被部分封闭，导致过往车辆需调整行驶路线，影响了正常通行效率。整体交通流保持有序，未出现拥堵或事故现象，但存在因施工导致的车道减少和潜在安全隐患。
737,5590,多车事故_20240516171701_突发事件_35597769.mp4,多车事故,异常停车,2024年5月16日17时16分55秒，在嘉闵西侧定焦13路段，一辆白色轿车在最右侧车道完全静止，驾驶员下车后在车旁停留并进行操作，车辆开启双闪灯，后方车辆被迫减速绕行，导致该车道通行受阻，形成交通拥堵。该行为符合异常停车特征，存在安全隐患。
739,5592,拥堵_20231211175314_突发事件_35211861.mp4,拥堵,抛洒物,2023年12月11日17时53分至17时54分，外环高速吴中路路段发生一起多车事故。事故发生在夜间，监控画面显示一辆白色轿车与后方车辆发生追尾，根据车辆姿态及位置，疑似白色轿车在行车道内突然减速导致与前车发生追尾，后方车辆因避让或变道导致紧急刹车，引发后方车辆紧急反应并亮起刹车灯造成连环追尾。现场有多辆轿车和货车停在事故车辆前等待，部分车辆停滞或缓慢行驶，交通流明显受阻，持续时间超过一分钟，符合多车事故的特征。事故区域无施工设施，也无抛洒物，未见人员下车交涉或交警到场处理，但车辆排队长度较长，影响正常通行秩序。
744,5597,占道施工_20230815015002_运行安全_34580011.mp4,占道施工,拥堵,2023年8月15日0时50分至0时51分，外环高速吴中路路段夜间发生占道施工交通事件。现场可见一辆黄色工程车停靠在右侧车道，车顶警示灯闪烁，车身周围摆放多个红白相间的交通锥桶，形成临时隔离区域。多名身穿反光背心的施工人员在车辆附近活动，其中一人手持警示牌，另一人站在护栏旁。施工区域占用了一条行车道，导致过往车辆需减速绕行，部分车辆在通过该区域时明显变道。施工区域设有明显的警示标志和灯光提示，符合占道施工标准。整体交通流受影响，但未出现严重拥堵或事故，整体秩序可控。
745,5598,拥堵_20231009162722_突发事件_34911991.mp4,抛洒物,拥堵,2023年10月9日星期四16时27分至16时28分，位于城市快速路某路段（道路宽度约500米，海拔约500米）发生拥堵事件。该路段为多车道高速公路，两侧有绿化带和护栏，路面标线清晰。视频显示，从16:27:50开始，该区域车辆行驶缓慢，车流密集，多辆轿车、货车及厢式货车在多个车道内排队缓行，车距明显缩短，部分车辆几乎处于静止状态，持续时间约一分钟且无缓解趋势。涉事车辆包括白色、蓝色、红色、绿色等多种颜色的小型轿车、SUV、厢式货车以及大型集装箱运输车和邮政货车，其中一辆白色邮政货车和一辆蓝色集装箱货车尤为显眼。由于车流量大且通行速度极低，导致后方车辆被迫减速或绕行，形成典型的交通拥堵现象。现场未见事故、施工或抛洒物等直接诱因，但整体车流密度高，影响范围覆盖多个车道，符合拥堵判断标准中的多辆车缓慢移动、排队长度超常、发生在瓶颈区域等特征。
746,5599,二轮车辆闯入_20230721110024_突发事件_33393508.mp4,二轮车辆闯入,拥堵,2023年12月21日13时00分至13时01分，外环高速武威路南（内）路段出现交通拥堵事件。该路段为双向多车道高速公路，车流密集，包含轿车、货车、厢式货车及大型运输车辆等多种类型车辆。视频显示，从13:00:00开始，主车道及右侧应急车道均出现持续性缓行现象，车辆行驶缓慢，部分车辆几乎处于停滞状态，排队长度持续增加，未见明显事故或障碍物导致阻塞。涉事车辆包括多辆小型客车、厢式货车、集装箱卡车及大型运输车，均在正常行驶过程中因前方车流积压而被迫减速或停车。由于车流量大且持续时间较长，导致通行效率显著下降，后方车辆被迫频繁变道避让，存在潜在追尾风险。现场未发现异常停车、施工设施或抛洒物，也无二轮车辆闯入情况，整体表现为典型的早高峰时段的交通拥堵特征，主要影响为通行速度下降和行车安全受到限制。
750,5603,二轮车辆闯入_20230715120549_突发事件_1149575.mp4,二轮车辆闯入,异常停车,2023年7月15日12时05分43秒至12时06分09秒，外环高速吴淞江桥南段出现异常停车事件。一辆白色厢式货车在右侧车道内完全静止，未开启双闪灯，车辆后方无警示标志，存在安全隐患。该车停靠位置位于行车道内，非停车区域，且无交通信号灯或标志允许临时停车，属于异常停车行为。
759,5612,拥堵_20240226162548_突发事件_35375253.mp4,拥堵,多车事故,2024年2月26日16:25至16:26，在嘉闵西侧定焦03路段，发生了一起多车事故。涉事车辆包括一辆银色SUV和一辆褐色SUV，其中银色SUV停在右侧车道上，而褐色SUV则在其后方，一起碰撞导致车辆位置异常，部分车辆几乎完全停止。事故现场吸引了多辆其他车辆的避让行为，交通变得明显拥堵。异常特征表现为车辆碰撞痕迹明显，位置异常，以及后方车辆被迫减速或变道，整体交通秩序受到较大影响。
761,5614,占道施工_20231017225637_运行安全_34952771.mp4,拥堵,占道施工,2023年10月17日22:56至22:57期间，在高速公路左侧车道发生一起占道施工交通事件。现场有多名施工人员穿着反光背心在车道内进行作业，他们操作着一辆黄色工程车并摆放了多个红色锥桶以隔离施工区域。该工程车缓慢行驶在车道内，后方跟随一辆黄色警示车，车上装载有大量交通锥桶和照明设备。施工人员在车道内移动锥桶，并调整锥桶位置，确保施工区域安全。由于施工占用部分车道，导致该车道车辆需减速并变道行驶，对正常交通流产生了一定影响。此外，施工区域设有明显的警示标志和闪烁警示灯，提醒过往车辆注意避让。整个过程中，施工人员与工程车保持紧密配合，确保施工安全有序进行。
762,5615,二轮车辆闯入_20230722154808_突发事件_33394717.mp4,二轮车辆闯入,多车事故,2023年7月22日15时48分08秒至15时48分30秒，外环高速顾戴路路段在雨天条件下天气条件下，监控画面显示多车道车辆行驶正常，路面湿滑，无明显障碍物或异常情况。
766,5619,拥堵_20230815155509_突发事件_34583864.mp4,拥堵,抛洒物,2023年8月15日15时54分至15时55分，外环高速沪太立交东段出现交通拥堵事件，现场多辆货车与轿车在行车道上缓慢行驶或停滞，车辆排成长队，车流密度高，通行速度明显下降，部分车辆处于低速移动状态，未见明显事故或障碍物，但整体车流呈现持续性缓行趋势，影响范围覆盖多个车道，导致后方车辆被迫减速并维持短距离跟随，符合拥堵判断标准中“多辆车缓慢移动或完全停止”、“排队车辆长度超过正常范围”以及“发生在匝道等瓶颈区域”的特征，未发现异常停车、施工、抛洒物或交通事故等其他干扰因素。
767,5620,占道施工_20240510232715_运行安全_35579520.mp4,占道施工,拥堵,2024年5月10日23时27分至23时28分，在G50出省方向与S20两市交汇处附近路段，发生了一起占道施工交通事件。现场可见多辆工程车辆和施工人员在车道内进行作业，施工人员穿着反光背心，操作设备，车道被多个锥桶遮挡，导致车道数量减少，车辆需变道或减速通行。施工区域设有警示牌和闪烁警示灯，以提醒过往车辆注意避让。此次施工行为对道路交通造成一定影响，但未引发严重拥堵或事故，整体秩序可控。异常特征包括施工设施占据部分车道、施工人员现场作业以及明显的警示标志。
768,5621,拥堵_20230801133135_突发事件_33411920.mp4,拥堵,异常停车,2023年8月1日13时31分至13时32分，外环高速仙霞路南（外）路段出现交通拥堵事件。该路段为多车道高速公路，双向车流密集，其中南向车道车辆行驶缓慢，车距明显缩短，部分车辆处于低速移动或短暂停滞状态，形成持续性拥堵。涉事车辆包括多辆轿车、货车及厢式货车，其中一辆红色集装箱货车和一辆白色厢式货车在车流中较为突出，但未见明显事故或异常停车情况。拥堵主要集中在靠近匝道入口区域，车辆排队长度超过百米，且无缓解趋势，符合拥堵判断标准。现场未发现占道施工、抛洒物或异常停车等直接诱因，推测为高峰时段车流量过大所致。整体影响为通行效率显著下降，存在潜在安全隐患。
769,5622,抛洒物_20240616081031_运行安全_35707402.mp4,抛洒物,异常停车,2024年6月16日星期日08:10:23至08:11:22期间，在城市高架桥路段，一辆红色货车停靠在右侧车道上，车辆未开启双闪灯，驾驶员不在车内，车辆处于完全静止状态，后方多辆车辆正常行驶但需绕行避让，存在安全隐患。该行为符合异常停车的判断标准，表现为非停车区域完全静止、无交通信号灯或标志允许停车以及驾驶员不在车内等情况。
771,5624,拥堵_20230926160503_突发事件_34866021.mp4,拥堵,异常停车,2023年9月26日16时5分12秒，在嘉闵西侧定焦02监控点位的隧道内，一辆白色轿车在最右侧车道完全静止，驾驶员下车后在车旁停留并多次开关车门，车辆长时间占据行车道，导致后方车辆被迫减速绕行，影响正常交通秩序，符合异常停车特征。
773,5626,抛洒物_20240315101211_运行安全_35412640.mp4,多车事故,抛洒物,2024年3月5日15时12分05秒，在外环高速北翟路立交北段，道路右侧护栏旁有一块白色布状物静止在路面，未见明显车辆停靠或人员活动。该抛洒物位于右侧车道靠近护栏处，持续存在超过视频结束时仍未被清除。从视频中可见，多辆货车和轿车正常行驶通过该区域，部分车辆在接近时出现轻微减速或避让动作，但未发生碰撞或紧急刹车行为。该抛洒物可能来自前方货车货箱脱落，具有潜在安全隐患，影响行车安全。现场无施工迹象，也无其他异常停车或事故情况，仅此单一异物长期停留在车道上，构成潜在交通安全隐患。
776,5629,占道施工_20240117000318_运行安全_35322849.mp4,占道施工,拥堵,2024年01月17日星期三凌晨03:00:15至03:01:14期间，在外环高速铁山路段，发生了一起占道施工交通事件。现场可见两辆工程车辆停在道路右侧，其中一辆为黄色工程车，另一辆为黄色应急车辆，周围放置了多个交通锥桶以警示来往车辆。施工人员穿着反光背心，在车道内进行作业，部分车道被遮挡，导致车辆需变道或减速通行。该事件影响了道路的正常通行，车辆被迫绕行，但未造成严重拥堵。异常特征包括车道被锥桶遮挡、施工人员在场操作设备以及车辆因施工区域而改变行驶路线。
779,5632,占道施工_20240509001511_运行安全_35571624.mp4,占道施工,拥堵,2024年5月9日00:14:39至00:15:38期间，S26沪常高速主线诸光路岛道（K14+930）夜间发生占道施工交通事件。现场可见多辆工程车辆（包括黄色工程车和白色货车）在道路右侧车道作业，周围设置多个红白相间的交通锥桶，形成临时隔离带，占用部分行车道。施工区域前方设有警示灯和指示牌，提示前方施工。受此影响，过往车辆需绕行或减速通过，车流速度有所减缓，但未出现明显拥堵。整体交通秩序尚可维持，但存在因施工导致的车道减少和行车行为变化。异常特征为：车道被施工设施遮挡、施工人员在场操作设备、警示标志齐全且有效提示过往车辆。
780,5633,抛洒物_20240607111619_运行安全_35683421.mp4,抛洒物,异常停车,2024年6月7日11时16分至11时17分，外环高速沪太立交东1-2路段，一辆白色面包车在最左侧车道内长时间静止不动，车辆开启双闪灯，周围车辆被迫绕行或减速通过，造成该车道通行效率下降，存在安全隐患。该行为符合异常停车特征，且无交通信号灯或标志允许停车，属于非紧急情况下的违规停车。
791,5644,异常停车_20230716094748_突发事件_1153365.mp4,异常停车,占道施工,2023年7月16日星期日上午9时47分至9时48分，北环高速富锦路路段高架桥上发生占道施工交通事件。现场可见多辆工程车辆（包括一辆黄色工程车和一辆吊车）停靠在右侧车道，周围设置有多个蓝色警示牌和反光锥桶，形成临时作业区域。施工人员身穿反光背心，在施工区域内活动，部分人员在调整设备或进行作业。该施工区域导致右侧车道被部分封闭，车辆需绕行至左侧车道通行，造成车流缓慢通过，影响了正常交通秩序。同时，施工区域设有闪烁警示灯，提醒过往车辆注意避让。整个过程中，施工行为规范，未见明显违规操作，但对通行效率产生一定影响。
793,5646,二轮车辆闯入_20230721125208_突发事件_33393621.mp4,二轮车辆闯入,拥堵,2023年12月28日13时10分至13时11分，外环高速戚溪路段出现严重交通拥堵，多车道车辆行驶缓慢或基本停滞，车流密集且持续时间较长，影响范围覆盖多个车道。现场可见大量轿车、货车、客车及大型集装箱运输车在双向车道上排成长队，部分车辆频繁变道，通行效率显著下降。道路两侧绿化带清晰，无施工迹象，亦未见异常停车或抛洒物，但因车流量大且车型多样，导致整体通行能力受限，形成典型拥堵事件，符合交通拥堵判断标准。
795,5648,占道施工_20240117001713_运行安全_35322853.mp4,异常停车,拥堵,2024年1月17日00:17至00:18期间，在外环高速老沪闵路东（内）路段，发生了一起占道施工交通事件。现场可见一辆工程车辆停在右侧车道上，车辆开启警示灯并伴有闪烁灯光，旁边有施工人员穿着反光背心进行作业。车道被多个红白相间的锥桶遮挡，导致车辆需变道或减速通行，影响了道路的正常交通秩序。此外，施工区域设有闪烁警示灯，提醒过往车辆注意避让。整个过程中，其他车辆有序绕行或减速通过，未出现严重拥堵情况，但明显存在交通干扰和潜在安全隐患。异常特征包括施工设施占据部分车道、施工人员在场操作以及明显的警示标志。
796,5649,二轮车辆闯入_20230719191546_突发事件_5963967.mp4,二轮车辆闯入,拥堵,2023年7月19日19时15分至19时16分，外环高速沪太立交东2枪机2监控画面显示，该路段出现严重交通拥堵，车辆行驶缓慢，多车道内车辆排成长队，车流密度高，部分车辆处于停滞状态。涉事车辆包括大量轿车、货车及厢式运输车，其中以大型货车为主，如集装箱卡车、平板运输车等，均在正常车道内行驶但速度极慢。由于车流密集且持续时间较长，导致通行效率显著下降，后方车辆被迫减速并频繁变道以维持位置，整体交通状况呈现典型拥堵特征，无明显事故或施工迹象，但受高峰时段车流量大影响，存在潜在安全隐患。
797,5650,异常停车_20240530103359_突发事件_35653736.mp4,异常停车,多车事故,2024年5月30日10时34分，位于城市高架道路的某路段发生一起多车事故。事故发生在双向车道中的右侧车道，涉事车辆包括一辆白色货车及后方两辆黑色轿车，其中一辆白色货车与前方黑色轿车发生追尾碰撞，导致车辆位置异常，横跨车道并斜停于最右侧路肩，引发后方车辆紧急避让和减速。事故发生后，现场有多辆车紧急刹车并出现短暂拥堵，车辆驾驶员下车查看情况，部分人员在车旁停留或交涉，造成该路段交通流受阻。异常特征表现为车辆碰撞痕迹明显，位置异常且引发后续交通秩序混乱，符合多车事故的典型表现。
802,5655,拥堵_20231123065055_突发事件_35141719.mp4,拥堵,抛洒物,2023年11月23日06:50:53至06:51:52期间，在S4市区方向至S20内枪机1监控路段，右侧车道靠近护栏处出现一个白色塑料袋，随后在车辆行驶过程中被风吹动并逐渐被带离。该塑料袋随后在车道上持续滚动数秒，影响后方车辆通行安全。期间，多辆货车和轿车正常行驶，但因抛洒物的出现对交通秩序产生潜在安全隐患，后方车辆需注意避让以避免碰撞。该事件发生在道路非施工区域，未见其他异常交通行为，但白色塑料袋属于典型抛洒物，具有较高潜在风险。
806,5659,异常停车_20230718134257_突发事件_1961016.mp4,异常停车,拥堵,2023年7月13日13时42分至13时43分，外环高速仙霞路（内）路段出现拥堵交通事件。该路段为多车道高速公路，双向车流密集，左侧车道车辆行驶缓慢，形成明显排队现象，车辆间距缩小，车速降低，部分车辆处于低速蠕行状态，持续时间超过1分钟且无缓解趋势。涉事车辆包括多辆轿车、货车及厢式货车，其中白色、红色和蓝色货车较为集中，均在正常车道内行驶，未见异常停车或事故迹象。右侧车道车流相对顺畅，但受左侧拥堵影响，部分车辆在接近出口区域时出现减速避让行为。拥堵主要集中在道路中段，影响范围覆盖多个车道，导致通行效率下降，存在潜在追尾风险。异常特征表现为车辆密集、行驶速度显著降低、排队长度较长，符合典型拥堵判断标准。
811,5664,拥堵_20230809091108_突发事件_34550769.mp4,拥堵,异常停车,2023年6月9日09时10分04秒至09时11分02秒，外环高速蕴藻浜桥北2（外）路段出现异常停车事件，一辆红色货车停靠在最右侧车道，车辆未开启双闪灯，驾驶员下车在车旁活动，持续时间超过一分钟，导致后方车辆被迫减速绕行。该车停靠位置位于行车道内，非停车区域，且无交通标志允许临时停车，导致后方车辆通行受阻，影响了正常道路秩序。
813,5666,异常停车_20240531113320_突发事件_35657891.mp4,异常停车,多车事故,2024年5月31日11:36至11:37，在外环高速吴淞江桥南路段，发生了一起多车事故。涉事车辆包括一辆红色货车、一辆白色SUV和一辆黑色轿车，它们在行车道上发生了碰撞，导致车辆位置异常，其中红色货车斜停在车道上，白色SUV紧随其后。事故现场有人员下车交涉，其他车辆被迫紧急避让或停滞，造成了交通拥堵。异常特征表现为车辆明显碰撞痕迹和驾驶员在车外交流，影响了道路的正常通行。
815,5668,异常停车_20240508201851_突发事件_35571611.mp4,异常停车,拥堵,2024年5月8日20时18分至20时19分，外环高速莘庄立交东（外）路段出现异常停车事件。在视频画面中，一辆红色货车在右侧车道内完全静止，车辆未开启双闪灯，且无交通信号灯或标志允许其在此处停车，驾驶员不在车内或车辆明显故障，导致后方多辆车辆被迫减速绕行，形成局部拥堵。该车停靠位置位于行车道上，非停车区域，且周围无施工或事故迹象，属于非正常停车行为，对后方交通流造成明显影响。
816,5669,异常停车_20240614132418_突发事件_35704549.mp4,异常停车,拥堵,2024年6月13日14时28分至14时29分，外环高速沪太立交西段出现交通拥堵事件。该路段为多车道高速公路，双向车流密集，主要由货车和轿车组成。视频显示，从14:28:42开始，道路右侧车道车辆行驶缓慢，车距明显缩短，部分车辆刹车灯持续亮起，表明车速降低或短暂停滞。随后在14:29:08左右，一辆红色货车在右侧车道完全停止，未开启双闪灯，且驾驶员未下车处理，符合异常停车特征。该抛洒物位于右侧车道靠近护栏处，呈不规则形状，疑似为包装材料或杂物，对后方车辆通行造成影响，引发后方车辆紧急避让或减速。由于该车停驶无明显故障迹象，且无警示措施，存在较大安全隐患。整个拥堵过程持续约1分钟，期间未见其他车辆发生碰撞或事故，但交通流明显受阻，符合典型拥堵判断标准。
818,5671,二轮车辆闯入_20230718104044_突发事件_1960289.mp4,二轮车辆闯入,异常停车,2023年7月18日10时40分43秒至10时41分09秒，位于城市快速路某路段（道路两侧绿树成荫，设有中央隔离护栏），一辆白色轿车在最右侧应急车道停靠，车辆未开启双闪灯，符合异常停车行为。
819,5672,异常停车_20230721033029_突发事件_33393073.mp4,二轮车辆闯入,多车事故,2023年7月21日03时30分至03时31分，外环高速虹梅南路路段夜间监控画面显示，多辆机动车在行车道上发生碰撞事故。涉事车辆包括数辆轿车和货车，其中一辆红色货车与前方车辆发生追尾，导致车辆位置异常，引发后方车辆紧急避让、减速及绕行。事故区域车流密集，灯光闪烁，存在明显拥堵迹象，且未见明显施工设施或抛洒物，初步判断为多车连环追尾事故，影响通行秩序，存在安全隐患。
822,5675,抛洒物_20240116064632_运行安全_35320458.mp4,抛洒物,拥堵,2024年3月4日早上6点46分至6点47分，G60市区方向至S20外环线高架路段出现交通拥堵事件。该路段为双向多车道高架道路，右侧车道被红色护栏隔离，左侧为护栏。监控画面显示，从6:46:33开始，车辆在正常行驶过程中逐渐减速并排成队列，车流密度逐渐增大，车辆间距明显缩小，部分车辆出现缓行甚至停顿现象，尤其在左侧车道形成连续的拥堵队列，持续时间约1分钟且无缓解趋势。涉事车辆包括多辆轿车、货车及一辆黄色工程车，其中黄色工程车在6:47:33左右驶入右侧车道，但未对拥堵产生直接影响。由于车流量大且通行速度受限，导致后方车辆被迫减速并排队等候，影响了整体道路通行效率。异常特征表现为车辆行驶速度显著降低，车距缩短，部分车辆因避让或变道导致轻微变道，但未见明显碰撞或事故迹象，整体为典型的早高峰时段因车流集中引发的常态化拥堵现象。
823,5676,占道施工_20240521230951_运行安全_35618456.mp4,占道施工,拥堵,2024年5月21日23时09分至23时10分，外环高速南大路北（内）路段发生占道施工交通事件。现场可见多排橙白相间的交通锥桶沿道路左侧车道有序摆放，形成临时隔离带，部分车道被封闭，车辆需绕行或减速通过。施工区域未见明显施工人员或工程车辆，但锥桶排列整齐且持续存在，表明正在进行或准备进行道路施工。该施工导致左侧车道通行能力下降，部分车辆因避让施工区域而出现变道和速度波动，对夜间行车安全造成一定影响。整体交通流保持有序，未出现严重拥堵，但存在因施工引发的通行效率下降和潜在安全隐患。
826,5679,拥堵_20230926155918_突发事件_34866011.mp4,多车事故,拥堵,2023年9月26日15时59分至16时00分，G2进外环外圈匝道03路段出现交通拥堵事件。该路段为多车道高速公路，车流密集，主要由货车和轿车组成，其中红色集装箱货车、白色厢式货车及黑色轿车等各类车辆在道路上缓慢行驶或处于停滞状态。视频显示，车辆在多个车道上持续排队，车距明显缩短，部分车辆频繁变道，但未见明显碰撞或事故迹象。由于车流量大且通行速度缓慢，导致整体交通流受阻，形成持续性拥堵。此拥堵现象发生在早高峰时段，影响了该路段的正常通行效率，属于典型的城市快速路拥堵事件，无异常停车、施工或抛洒物等其他干扰因素。
828,5681,二轮车辆闯入_20230717144712_突发事件_1158101.mp4,二轮车辆闯入,抛洒物,2023年7月17日14时47分至14时48分，外环高速莘朱路路段出现交通拥堵事件。该路段为多车道高速公路，双向车流密集，车辆包括轿车、货车、客车及大型运输车等各类机动车。视频显示，从14:47:09开始，右侧车道车辆行驶缓慢，车距明显缩短，部分车辆处于低速移动或短暂停滞状态，持续时间约1分钟且无缓解趋势。涉事车辆包括蓝色、绿色、黄色、白色等多种颜色的大型货车及多辆私家车，其中可见一辆黄色大巴车和一辆绿色集装箱货车在车流中穿行。由于车流量大，道路通行能力下降，导致后方车辆被迫减速或变道，形成典型的拥堵现象。未见异常停车、事故、施工或抛洒物等其他异常情况，但因车流密集，通行效率显著降低，影响了整体道路运行效率。
829,5682,占道施工_20231029000756_运行安全_35012804.mp4,拥堵,占道施工,2023年10月29日00:07至00:08期间，外环高速沪太立交东1-1 03路段夜间出现占道施工交通事件。现场位于高速公路右侧车道，一辆黄色工程车停靠在应急车道旁，车后方设置多排红白相间的交通锥桶，形成临时隔离带，占用部分行车道。一名身穿反光背心的工作人员在工程车旁作业，车辆缓慢通过施工区域。该施工区域导致右侧车道通行空间受限，过往车辆需减速并变道绕行，影响了正常交通流。期间有多辆货车、轿车及面包车依次通过施工区域，未见明显拥堵或事故，但存在因施工引发的车道变窄与通行效率下降的情况，符合占道施工的典型特征。
830,5683,拥堵_20231101092102_突发事件_35029708.mp4,抛洒物,多车事故,2023年11月1日星期三上午9时10分至9时11分，北环高速同济路立交南段出现交通拥堵事件。该路段为多车道高速公路，车流密集，主要由轿车、公交车和货车组成，其中红色和黄色公交车较为显著。视频显示，车辆在多个车道上缓慢行驶，部分车辆间距极小，形成连续的排队现象，尤其在左侧车道车辆排成长队，持续延伸至远处。未见明显的事故或障碍物导致停车，但整体车速明显低于正常通行水平，且无明显缓解趋势。右侧车道车流相对顺畅，但受主车道拥堵影响，部分车辆在接近出口区域时出现减速行为。现场无施工设施、异常停车或抛洒物迹象，也未发现二轮车辆闯入或多车碰撞情况。该拥堵可能由上游交通压力或前方瓶颈路段导致，造成车辆通行效率下降，存在潜在追尾风险。
835,5688,二轮车辆闯入_20230717162737_突发事件_1356437.mp4,二轮车辆闯入,异常停车,2023年7月17日22时26分至22时27分，外环高速仙霞路（内）路段出现异常停车事件。一辆红色货车在右侧应急车道完全静止，未开启双闪灯，车辆位置位于道路中央偏右处，周围无明显故障迹象。该车停靠后导致后方多辆货车和轿车被迫减速绕行，造成局部交通流受阻。此行为违反了高速公路非紧急情况下不得随意停车的规定，构成异常停车，存在较大安全隐患。
836,5689,占道施工_20231020230244_运行安全_34970425.mp4,二轮车辆闯入,占道施工,2023年10月20日23时02分至23时03分，G60市区方向至S20内1路段发生占道施工交通事件。现场可见一辆工程作业车停靠在道路左侧，车顶警示灯闪烁，周围设置多排红白相间的交通锥桶，形成临时隔离带，占用部分车道。多名身穿反光背心的施工人员在作业车附近活动，部分人员在锥桶旁调整或摆放。该施工区域导致车辆需绕行或减速通过，通行速度明显降低，影响了正常交通流。异常特征包括：车道被锥桶遮挡、施工人员穿戴反光背心、警示灯闪烁、车辆被迫变道或减速，符合占道施工的典型特征。
837,5690,异常停车_20240604101555_突发事件_35671162.mp4,多车事故,异常停车,2024年5月4日10时19分45秒至10时20分13秒，外环高速沪太立交西3枪机1监控画面显示，在道路右侧应急车道上有一辆白色厢式货车长时间静止不动，车辆未开启双闪灯，且无驾驶员在车内活动迹象，周围车辆正常行驶但绕行该车，该车在非停车区域长时间停留，符合异常停车特征。
844,5697,占道施工_20240329172733_运行安全_35452280.mp4,占道施工,拥堵,2024年03月29日17:27至17:28期间，在外环高速淞滨路西枪机2处，视频显示该路段正在进行占道施工。施工区域由锥桶和围栏进行隔离，车道数量因此减少，导致车辆需要变道或减速行驶。期间未见明显施工人员操作设备，但施工设施明显占据部分车道，影响了正常交通流，车辆在经过该区域时需谨慎驾驶，以确保安全。整体来看，此次占道施工对道路交通造成了一定影响，但未引发严重拥堵或事故。
845,5698,异常停车_20230718180009_突发事件_1962352.mp4,多车事故,二轮车辆闯入,2023年7月18日18时00分04秒，在嘉闵西侧德华路高架桥路段，一辆二轮摩托车从右侧车道驶入主路，行驶于机动车道内，未在专用非机动车道或辅路行驶，且无明显禁止标志区域，该车辆在车流中穿行，驾驶员佩戴头盔，车辆无牌照，其行为导致后方车辆需紧急避让，影响了正常交通秩序，属于典型的二轮车辆闯入交通异常事件。
849,5702,异常停车_20240530170931_突发事件_35655454.mp4,异常停车,占道施工,2024年5月30日17:09至17:10，在东侧元江路入口处，发生了一起占道施工交通事件。视频中可以看到，一辆工程车辆停在右侧车道上，车上装载着多个大型金属箱，车辆顶部安装了一个大型警示牌，旁边还停放着一辆黄色工程车。该施工车辆正在进行占道作业，导致右侧车道被部分遮挡，其他车辆被迫减速或变道绕行。现场没有施工人员出现，但施工设施明显影响了道路通行效率。此事件中，施工车辆的行为符合占道施工的标准特征，其他车辆需注意避让，确保行车安全。
852,5705,异常停车_20240622185328_突发事件_35719193.mp4,异常停车,多车事故,2024年06月22日18:53至18:54，在外环高速沪渝立交处，发生了一起多车事故。涉事车辆包括一辆黑色轿车和一辆白色SUV，两车在行驶过程中发生碰撞，导致车辆位置异常，斜停在左侧道路。事故现场有人员下车交涉，其他车辆被迫紧急避让或停滞，造成了交通拥堵。异常特征表现为车辆明显碰撞痕迹、位置异常，以及后方车辆行驶速度极低，部分车辆亮起刹车灯，形成短暂封锁区域。
857,5710,异常停车_20240604184943_突发事件_35673258.mp4,异常停车,多车事故,2024年6月4日18时52分，位于高速公路某路段（路面标线为“沪宁”）发生一起多车事故。事发地点位于监控画面右侧车道，涉事车辆包括一辆白色轿车和一辆黑色轿车，两车在行驶过程中发生碰撞，导致黑色轿车斜停在车道上，后方多辆车辆紧急避让或减速，造成交通拥堵。白色轿车驾驶员下车查看情况，现场未见明显抛洒物或施工设施，但事故造成右侧车道通行受阻，后方车辆排队缓慢通行，影响整体交通流。异常特征表现为两车明显碰撞痕迹、车辆位置异常及驾驶员下车处理，符合多车事故判断标准。
859,5712,异常停车_20240511170748_突发事件_35582116.mp4,异常停车,拥堵,2024年5月11日07:06至07:07期间，外环高速吴淞江桥南段出现严重交通拥堵，现场为双向多车道高速公路，路面湿滑，天气阴雨。右侧车道车辆行驶缓慢，车流密集，多辆轿车、货车及厢式运输车在湿滑路面上低速行驶或短暂停滞，部分车辆尾灯亮起，显示刹车频繁，车距极短，形成典型的拥堵现象。左侧车道车流相对顺畅，但受右侧拥堵影响，整体通行效率下降。涉事车辆包括红色集装箱货车、绿色厢式货车、蓝色大巴车、黄色出租车及多辆私家车，均在正常行驶中未见异常停车、事故或占道施工迹象。拥堵持续时间较长，未见明显缓解趋势，车辆排队长度超过百米，符合拥堵判断标准，对道路通行造成显著影响。
860,5713,占道施工_20240412133030_运行安全_35519360.mp4,占道施工,异常停车,2024年04月12日13:30至13:30:40期间，在外环高速淞滨路西枪机2处，视频显示该路段正在进行占道施工。施工区域由多个红色锥桶和围栏围挡，部分车道被遮挡，导致车辆需变道或减速行驶。现场可见一辆工程车辆停在施工区域内，疑似进行道路维护或施工操作。由于施工影响，左侧车道通行能力下降，车辆被迫向右侧车道转移，造成一定程度的交通拥堵。此外，施工区域设有警示标志和闪烁警示灯，提醒过往车辆注意避让。整体来看，此次占道施工事件符合异常停车的判断标准，存在明显的交通干扰特征。
868,5721,拥堵_20230818230656_突发事件_34614861.mp4,拥堵,多车事故,2023年8月18日23时06分至23时07分，外环高速沪太立交东段发生交通拥堵事件，现场多车道车辆行驶缓慢，车流密集且持续无明显缓解趋势，主要涉及各类小客车、货车及厢式运输车等，部分车辆刹车灯长时间亮起，显示车速极低或处于停滞状态，拥堵区域位于高速公路主线，未见明显施工或事故迹象，但车道内车辆间距缩小，通行效率显著下降，符合典型拥堵特征，未发现异常停车、占道施工、二轮闯入、抛洒物或多车事故等其他异常情况。
870,5723,二轮车辆闯入_20230715105902_突发事件_1149393.mp4,二轮车辆闯入,拥堵,2023年7月15日星期六10时58分至10时59分，位于城市高架道路主干道上，多车道出现持续性交通拥堵。涉事车辆包括大量轿车、SUV、货车及一辆红色消防车，其中消防车在车流中缓慢行驶并频繁变道，显示出紧急救援状态。车辆整体行驶速度明显下降，部分车辆几乎处于停滞状态，排队长度超过百米，且无缓解趋势。该路段为城市主要交通节点，双向分离，右侧匝道车辆通行正常，但主路拥堵导致后方车辆被迫减速或绕行，影响整体通行效率。异常特征表现为车流密度高、车辆间距小、行驶缓慢，符合典型拥堵判断标准。
871,5724,拥堵_20240220162845_突发事件_35367799.mp4,拥堵,抛洒物,2023年7月20日16时28分至16时29分，S20内至G60出省方向高架路段出现交通拥堵事件。该路段位于通往杭州方向（G60）与浦东机场方向（S20）的交汇处，道路两侧设有绿化带和指示牌，车辆在多车道上缓慢行驶。涉事车辆包括多辆轿车、货车及一辆红色集装箱货车，其中白色轿车、黑色轿车、红色轿车等依次排队前行，车距较近，车速明显降低，部分车辆处于低速蠕行状态。拥堵主要集中在高架桥段，车辆排成长队，持续时间约一分钟且无缓解趋势，符合拥堵判断标准。未见异常停车、施工、事故或抛洒物等情况，但因车流量大且通行效率下降，导致整体通行能力下降，影响正常交通秩序。
874,5727,二轮车辆闯入_20230717172137_突发事件_1356671.mp4,二轮车辆闯入,拥堵,2023年7月17日17时21分35秒至17时22分33秒，外环高速莘庄立交北段出现交通拥堵事件。该路段为多车道高架道路，双向车流密集，左侧车道车辆行驶缓慢，形成明显排队现象，车辆间距缩小，车速降低，部分车辆处于低速蠕动状态，持续时间超过一分钟且无缓解趋势。涉事车辆包括多辆轿车、货车及厢式货车，其中白色、黑色、红色等颜色车辆较为集中，未见明显事故或障碍物。右侧车道车流相对顺畅，但受左侧拥堵影响，整体通行效率下降。拥堵区域位于立交桥附近，可能与匝道汇入流量增加或前方道路瓶颈有关。异常特征表现为车辆密集、行驶速度显著降低、排队长度较长，符合典型拥堵判断标准。
881,5734,二轮车辆闯入_20230720063621_突发事件_6967088.mp4,二轮车辆闯入,异常停车,2023年7月20日06时36分12秒至06时36分20秒，东关沪嘉入口3号线隧道内，一辆白色大巴车在行车道内完全静止，车辆未开启双闪灯，后方多辆车辆被迫减速绕行，造成通行受阻。该行为发生在非停车区域且无交通信号或标志允许停车，属于异常停车，影响了正常交通秩序。
882,5735,多车事故_20240522170050_突发事件_35623247.mp4,抛洒物,异常停车,2024年5月22日17时00分38秒，在武宁南立交桥B1路段，一辆白色轿车在最右侧车道内完全静止，车辆未开启双闪灯，且无交通信号灯或标志允许其停车，驾驶员不在车内，后方多辆车辆被迫减速绕行，造成该车道通行受阻，形成局部拥堵。该车辆长时间停靠在行车道上，不符合临时停车规则，存在明显异常停车特征。
888,5741,抛洒物_20231222064911_运行安全_35250259.mp4,抛洒物,异常停车,2023年12月22日星期六05:49:10至05:50:10期间，北环高速曹妃甸路段出现异常停车事件。一辆白色厢式货车在道路最左侧车道内完全静止，未开启双闪灯，且无交通信号灯或标志允许其在此处停车，车辆明显处于故障或违规停放状态。该车停靠位置位于行车道，非停车区域，导致后方多辆小型轿车被迫减速绕行，部分车辆在经过时出现变道避让行为，造成局部交通流受阻。现场未见施工设施、警示标志或其他障碍物，也未发现二轮车辆闯入情况，初步判断为典型异常停车行为，对通行秩序造成一定影响。
889,5742,异常停车_20240613141826_突发事件_35701533.mp4,异常停车,抛洒物,2024年6月13日14时18分，位于S20LSTV05监控路段的公路路段发生一起多车事故。事故发生在道路右侧车道，一辆白色轿车与灰色轿车在行车道上发生碰撞，导致白色轿车斜停于车道内，灰色轿车紧随其后并减速避让。事故发生后，驾驶员下车查看情况，随后其他人员也陆续下车查看动静。涉事车辆至少有三辆以上小轿车及货车，存在追尾及变道碰撞痕迹，导致后方车辆被迫减速或绕行，形成短暂拥堵。现场无明显施工或抛洒物迹象，但事故车辆占据部分车道，影响通行效率，存在安全隐患。
892,5745,占道施工_20240107232248_运行安全_35300370.mp4,拥堵,占道施工,2024年1月7日23时22分至23时40分，在G60市区方向至S4金山方向的高架道路上，发生了一起占道施工交通事件。现场有多名施工人员穿着反光背心在车道内进行作业，旁边停放着一辆工程车辆，周围放置了多个交通锥桶以隔离施工区域。施工导致该路段的车道数量减少，过往车辆需减速并变道行驶，影响了道路的正常通行秩序。异常特征包括施工人员在夜间进行道路作业，且施工区域设有警示灯和交通锥，符合占道施工的判断标准。
893,5746,拥堵_20231125075233_突发事件_35152139.mp4,二轮车辆闯入,拥堵,2023年11月25日08时52分至08时53分，外环高速京沪立交南2枪机监控画面显示，该路段出现持续性交通拥堵现象。涉事车辆包括多辆轿车、货车及大型运输车，其中左侧车道车辆排成长队，行驶缓慢，车距明显缩短，部分车辆处于低速蠕动状态，未见完全停止。右侧车道虽有车辆正常通行，但整体车流密度高，车速亦低，部分车辆在变道过程中出现轻微急刹行为。拥堵主要集中在靠近立交桥入口区域，且持续时间超过一分钟，无明显事故或施工迹象，推测为高峰时段车流量过大所致。异常特征表现为车辆排队长度超过正常范围，通行效率显著下降，符合拥堵判断标准中“多辆车缓慢移动或完全停止”、“排队车辆长度超过正常范围”以及“持续一段时间且无缓解趋势”的特征。
895,5748,多车事故_20231208103800_突发事件_35204601.mp4,多车事故,抛洒物,2023年12月8日10时32分至10时33分，武宁路快速化桥北向入口处发生拥堵事件。视频显示，该路段为隧道内，路面湿滑，车辆在多个车道上缓慢行驶，车流密集且通行速度明显下降。涉事车辆包括多辆轿车、SUV及一辆白色面包车，其中部分车辆尾灯亮起，表明处于低速或停止状态。车辆依次排队前行，未见明显事故或障碍物，但整体车流受阻，后方车辆被迫减速并保持安全距离，形成持续性拥堵。此拥堵影响了隧道内双向车道的正常通行效率，且无施工迹象或抛洒物等外部干扰因素，推测为高峰时段车流量过大所致。
896,5749,异常停车_20240526160727_突发事件_35639640.mp4,异常停车,拥堵,2024年5月26日16时07分05秒至16时08分03秒，外环高速吴淞江桥南路段出现异常停车事件。一辆白色厢式货车在右侧车道内完全静止，车辆未开启双闪灯，且无交通信号灯或标志允许其停车，驾驶员不在车内，车辆明显处于非正常行驶状态。该车停靠位置位于行车道，周围车流密集，导致后方多辆汽车被迫减速绕行，形成局部拥堵。此行为违反了高速公路禁止随意停车的规定，存在安全隐患，影响了道路通行效率。
901,5754,占道施工_20240625002246_运行安全_35722536.mp4,拥堵,占道施工,2024年06月25日星期二00:22:40至00:23:38，在某高速公路路段，发生了占道施工交通事件。视频显示，该路段的左侧车道被多个橙色交通锥桶封闭，形成了一条临时施工区域，施工人员穿着反光背心在锥桶附近进行作业。由于施工占用了部分车道，导致车道数量减少，过往车辆需变道或减速行驶，影响了道路的正常通行秩序。此外，施工区域设有警示牌和闪烁警示灯，提醒来往车辆注意避让，确保行车安全。整个过程中，施工行为规范，但对夜间行车安全造成了一定影响，属于典型的占道施工异常情况。
904,5757,二轮车辆闯入_20230722020946_突发事件_33394099.mp4,二轮车辆闯入,异常停车,2023年7月22日02:09:55至02:10:05期间，外环高速莘庄立交北段发生一起异常停车事件。一辆黑色轿车在右侧车道行驶过程中完全停止，车辆开启双闪灯，驾驶员下车处理，随后驶离。该车停靠位置位于行车道内，非停车区域，且无交通信号灯或标志允许临时停车，导致后方多辆车辆被迫减速绕行，形成短暂拥堵。该行为持续时间超过30秒，且未采取任何警示措施，存在较大安全隐患，属于典型异常停车行为。
906,5759,拥堵_20231216110218_突发事件_35232713.mp4,抛洒物,拥堵,2023年12月16日11时02分至11时03分，S4市区方向至S20内环高架路段出现交通拥堵事件。该路段为多车道高速公路，双向车流密集，右侧车道车辆行驶缓慢，形成明显排队现象，车辆间距缩短，车速降低，部分车辆处于低速蠕行状态。涉事车辆包括多辆轿车、货车及厢式货车，其中以红色和白色货车为主，车辆在车道内依次缓慢前行，未见明显碰撞或停车行为，但整体通行效率显著下降。左侧对向车道车流相对顺畅，未受影响。拥堵主要集中在高架桥弯道区域，可能与前方车流汇聚或出口分流有关，导致车辆积压加剧。现场无施工设施、抛洒物或事故迹象，也无异常停车或二轮车辆闯入情况，因此判断为典型拥堵事件，影响范围覆盖多个车道，持续时间约一分钟且无缓解趋势。
908,5761,占道施工_20240121001004_运行安全_35329940.mp4,拥堵,占道施工,2024年1月21日00时12分45秒至00时12分58秒，S20LSTV05监控路段夜间出现占道施工交通事件。现场可见道路左侧车道被连续设置的红白相间交通锥桶封闭，形成临时隔离带，部分车道被占用，车辆需绕行或减速通过。施工区域未见明显施工人员或设备，但车道数量减少导致车流缓慢通行，车辆行驶速度明显降低，部分车辆在通过时出现变道行为。整体交通秩序虽未完全中断，但存在因施工导致的车道减少和车速降低现象，符合占道施工的典型特征。
910,5763,多车事故_20240510091315_突发事件_35577380.mp4,多车事故,拥堵,2023年11月9日早上7时10分至7时11分，S20内至G60出省方向的高架道路出现交通拥堵事件。该路段位于通往杭州方向（G60）与浦东机场方向（S20）的交汇处附近，道路两侧有绿化带和指示牌，上方为跨线桥。视频显示，多辆小轿车、货车及厢式货车在双向车道上缓慢行驶或完全停滞，车辆排成长队，车距明显缩短，部分车辆刹车灯持续亮起，表明车速极低或处于停滞状态。拥堵主要集中在靠近高架桥的弯道区域，车辆通行受阻，持续时间约1分钟且无缓解趋势，符合拥堵判断标准中的“多辆车缓慢移动或完全停止”、“排队车辆长度超过正常范围”以及“发生在路口、匝道等瓶颈区域”。现场未见事故、施工或抛洒物等直接诱因，推测为早高峰时段车流量大导致的常态化拥堵。
912,5765,占道施工_20240227215626_运行安全_35378160.mp4,占道施工,拥堵,2024年02月27日21:56至21:57，在某高速公路路段，发生了一起占道施工交通事件。视频显示，该路段的左侧车道被多个橙色锥桶遮挡，一辆工程车辆停在该区域内，施工人员穿着反光背心在进行作业。由于施工设施的遮挡，车道数量减少，导致车辆需要变道或减速行驶，影响了道路的正常通行。此外，施工区域设有警示牌和闪烁警示灯，提醒过往车辆注意避让。整个过程中，施工人员有序操作设备，确保施工安全，未造成严重的交通拥堵。此事件的异常特征包括明显的施工设施、施工人员以及车辆被迫绕行或减速的情况。
914,5767,二轮车辆闯入_20230715122955_突发事件_1149658.mp4,二轮车辆闯入,异常停车,2023年7月15日12时29分53秒至12时30分52秒，外环高速丰翔路南段监控画面显示，一辆红色货车在道路右侧应急车道内长时间静止不动，车辆未开启双闪灯，且驾驶员不在车内，周围无施工或事故迹象。该车停靠位置位于前方500米紧急停车带指示牌附近，该行为符合异常停车特征，存在安全隐患。
915,5768,占道施工_20231224232830_运行安全_35258643.mp4,抛洒物,拥堵,2023年12月24日23时28分至23时29分，外环高速淞滨路西路段夜间出现占道施工交通事件。施工现场位于道路右侧车道，有多名身穿反光背心的施工人员在作业，旁边停放着一辆黄色工程车，车顶装有警示灯并闪烁灯光。施工区域用多个红白相间的交通锥桶进行隔离，形成临时封闭区，占用部分行车道。施工人员在作业过程中进行交通引导，车辆需绕行或减速通过该区域。现场设有警示标志和闪烁警示灯，符合占道施工标准。该施工行为导致右侧车道通行空间受限，影响了正常行车秩序，但未造成严重拥堵或事故。
918,5771,异常停车_20230720152542_突发事件_33390529.mp4,异常停车,多车事故,2023年7月20日15时25分至15时26分，嘉闵高架西侧路段发生一起多车事故。事故发生在隧道内靠近出口匝道区域，涉事车辆为多辆小轿车，包括白色、黑色、红色等不同颜色的车辆。从视频画面可见，车辆在行驶过程中出现连续追尾现象，部分车辆刹车灯持续亮起，表明车速极低或已停滞。事故导致该路段交通严重拥堵，车辆排成长队，通行效率显著下降。现场未见明显人员下车交涉或交警到场处理，但事故影响力持续存在，对后续车流产生较大影响。异常特征表现为多车连续碰撞、车辆位置异常、刹车灯密集亮起以及车辆缓慢移动或停滞等。
920,5773,占道施工_20230918000802_运行安全_34814089.mp4,占道施工,抛洒物,2023年9月18日00:07:59至00:08:58期间，外环高速沪嘉地道2（外）路段夜间出现占道施工交通事件。现场可见两名身穿反光背心的施工人员在道路左侧车道内作业，周围设置多个红白相间的交通锥桶，形成临时隔离区域，占用部分行车道。一辆工程车停靠在施工区域前方，车顶警示灯持续闪烁，表明正在进行夜间施工作业。施工区域位于道路左侧，导致该车道通行空间受限，过往车辆需减速并变道绕行，影响了正常交通流。施工区域设有明显的警示标志和灯光提示，符合占道施工标准，但未见其他异常停车、事故或抛洒物等情况。整体交通秩序虽未完全中断，但存在因施工导致的通行效率下降和车辆变道避让现象。
926,5779,拥堵_20240317084648_突发事件_35417474.mp4,拥堵,二轮车辆闯入,2024年6月5日18时03分至18时04分，S20内至G60出省方向的高架路段出现交通拥堵事件。该路段位于通往杭州方向（G60）与浦东机场方向（S20）的交汇处，道路两侧有绿化带和指示牌，上方为跨线桥。视频显示，多辆小轿车、货车及厢式货车在该路段缓慢行驶或完全停止，车辆排成长队，车距明显缩短，刹车灯持续亮起，表明车速极低或处于停滞状态。涉事车辆包括白色、黑色、红色、蓝色等多种颜色的私家车以及绿色、红色、白色等大型货车，其中一辆红色集装箱货车和一辆蓝色厢式货车在车流中较为显眼。由于车辆密集且通行缓慢，导致后方车辆被迫减速或停车等待，形成典型的拥堵现象。此拥堵发生在早高峰时段，未见施工设施、事故痕迹或抛洒物，也无异常停车或二轮车辆闯入情况，推测为常规性交通流量饱和所致。整个过程中，车辆持续缓慢移动，未出现明显的紧急避让或突发情况，但整体通行效率显著下降，影响了该路段的正常交通秩序。
927,5780,拥堵_20231018080816_突发事件_34955019.mp4,拥堵,抛洒物,2023年10月18日星期三上午8时08分至8时09分，沪宁上行进出口路段出现交通拥堵事件。该路段为双向车道的高架道路，左侧为机动车道，右侧为非机动车道，道路两侧有绿化带和房屋。视频显示，多辆机动车在该路段缓慢行驶或处于停滞状态，包括一辆红色集装箱货车、多辆轿车（如白色、黑色、银色等）以及一辆白色面包车和一辆红色出租车等，车辆排成长队，车距明显缩短，通行速度显著降低。其中，红色集装箱货车位于车队前列，其后方车辆持续减速并保持低速行驶，未见明显变道或超车行为。右侧非机动车道上有两名行人从机动车道进入，随后继续沿机动车道行走，未对交通造成影响。整体车流呈现持续性缓行趋势，无突发事故或障碍物导致阻塞，但车辆密度高，通行效率下降，符合拥堵判断标准。异常特征表现为长时间、大范围的车辆排队和低速移动，且无施工设施或抛洒物等外部干扰因素，推测为早高峰时段车流量过大所致。
929,5782,拥堵_20230904075737_突发事件_34704889.mp4,拥堵,二轮车辆闯入,2023年9月4日星期一早上7点57分，外环高速铁山路路段出现严重交通拥堵，车辆行驶缓慢，多车道内车辆排成长队，车流密集且持续无缓解趋势，部分车辆在车道内缓慢移动或短暂停滞，未见明显事故或异常停车情况，整体呈现典型早高峰时段因车流量过大导致的拥堵现象，影响范围覆盖多个大型货车与小轿车混行，道路通行能力显著下降，但未发现占道施工、抛洒物或二轮车辆闯入等其他异常情况。
930,5783,占道施工_20240603222932_运行安全_35669286.mp4,拥堵,多车事故,2024年6月3日22时29分至22时30分，外环高速龙吴路路段夜间发生占道施工交通事件。现场可见一辆黄色工程车停靠在右侧车道，车顶警示灯闪烁，车身周围设置有反光锥桶，形成临时施工区域。一名身穿反光背心的工作人员在车辆附近活动，进行作业或指挥交通。该施工区域占用了一条行车道，导致车辆需减速并变道绕行，影响了正常通行秩序。施工区域设有明显的警示标志和灯光提示，符合占道施工标准，但未见施工设备长时间停留或发生碰撞等情况，整体秩序尚可维持。
937,5790,占道施工_20240126225433_运行安全_35340561.mp4,拥堵,占道施工,2024年1月26日22时54分至22时55分，在G60市区方向至S20外的路段上，发生了一起占道施工交通事件。现场有多名施工人员穿着反光背心在车道内进行作业，旁边停放着一辆工程车辆，周围放置了多个交通锥桶以隔离施工区域。施工导致该路段的车道数量减少，车辆需变道或减速通过，对正常交通流产生了一定影响。异常特征包括施工人员在夜间进行道路作业，且施工区域设有警示标志和闪烁警示灯，确保过往车辆的安全通行。
940,5793,异常停车_20230718193808_突发事件_1962668.mp4,异常停车,拥堵,2023年7月18日19时38分，外环高速吴淞江桥南路段出现严重交通拥堵，现场多车道车辆缓慢行驶或完全停滞，车流密集且持续时间较长，未见明显事故或障碍物。涉事车辆包括大量轿车、货车及厢式运输车，其中可见白色厢式货车、红色集装箱货车、蓝色集装箱货车以及多辆私家车。车辆在多个车道内排成长队，尾灯连成一片，表明通行速度极低，部分车辆在低速移动中频繁刹车，存在明显的拥堵特征。该路段为双向多车道高速公路，右侧有绿化带和护栏，左侧为道路边界，整体环境为夜间照明良好但车流量大的状态，无施工设施、异常停车或抛洒物等其他干扰因素，因此判断为典型因车流高峰导致的拥堵事件，影响范围覆盖多个车道，持续时间超过一分钟，且无缓解趋势。
941,5794,异常停车_20230720194452_突发事件_33391753.mp4,异常停车,拥堵,2023年7月20日19时44分至19时45分，外环高速吴淞江桥南路段出现交通拥堵事件。该路段为夜间双向多车道高速公路，道路两侧绿化带清晰，照明良好。视频显示，从19:44:00开始，右侧车道车辆行驶缓慢，车流密集，多辆轿车、货车及厢式货车在车道内排成长队，车距明显缩短，部分车辆刹车灯持续亮起，表明车速显著降低或处于缓行状态。期间，一辆白色厢式货车和一辆白色轿车先后驶入画面，但未见异常停车或事故迹象。由于车流量大且通行效率降低，导致后方车辆被迫减速并持续排队，形成持续性拥堵。整个过程中，未发现占道施工、抛洒物、二轮闯入或异常停车等直接诱因，推测为高峰时段车流集中所致，属于典型的城市快速路拥堵现象，影响了正常通行秩序。
943,5796,二轮车辆闯入_20230722133457_突发事件_33394578.mp4,二轮车辆闯入,多车事故,2023年7月22日13时34分54秒至13时35分23秒，外环高速莘庄立交北段发生一起异常停车事件。一辆红色货车在右侧车道内完全静止，车辆未开启双闪灯，且驾驶员不在车内，车辆明显处于非正常行驶状态。该车停靠位置位于行车道上，导致后方多辆汽车被迫减速绕行，形成短暂拥堵。周围车辆包括轿车、货车及大型运输车等，均正常行驶，未见明显碰撞或人员下车情况，但该车长时间静止无疑构成交通安全隐患。该行为违反了高速公路禁止随意停车的规定，属于典型违规停车事件。
946,5799,占道施工_20240426003636_运行安全_35529576.mp4,占道施工,拥堵,2024年4月26日00:36至00:37期间，嘉闵东侧嘉美路南路段夜间发生占道施工交通事件。现场可见施工区域设置有反光锥桶、警示标志和临时围挡，一辆黄色工程车停靠在施工区域前方，车顶闪烁警示灯，两名身穿反光背心的施工人员在路边作业，部分车道被封闭，车辆需绕行或减速通过。施工区域设有“交替通行”提示牌及“注意避让”警示标志，提示车辆注意减速并注意观察施工情况。该施工导致部分车道变窄，影响了正常通行效率，但未造成严重拥堵或事故。异常特征包括：施工设施规范布置、警示标志清晰可见、施工人员在岗作业、车辆有序绕行等。
948,5801,占道施工_20240514233521_运行安全_35590520.mp4,占道施工,拥堵,2024年5月14日23时35分至23时36分，在G60市区方向至S4金山方向的高架道路上，发生了一起占道施工交通事件。现场有多辆工程车辆和施工人员进行作业，施工人员穿着反光背心，操作设备，车道被多个锥桶遮挡，导致车道数量减少，车辆需变道或减速通行。施工区域设有警示牌和闪烁警示灯，以提醒过往车辆注意避让。此次施工对道路交通造成一定影响，但未引发严重拥堵或事故，整体秩序较为有序。异常特征包括施工设施占据部分车道、施工人员现场作业以及车辆被迫绕行或减速。
950,5803,占道施工_20230820230816_运行安全_34612853.mp4,占道施工,异常停车,2023年8月20日23时08分至23时09分，外环高速沪太立交东1-1 03路段夜间发生占道施工交通事件。现场可见多辆工程车辆停靠在右侧车道，包括一辆黄色工程车和一辆红色货车，周围设置有多个红白相间的交通锥桶，形成临时隔离区域。一名身穿橙色反光工作服的施工人员在路边作业，手持工具进行路面作业。施工区域占用部分车道，导致车辆需减速并变道通行，车流速度明显减缓，但未出现严重拥堵。施工区域设有警示灯和反光标志，提示过往车辆注意避让。整体交通秩序受一定影响，但未发生交通事故或异常停车情况。
951,5804,占道施工_20230720234342_运行安全_33392790.mp4,占道施工,拥堵,2023年7月20日23时45分至23时46分，外环高速漕宝路南段夜间出现占道施工交通事件。现场可见道路右侧车道被一排红白相间的交通锥桶封闭，形成临时隔离带，部分车道被占用，车辆需绕行或减速通过。施工区域未见明显施工人员或工程车辆，但锥桶排列整齐且持续存在，表明该区域正在进行或准备进行道路施工。受此影响，部分车辆在夜间行驶过程中出现变道行为，车流速度有所减缓，尤其在靠近施工区的路段出现轻微拥堵现象。整体交通秩序虽未完全中断，但存在因施工导致的通行效率下降和潜在安全隐患。
955,5808,二轮车辆闯入_20230715114611_突发事件_1149523.mp4,二轮车辆闯入,拥堵,2023年7月21日11时46分至11时47分，外环高速武威路南（内）路段出现交通拥堵事件。该路段为多车道高速公路，双向车流密集，车辆包括轿车、货车、客车及大型运输车等各类机动车。从视频画面可见，从11:46:09开始，右侧车道车辆行驶缓慢，车距明显缩短，部分车辆处于低速移动或短暂停滞状态，形成持续性拥堵，排队车辆长度超过正常范围且无缓解趋势，主要集中在匝道及主路区域。拥堵主要集中在右侧车道，左侧车道通行相对顺畅，但受右侧影响整体通行效率下降。未见明显事故、施工或抛洒物等直接诱因，推测为高峰时段车流量过大导致的常态化拥堵。该事件对道路通行能力造成较大影响，存在潜在追尾风险，属于典型的交通拥堵异常事件。
960,5813,占道施工_20230922234941_运行安全_34849095.mp4,占道施工,异常停车,2023年9月22日23时49分至23时50分，外环高速沪嘉立交南侧路段夜间出现占道施工交通事件。现场可见一辆黄色工程车停靠在右侧车道，车后方设置有反光锥桶和警示灯，一名身穿反光背心的工作人员在车旁活动。该施工区域占用了两条行车道，导致车辆需绕行或减速通过，影响了正常通行秩序。施工区域设有明显的警示标志和闪烁警示灯，符合占道施工标准特征，且未见其他异常停车或事故情况。
967,5820,二轮车辆闯入_20230717163609_突发事件_1356493.mp4,二轮车辆闯入,异常停车,2023年7月17日16时36分至16时37分，外环高速曹安路路段出现异常停车事件。一辆红色货车在右侧车道完全静止，未开启双闪灯，车辆位置位于道路中央偏右位置，持续时间超过1分钟。该车停靠后导致后方多辆汽车被迫减速绕行，影响了右侧车道的正常通行秩序。周围车辆正常行驶，无施工设施、二轮车辆闯入或抛洒物等其他异常情况，但该车异常停车行为已构成交通安全隐患。
968,5821,占道施工_20230801003222_运行安全_33411652.mp4,占道施工,异常停车,2023年8月1日00:52至00:53期间，在一条夜间城市快速路的右侧车道上，一辆黄色工程车停靠在道路中央护栏旁，车辆后方设置了多个红白相间的交通锥桶，形成临时隔离带。工程车未开启双闪灯，且驾驶员未在车内活动，疑似临时停车或故障。该区域为行车道，无允许停车标志，且车辆长时间静止，导致后方车辆被迫减速绕行，影响了正常通行秩序。现场无施工人员或设备出现，也未见警示标志或闪烁警示灯，存在安全隐患。该行为符合异常停车的判断标准，属于非紧急情况下的违规停车。
973,5826,异常停车_20230715182834_突发事件_1150826.mp4,异常停车,抛洒物,2023年7月15日18时28分至18时29分，北环高速富锦路路段道路上有不明物体，该异物位于右侧车道区域，未见明显车辆碰撞或紧急避让行为，但存在潜在安全隐患。由于天气阴沉、路面湿滑，抛洒物可能影响后续车辆行驶安全，构成交通安全隐患。
977,5830,拥堵_20230902175741_突发事件_34704998.mp4,拥堵,多车事故,2023年9月2日17时57分，外环高速富长路路段出现严重交通拥堵，多辆轿车、货车及集装箱运输车在行车道内缓慢行驶或完全停滞，车辆排成长队，车流密度高，通行速度明显下降，部分车辆处于静止状态，后方车辆被迫减速绕行，影响范围覆盖多个车道，持续时间超过10秒且无缓解趋势，符合拥堵判断标准，表现为多车排队缓行及整体通行效率降低的异常情况。
978,5831,异常停车_20240516183339_突发事件_35598193.mp4,异常停车,多车事故,2024年5月16日18:33至18:34期间，在嘉闵西侧定焦04监控点位，隧道内右侧车道发生一起多车事故。事故涉及二辆车，其中一辆白色轿车与前方车辆发生追尾，随后停车不动，其后方黑色SUV和白色轿车被迫紧急刹车并发生轻微碰撞。事故发生后，后方车辆继续缓慢通行或出现拥堵现象。事故区域无明显施工设施或抛洒物，未见人员下车交涉或交警到场处理，但车辆位置异常且存在明显追尾痕迹，表明存在突发性和多车性交通事故。
980,5833,异常停车_20240508133827_突发事件_35570359.mp4,异常停车,拥堵,2021年5月13日13时33分至13时34分，外环高速京沪立交（内）路段出现交通拥堵事件。该路段为双向多车道高速公路，右侧方向车流密集，车辆行驶缓慢，部分车辆处于低速移动或短暂停滞状态，排队长度持续增加，影响通行效率。涉事车辆包括多辆轿车、货车及厢式运输车，其中左侧车道车辆相对稀疏，但整体车流密度较高，表明拥堵已对主线通行造成显著影响。现场未见明显事故或障碍物，也无施工迹象，推测拥堵可能由前方流量突增或道路瓶颈所致。异常特征表现为车辆行驶速度显著降低，车距缩短，后方车辆频繁刹车，符合典型拥堵特征。
983,5836,占道施工_20231008230751_运行安全_34908468.mp4,抛洒物,异常停车,2023年10月8日23时07分至23时08分，嘉闵西侧S6立交南路段夜间出现占道施工交通事件。现场可见一辆黄色工程车缓慢行驶在左侧车道，车顶闪烁着警示灯，车身周围设置有多个红白相间的交通锥桶，形成临时隔离带，占用部分行车道。施工区域位于主路与匝道交汇处，车辆需绕行或减速通过。该施工行为导致左侧车道通行能力下降，后方车辆行驶速度明显减缓，形成一定程度的交通拥堵。施工区域未见明显施工人员活动，但存在明显的施工设施布置，符合占道施工特征。整体影响为局部车道通行效率下降，但未引发严重交通事故或异常停车情况。
989,5842,二轮车辆闯入_20230720190132_突发事件_33391626.mp4,二轮车辆闯入,异常停车,2023年7月20日18时01分32秒至18时01分59秒，S4市区方向至S20外环线高架路段，一辆白色轿车在道路右侧车道内完全静止，驾驶员下车后站在车旁，车辆停在非停车区域，导致后方车辆被迫减速绕行，存在明显异常停车行为，影响正常交通秩序。
991,5844,拥堵_20231227130048_突发事件_35268649.mp4,拥堵,二轮车辆闯入,2023年12月23日07:00:45至07:01:00期间，S20内至G60出省方向的高架路段出现交通拥堵事件。该路段位于通往杭州方向（G60）与浦东机场方向（S20）交汇处附近，道路两侧有绿化带和指示牌，上方为城市高架桥。视频显示，多辆小轿车、货车及罐车在该路段缓慢行驶或完全停止，车辆排成长队，车距明显缩短，部分车辆刹车灯持续亮起，表明车速极低或处于停滞状态。涉事车辆包括白色轿车、黑色轿车、白色厢式货车以及大型油罐车等，均处于低速行驶状态。由于车辆密集且通行缓慢，导致后方车辆被迫减速并排队等待，形成典型的拥堵现象。此拥堵发生在早高峰时段，未见施工设施、事故痕迹或抛洒物，也无异常停车或二轮车辆闯入情况，推测为常规性交通流量饱和所致。整体影响为通行效率显著下降，对过往车辆造成较大延误。
996,5849,占道施工_20230726230638_运行安全_33405704.mp4,占道施工,异常停车,2023年7月26日23时06分至23时07分，外环高速莘庄立交东南方向路段夜间出现占道施工交通事件。现场有多名身穿反光背心、头戴安全帽的施工人员在道路右侧车道作业，使用多个橙色交通锥桶和警示标志对部分车道进行封闭，形成临时施工区域。一辆黄色工程车停靠在施工区域前方，车顶警示灯闪烁，一名工作人员在车辆旁进行引导或作业。多辆机动车（包括轿车、货车）从施工区域旁正常通行，未见明显拥堵或事故。施工区域设置有明显的警示标志和灯光提示，符合占道施工标准，对交通流造成一定影响，但整体通行秩序良好，未发生异常停车或事故。
1003,5856,二轮车辆闯入_20230718110519_突发事件_1960391.mp4,二轮车辆闯入,拥堵,2023年7月18日11时05分，外环高速武威路南（内）路段发生交通拥堵事件，现场多辆汽车、货车及厢式货车在行车道上缓慢行驶或停滞，车辆排成长队，车流密度高，通行速度明显下降，部分车辆在尝试变道或减速，导致整体交通流受阻。该路段为高速公路主干道，两侧有绿化带和立交桥，未见明显事故或障碍物，但因车流量大且持续时间较长，形成典型拥堵现象，影响了该区域的正常通行效率。
1004,5857,异常停车_20240530110227_突发事件_35653821.mp4,拥堵,多车事故,2024年5月30日11时07分至11时08分，外环高速吴淞江桥南路段出现交通拥堵事件。该路段为双向多车道高速公路，右侧车道车辆行驶缓慢，车流密集，车辆间距明显缩小，部分车辆处于低速移动或短暂停滞状态，持续时间超过1分钟且无缓解趋势。涉事车辆包括多辆轿车、货车、厢式货车及大型运输车，其中以红色、白色和蓝色货车为主，部分车辆在车道内频繁变道或减速，导致后方车辆被迫跟随减速。左侧对向车道车流相对顺畅，未受影响。拥堵主要集中在右侧车道，影响范围覆盖多个车道，造成通行效率下降，存在潜在追尾风险。异常特征表现为车辆排队长度较长，车速显著降低，且无明显事故或施工迹象，推测为高峰时段车流量过大所致。
1007,5860,多车事故_20240613090315_突发事件_35700753.mp4,抛洒物,多车事故,2024年6月13日星期四上午9时03分至9时04分，位于城市高架道路的某路段发生一起多车事故。事故发生在高架桥上由南向北行驶的车道中，涉事车辆包括2辆黑色轿车。视频显示，俩位驾驶员下车站在车后进行交涉，其中一人身穿白色上衣，另一人穿着深色衣物，两人在车旁弯腰查看情况。事故造成该车道通行受阻，后方车辆被迫减速或变道绕行，形成短暂拥堵。现场无明显碰撞痕迹，但车辆位置异常且驾驶员不在车内，符合多车事故特征，且持续时间较长，影响范围较大。
1009,5862,拥堵_20231224182723_突发事件_35258518.mp4,抛洒物,拥堵,2023年12月24日18时27分至18时28分，嘉闵西侧定焦04监控点位拍摄到隧道内发生交通拥堵事件。事发地点位于元江路方向的隧道内，多辆机动车在正常行驶过程中出现缓慢减速或停滞现象，车流密度显著增加，车辆间距明显缩小，部分车辆尾灯亮起，表明车速极低或处于停滞状态。涉事车辆包括多辆轿车、SUV及一辆白色面包车，均在车道内排队前行，未见异常停车或事故迹象，也无施工设施或抛洒物影响通行。该拥堵持续约一分钟，影响了隧道内双向车道的正常通行效率，造成后方车辆被迫减速并排成长队，存在潜在安全隐患。异常特征表现为车流密度持续上升、车速下降且无缓解趋势，符合典型拥堵判断标准。
1018,5871,二轮车辆闯入_20230722131929_突发事件_33394550.mp4,二轮车辆闯入,拥堵,2023年7月22日14时19分至14时20分，外环高速老沪闵路东（内）路段出现交通拥堵事件。该路段为双向多车道高速公路，车流密集，主要由轿车、货车及少量客车组成，车辆在多个车道内缓慢行驶或处于停滞状态，部分车辆在车道间频繁变道，导致通行效率下降。涉事车辆包括红色货车、白色厢式货车、黄色出租车、黑色轿车等，均在正常行驶过程中因前方车流缓慢而被迫减速或停止。拥堵区域位于高架桥一侧，靠近左侧护栏，影响范围覆盖整个监控画面范围内的行车道，持续时间约1分钟且无缓解趋势。异常特征表现为车辆排队长度明显超出正常范围，且无明显事故或施工迹象，推测为高峰时段车流量过大所致，属于典型的城市快速路拥堵现象。
1020,5873,占道施工_20231120010208_运行安全_35124474.mp4,拥堵,占道施工,2023年11月20日01:02至01:03期间，外环高速沪嘉地道内发生占道施工交通事件。现场可见一辆工程车辆停靠在道路左侧车道，车灯开启，车身带有警示灯，周围设置多个红白相间的交通锥桶，形成临时隔离区域。该施工区域占据了一条行车道，导致车辆需绕行或减速通过，影响了正常通行秩序。施工区域内未见明显施工人员活动，但存在明显的施工设施布置，符合占道施工特征。整体交通流受影响，车辆行驶速度减缓，存在潜在安全隐患。
1022,5875,占道施工_20230909232947_运行安全_34753377.mp4,拥堵,占道施工,2023年9月9日23时29分至23时30分，嘉闵高架路东柴塘北路入口处发生占道施工交通事件。现场可见多辆车辆在夜间行驶过程中，道路左侧车道被一排红白相间的交通锥桶封闭，形成临时隔离带，部分车道被占用。施工区域设有“交替通行”提示牌和黄色警示标志，提示车辆需按顺序通过。施工区域内未见明显施工人员或工程车辆，但车道数量减少，导致车辆需变道绕行，影响了正常通行效率。该事件符合占道施工判断标准，包括车道被锥桶遮挡、车辆需变道或减速、警示标志提示等特征。
1024,5877,二轮车辆闯入_20230719074347_突发事件_1965676.mp4,二轮车辆闯入,拥堵,2023年7月19日13时19分，外环高速仙霞路（内）路段出现交通拥堵事件，现场多辆机动车在正常行驶过程中，未见明显事故或停车行为，但车辆整体通行速度明显下降，部分车辆在多个车道内缓慢移动或短暂停滞，尤其在画面右侧车道形成排队现象，排队长度持续延伸，影响范围较大，且无缓解趋势。涉事车辆包括轿车、货车、客车及面包车等，均保持正常行驶状态，未发生碰撞或异常停车行为。该拥堵发生在城市快速路主干道，周边有绿化带和商业建筑，未见施工设施或抛洒物，也无二轮车辆闯入情况，整体表现为因车流量大导致的常态化拥堵，符合拥堵判断标准中“多辆车缓慢移动或完全停止”、“排队车辆长度超过正常范围”以及“发生在路口、匝道等瓶颈区域”的特征。
1028,5881,二轮车辆闯入_20230718094247_突发事件_1959789.mp4,二轮车辆闯入,拥堵,2023年7月18日星期二上午9时42分至9时43分，北环高速同济路立交南段出现交通拥堵事件。该路段为多车道高速公路，车流密集，主要由轿车、货车及客车组成，其中包含一辆白色厢式货车、一辆黄色厢式货车、一辆红色货车和一辆蓝色货车。视频显示，从9:42:45开始，右侧车道车辆行驶缓慢，部分车辆出现排队现象，尤其靠近立交桥入口处车流持续积压，形成较长的排队队列，且无明显缓解趋势。左侧车道虽有车辆正常通行，但整体车速也明显降低，部分车辆在变道过程中存在轻微减速行为。拥堵区域位于靠近立交桥入口处，可能与匝道汇入车流或前方道路施工相关。未见明显事故、抛洒物或异常停车情况，也无施工设施或人员活动迹象，初步判断为因车流量过大导致的常态化拥堵，影响了该路段的通行效率。
1034,5887,异常停车_20240621171132_突发事件_35717590.mp4,拥堵,异常停车,2024年6月21日17时11分30秒左右，在外环高速莘朱路路段，一辆黑色轿车在最左侧车道内完全静止，车辆开启双闪灯，驾驶员下车后站在车旁，后方车辆被迫减速绕行，造成该车道通行受阻。该行为符合异常停车特征，存在安全隐患，影响正常交通秩序。
1037,5890,占道施工_20240427230507_运行安全_35538437.mp4,拥堵,占道施工,2024年04月27日星期六23:03:14，在外环高速蕴川立交西枪机2监控点位，左侧车道因占道施工设置有连续的交通锥桶进行隔离，施工区域旁有工程车辆和警示标志，车道被部分遮挡，导致车道数量减少，车辆需变道或减速行驶，影响了道路的正常通行秩序，符合占道施工的异常特征。
1038,5891,二轮车辆闯入_20230720203944_突发事件_33391949.mp4,二轮车辆闯入,占道施工,2023年7月20日20时39分42秒，在S20内至沪闵高架桥1号监控点位，不存在占道施工情况。视频中显示，该路段为高架桥，道路两侧设有护栏，路面标线清晰，无施工设施、围挡或警示标志，且无车辆或人员出现在施工区域。过往车辆正常行驶，未见施工车辆或人员活动，整体交通秩序良好，无异常停车、占道施工或事故迹象。
1041,5894,拥堵_20231009163830_突发事件_34912043.mp4,拥堵,抛洒物,2023年10月9日16时38分至16时39分，嘉闵高架西侧定焦04监控点位显示，元江路方向500米处隧道内出现持续性交通拥堵。现场多辆小客车、货车及厢式货车在双向车道中缓慢行驶或处于停滞状态，车辆尾灯密集亮起，车流密度高，通行速度明显下降。涉事车辆包括白色、黑色、银色、红色等多种颜色的小型轿车、SUV及部分大型货车，其中部分车辆在变道过程中存在轻微并线行为。由于车流密集且无明显事故或障碍物，导致后方车辆被迫减速并排成长队，形成典型的拥堵现象。该路段为城市快速路隧道段，无施工迹象，也未见异常停车或抛洒物，但因车流量大且车辆密度高，造成通行效率显著降低，影响正常交通秩序。
1042,5895,二轮车辆闯入_20230720082412_突发事件_6967466.mp4,多车事故,二轮车辆闯入,2023年7月20日08时24分10秒至08时24分32秒，北环高速同济路立交南段，一辆二轮车在湿滑路面上行驶，沿道路中间车道由南向北行驶，未见其佩戴头盔，且车辆无明显牌照标识，存在逆行及横穿车道的危险行为，该区域为城市快速路，禁止非机动车通行，现场无专用二轮车道，也未设置禁止标志，但根据交通规则，二轮车在如此环境下属于严重交通违规行为，对过往车辆构成潜在安全隐患，导致部分车辆出现避让动作，影响正常通行秩序。
1044,5897,占道施工_20240215081320_运行安全_35363043.mp4,异常停车,占道施工,2024年02月15日星期四08:13至08:14期间，在某高速公路路段，发生了占道施工的交通事件。现场可见多辆工程车辆和施工人员在车道上进行作业，车道被大量红白相间的锥桶遮挡，导致车道数量减少，车辆需变道或减速通行。施工区域设有警示牌和闪烁警示灯，但未见明显施工人员穿戴反光背心或操作设备。该事件影响了道路的正常通行，过往车辆被迫减速并变更车道，显示出明显的占道施工特征。
1045,5898,二轮车辆闯入_20230721194857_突发事件_33393954.mp4,二轮车辆闯入,拥堵,2023年7月21日19时48分至19时49分，嘉闵高架路东柴塘北路入口路段出现交通拥堵事件。该路段为多车道高架道路，夜间照明良好，路面湿滑。视频显示，从19:48:52开始，车辆在主车道上缓慢行驶，车流密集，车距明显缩短，车辆尾灯连成一片红色光带，表明车速极低或处于停滞状态。车辆包括多辆轿车、SUV及一辆白色面包车，均在正常行驶中未发生碰撞或异常停车，但整体通行效率显著下降。拥堵主要集中在画面中段，车辆排队长度持续增加，且无明显缓解趋势，符合拥堵判断标准中“多辆车缓慢移动或完全停止”、“排队车辆长度超过正常范围”、“持续一段时间且无缓解趋势”的特征。该区域为城市主干道入口，车流量大，受晚高峰影响，导致通行能力下降，形成典型拥堵现象。
1046,5899,占道施工_20240617221424_运行安全_35710693.mp4,占道施工,拥堵,2024年06月17日星期一22:14至22:15期间，在某高速公路路段，发生了一起占道施工交通事件。现场可见多辆工程车辆和施工人员在车道上进行作业，施工区域被多个橙色锥桶围挡，导致车道数量减少，车辆需变道或减速通行。施工人员穿着反光背心，操作设备，施工区域设有警示牌和闪烁警示灯，以提醒过往车辆注意避让。此事件影响了该路段的正常交通秩序，导致部分车辆被迫减速或绕行，但未造成严重拥堵。异常特征包括施工设施遮挡部分车道、施工人员现场作业以及明显的警示标志和灯光提示。
1051,5904,占道施工_20230819230311_运行安全_34608597.mp4,占道施工,拥堵,2024年08月19日23:03至23:04期间，在某高速公路路段，发生了一起占道施工交通事件。现场有多辆工程车辆和施工人员进行作业，施工人员穿着反光背心并操作设备，车道被锥桶遮挡，导致车道数量减少，车辆需变道或减速通行。涉事车辆包括一辆黄色工程车和多辆小型轿车，它们缓慢移动或停滞在施工区域内。此次施工影响了道路的正常通行，车辆被迫减速或绕行，但未造成严重的交通拥堵。异常特征包括施工区域设有明显的警示牌和闪烁警示灯，确保过往车辆能够及时注意到施工情况并采取相应措施。
1052,5905,异常停车_20230717203219_突发事件_1956437.mp4,异常停车,多车事故,2023年7月17日20时32分至20时33分，外环高速丰翔路路段夜间监控画面显示，一辆白色轿车在行车道内完全静止，车辆未开启双闪灯，疑似发生故障。该车停于左侧车道边缘，周围无施工设施、警示标志或其他障碍物，且后方车辆正常行驶未出现绕行或减速现象，存在明显异常停车行为。该行为造成局部交通流受阻，但未引发碰撞或事故，整体交通秩序未受显著影响。
1053,5906,异常停车_20240530155945_突发事件_35655010.mp4,异常停车,拥堵,2024年5月30日15时59分至16时00分，嘉闵西侧定焦03隧道内发生交通拥堵事件。隧道内双向车道中，右侧车道车辆行驶缓慢，车流密集，多辆轿车和货车在车道内排队缓行，部分车辆刹车灯持续亮起，表明车速极低或处于停滞状态。左侧车道车流相对顺畅，未见明显拥堵。右侧车道车辆包括白色轿车、黑色SUV、红色轿车及一辆黄色工程车等，均处于低速行驶状态，后方车辆因前方车流积压而减速。隧道内未见异常停车、施工设施或抛洒物，也无二轮车辆闯入或事故迹象，但因车流量大且车辆间距缩小，导致通行效率下降，形成持续性拥堵。影响范围覆盖隧道中段，持续时间约一分钟，符合典型拥堵特征。
1057,5910,占道施工_20240324002036_运行安全_35435229.mp4,占道施工,拥堵,2024年3月24日00:20:33至00:21:32，在嘉闵西金沙江西路入的高速公路上，发生了占道施工交通事件。现场可见施工车辆和施工人员，施工区域被锥桶和围栏遮挡，施工人员穿着反光背心进行操作。由于施工占用部分车道，导致车道数量减少，过往车辆需变道或减速行驶，对交通流产生了一定影响。异常特征包括施工区域设有警示牌和闪烁警示灯，确保过往车辆能够及时注意到施工情况并采取相应措施。整体来看，此次占道施工对道路交通造成了一定的影响，但未引发严重拥堵或事故。
1065,5918,多车事故_20240530145601_突发事件_35654638.mp4,多车事故,抛洒物,2024年5月30日14时59分30秒，在外环高速蕴川立交西枪机2监控点位，多辆机动车在行驶过程中，未见明显驾驶员下车行为，但随后车辆均保持正常位置保持车距状态，未发生碰撞或紧急避让情况，现场秩序正常。不属于典型的抛洒物交通事件。
1072,5925,异常停车_20230715014517_突发事件_1147473.mp4,抛洒物,异常停车,2023年7月15日01:45:15至01:46:12期间，外环高速北翟路立交北侧路段出现异常停车事件。一辆白色厢式货车在右侧车道内长时间静止不动，开启双闪灯，且无明显故障迹象或驾驶员在车旁活动，车辆处于非停车区域，导致后方多辆汽车被迫减速绕行，影响了正常交通流。该行为不符合高速公路临时停车规定，存在安全隐患，属于典型异常停车行为。
1073,5926,拥堵_20231218083201_突发事件_35238383.mp4,拥堵,异常停车,2023年12月10日08时34分，外环高速锦秋路北段发生一起异常停车事件。一辆红色货车在右侧应急车道内完全静止，开启双闪灯，且无交通信号灯或标志允许停车，驾驶员不在车内，车辆明显处于非正常行驶状态。该车停放在非停车区域，导致后方多辆汽车被迫减速绕行，形成局部拥堵，影响通行效率。现场无施工设施、无事故迹象，也未见二轮车辆闯入或抛洒物等其他异常情况，整体判断为单方异常停车行为。
1074,5927,占道施工_20231102225532_运行安全_35038387.mp4,多车事故,占道施工,2023年11月2日22时55分至22时56分，外环高速仙霞路（内）路段发生占道施工交通事件。现场可见右侧车道被多个交通锥桶封闭，形成临时隔离带，施工区域有工程车辆停驻并亮起警示灯，提示车辆需绕行或减速通过。多辆货车、轿车及面包车依次在该区域行驶，部分车辆因避让施工区域而出现变道行为，交通流受到一定影响。施工区域未见明显施工人员活动，但存在明显的车道缩减和交通引导措施，符合占道施工特征。
1079,5932,拥堵_20230810131306_突发事件_34557690.mp4,拥堵,抛洒物,2023年8月10日13时13分至13时14分，沪宁转外环外圈路段出现交通拥堵事件，现场多辆机动车在弯道区域缓慢行驶或完全停止，车辆排成长队，车流密度显著增加，通行速度明显下降，持续时间超过一分钟且无缓解趋势。涉事车辆包括多辆轿车、货车及一辆大型客车，均在正常行驶过程中因前方车流积压而被迫减速或停止，未见异常停车、施工设施、二轮车辆闯入或抛洒物等其他异常情况，主要影响为该路段的交通流量显著减少，导致通行效率降低，存在潜在安全隐患。
1081,5934,占道施工_20230804000523_运行安全_34424882.mp4,占道施工,异常停车,2023年8月4日00:05至00:06期间，外环高速京沪立交南2枪机1监控画面显示，在该路段右侧车道发生占道施工交通事件，车辆处于异常停车状态。现场可见多辆工程车辆停靠在道路右侧，包括一辆黄色工程车和一辆装载设备的黄色平板运输车，车辆均开启警示灯，周围设置多个红白相间的交通锥桶，形成临时隔离区域。施工区域前方有身穿反光背心的工作人员在作业，部分车辆在施工区域附近减速绕行。该施工行为导致右侧车道通行空间受限，车辆需变道行驶，影响了正常交通流，存在一定的安全隐患。整体画面显示施工区域布置规范，但未完全封闭车道，存在潜在交通风险。
1082,5935,占道施工_20240111232017_运行安全_35312021.mp4,占道施工,拥堵,2024年01月11日23:22至23:23，在某高速公路路段，发生了占道施工交通事件。现场可见一辆工程车辆停在道路中央，周围摆放了多个交通锥桶，对车道进行了部分封闭。施工区域内有施工人员穿着反光背心在进行作业，旁边还停放着一辆黄色工程车。由于施工占用了一部分车道，导致过往车辆需减速并变道行驶，对交通流产生了一定影响，但整体通行秩序较为有序，未出现严重拥堵现象。此事件的异常特征包括车道被施工设施遮挡、施工人员在场操作设备以及车辆需变道或减速通过。
1084,5937,占道施工_20240509231421_运行安全_35575677.mp4,拥堵,占道施工,2024年5月29日23时14分至23时15分，在外环高速吴中路路段，发生了一起占道施工交通事件。现场可见车道被多个锥桶遮挡，施工车辆停在右侧车道并开启警示灯，施工人员穿着反光背心在进行作业。由于施工设施的遮挡，车道数量减少，导致过往车辆需变道或减速行驶，影响了道路的正常通行秩序。异常特征包括施工区域设有明显的警示标志和闪烁的警示灯，确保过往车辆能够及时注意到施工情况并采取相应措施。
1086,5939,异常停车_20240529075343_突发事件_35649032.mp4,异常停车,多车事故,2024年05月29日07:56:25至07:57:25，在某高速公路路段，发生了一起多车事故。涉事车辆包括一辆白色SUV和一辆灰色轿车，这些车辆在行驶过程中发生了碰撞，导致车辆位置异常，其中白色轿车和灰色轿车停在道路中央。事故现场有人员下车交涉，且有交警到场处理，其他车辆被迫紧急避让或停滞，交通秩序受到严重影响，后续车辆出现缓慢移动甚至完全停止的情况，形成了短暂的拥堵现象。此次事故的异常特征在于多辆车同时发生碰撞，且事故车辆长时间停留在交通要道上，对正常通行造成明显影响。
1095,5948,异常停车_20240617205704_突发事件_35710685.mp4,拥堵,多车事故,2024年6月17日20时57分，外环高速吴淞江桥南路段发生一起多车事故。事故发生在夜间，监控画面显示一辆黑色轿车与后方车辆发生追尾，随后在行车道上双闪停靠，后方车辆因避让或停滞导致该车道形成明显拥堵。涉事车辆包括至少二辆小轿车，均处于静止状态，部分车辆灯体亮起，提示存在紧急情况。事故现场无明显人员下车交涉或交警到场，但车辆排队长度超过正常范围，影响了后续多辆车辆的正常通行，形成持续性拥堵。异常特征表现为车辆密集、行驶速度显著下降以及车道内存在多点碰撞痕迹。
1097,5950,异常停车_20230722172928_突发事件_33394850.mp4,拥堵,多车事故,2023年7月22日17时29分24秒，在嘉闵高架西侧定焦05监控点位，一辆白色轿车和一辆灰色SUV在行车道内发生碰撞，导致后方车辆紧急刹车并形成短暂的拥堵队列。涉事车辆包括一辆白色轿车，其后方有人员下车进行交涉，另一名人员匆匆走向事故现场。事故造成该路段通行效率下降，后方车辆被迫减速绕行，符合多车事故的典型特征。
1099,5952,占道施工_20230824003322_运行安全_34630989.mp4,占道施工,拥堵,2023年8月24日00:33至00:34期间，嘉闵高架东侧隧道内发生占道施工事件。现场可见一辆工程车停靠在右侧车道，车顶警示灯闪烁，周围设置多个橙白相间的交通锥桶，形成临时隔离区域。一名身穿反光背心的工作人员在车辆附近活动，进行作业或指挥交通。该施工区域占用了一条行车道，导致车辆需绕行或减速通过，影响了正常通行秩序。同时，施工区域未见明显施工设备或围挡，推测为简单的交通锥桶布置作业。整体交通流未出现拥堵，但存在因施工导致的车道变窄和行车风险。
1100,5953,占道施工_20240117235242_运行安全_35325088.mp4,占道施工,拥堵,2024年01月17日23:55:12至23:55:25，在外环高速铁力路西枪机2处，发生了一起占道施工交通事件。现场可见车道被多个锥桶遮挡，施工人员穿着反光背心在进行操作，导致车道数量减少，车辆需变道或减速行驶。涉事车辆包括多辆货车和轿车，它们被迫绕行或减速通过施工区域。此次施工行为对道路交通造成了一定影响，但未引发严重拥堵或事故。异常特征包括明显的施工设施和施工人员的活动，以及车辆因施工而采取的避让措施。
1105,5958,占道施工_20240121002156_运行安全_35329945.mp4,占道施工,拥堵,2024年01月31日00:21:50至00:22:09，在外环高速富长路路段，发生了一起占道施工交通事件。现场有多辆工程车辆和施工人员进行作业，施工人员穿着反光背心并操作设备，车道被多个锥桶遮挡，导致车道数量减少，车辆需变道或减速通行。涉事车辆包括两辆大型工程车和施工人员，他们站在施工区域内，指挥或操作设备。受此影响，过往车辆被迫减速或变更车道，交通流量受到影响，但未造成严重拥堵。异常特征包括施工区域设有警示牌和闪烁警示灯，以提醒驾驶员注意避让。
1106,5959,占道施工_20231201002334_运行安全_35175521.mp4,占道施工,拥堵,2023年12月1日00:23:30至00:24:29期间，嘉闵西金沙江西路入口处发生占道施工交通事件。现场可见一辆工程作业车停靠在右侧车道，车顶警示灯闪烁，周围设置多排红白相间的交通锥桶，形成临时隔离带，占用部分行车道。两名身穿反光背心的施工人员在作业区域内活动，其中一人手持警示牌，另一人靠近锥桶进行布置。该施工区域导致右侧车道通行空间受限，过往车辆需减速绕行，影响了正常交通流。施工区域设有“交替通行”提示牌，表明为临时交通管制措施。整体画面显示施工秩序井然，未见明显拥堵或事故现象，但存在潜在安全隐患。
1111,5964,拥堵_20240227073701_突发事件_35376357.mp4,二轮车辆闯入,异常停车,2024年6月7日13时36分至13时37分，位于城市高架道路南向车道，一辆白色轿车在右侧应急车道内长时间静止不动，车辆未开启双闪灯，驾驶员下车查看，车辆明显处于异常停车状态。
1112,5965,拥堵_20231209141123_突发事件_35207663.mp4,拥堵,异常停车,2023年12月9日星期六14时13分至14时14分，外环高速同济路立交南侧路段出现交通拥堵事件。该路段位于城市高架道路交汇处，多车道车辆密集行驶，其中以白色、黑色、红色轿车及货车为主，车流缓慢移动，部分车辆在车道间频繁变道，导致通行效率下降。拥堵区域集中在画面右侧靠近立交桥入口处，车辆排成长队，持续时间约一分钟且无缓解趋势，符合拥堵判断标准。未见明显事故、施工或异常停车迹象，但因车流量大且车辆密度高，造成通行不畅，影响整体交通流畅性。
1114,5967,拥堵_20240301090114_突发事件_35381618.mp4,占道施工,拥堵,2024年03月01日09:01至09:02，在某城市高架桥路段，发生了一起占道施工交通事件。视频显示，该路段的右侧车道被多个橙色锥桶和施工车辆遮挡，可见施工人员穿着反光背心在进行作业，导致车道数量减少，车辆需变道或减速行驶。涉事车辆包括多辆小型轿车、一辆黄色工程车等，它们在施工区域附近有序变道，未见明显碰撞或事故。此次占道施工对过往车辆造成了一定程度的通行影响，但整体交通秩序仍保持稳定，未出现严重拥堵现象。异常特征包括施工设施遮挡车道、施工人员现场操作以及车辆被迫减速或变道。
1115,5968,异常停车_20230717170422_突发事件_1356661.mp4,二轮车辆闯入,拥堵,2023年7月17日17时44分至17时45分，外环高速吴中入口匝道（外）路段出现交通拥堵事件。该路段为多车道高速公路，车流密集，主要由轿车、货车及少量客车组成，车辆行驶缓慢，部分车辆处于低速蠕动状态，未见明显停车或事故迹象。涉事车辆包括各类小型轿车、厢式货车、集装箱卡车及大型运输车，均在正常车道内行驶，无异常停车或碰撞行为。道路两侧设有绿化带和交通标志，右侧限速30公里/小时的警示牌清晰可见，但未见施工设施或人员。整体车流持续缓慢移动，未发生拥堵加剧或车辆间碰撞，但存在因车流量大导致的通行效率下降现象，符合典型拥堵特征。
1116,5969,异常停车_20240511101336_突发事件_35581084.mp4,异常停车,多车事故,2024年5月11日星期六10时13分至10时14分，位于城市高架道路的某路段发生一起多车事故。事故发生在双向车道中的右侧车道，涉事车辆包括一辆白色轿车和一辆黑色轿车，已经在最右侧车道双闪停靠疑似发生追尾事故。部分车辆存在明显碰撞痕迹，驾驶员下车查看情况，造成该车道通行受阻，后方车辆被迫减速绕行，交通流出现短暂拥堵。事故未见明显抛洒物或施工设施，但车辆位置异常且存在紧急避让行为，符合多车事故特征。
1117,5970,多车事故_20240625090006_突发事件_35723177.mp4,异常停车,拥堵,2024年06月25日星期二09:00:04至09:00:05期间，在上行水产路入口匝道03处发生多车事故。事故涉及至少三辆小轿车，其中一辆白色轿车与前方车辆发生追尾，随后停车在行车道上，车辆位置异常，后方车辆被迫减速或绕行。现场有人员下车查看情况，交通流明显受阻，后方车辆排队缓慢通行，形成拥堵现象。异常特征表现为车辆位置异常、人员下车处理以及后方车辆紧急避让和减速行为。
1120,5973,二轮车辆闯入_20230715130251_突发事件_1149774.mp4,二轮车辆闯入,拥堵,2023年7月15日13时02分至13时03分，外环高速潭宝路北段出现交通拥堵事件。该路段为多车道高速公路，双向车流密集，其中南向北方向车辆行驶缓慢，车距明显缩短，多辆轿车、货车及厢式运输车在车道内排队缓行，部分车辆处于停滞状态，后方车辆持续汇入导致拥堵加剧。涉事车辆包括红色平板货车、白色厢式货车、黄色出租车及多辆小型轿车，均在正常行驶过程中因前方车流缓慢而被迫减速或停止。现场未见明显事故、施工或抛洒物迹象，也无异常停车或二轮车辆闯入情况。拥堵主要集中在道路中段，影响范围较长，车辆通行效率显著下降，持续时间超过一分钟且无缓解趋势，符合拥堵判断标准中的“多辆车缓慢移动或完全停止”“排队车辆长度超过正常范围”“持续一段时间且无缓解趋势”等特征。
1127,5980,异常停车_20230719071109_突发事件_1966981.mp4,拥堵,异常停车,2023年7月19日07时11分07秒，在外环高速丰翔路路段，一辆红色货车停靠在右侧应急车道上，且驾驶员下车在车旁活动，后方车辆正常行驶未出现绕行或减速避让行为，整体交通秩序未受显著影响。该车辆长时间静止，未见施工或故障迹象，属于非紧急情况下的异常停车行为，存在一定的交通安全隐患。
1135,5988,拥堵_20231216104611_突发事件_35232613.mp4,拥堵,抛洒物,2023年12月16日10时46分至10时47分，外环高速莘庄立交北段出现交通拥堵事件。该路段为多车道高速公路，双向车流密集，其中南向北方向车辆行驶缓慢，车距明显缩短，多辆轿车、货车及厢式运输车在车道内持续低速行驶或短暂停滞，部分车辆刹车灯持续亮起，表明车速极低。拥堵区域位于立交桥附近，受前方车流积压影响，车辆排队长度逐渐增加，形成较长的缓行队列，未见明显事故或障碍物，但整体通行效率显著下降，存在典型拥堵特征。该事件持续约一分钟，未见异常停车、施工或抛洒物等情况，推测为高峰时段车流量过大所致。
1136,5989,占道施工_20231029230911_运行安全_35016574.mp4,占道施工,拥堵,2023年10月29日23时09分至23时10分，外环高速顾戴路路段夜间出现占道施工交通事件。现场可见一辆黄色工程车缓慢行驶在左侧车道，车顶警示灯闪烁，车身前方摆放多个红白相间的交通锥桶，形成临时隔离带，占用部分行车道。该施工区域位于道路左侧车道，车辆需绕行或减速通过，导致车流缓慢通行。多辆货车、轿车及面包车依次缓慢通过，包括一辆绿色集装箱货车、一辆红色厢式货车、一辆白色面包车以及多辆小型汽车均在锥桶引导下有序行驶。施工区域未见明显施工人员或设备，但存在明显的车道缩减和交通引导措施，符合占道施工特征。整体交通秩序受一定影响，但未发生拥堵或事故。
1139,5992,异常停车_20240624062942_突发事件_35720712.mp4,异常停车,拥堵,2024年6月24日星期一早上7点29分至7点30分，外环高速吴中路路段出现交通拥堵事件。该路段为双向多车道高速公路，路面湿滑，天气阴雨。视频显示，右侧车道车辆行驶缓慢，车流密集，多辆货车与轿车排成长队，包括红色集装箱货车、白色厢式货车、蓝色货车及黑色轿车等，车辆间距极小，部分车辆处于低速移动或短暂停滞状态，持续时间约1分钟且无缓解趋势。左侧车道车流相对顺畅，但受右侧拥堵影响，部分车辆在汇入主车道时出现减速避让行为。现场未见明显事故、施工或抛洒物迹象，也无异常停车或二轮车辆闯入情况。整体表现为典型早高峰时段的交通拥堵，主要影响右侧车道通行效率，导致后方车辆排队缓行，符合拥堵判断标准中的多辆车缓慢移动、排队长度超常、发生在瓶颈区域等特征。
1144,5997,异常停车_20240516034534_突发事件_35594548.mp4,异常停车,拥堵,2024年5月16日03:45至03:46，在外环高速京沪立交（内）路段，发生了一起占道施工交通事件。视频中可以看到，右侧车道被锥桶和施工设施遮挡，施工人员穿着反光背心在进行作业，导致该区域的车道数量减少，车辆被迫变道或减速行驶。涉事车辆包括施工车辆和途经的各类社会车辆，它们的行为明显符合占道施工的特征，即车道被围挡、施工标志牌清晰可见且车道数量减少。此次占道施工对夜间高速公路的通行效率产生了一定影响，车辆被迫减速或变更车道，但未见明显拥堵或事故。异常特征主要表现为施工区域设有警示牌和闪烁警示灯，确保过往车辆的安全通行。
1149,6002,拥堵_20240313203004_突发事件_35408011.mp4,拥堵,多车事故,2024年3月13日20时30分05秒至20时30分58秒，嘉闵西侧定焦04监控点位拍摄到隧道内发生多车事故。事故发生在隧道中段，涉事车辆包括多辆正常行驶的汽车，其中一辆在行驶过程中突然减速并停车，后方车辆因前方车辆静止被迫紧急刹车或变道，导致车流出现明显拥堵和短时缓行。现场未见明显碰撞痕迹或人员下车交涉，但车辆密集且通行缓慢，持续时间较长，影响了整体交通流畅性。该事件符合多车事故的判断标准，表现为多车相互碰撞、车辆位置异常、后方车辆避让等特征。
1154,6007,异常停车_20230715112614_突发事件_1149478.mp4,异常停车,拥堵,2023年7月15日星期六11时26分至11时27分，位于城市快速路某路段（道路两侧绿树成荫，设有中央隔离护栏）发生拥堵事件。该路段为多车道高速公路，车流密集，主要由货车和轿车组成，其中以白色厢式货车、红色平板货车、蓝色集装箱货车及多辆私家车为主。视频显示，从11时26分开始，车辆行驶速度明显减缓，车距缩短，部分车辆在车道内缓慢移动或短暂停滞，形成持续性排队现象，尤其在右侧车道形成较长的缓行队列，影响通行效率。期间未见明显事故、施工或抛洒物迹象，但车辆间距极小，存在轻微变道和减速行为，表明交通流已达到高峰拥堵状态。整体表现为典型的城市快速路早高峰时段因车流量大导致的拥堵，无异常停车、占道施工、二轮闯入或抛洒物等直接诱因，但车流密度高、车速低，符合拥堵判断标准。
1158,6011,多车事故_20240617073026_突发事件_35708952.mp4,多车事故,异常停车,2024年06月17日星期一07:30:23，在一条城市高架道路上，一辆白色轿车在最右侧车道完全静止，车辆开启双闪灯，驾驶员下车后站在车旁，后方车辆被迫减速绕行，导致该车道通行受阻，形成局部拥堵。该行为符合异常停车判断标准，存在安全隐患。
1166,6019,占道施工_20231213005823_运行安全_35218223.mp4,抛洒物,占道施工,2023年12月13日00:58至00:59期间，外环高速顾戴路北（内）路段夜间出现占道施工交通事件。现场可见多辆工程车辆停靠在道路右侧车道，包括一辆黄色工程车和一辆白色作业车，周围设置有多个红白相间的交通锥桶，形成临时隔离带，占用部分行车道。施工区域有身穿反光背心的工作人员在路边作业，部分车辆需减速绕行通过。该施工区域未见明显施工警示牌或闪烁警示灯，但通过交通锥桶和工程车辆布置已形成有效隔离，导致车辆行驶速度减缓并出现变道行为。整体交通流受影响，但未出现严重拥堵或事故情况。异常特征为车道被施工设施遮挡、施工人员在场、车辆需变道或减速，符合占道施工判断标准。
1169,6022,多车事故_20240624164123_突发事件_35722317.mp4,多车事故,抛洒物,2024年3月24日18时41分至18时42分，嘉闵西侧定焦09监控点位拍摄到隧道内发生交通拥堵事件。事发地点位于隧道内，多车道车辆行驶缓慢，车流密集，车辆尾灯持续亮起，表明车速明显降低，部分车辆处于低速蠕动状态。涉事车辆包括多辆轿车、SUV及一辆黄色校车，均在正常车道内行驶，未见异常停车或事故迹象。拥堵主要集中在画面右侧车道，车辆排成长队，通行效率显著下降，后方车辆被迫减速并保持安全距离。该拥堵发生在隧道内，受光线影响，能见度较低，进一步加剧了交通压力。整体表现为典型早高峰时段因车流量大引发的拥堵现象，无施工、抛洒物或事故等其他异常情况。
1175,6028,异常停车_20240624123038_突发事件_35721820.mp4,异常停车,多车事故,2024年6月24日12时34分，外环高速沪太立交东2枪机监控画面显示，双向车道车流正常行驶，一辆黑色轿车停靠在最右侧应急车道内，车辆开启双闪灯，未见驾驶员。
1177,6030,占道施工_20240421020038_运行安全_35503877.mp4,拥堵,占道施工,2024年4月21日02:00至02:01，在外环高速天山路段，发生了一起占道施工交通事件。现场有一辆工程车辆停在最右侧车道上，车辆顶部的警示灯闪烁，多名穿着反光背心的施工人员在车辆周围进行作业，他们放置了多个红白相间的交通锥桶以隔离施工区域。由于施工占用了一部分车道，导致该车道上的车辆被迫减速或变道行驶，影响了道路的正常通行。此外，施工区域设有明显的警示标志，提醒过往车辆注意避让。整个过程中，施工人员和工程车辆的行为符合占道施工的标准特征。
1182,6035,异常停车_20240516184200_突发事件_35598210.mp4,异常停车,拥堵,2021年5月16日18时41分至18时42分，外环高速漕宝入口匝道（内）路段出现严重交通拥堵。该路段为多车道高速公路，车流密集，车辆包括轿车、货车、厢式货车及大型集装箱运输车等，其中以白色、红色和蓝色货车为主，部分车辆在多个车道上缓慢行驶或完全停止，形成连续的排队现象。拥堵主要集中在靠近入口匝道区域，车辆间距极小，刹车灯持续亮起，表明车速极低或处于停滞状态。拥堵影响范围较长，从画面左侧延伸至右侧，导致后方车辆被迫减速并排长队，通行效率显著下降。未见明显事故、施工或抛洒物迹象，也无异常停车或二轮车辆闯入情况，推测拥堵可能由高峰时段车流量过大或匝道汇入车辆叠加所致，属于典型的交通拥堵事件。
1185,6038,占道施工_20240413010300_运行安全_35487719.mp4,占道施工,拥堵,2024年4月13日01:02:50至01:03:52期间，外环高速顾戴路路段夜间发生占道施工交通事件。现场可见一辆黄色工程车停靠在右侧车道，车后方设置多个红白相间的交通锥桶，形成临时隔离带，车辆需绕行通过。多名身穿反光背心的施工人员在车辆旁进行作业，部分人员在移动交通锥桶或调整设备。该施工区域导致右侧车道通行空间受限，后方车辆需减速并变道行驶，车流出现轻微拥堵现象。施工区域未见明显警示牌或闪烁警示灯，但交通锥桶已有效引导车辆绕行，整体交通秩序尚可维持，但存在潜在安全隐患。
1188,6041,异常停车_20230719164041_突发事件_2968989.mp4,异常停车,拥堵,2023年7月19日16时40分至16时41分，外环高速丰翔路路段出现交通拥堵事件。该路段为双向多车道高速公路，右侧车道车辆行驶缓慢，形成明显车流积压，车辆间距缩小，部分车辆处于低速移动或短暂停滞状态，持续时间约一分钟且无缓解趋势。涉事车辆包括多辆轿车、货车及大型运输车，如红色集装箱货车、白色厢式货车和蓝色大巴车等，均在正常车道内行驶但受阻于前方车流。左侧车道车流相对顺畅，未受影响。拥堵主要集中在道路右侧弯道区域，导致后方车辆被迫减速并排成长队，影响通行效率。异常特征表现为车辆行驶速度显著降低，车距缩短，部分车辆频繁变道，但未见明显事故或施工迹象，推测为高峰时段流量饱和所致。整体表现为典型的交通拥堵现象，符合拥堵判断标准。
1189,6042,占道施工_20240111010900_运行安全_35309217.mp4,异常停车,拥堵,2024年1月11日01:08:55至01:09:56，在外环高速莘庄立交北枪机1处，发生了一起占道施工交通事件。现场可见多辆工程车辆和施工人员在右侧车道进行作业，施工区域被锥桶和围栏遮挡，导致车道数量减少，车辆需变道或减速通行。施工人员穿着反光背心，操作设备，施工区域设有警示牌和闪烁警示灯，以提醒过往车辆注意避让。此事件影响了该路段的正常交通秩序，导致部分车辆被迫减速或绕行，但未造成严重拥堵。异常特征包括施工设施占据部分车道、施工人员现场作业以及明显的警示标志和灯光提示。
1190,6043,拥堵_20230920095332_突发事件_34829870.mp4,异常停车,拥堵,2023年9月20日09时53分至09时54分，G60市区方向至S20外环高速路段出现交通拥堵事件。该路段位于高速公路弯道区域，道路两侧设有绿化带和护栏，右侧有树木茂密。视频显示，多辆机动车在该路段缓慢行驶或处于停滞状态，包括轿车、货车、厢式货车及大型运输车等，车辆间距明显缩小，车流密度较高，形成连续排队现象。其中一辆黄色平板拖车在车流中缓慢前行，后方多辆汽车因前方拥堵而减速或停止，部分车辆尾灯亮起，表明驾驶员正在等待通行。道路左侧设有“道路施工”警示牌及限速30公里/小时标志，表明该区域正在进行施工，导致车道数量减少，进一步加剧了交通压力。整体车流持续缓慢移动，未见明显事故或抛洒物，但存在明显的拥堵趋势，影响了该路段的正常通行效率。异常特征表现为长时间、大范围的车辆缓行和排队现象，符合拥堵判断标准。
1191,6044,异常停车_20240604010819_突发事件_35669295.mp4,异常停车,拥堵,2024年6月4日01:08:00至01:09:00，在外环高速吴淞江桥南路段，一辆白色货车在行车道上异常停车，车辆完全静止且开启双闪灯，驾驶员不在车内，导致后方多辆车辆被迫减速避让，交通流出现短暂拥堵，该行为违反了非停车区域禁止停车的规定，存在安全隐患。
