index,id,video,gt_label,pred_label,pred_text
0,4853,占道施工_20230820045634_运行安全_34614824.mp4,拥堵,占道施工,2023年8月20日04:56:20至04:57:18期间，外环高速联谊路东段发生占道施工交通事件。现场可见一辆工程作业车停靠在右侧车道，车顶警示灯闪烁，周围设置多排橙白相间的交通锥桶，形成临时隔离带，占用部分行车道。一名身穿反光背心的工作人员在作业车附近活动，疑似进行道路维护或施工作业。该施工区域位于道路右侧，导致车辆需绕行或减速通过，通行效率下降。过往车辆包括多辆货车、轿车及面包车，均按正常行驶轨迹通过，未见明显拥堵或事故。施工区域设有“下一出口”指示牌，限速80公里/小时，且无其他异常行为发生，整体为常规占道施工行为，对交通流造成一定影响但未构成严重安全隐患。
5,4858,异常停车_20240623150949_突发事件_35720119.mp4,异常停车,多车事故,2024年06月23日15:13:12至15:13:40，在外环高速联谊路西枪机1处，发生了一起多车事故。涉事车辆包括一辆黑色轿车和一辆白色SUV，它们在雨天湿滑的路面上行驶过程中发生了碰撞，导致车辆位置异常，部分车辆横跨车道或斜停在道路上。事故现场有人员下车查看情况，交通一度受阻，其他车辆被迫减速或绕行，交通流量明显受到影响，形成了短暂的拥堵现象。此次事故的异常特征在于车辆的碰撞痕迹和位置异常，对道路通行造成了显著影响。
10,4863,占道施工_20240421095734_运行安全_35504665.mp4,占道施工,二轮车辆闯入,2024年4月21日10时09分33秒至10时10分01秒，外环高速蕴川立交东路段，一辆二轮摩托车驶入主干道，进入机动车行驶区域，该车辆未在专用非机动车道或辅路行驶，且在车流中穿行，存在横穿车道的危险行为，周围多辆汽车被迫减速避让，影响了正常交通秩序，构成典型的二轮车辆闯入交通异常事件。
11,4864,占道施工_20240222105430_运行安全_35369125.mp4,占道施工,异常停车,2024年2月22日星期四上午10:57至10:58，外环高速蕴川立交西枪机2监控区域，一辆红色货车在最右侧车道内长时间静止不动，车辆未开启双闪灯，驾驶员下车查看情况后上车，导致后方车辆被迫减速绕行，形成局部拥堵。该车停靠位置位于行车道内，非停车区域，且无任何交通标志允许临时停车，其行为符合异常停车特征，影响了正常交通秩序。
14,4867,异常停车_20240606112804_突发事件_35678999.mp4,异常停车,抛洒物,2024年6月6日11时27分52秒至11时28分51秒，外环高速漕宝入口匝道（内）路段出现抛洒物交通事件。在视频画面右侧车道标志线附近，可见一个黑色物体静止于路面，疑似为车辆遗落的货物或杂物。该异物未完全占据行车道但已对通行构成潜在威胁。期间无车辆经过该抛洒物。涉事车辆未在画面中明确显示，但根据现场情况判断，该抛洒物可能来自过往货运车辆运输过程中脱落的物品，存在安全隐患，需及时清理以保障道路安全畅通。
15,4868,多车事故_20240530152809_突发事件_35654829.mp4,多车事故,异常停车,2024年5月30日15时28分04秒至15时29分03秒，外环高速莘朱路路段，一辆黑色轿车停靠在道路右侧应急车道上，驾驶员身穿白色上衣和蓝色裤子，在车旁行走并多次弯腰查看车辆情况，期间有其他车辆经过（包括红色JAC货车、白色轿车及多辆小型客车）正常行驶，车辆通行未受明显影响。该车持续停留于非停车区域，且无明显故障迹象或警示标志，属于典型的异常停车行为，存在较大安全隐患。
16,4869,二轮车辆闯入_20230715120335_突发事件_1149569.mp4,二轮车辆闯入,异常停车,2023年7月15日14时03分至14时04分，外环高速仙霞路（内）路段出现异常停车事件。一辆白色轿车在右侧应急车道完全停止，车辆未开启双闪灯，驾驶员下车查看情况，符合异常停车行为。
17,4870,异常停车_20240614105451_突发事件_35704233.mp4,多车事故,异常停车,2024年6月14日10时59分12秒至10时59分45秒，外环高速沪太立交东2枪机2监控画面显示，一辆蓝色货车停靠在道路右侧应急车道内，车辆开启双闪灯，且驾驶员未下车。该车辆长时间静止于非停车区域，导致后方多辆车辆被迫减速绕行，影响了应急车道的正常通行功能。此行为符合异常停车的判断标准，存在安全隐患，且未按规定设置警示标志，进一步加剧了交通风险。
18,4871,多车事故_20240622131800_突发事件_35718810.mp4,多车事故,拥堵,2024年6月22日13时17分24秒至13时17分32秒，位于武宁路地道南线西向东方向路段，监控画面显示多辆机动车在隧道内行驶过程中发生拥堵。涉事车辆包括多辆小轿车，其中一辆白色轿车在车道中缓慢移动并逐渐形成排队现象，随后其他车辆陆续加入排队队列，车流速度明显下降。车辆均保持正常行驶状态，未见异常停车、事故或施工迹象，也无二轮车辆闯入或抛洒物情况。拥堵主要集中在隧道内主行车道，车辆排成长队，通行效率显著降低，持续时间约一分钟且无缓解趋势，符合拥堵判断标准。
21,4874,占道施工_20240323090249_运行安全_35433956.mp4,占道施工,异常停车,2024年03月23日星期六09:02:40至09:03:38期间，外环高速淞滨路西段出现异常停车事件。一辆白色轿车在右侧应急车道内长时间静止不动，车辆未开启双闪灯，且无明显故障迹象，符合异常停车行为。
24,4877,占道施工_20240430000257_运行安全_35546785.mp4,拥堵,占道施工,2024年4月30日00:05:59至00:06:58期间，外环高速沪太立交西3枪机1监控画面显示，夜间高速公路右侧车道正在进行占道施工。施工区域位于道路右侧，由一辆黄色工程车停靠在路边，车顶装有警示灯，周围设置多个红白相间的交通锥桶，形成临时隔离带，引导车辆绕行。现场有数名身穿反光背心的施工人员在作业，其中一人站在工程车旁，另一人沿锥桶排列进行引导。施工车辆未见明显作业行为，但已对车道通行造成影响。该区域为非正常通行状态，车辆需减速并变道通过，影响了右侧车道的正常通行效率。异常特征包括：施工设施（锥桶、工程车）占据部分车道，施工人员在场作业，且存在明显的交通引导措施，符合占道施工判断标准。
25,4878,占道施工_20240427231609_运行安全_35538441.mp4,占道施工,拥堵,2024年4月23日22时16分至22时17分，G60市区方向至S4金山方向路段发生占道施工交通事件。现场可见多辆车辆在夜间行驶，道路中间设置了一排交通锥桶，形成临时隔离带，占用部分车道。施工区域前方有一辆闪烁着蓝红警示灯的工程车缓慢行驶，疑似正在进行道路维护或施工作业。多辆货车和轿车依次通过该区域，车速明显降低，部分车辆需减速避让，导致通行效率下降。施工区域未见明显施工人员或大型机械，但存在明显的车道缩减和交通引导措施，符合占道施工特征。整体影响为局部车道通行受阻，存在潜在拥堵风险。
28,4881,占道施工_20240523232826_运行安全_35628713.mp4,占道施工,拥堵,2024年05月23日23:28:21至23:28:48，在某高速公路路段，发生了一起占道施工交通事件。现场可见多辆工程车辆和施工人员在车道内进行作业，施工人员穿着反光背心，操作相关设备，车道被多个锥桶遮挡，导致车道数量减少，车辆需变道或减速通行。涉事车辆包括一辆黄色工程车和一辆白色货车，它们停在施工区域内，对过往车辆造成一定影响，车辆被迫减速或变更车道以避开施工区域。异常特征包括施工区域设有明显的警示牌和闪烁的警示灯，确保过往车辆能够及时注意到施工情况并采取相应措施。整体来看，此次占道施工对道路交通造成了一定影响，但未引发严重拥堵或事故。
31,4884,抛洒物_20240402065256_运行安全_35459975.mp4,拥堵,占道施工,2024年04月02日06:52:50至06:53:48，在某沪宁转外环外圈路段，视频显示该道路出现占道施工情况。涉事车辆包括一辆工程车和一辆小型货车，它们位于道路右侧车道上，占据部分车道空间，导致其他车辆需减速并变道行驶。施工区域设有警示牌和闪烁警示灯，对过往车辆的通行造成一定影响，车辆被迫绕行或减速，显示出明显的施工标志和施工设施。此行为符合占道施工的异常特征，即车道被施工设施遮挡，车辆通行受阻，且无其他交通异常情况出现。
32,4885,异常停车_20240515114643_突发事件_35592570.mp4,异常停车,抛洒物,2024年5月15日11时46分至11时47分，外环高速仙霞路（内）路段出现异常停车事件。一辆白色轿车在右侧车道完全静止，车辆未开启双闪灯，驾驶员下车后在车旁停留，疑似发生故障。该车停靠位置位于行车道内，非停车区域，且无交通信号灯或标志允许停车，导致后方多辆车辆被迫减速绕行，形成局部拥堵。周围车辆包括轿车、货车及厢式车均正常行驶，但因该车异常停车影响通行，存在安全隐患。现场无施工设施、无二轮车辆闯入、无抛洒物或事故迹象，初步判断为临时故障性停车。
35,4888,二轮车辆闯入_20230718135047_突发事件_1961042.mp4,多车事故,二轮车辆闯入,2023年7月18日13时50分43秒，在外环高速莘庄立交北段，一辆二轮摩托车从画面左侧驶入主车道，沿最左侧车道由南向北行驶，驾驶员身穿深色衣物并佩戴头盔，车辆在车流中穿行，未见专用二轮车道或明显禁止标志，其行为属于闯入禁止通行区域，存在逆行、横穿车道等危险驾驶特征，对周边正常行驶的机动车造成潜在安全隐患，引发后方车辆避让动作，影响道路通行安全。该行为符合二轮车辆闯入交通异常事件特征。
38,4891,拥堵_20240108171924_突发事件_35302871.mp4,拥堵,多车事故,2024年01月18日17:21:55至17:22:03，在外环高速富长路西枪机1路段，发生了一起多车事故。涉事车辆包括一辆白色轿车和一辆白色SUV，白色轿车与白色SUV在行驶过程中发生碰撞，导致白色SUV停在车道上，车身明显受损，而白色轿车则停在后方。事故发生后，驾驶员下车查看情况，现场其他车辆被迫减速或绕行，交通秩序受到一定程度的影响。异常特征表现为车辆位置异常、刹车灯亮起以及后方车辆避让行为，显示出事故的典型特征。
40,4893,拥堵_20231229144249_突发事件_35276877.mp4,拥堵,多车事故,2023年12月29日14时42分至14时43分，嘉闵西侧定焦03监控点位拍摄到隧道内发生多车事故。事故发生在隧道中段，涉事车辆包括一辆白色SUV和一辆银色轿车，多辆车辆刹车灯亮起，表明车速极快，部分车辆在行驶过程中发生追尾或碰撞。事故现场未见明显人员下车交涉或交警到场处理，但车辆位置异常，部分车辆横跨车道或斜停，导致后方车辆被迫减速避让。事故造成隧道内交通拥堵，车辆排队长度持续增加，影响通行效率。异常特征表现为车辆密集、刹车灯密集亮起、车流行为紊乱，符合多车事故判断标准。
41,4894,异常停车_20240614134000_突发事件_35704595.mp4,异常停车,多车事故,2024年6月13日14时44分，外环高速沪太立交西段，一辆红色货车在最右侧车道内停靠，开启双闪灯，驾驶员下车活动。
47,4900,拥堵_20231208081125_突发事件_35203668.mp4,抛洒物,拥堵,2023年12月8日星期五上午8时11分至8时12分，位于城市高架道路主干道上发生持续性交通拥堵事件。该路段为多车道高架桥，双向通行，右侧匝道连接城市主干道与匝道。视频显示，主路车流密集，车辆以低速或短暂停滞状态缓慢行驶，车距明显缩短，多辆轿车、货车及客车在多个车道内排队缓行，部分车辆尾灯亮起，表明处于低速或停止状态。左侧对向车道车流相对顺畅，未见明显拥堵或事故迹象。右侧匝道区域虽有车辆通行，但整体车流量较大，且存在大型货车及集装箱运输车等特殊车辆，导致右侧车道通行效率下降。整个拥堵区域持续约1分钟，影响范围覆盖多个车道，车辆通行速度显著降低，符合典型早高峰时段因车流量大引发的交通拥堵特征。
49,4902,异常停车_20230718221620_突发事件_1963284.mp4,异常停车,拥堵,2023年7月18日22时16分至22时17分，夜间高速公路路段出现交通拥堵事件。该路段为双向车道，路面湿滑，夜间照明条件下，车辆灯光反射明显。视频显示，多辆机动车在行车道上缓慢行驶或完全停止，车流密集且持续时间较长，车辆间距明显缩小，部分车辆刹车灯持续亮起，表明车速极低或处于停滞状态。涉事车辆包括多辆轿车、货车及一辆大型运输车，其中大型货车在车流中占据较大空间，导致后方车辆被迫减速或绕行。由于车流密度高，车辆间无明显变道行为，但整体通行效率显著下降，形成典型的拥堵现象。未见异常停车、施工设施、抛洒物或交通事故迹象，也无二轮车辆闯入情况，推测拥堵可能由前方交通瓶颈或突发性车流集中引发。该事件对夜间行车安全造成一定影响，建议驾驶员减速慢行以应对该路段的拥堵状况。
51,4904,异常停车_20240605172354_突发事件_35677124.mp4,异常停车,拥堵,2024年5月8日17时27分至17时28分，位于城市快速路某路段（路面标有“停车”字样）发生交通拥堵事件。该路段为多车道高速公路，天气为雨天，路面湿滑，能见度较低。视频显示，从17:27:48开始，右侧车道车辆行驶缓慢，车流密集，多辆轿车、货车及厢式运输车依次排队通过，尾灯持续亮起，表明车辆处于低速行驶或短暂停滞状态。期间，一辆红色货车和一辆蓝色货车从右侧车道驶过，均未对拥堵产生明显影响。由于车流量大且天气恶劣，车辆间距明显缩小，后方车辆被迫减速并保持安全距离，形成持续性拥堵。此拥堵现象未见明显事故或障碍物，推测为高峰时段车流集中所致，属于典型的雨天高速公路拥堵事件，对通行效率造成一定影响。
52,4905,二轮车辆闯入_20230715130525_突发事件_1149786.mp4,二轮车辆闯入,异常停车,2023年7月15日13时05分至13时06分，外环高速仙霞路（内）路段出现异常停车事件。一辆白色轿车在右侧应急车道完全停止，车辆未开启双闪灯，驾驶员下车查看情况，符合异常停车行为。
54,4907,占道施工_20240514225729_运行安全_35590516.mp4,占道施工,拥堵,2024年05月14日22:57:13至22:57:36，在外环高速铁力路西枪机2处，发生了一起占道施工交通事件。现场有多名施工人员穿着反光背心在车道上进行作业，旁边停放着一辆黄色工程车辆，旁边放置了多个交通锥桶以警示过往车辆。施工人员使用锥桶对部分车道进行了封闭，导致车道数量减少，车辆需变道或减速通过。此行为影响了道路的正常通行，车辆被迫减速或变更车道，但未造成严重的交通拥堵。异常特征包括施工人员在夜间进行道路作业，且施工区域设有明显的警示标志和灯光，确保过往车辆的安全通行。
56,4909,占道施工_20230806231920_运行安全_34537966.mp4,拥堵,占道施工,2023年8月6日23时19分至23时20分，嘉闵西侧汇聚机箱路段夜间出现占道施工交通事件。现场可见多排红白相间的交通锥桶沿道路一侧排列，形成临时隔离带，占用部分行车道，导致车辆需绕行或减速通过。一辆工程车辆（疑似清障车或养护车）在施工区域缓慢行驶，车灯闪烁，疑似进行作业或维护工作。一名身穿反光背心的工作人员在锥桶旁行走，疑似检查或调整设置。该施工区域未见明显施工机械或围挡，但存在明显的车道缩减和车辆变道行为，对通行造成一定影响，属于典型的占道施工异常情况。
58,4911,二轮车辆闯入_20230722141048_突发事件_33394623.mp4,二轮车辆闯入,占道施工,2023年7月22日14时10分至14时11分，外环高速京沪立交（内）路段发生占道施工交通事件。现场可见一辆黄色工程车停靠在右侧车道，车身带有明显的施工标识，周围设置有橙白相间的交通锥桶，形成临时隔离带，占用部分行车道。一名身穿反光背心的工作人员在车辆附近活动，疑似进行道路维护或检查作业。该施工区域导致右侧车道通行能力下降，车辆需减速绕行，影响了正常交通流。整体画面显示施工区域布置规范，但存在临时停车和人员作业行为，符合占道施工特征。
61,4914,异常停车_20231203152800_突发事件_35182360.mp4,异常停车,抛洒物,2023年12月3日15时27分，武宁路地道北线东向西方向，监控画面显示右侧车道上有两处白色块状抛洒物，位于车道边缘，未见明显车辆碰撞或紧急避让行为，但后方多辆汽车有减速、变道现象，考虑抛洒物可能引发后方车辆绕行，存在安全隐患，且无施工或事故迹象，该抛洒物构成潜在风险，属于典型抛洒物交通事件。
64,4917,占道施工_20240525002701_运行安全_35633383.mp4,占道施工,异常停车,2024年5月25日00:26:53至00:27:53期间，嘉闵西侧真南路出口路段夜间发生占道施工交通事件。现场可见多辆工程车辆停靠在右侧车道，包括一辆黄色工程车和一辆闪烁警示灯的作业车，车辆周围设置有多个红白相间的交通锥桶，形成临时隔离带，占用部分行车道。施工区域设有“前方施工”提示牌和限速40公里的标志，提示过往车辆减速并注意避让。施工人员身穿反光背心，在车道内进行作业，部分人员在作业区域附近活动。该施工导致右侧车道通行空间受限，车辆需绕行至左侧车道通行，造成局部车流缓慢，但未出现严重拥堵。整体交通秩序尚可维持，但存在潜在安全隐患，如车道变窄、车辆误入等风险。异常特征为：施工设施规范布置、警示标志齐全、施工人员穿戴规范，且无其他异常停车或事故迹象。
66,4919,拥堵_20240316134738_突发事件_35416214.mp4,拥堵,多车事故,2024年3月16日13时50分至13时51分，位于城市快速路某路段（具体位置未标注），右侧车道发生多车事故。涉事车辆包括一辆白色轿车和一辆黑色SUV，其中白色轿车与黑色SUV发生刮擦，导致后方车辆紧急刹车或绕行 resorts。事故现场有多名驾驶员下车查看情况，部分车辆停靠在行车道内，造成后方车辆减速绕行，交通流明显受阻，符合多车事故的异常特征。
67,4920,占道施工_20240517005312_运行安全_35598296.mp4,占道施工,拥堵,2024年5月17日00:53:00至00:54:00，在外环高速莘庄立交北段，发生了一起占道施工交通事件。现场有多辆工程车辆和施工人员进行作业，施工人员穿着反光背心，操作设备，车道被锥桶遮挡，导致车道数量减少，车辆需变道或减速通行。施工区域设有警示牌和闪烁警示灯，以提醒过往车辆注意避让。此次施工对道路交通造成了一定影响，但未引发严重拥堵，整体交通秩序较为有序。异常特征包括施工设施占据部分车道、施工人员现场作业以及车辆被迫绕行或减速。
72,4925,二轮车辆闯入_20230717165524_突发事件_1356626.mp4,多车事故,二轮车辆闯入,2023年7月17日星期一16时54分22秒，在外环高速京沪铁路桥南路段，一辆二轮摩托车从左侧车道驶入主路，行驶于多车道高速公路的行车道内，未见其有专用通行区域或禁止标志，车辆有牌照。该摩托车在车流中穿行，周围有多辆轿车和货车正常行驶，存在较大安全隐患，导致部分车辆紧急避让，影响了道路通行秩序。该行为属于二轮车辆闯入高速公路的典型异常事件，且无相关交通管理措施，构成重大交通风险。
74,4927,抛洒物_20231104061607_运行安全_35044837.mp4,多车事故,抛洒物,2023年11月4日06时16分至06时17分，外环高速顾戴路路段出现抛洒物交通事件。在视频画面中，一个红色物体在行车道上，部分车辆在接近该物体时出现明显减速或避让行为，但未发生碰撞。该抛洒物尺寸较大，呈不规则形状，可能为货车运输过程中掉落的货物或杂物，对后续车辆造成潜在安全隐患，尤其在雨天湿滑路面上增加追尾风险。多辆轿车和货车依次通过该区域，部分车辆因避让而产生轻微变道行为。异常特征表现为：抛洒物在车道上静止不动，未被清理，且无人员处理，持续存在于路面，对通行构成干扰。
75,4928,二轮车辆闯入_20230719084957_突发事件_1966060.mp4,二轮车辆闯入,抛洒物,2023年7月19日08时08分04秒至08时09分01秒，外环高速漕宝入口匝道（内）路段出现抛洒物交通事件。在视频画面右侧车道标志线附近，可见一个黑色物体静止于路面，疑似为车辆遗落的货物或杂物。该异物未完全占据行车道但已对通行构成潜在威胁。期间无车辆经过该抛洒物。涉事车辆未在画面中明确显示，但根据现场情况判断，该抛洒物可能来自过往货运车辆运输过程中脱落的物品，存在安全隐患，需及时清理以保障道路安全畅通。
76,4929,占道施工_20230720015900_运行安全_6965744.mp4,占道施工,拥堵,2023年7月20日01:58至01:59期间，在嘉闵东侧民生路北路段，发生了一起占道施工交通事件。现场有多名施工人员穿着反光背心在车道内进行作业，旁边停放着一辆黄色工程车，周围放置了多个交通锥桶以隔离施工区域。施工人员在车道上操作，导致该车道被部分遮挡，车辆需变道或减速通行。此行为符合占道施工的异常特征，对正常交通流产生了一定影响，但未引发严重拥堵或事故。
79,4932,占道施工_20231012001030_运行安全_34924644.mp4,占道施工,拥堵,2023年10月12日星期四凌晨00:10至00:11期间，在一条夜间城市高架道路上，右侧车道出现占道施工交通事件。施工区域位于道路中央，由一排红白相间的交通锥桶沿车道边缘排列，形成临时隔离带，将右侧车道封闭。一辆黄色工程车停靠在施工区域前方，车顶警示灯持续闪烁，表明正在进行施工作业。施工区域未见明显施工人员活动，但车道被部分占用，导致车辆需绕行至左侧车道通行。该施工区域设有明显的警示标志，但未设置明显的施工隔离设施，存在一定的安全隐患。整体交通流保持正常通行状态，未出现拥堵或事故情况，但右侧车道通行能力下降，车辆需减速并变道行驶，对夜间行车安全构成一定影响。
82,4935,占道施工_20230903005103_运行安全_34696362.mp4,拥堵,占道施工,2023年9月3日00:50:58至00:51:57期间，外环真南路入口路段夜间出现占道施工交通事件。施工区域位于道路右侧车道，现场设置有连续的橙白相间交通锥桶和警示标志，包括“前方施工”提示牌及限速2公里/小时标志，表明该区域正在进行道路施工或维护作业。施工区域内有一辆亮着警示灯的工程车缓慢行驶，车辆后方有工作人员穿戴反光背心进行作业。由于施工占用部分车道，导致右侧车道通行能力下降，车辆需减速并变道绕行，影响了正常交通流。整体画面显示施工区域布置规范，但存在一定的交通安全隐患。
87,4940,占道施工_20240311001653_运行安全_35399564.mp4,占道施工,拥堵,2024年03月11日星期一00:19:50至00:20:03期间，外环高速铁力路西段发生占道施工交通事件。现场可见多辆工程车辆停靠在右侧车道，包括一辆黄色工程车和一辆带有警示灯的作业车，车辆均开启警示灯，周围设置多个橙白相间的交通锥桶，形成临时隔离区域。一名身穿反光背心的工作人员在作业车旁进行现场指挥或操作，疑似进行道路维护或施工作业。该施工区域导致右侧车道被占用，过往车辆需减速并变道绕行，影响了正常通行效率。施工区域设有明显的警示标志和灯光提示，符合占道施工标准特征，且无其他异常停车、拥堵或事故情况发生。
91,4944,二轮车辆闯入_20230718084649_突发事件_1959375.mp4,二轮车辆闯入,异常停车,2023年7月18日08时46分48秒，在外环高速顾戴路路段，一辆黄色工程车停靠在右侧应急车道上，车辆未开启双闪灯，驾驶员下车后在车旁活动，该行为属于非紧急情况下的异常停车，影响了道路的正常通行秩序，存在安全隐患。
93,4946,占道施工_20240523000157_运行安全_35623957.mp4,占道施工,拥堵,2024年5月23日00:01:26至00:02:25，在S26沪常高速收费广场东侧（K11+608）处，发生了一起占道施工交通事件。现场可见多辆工程车辆和施工人员在进行作业，施工人员穿着反光背心，操作设备，车道被锥桶遮挡，导致车道数量减少，车辆需变道或减速通行。施工区域设有警示牌和闪烁警示灯，以提醒过往车辆注意避让。此次施工行为对道路交通造成了一定影响，但未引发严重拥堵或事故。异常特征包括施工设施占据部分车道、施工人员现场作业以及明显的警示标志。
94,4947,占道施工_20230909002352_运行安全_34746468.mp4,占道施工,拥堵,2023年9月9日星期六00:23:45至00:24:44期间，K14+050路段夜间出现严重交通拥堵事件。该路段为城市高架道路，双向多车道，右侧车道车辆行驶缓慢，车流密集，车辆间距极小，尾灯连成一片，表明通行速度极低。涉事车辆包括大量轿车、货车及厢式运输车，其中有多辆大型货车（如红色集装箱货车、白色厢式货车）在车流中缓慢移动，加剧了通行压力。左侧对向车道车流相对正常，未受影响。现场可见多个交通锥桶沿道路边缘排列，用于引导车辆变道，但未见施工或事故迹象。整体交通流呈现持续性缓行状态，无明显事故或异常停车情况，推测为高峰时段车流量过大所致。该拥堵影响了该路段的正常通行效率，造成车辆排队长度逐渐增加，存在潜在安全隐患。
95,4948,占道施工_20230902222328_运行安全_34695991.mp4,拥堵,占道施工,2023年9月2日22时23分至22时24分，外环高速龙吴路路段夜间出现占道施工交通事件。现场可见多辆工程车辆停靠在右侧车道，包括一辆黄色工程车和一辆装载设备的平板运输车，均开启警示灯并设置反光锥桶进行隔离。施工区域用红白相间的交通锥桶围挡，形成临时封闭区，占用部分行车道。施工人员身穿反光背心在作业区域内活动，部分车辆因施工导致通行速度减缓，后方车辆需减速绕行，造成局部交通流受阻。该施工行为符合占道施工标准，存在明显的施工设施、警示标志及车道缩减现象，对正常交通秩序造成一定影响。
100,4953,二轮车辆闯入_20230719084238_突发事件_1965769.mp4,二轮车辆闯入,拥堵,2023年7月19日08时43分59秒至08时43分59秒，S20LSTV03监控点位显示，某城市快速路双向车道出现持续性交通拥堵，车辆行驶缓慢，车流密集且无明显移动规律。涉事车辆包括多辆轿车、货车及厢式运输车，其中一辆红色集装箱货车、一辆绿色篷布覆盖的货车以及一辆装载大量袋装货物的红色平板货车在车流中较为突出，均处于低速行驶状态。车辆间距极小，部分车辆尾灯亮起，表明存在刹车行为，后方车辆被迫减速或变道绕行，形成排队缓行态势。该路段为城市主干道，两侧有绿化带和护栏，无施工迹象，也未见异常停车、事故或抛洒物情况，但因车流量大且车辆类型多样，导致通行效率显著下降，形成典型拥堵现象，影响了正常交通秩序。
102,4955,抛洒物_20240530074153_运行安全_35652730.mp4,抛洒物,拥堵,2024年5月30日07:41至07:42期间，外环高速丰翔路南段出现交通拥堵事件。该路段为多车道高速公路，两侧绿树成荫，道路右侧设有绿色护栏。视频显示，从07:41:09开始，主车道车辆行驶缓慢，车流密集，多辆轿车、货车及一辆黄色工程车（车牌号PQH6A8Y）在车道内排队缓行，部分车辆刹车灯持续亮起，表明车速明显降低。车辆间距缩小，整体通行效率下降。拥堵区域位于G312国道出口附近，前方有施工警示牌和限速标志，但未见施工人员或施工设施。由于车流量大且通行速度受限，导致后方车辆被迫减速并排成长队，形成持续性拥堵。未发现异常停车、事故或抛洒物等其他异常情况，也无二轮车辆闯入或占道施工迹象，推测拥堵可能由前方道路瓶颈或高峰时段车流叠加所致。该事件对通行造成较大影响，建议后期恢复正常通行。
104,4957,拥堵_20240316155937_突发事件_35416515.mp4,多车事故,拥堵,2024年3月16日15时59分至16时00分，G60市区方向至S20外环高速路段出现严重交通拥堵事件。该路段位于高速公路弯道区域，道路两侧绿树成荫，上方有“S20 Rego 2/2”的指示牌。视频显示，多辆小轿车、货车及厢式货车在车道内缓慢行驶或完全停止，车辆排成长队，车距极短，部分车辆刹车灯持续亮起，表明车速极低或处于停滞状态。涉事车辆包括白色厢式货车、红色集装箱货车、白色轿车及多辆私家车，均处于低速行驶状态，未见明显事故或异常停车情况。由于车流密集且持续时间较长，导致通行效率显著下降，后方车辆被迫减速并频繁变道，形成典型的拥堵现象。此拥堵发生在早高峰时段，影响了该路段的正常交通秩序，存在潜在安全隐患。
105,4958,占道施工_20230818024706_运行安全_34600742.mp4,拥堵,占道施工,2023年8月18日凌晨2点46分至2点47分，外环高速沪太立交东段发生占道施工交通事件。现场可见多辆货车和轿车在夜间行驶过程中，道路一侧设置了一排红白相间的交通锥桶，形成临时隔离带，将部分车道封闭。施工区域前方有施工人员穿着反光背心在作业，部分人员在锥桶旁移动或摆放，疑似进行道路维护或施工准备。车辆在经过该区域时需减速并变道绕行，导致通行速度有所降低，但未出现严重拥堵或事故。整体交通秩序受一定影响，但未发生异常停车、事故或抛洒物等情况，符合占道施工特征。
107,4960,占道施工_20240312010401_运行安全_35401920.mp4,占道施工,拥堵,2024年3月12日01:04:00至01:05:00期间，外环高速京沪立交南2枪机1发生占道施工交通事件。现场可见多辆工程车辆停靠在右侧车道，包括一辆黄色清障车和一辆黄色应急车辆，车顶警示灯闪烁，周围设置了一排红白相间的交通锥桶，形成临时隔离带，占用部分行车道。施工区域前方有身穿反光背心的工作人员在作业，现场设有警示牌和闪烁警示灯，提示过往车辆注意避让。该施工导致右侧车道通行空间受限，车辆需减速并变道绕行，影响了正常交通流，但未造成严重拥堵。异常特征表现为车道被施工设施遮挡、施工人员及设备在场、车道数量减少及车辆行驶速度降低。
109,4962,异常停车_20240526115932_突发事件_35638639.mp4,异常停车,拥堵,2024年5月28日13时11分至13时12分，外环高速京沪立交（内）路段出现异常停车事件。一辆红色货车在右侧车道内完全静止，未开启双闪灯，车辆位置位于应急车道与主车道之间，无任何交通信号或标志允许其停车。该车停靠期间，后方多辆车辆被迫减速绕行，导致右侧车道车流出现短暂拥堵，影响了正常通行秩序。现场无施工设施、无人员下车交涉，也未见明显事故痕迹，初步判断为驾驶员违规停车行为，存在较大安全隐患。
110,4963,异常停车_20240606120515_突发事件_35679057.mp4,异常停车,多车事故,2024年6月6日14时05分至14时06分，外环高速吴中路路段发生一起多车事故。事故发生在双向车道中的南向车道，涉事车辆包括俩辆SUV。视频显示，一辆白色面包车停靠在应急车道边缘疑似与前车发生追尾事故，驾驶员下车站立于车旁。事故造成该方向交通流明显受阻，后方车辆被迫缓慢通行或绕行，形成持续拥堵。现场无明显施工或抛洒物迹象，但存在多车碰撞痕迹和异常停车行为，符合多车事故的典型特征。
114,4967,异常停车_20240614153120_突发事件_35704875.mp4,异常停车,多车事故,2024年6月14日15时31分至15时32分，在外环高速吴淞江桥南路段，发生了一起多车事故。涉事车辆包括一辆白色SUV和一辆黑色轿车，这些车辆在行驶过程中发生了碰撞，导致车辆位置异常，其中白色轿车斜停在车道上，黑色轿车在其前方。事故现场有人员下车交涉，但明显可以看到车辆的碰撞痕迹和异常的停车位置，这些都表明这起事故的复杂性和对交通的影响。
118,4971,占道施工_20230815014904_运行安全_34580009.mp4,占道施工,拥堵,2023年8月15日01时49分，外环高速吴中入口匝道（外）路段发生占道施工交通事件。现场有两辆工程车辆停靠在右侧车道，其中一辆为黄色工程车，另一辆为白色警车，周围设置了一排红白相间的交通锥桶，形成临时隔离带，占用部分行车道。两名身穿反光背心的施工人员在工程车上进行作业，其中一人手持工具，另一人站在护栏旁。该施工区域导致右侧车道通行空间受限，车辆需减速绕行，影响了正常交通流。现场设有警示标志和闪烁警示灯，符合占道施工标准，但未见明显事故或拥堵现象。
119,4972,占道施工_20231210002635_运行安全_35208250.mp4,占道施工,拥堵,2023年12月10日星期日凌晨00:26至00:27期间，北环高速铁力路地道东段发生占道施工交通事件。现场可见多辆车辆在夜间行驶过程中，道路右侧车道被多个红白相间的交通锥桶封闭，形成临时隔离带，导致车道数量减少，车辆需变道通行。施工区域设有警示牌和闪烁警示灯，提示前方施工。该施工行为未见明显施工人员活动，但车道被占用，影响了正常交通流，车辆在经过该区域时需谨慎驾驶，减速慢行，确保安全。整体交通秩序受一定影响，存在潜在拥堵风险。
120,4973,多车事故_20240622062856_突发事件_35717902.mp4,多车事故,异常停车,2024年6月22日06:28:31至06:29:19期间，S20外至S4金山方向高架路段发生异常停车事件。一辆红色货车在右侧车道内完全静止，车辆开启双闪灯，驾驶员下车后在车旁停留，符合异常停车行为。
121,4974,二轮车辆闯入_20230718200354_突发事件_1962746.mp4,二轮车辆闯入,异常停车,2023年7月18日20时03分52秒至20时04分18秒，外环高速沪太立交东1-1 03路段夜间监控画面显示，一辆白色轿车在右侧应急车道停靠，车辆开启双闪灯，驾驶员下车后站在车旁，符合异常停车行为。
128,4981,异常停车_20240624005704_突发事件_35720496.mp4,异常停车,多车事故,2024年06月24日00:57:00至00:57:59，在上行中春路出口匝道处，发生了一起多车事故。视频中可以看到多辆汽车在该路段行驶，其中一辆白色轿车与前方车辆发生了碰撞，导致车辆位置异常，白色轿车斜停在车道上。事故现场有人员下车查看情况，周围车辆被迫紧急避让或减速绕行，交通秩序受到明显影响，后续车辆出现缓慢移动甚至短暂拥堵现象。此次事故的异常特征包括：车辆明显碰撞痕迹、位置异常、人员下车处理以及对后续交通的影响。
134,4987,占道施工_20240324070403_运行安全_35435425.mp4,占道施工,拥堵,2024年03月24日星期日07:07:20至07:07:35，在外环高速铁力路西枪机2路段，发生了一起占道施工交通事件。视频中可以看到，一辆黄色工程车停在道路左侧，车辆后方摆放了多个红白相间的交通锥桶，形成临时隔离带，车道被部分遮挡，导致车辆需变道或减速通行。施工区域设有警示牌，提示前方有施工。现场有施工人员穿着反光背心在车辆旁进行作业，进一步表明该路段正在进行道路维护或施工。此事件影响了车辆的正常行驶，迫使车辆绕行或减速通过，但未造成严重的交通拥堵。异常特征包括车道被施工设施遮挡、施工人员在场操作设备以及设置的警示标志。
137,4990,二轮车辆闯入_20230719184404_突发事件_5963849.mp4,二轮车辆闯入,拥堵,2023年7月19日18时43分至18时44分，外环高速沪太立交东1-2路段出现交通拥堵事件。该路段为多车道高速公路，两侧设有隔音屏障，道路两侧绿树成荫，远处可见交通指示牌和施工区域。视频显示，从18:43:59开始，右侧车道车辆行驶缓慢，车流密集，多辆轿车、货车及厢式运输车在车道内依次排队前行，部分车辆刹车灯持续亮起，表明车速明显降低。其中可见一辆黄色工程车在前方缓慢行驶，疑似进行道路维护或施工作业。由于车流量大且通行效率下降，导致后方车辆被迫减速并排成队列，形成持续性拥堵。未见明显的事故、抛洒物或异常停车情况，但因施工或临时管制导致车道减少，影响了整体通行能力。此拥堵现象持续约一分钟，未见缓解趋势，符合拥堵判断标准中的多辆车缓慢移动、排队长度超常、发生在瓶颈区域等特征。
144,4997,二轮车辆闯入_20230715105641_突发事件_1149385.mp4,二轮车辆闯入,拥堵,2023年7月15日10时56分至10时57分，外环高速吴中入口匝道（外）路段出现交通拥堵事件。该路段为多车道高速公路，车流密集，主要由轿车、货车及厢式运输车组成，其中红色集装箱货车、蓝色集装箱货车、白色厢式货车和黄色工程车等车辆在车道内缓慢行驶或短暂停滞。车辆整体移动速度明显低于正常通行速度，部分车辆在车道间频繁变道，但未见明显碰撞或事故迹象。道路右侧设有“禁止货车通行”及“危险货物运输”标志，表明该区域为限制通行区域。由于车流量大且通行效率降低，导致后方车辆排队缓行，形成持续性拥堵，影响了整体交通流畅性。异常特征表现为车辆间距缩小、行驶速度下降、尾灯亮起，符合典型拥堵判断标准。
146,4999,多车事故_20240623031336_突发事件_35719212.mp4,多车事故,占道施工,2024年6月23日23时13分至23时14分，在外环高速京沪立交南2枪机1处，发生了一起占道施工交通事件。视频显示，该路段右侧车道被施工设施遮挡，施工人员穿着反光背心在进行作业，导致车道数量减少，车辆需变道或减速行驶。涉事车辆包括施工车辆和过往的轿车、货车等，它们被迫改变行驶路线，影响了道路的正常通行。异常特征包括施工区域设有警示牌和闪烁警示灯，且车道数量明显减少，车辆通行速度减缓，整体交通秩序受到一定影响。
148,5001,异常停车_20240510075910_突发事件_35576724.mp4,拥堵,异常停车,2024年5月10日07时59分至08时00分，外环高速龙吴路路段出现异常停车事件。一辆白色厢式货车在右侧车道内完全静止，车辆开启双闪灯，驾驶员未下车查看情况，车辆后方多辆汽车被迫减速绕行。该车停靠位置位于行车道内，非停车区域，且无交通信号灯或标志允许停车，导致后方车辆通行受阻，形成局部拥堵。该异常停车行为持续约一分钟，影响了右侧车道的正常通行秩序，存在安全隐患。
156,5009,异常停车_20240622034145_突发事件_35717773.mp4,异常停车,多车事故,2024年6月22日03时41分39秒，在S20内至K69+50路段，监控画面显示道路右侧车道上有一辆白色厢式货车长时间静止停放，车辆未开启双闪灯，且无驾驶员在车内活动迹象，周围无施工或事故警示标志。该车停靠位置位于行车道内，非停车区域，导致后方多辆货车和轿车被迫减速绕行，影响了正常交通流。此行为符合异常停车特征，存在安全隐患，可能引发追尾或剐蹭事故。
159,5012,抛洒物_20240609013024_运行安全_35688092.mp4,抛洒物,多车事故,2024年6月9日01时30分至01时32分，在外环高速沪嘉地道内，一辆货车在行驶过程中，其后方遗落了一个大型白色物体于道路右侧车道，该物体为抛洒物，体积较大且明显位于行车道与应急车道之间，导致后续多辆车辆不得不紧急避让或减速绕行，存在较大安全隐患，尤其在夜间视线不佳的情况下，增加了追尾和变道风险
161,5014,抛洒物_20240528130659_运行安全_35646209.mp4,抛洒物,多车事故,2024年5月28日13时10分至13时11分，在曹安公路G2进2出口处的高速公路上，发生了一起多车事故。涉事车辆包括一辆红色货车、一辆黑色轿车以及事故的另一方多辆轿车和货车。其中，红色货车停在行车道上，车身横跨整个车道，导致后方多辆车无法正常通行，形成拥堵。黑色轿车则紧随其后尝试避让，导致后方车辆被迫减速或绕行。事故现场可见多辆车缓慢移动或完全停止，驾驶员下车查看情况，其他车辆紧急避让或减速绕行，交通秩序受到严重影响，后续车辆被迫排队缓行，整体通行效率显著下降。此事件符合多车事故的判定标准，表现为车辆碰撞痕迹、位置异常、引发交通阻塞及人员下车处理等特征。
162,5015,占道施工_20230924232504_运行安全_34857743.mp4,占道施工,异常停车,2023年9月24日23时25分至23时26分，夜间城市高架道路发生占道施工交通事件。现场位于高架桥右侧车道，一辆工程作业车停靠在应急车道，车顶警示灯闪烁，两名身穿反光背心的施工人员在车辆旁进行作业，周围设置了一排红白相间的交通锥桶，形成临时隔离带。施工区域占用了一条行车道，导致后方车辆需减速绕行，通行速度明显降低。多辆机动车（包括轿车、货车、客车）从左侧正常车道通过，未见明显拥堵或事故。施工区域设有警示标志和反光设施，符合规范要求，但未设置明显的施工隔离设施，存在潜在安全隐患。整体交通秩序受影响，但未发生异常停车、事故或交通阻塞情况。
165,5018,异常停车_20240622104255_突发事件_35718551.mp4,异常停车,抛洒物,2024年06月22日10:43:00至10:43:44，在上行中春路出口匝道处，未知车辆在行驶过程中遗落了货物，导致车道上有抛洒物。该抛洒物位于道路右侧车道，尺寸较大，明显影响了后方车辆的正常行驶，多辆车辆不得不紧急避让或减速绕行，造成了短暂的交通拥堵和安全隐患。异常特征包括抛洒物在车道上的静止状态以及后方车辆的避让行为，显示出该事件对道路交通安全的直接影响。
172,5025,抛洒物_20240519134159_运行安全_35607164.mp4,抛洒物,异常停车,2024年5月19日13时41分53秒，在城市高架桥路段，一辆红色货车停靠在最右侧车道边缘，车辆开启双闪灯，驾驶员下车后在车旁停留，符合异常停车行为。
173,5026,异常停车_20240518155642_突发事件_35604920.mp4,异常停车,拥堵,2024年5月18日15时17分至15时18分，外环高速吴淞江桥南路段出现交通拥堵事件。该路段为双向多车道高速公路，右侧车道车辆行驶缓慢，车流密集，车辆间距明显缩小，部分车辆处于低速移动或短暂停滞状态，持续时间约1分钟且无缓解趋势。涉事车辆包括多辆轿车、货车及厢式货车，其中以大型货车为主，如红色集装箱货车、白色厢式货车和黄色平板拖车等，均在正常车道内行驶但受前方车流影响无法提速。左侧对向车道车流相对顺畅，未受影响。拥堵主要集中在右侧车道，导致后方车辆被迫减速并排成长队，影响了整体通行效率。异常特征表现为车辆行驶速度显著降低，车距缩短，存在明显的排队现象，符合拥堵判断标准。
174,5027,拥堵_20240301140843_突发事件_35382342.mp4,拥堵,多车事故,2024年3月1日14时08分至14时09分，在嘉闵西侧定焦03路段，发生了一起多车事故。涉事车辆包括一辆白色轿车和一辆黑色SUV，它们在行驶过程中发生了碰撞，导致车辆位置异常，两辆轿车停在车道中央。事故现场有人员下车交涉，且有交警到场处理，其他车辆被迫紧急避让或停滞，交通秩序受到明显影响，显示出典型的多车事故特征。
178,5031,占道施工_20230804014203_运行安全_34424962.mp4,拥堵,占道施工,2023年8月4日凌晨1点41分至1点42分，S20LSTV06路段夜间出现占道施工交通事件。施工现场位于道路右侧车道，由一排红白相间的交通锥桶围挡，形成临时隔离带，占用部分行车道。现场有两名身穿反光背心的施工人员在作业区域内活动，其中一人手持警示灯，另一人靠近一辆红色工程车，该工程车顶部装有蓝色警示灯并配有警示牌，车上装载有蓝色布状物。施工区域前方设有“前方施工”提示牌，提示车辆需减速绕行。施工期间，多辆机动车（包括轿车、货车、厢式货车及大型集装箱运输车）依次通过该区域，车辆行驶速度明显降低，未见异常停车或事故情况。整体交通流保持顺畅，但因施工区域存在，导致通行空间受限，存在一定的通行影响。该事件符合占道施工判断标准，表现为车道被施工设施遮挡、施工人员穿戴反光装备、设有警示标志及车辆需变道绕行等特征。
179,5032,二轮车辆闯入_20230720193743_突发事件_33391730.mp4,二轮车辆闯入,占道施工,2023年7月20日19时37分至19时38分，S20外至G60出省方向1枪机2监控路段夜间出现占道施工交通事件。现场可见道路右侧设置有连续的反光警示标志，包括“道路施工”、“前方施工”及限速30公里/小时等提示信息，表明该区域正在进行道路施工。施工区域占用部分车道，导致车辆需减速并变道通行，影响了正常交通流。期间有多辆小型轿车、货车及一辆工程车辆依次通过施工区域，其中一辆工程车在施工区域内缓慢行驶，后方车辆因避让施工区域而出现减速现象。整个过程中未见明显事故或拥堵，但施工设施和警示标志已对通行造成一定影响，符合占道施工的典型特征。
180,5033,拥堵_20231113071558_突发事件_35091162.mp4,拥堵,多车事故,2023年11月7日13时15分至13时16分，S20外环线至S20首都医院路段出现交通拥堵事件。该路段为高架道路，两侧设有隔音屏，车流密集，多辆轿车、货车及厢式货车在双向车道上缓慢行驶或停滞，车辆间距明显缩小，车灯亮起，形成连续的红色光带。涉事车辆包括白色、黑色、红色等多种颜色的小型轿车、SUV及大型货车，其中可见红色、白色、黑色等颜色的货车，部分货车载有货物，如集装箱、厢式货车等。车辆在车道内缓慢移动，未见明显事故或异常停车情况，但整体通行速度显著下降，排队长度持续增加，影响范围覆盖多个车道，且无缓解趋势。异常特征表现为长时间、大范围的车辆积压，符合拥堵判断标准，可能由前方交通瓶颈或突发状况引发，但未观察到占道施工、抛洒物、二轮闯入或多车碰撞等直接诱因。
182,5035,占道施工_20240314205553_运行安全_35410880.mp4,拥堵,占道施工,2024年3月14日星期四凌晨20:55至20:56，在某高速公路路段，发生了一起占道施工交通事件。现场可见多辆工程车辆和施工人员在车道上进行作业，施工人员穿着反光背心，操作相关设备，车道被多个锥桶遮挡，导致车道数量减少，车辆需变道或减速通行。施工区域设有警示牌和闪烁警示灯，对过往车辆的正常行驶造成一定影响，车辆被迫减速或绕行，但整体交通秩序未出现严重混乱。此事件符合占道施工的异常特征，包括施工设施占据部分车道、施工人员现场作业以及车辆被迫绕行或减速等。
191,5044,占道施工_20230804235444_运行安全_34429800.mp4,拥堵,占道施工,2023年8月4日星期五凌晨4时54分至4时55分，外环高速沪渝立交-1枪机1监控区域发生占道施工交通事件。现场可见多辆工程车辆停靠在道路右侧车道，包括一辆黄色工程车和一辆红色货车，周围设置有多个红白相间的交通锥桶，形成临时施工区域。施工区域内未见明显施工人员活动，但车道被部分封闭，导致车辆需绕行或减速通过。涉事车辆包括多辆货车、轿车及一辆黄色工程车，其中红色货车和黄色工程车停放在施工区域内，车辆均开启警示灯。该施工行为造成右侧车道通行能力下降，后方车辆排队缓慢行驶，影响了正常交通流。异常特征表现为车道被施工设施遮挡、车辆需变道行驶、施工区域设有警示标志，符合占道施工的典型特征。
193,5046,占道施工_20240621001032_运行安全_35715839.mp4,占道施工,拥堵,2024年6月21日00:10:01至00:11:00，在S26沪常高速地面联友路下匝道（K14+795金丰路下匝道口）处，发生了一起占道施工交通事件。现场可见车道被多个锥桶遮挡，施工车辆停在右侧车道并进行了施工操作，导致车道数量减少，车辆需变道或减速行驶。施工区域设有警示牌和闪烁警示灯，以提醒过往车辆注意避让。此事件影响了道路的正常通行，导致车辆被迫减速或绕行，但未造成严重的交通拥堵。异常特征包括施工设施占据部分车道、车辆通行速度明显降低以及施工区域设有明显的警示标志。
196,5049,占道施工_20240114031807_运行安全_35316842.mp4,占道施工,拥堵,2024年1月4日13时18分至13时19分，在外环高速虹梅南路路段，发生了一起占道施工交通事件。现场可见多辆工程车辆和施工人员，他们穿着反光背心，正在进行道路施工操作。施工区域被多个锥桶围挡，部分车道被遮挡，导致车辆需变道或减速通行。施工区域设有警示灯，以提醒过往车辆注意避让。此事件影响了该路段的正常交通秩序，但未造成严重拥堵，其他车辆仍能有序通过施工区域。异常特征包括施工人员在夜间进行作业，施工设施遮挡部分车道，以及施工区域设有明显的警示标志。
197,5050,异常停车_20240515172009_突发事件_35594101.mp4,拥堵,多车事故,2024年5月15日17时20分至17时21分，G60市区方向至S4金山方向路段，监控画面显示多辆机动车在正常行驶过程中，右侧车道出现明显抛洒物交通事件，该抛洒物为白色圆形物体，尺寸较大，足以影响车辆正常通行。未出现车辆碰撞或异常停车情况，但后续多辆车辆经过该区域时均采取避让措施，部分车辆减速绕行，对道路通行安全构成潜在威胁。抛洒物来源不明，未见车辆碰撞或人员下车处理，持续存在于车道之间，持续影响后方车辆行驶秩序，存在安全隐患。
199,5052,拥堵_20240226174539_突发事件_35375519.mp4,拥堵,多车事故,2024年2月26日17时45分至17时46分，沪闵高架至S4金山方向路段发生一起多车事故。事故发生在夜间，监控画面显示该路段车流量较大，车辆行驶缓慢。在右侧车道中，一辆白色轿车与前方车辆发生追尾，导致白色轿车停在右侧车道内，车身倾斜并部分占据相邻车道，其后方多辆汽车被迫减速避让。涉事车辆包括白色轿车，均处于静止状态，影响后方车辆正常通行。事故现场未见明显人员下车交涉或交警到场处理，但可见后方车辆出现紧急变道和减速行为，存在持续拥堵风险。整体交通秩序受到一定影响，属于典型的多车事故事件，特征表现为车辆间发生碰撞后形成追尾，导致交通流中断且存在后续拥堵风险。
203,5056,占道施工_20231214224406_运行安全_35226762.mp4,占道施工,拥堵,2023年12月17日22时44分至22时45分，外环高速京沪立交南1（外）路段夜间出现占道施工交通事件。现场可见一名身穿反光背心的施工人员在道路左侧车道内作业，周围设置有反光锥桶和警示标志，部分车道被临时封闭。施工区域位于道路左侧靠近匝道入口处，导致该车道通行能力下降，后方车辆需减速并变道绕行。施工区域未见明显大型施工机械，但存在明显的施工警示设施布置，符合占道施工特征。该施工行为对过往车辆造成一定影响，部分车辆出现减速和变道行为，但整体交通流未出现严重拥堵。
209,5062,异常停车_20230715182223_突发事件_1150795.mp4,异常停车,抛洒物,抛洒物
210,5063,异常停车_20231228223224_突发事件_35273744.mp4,异常停车,抛洒物,2023年12月28日22时32分至22时33分，外环高速漕宝入口匝道（内）路段出现异常停车事件。一辆白色厢式货车在右侧车道内长时间静止不动，车辆开启双闪灯，且驾驶员未下车处理，车辆处于非停车区域，导致后方多辆货车和轿车被迫减速绕行。该车停靠位置位于匝道入口附近，影响了主线车流正常通行，存在安全隐患。现场无施工设施、无人员交涉，也未见抛洒物或事故痕迹，初步判断为临时故障或驾驶员违规停车所致。
211,5064,异常停车_20240516101422_突发事件_35596379.mp4,异常停车,多车事故,2024年5月16日10时14分至10时15分，外环高速丰翔路南段监控画面显示，一辆白色面包车在道路右侧应急车道内长时间静止不动，车辆开启双闪灯，且无明显故障迹象或驾驶员下车行为，周围其他车辆正常行驶，但该车辆占用应急车道的行为违反了高速公路通行规定，存在安全隐患。
219,5072,拥堵_20240316164340_突发事件_35416634.mp4,拥堵,多车事故,2024年3月16日星期六16:45至16:46，在外环高速蕴川立交西枪机2处，多辆车辆包括轿车和货车在行车道上发生事故，涉事车辆位置异常，部分车辆斜停在路上，导致交通流明显受阻。事故现场没有人员下车交涉，也未见交警到场处理，但车辆密集且行驶缓慢，形成了短暂的拥堵现象，影响了后续车辆的正常通行。异常特征表现为车辆密集排列、行驶速度显著降低以及存在碰撞痕迹，符合多车事故的典型特征。
220,5073,异常停车_20240529084732_突发事件_35649482.mp4,多车事故,异常停车,2024年5月29日08:59至09:00，在外环高速丰翔路南段，一辆红色货车在行车道上异常停车，车辆完全静止且开启双闪灯，驾驶员不在车内，导致后方多辆车辆被迫减速绕行，交通流出现明显滞缓，符合异常停车的判断标准。
221,5074,二轮车辆闯入_20230721115756_突发事件_33393564.mp4,多车事故,二轮车辆闯入,2023年7月20日10时57分至10时58分，S20内至虹桥枢纽方向高架路段，一辆二轮车在机动车道上行驶，驾驶员佩戴头盔，车辆无明显牌照标识。该二轮车在车流中穿行，与多辆小汽车并行，存在逆行和横穿车道的危险行为，且该路段无专用二轮车道或允许二轮车通行的标志，属于禁止二轮车通行区域。其闯入行为导致后方车辆紧急避让，影响了正常交通秩序，构成典型的二轮车辆闯入交通异常事件。
224,5077,拥堵_20240321110224_突发事件_35430273.mp4,拥堵,二轮车辆闯入,2023年12月21日11时05分，外环高速沪太立交西段出现严重交通拥堵，多辆轿车、货车及大型运输车辆在道路上缓慢行驶或完全停滞，车辆排成长队，车距极短，部分车辆处于静止状态，后方车辆被迫减速绕行，交通流明显受阻，持续时间超过10秒且无缓解趋势，符合拥堵判断标准。现场未见施工设施、事故痕迹或抛洒物，也无异常停车或二轮车辆闯入情况，主要表现为车辆密集、通行缓慢，影响正常道路通行效率。
225,5078,占道施工_20231028034248_运行安全_35008869.mp4,占道施工,拥堵,2023年10月28日03时42分至03时43分，外环高速吴中入口匝道（内）路段发生占道施工交通事件。现场可见多辆货车和轿车在夜间行驶，道路右侧车道被一排红白相间的交通锥桶封闭，形成临时隔离带，部分车道被占用。施工区域未见明显施工人员或工程车辆，但锥桶排列整齐且持续存在，表明正在进行或准备进行道路施工。该施工导致右侧车道通行能力下降，车辆需变道绕行，影响了正常交通流，尤其在早晚高峰时段可能引发轻微拥堵。整体画面显示车辆正常行驶，未出现严重拥堵，但存在因施工引发的交通秩序变化和潜在安全隐患。
228,5081,异常停车_20230720131040_突发事件_33389877.mp4,抛洒物,异常停车,2023年7月20日13时10分至13时11分，外环高速沪渝立交段出现异常停车事件。一辆白色厢式货车在右侧车道内完全静止，车辆开启双闪灯，驾驶员未下车处理，车辆长时间停靠在行车道上，导致后方多辆汽车被迫减速绕行，影响正常交通秩序。该车停靠位置位于非停车区域，且无交通标志允许临时停车，存在明显违规停车行为，符合异常停车特征。
229,5082,异常停车_20230718122756_突发事件_1960711.mp4,异常停车,二轮车辆闯入,2023年7月18日12时28分04秒至12时28分09秒，外环高速丰翔路路段出现二轮车辆闯入交通事件。一辆摩托车从右侧车道驶入主路，行驶于多车道高速公路的中间车道，未在专用非机动车道或辅路行驶，且无明显禁止标志区域，驾驶员佩戴头盔，车辆无牌照特征。该摩托车在车流中穿行，存在横穿车道等危险行为，对周边正常行驶的轿车、货车及大型运输车辆造成潜在安全隐患，导致部分车辆紧急避让或减速绕行，影响了道路通行秩序与安全。该行为符合二轮车辆闯入交通异常特征，属于典型违规闯入事件。
234,5087,占道施工_20240521003405_运行安全_35613493.mp4,占道施工,拥堵,2024年5月21日晚上7点33分至7点34分，在S26沪常高速地面联友路下匝道（里程碑为K14+795）处，发生了一起占道施工交通事件。现场有多辆工程车辆和施工人员进行作业，其中一辆黄色工程车停在车道上，周围摆放了多个红白相间的交通锥桶以隔离施工区域。施工人员穿着反光背心，正在进行相关操作。由于施工占用了一部分车道，导致车道数量减少，过往车辆需减速并变道行驶，对交通流产生了一定影响。此外，施工区域设有警示灯，进一步提醒驾驶员注意避让。整个过程中，施工行为有序进行，未见明显的事故或拥堵情况，但确实对道路通行效率产生了一定影响。
236,5089,抛洒物_20230728105300_运行安全_33409350.mp4,抛洒物,异常停车,2023年7月28日星期五10时52分至10时53分，位于城市高架桥路段的监控画面显示，一辆红色货车在右侧车道完全停止，车辆未开启双闪灯，驾驶员未下车，后方多辆车辆被迫减速绕行。该行为发生在非停车区域且无交通信号灯或标志允许停车，属于异常停车事件，对正常交通流造成明显影响。
239,5092,占道施工_20240126021838_运行安全_35337939.mp4,占道施工,拥堵,2024年01月26日星期五凌晨02:18至02:19期间，在武宁路快速化桥路段，发生了一起占道施工交通事件。现场有多名施工人员穿着反光背心在车道内进行作业，他们使用了多个交通锥桶对施工区域进行了隔离。涉事车辆包括一辆工程车和一辆小型货车，工程车停在施工区域内，而小型货车则停在前方。施工人员在车道内摆放锥桶，引导车辆绕行，导致该车道被部分遮挡，其他车辆被迫减速或变道通过。此次施工行为造成了车道数量减少，影响了正常交通流，但未引发严重拥堵或事故。异常特征包括施工人员在夜间进行道路作业，且施工区域设有明显的警示标志和锥桶，确保安全。
244,5097,异常停车_20240515215245_突发事件_35594521.mp4,抛洒物,多车事故,2024年5月15日21时52分至21时53分，S20外环线至S4金山方向高架路段发生多车事故。事故发生在夜间，道路照明良好，路面湿滑，车辆分布在行车道内，车流缓慢移动。涉事车辆包括多辆小型轿车及SUV，其中一辆白色轿车与前方车辆发生追尾，导致车流受阻。现场未见明显人员下车交涉或交警到场，但车辆姿态异常，存在碰撞痕迹，且有车辆连续变道或减速避让行为，符合多车事故特征。该事件造成该路段通行效率下降，后方车辆排队长度逐渐增加，影响了整体交通流畅性。
245,5098,拥堵_20231207064925_突发事件_35198145.mp4,抛洒物,拥堵,2023年12月7日12时07分至12时08分，外环高速沪嘉地道2（外）路段出现交通拥堵事件。该路段位于曹安公路出口3公里处，监控画面显示多车道内车辆行驶缓慢，车流密集，排队长度持续增加，车辆间距明显缩小，部分车辆处于低速移动或短暂停滞状态。涉事车辆包括各类轿车、货车、厢式货车及大型运输车，如红色平板货车、白色厢式货车、黄色工程车等，均在正常车道内行驶但受前方拥堵影响无法提速。未见异常停车、施工设施、二轮车辆闯入或抛洒物等其他异常情况，也无明显碰撞痕迹或人员下车交涉行为。拥堵主要集中在画面中段及右侧车道，影响通行效率，导致后方车辆被迫减速并保持安全距离，整体车流呈现持续性缓行特征，符合典型拥堵事件特征。
247,5100,占道施工_20240116233955_运行安全_35322847.mp4,占道施工,拥堵,2024年1月16日23:39至23:40，在S4市区方向至G60出省方向的路段上，发生了一起占道施工交通事件。现场可见多辆车辆和施工人员在进行作业，施工区域被多个橙色锥桶和围栏遮挡，导致车道数量减少，车辆需变道或减速通行。施工人员穿着反光背心，操作相关设备，施工区域设有警示牌和闪烁警示灯，以提醒过往车辆注意避让。此次施工对道路交通造成了一定影响，但未引发严重拥堵或事故，整体秩序较为有序。异常特征包括施工设施占据部分车道、施工人员现场作业以及车辆因施工而减速或变道行驶。
252,5105,异常停车_20240530100958_突发事件_35653680.mp4,异常停车,多车事故,2024年5月30日10时13分至10时14分，外环高速沪太立交东2枪机2监控画面显示，该路段为多车道高速公路，一辆红色货车停靠在最右侧应急车道内，车辆开启双闪灯，驾驶员下车查看，随后返回车内。
254,5107,二轮车辆闯入_20230722154348_突发事件_33394713.mp4,二轮车辆闯入,拥堵,2023年7月22日14时46分，外环高速老沪闵路东（内）路段在雨雾天气条件下出现交通拥堵现象，多辆小汽车、货车及一辆红色大型货车在行车道上缓慢行驶或完全停止，车辆尾灯持续亮起，车流密度显著增加，部分车辆处于停滞状态，后方车辆被迫减速绕行，形成典型的拥堵特征，影响了该路段的正常通行效率。
255,5108,抛洒物_20240307155754_运行安全_35393847.mp4,抛洒物,多车事故,2024年3月15日07:56至07:57期间，外环高速北翟路立交北方向发生一起多车事故。事故发生在高速公路主车道上，涉事车辆包括一辆白色面包车和一辆白色轿车，车辆碰撞后横跨车道，导致两车部分静止，驾驶员下车查看情况。现场有人员下车交涉。该事故造成后方车辆被迫减速避让，交通流出现短暂拥堵，且无明显施工或抛洒物等其他干扰因素，符合多车事故的典型特征。
256,5109,占道施工_20230903015223_运行安全_34696446.mp4,占道施工,拥堵,2023年9月3日凌晨1点52分至1点53分，外环高速沪嘉立交南段发生占道施工交通事件。现场可见施工区域设置有反光锥桶、警示灯及临时围挡，一名身穿反光背心的施工人员在道路左侧作业，周围设置有“前方500m 紧急停车带”指示牌。施工区域占用部分车道，导致车辆需减速绕行，影响了该路段的通行效率。施工区域内可见工程车辆灯光闪烁，施工人员在作业过程中佩戴安全装备，确保安全。整体交通流保持缓慢通行状态，未出现拥堵或事故现象，但存在明显的车道缩减和交通引导行为。
263,5116,占道施工_20240618001753_运行安全_35710703.mp4,占道施工,拥堵,2024年6月18日00:17:46至00:18:45，在嘉闵西侧定焦13路段，发生了一起占道施工交通事件。视频中可以看到，一辆工程车辆停在右侧车道上，多名施工人员穿着反光背心在车辆周围进行作业，路面上摆放了多个橙色交通锥桶以隔离施工区域。由于施工占用了一部分车道，导致车道数量减少，过往车辆需减速并变道行驶，对交通流产生了一定影响。此外，施工区域设有警示牌和闪烁警示灯，提醒驾驶员注意避让。整个过程中，施工人员有序地进行作业，未造成严重的交通拥堵，但确实对道路通行造成了一定程度的干扰。
264,5117,异常停车_20240625101152_突发事件_35723358.mp4,异常停车,抛洒物,2024年6月25日10时15分333秒，在高速公路右侧车道上，出现一团黑色袋装物体，随后被车辆碾压在路面持续滚动并逐渐停止于中央车道行车道边缘。该抛洒物未立即引发车辆紧急避让或刹车行为，但后方多辆车辆在经过该区域时均保持一定车距，存在潜在安全隐患。未见涉事车辆。该事件属于典型抛洒物交通异常，影响范围较小，但可能对后续车辆造成干扰，尤其在雨天湿滑路面条件下，风险更高。
267,5120,二轮车辆闯入_20230722154640_突发事件_33394714.mp4,二轮车辆闯入,多车事故,2023年07月22日15时46分35秒，在外环高速蕴川立交东路段，一辆二轮摩托车从画面左侧驶入主车道，行驶于多车道高速公路的中间车道，未在专用非机动车道或辅路通行，且无明显禁止标志区域，该车辆在车流中穿行，驾驶员佩戴头盔，车辆有牌照，其行为属于闯入禁止通行区域的危险驾驶行为，对周围正常行驶的机动车造成潜在安全隐患，影响了道路通行安全与秩序。
268,5121,异常停车_20240517231721_突发事件_35602488.mp4,拥堵,异常停车,2024年5月23日17时17分25秒至17时18分23秒，外环高速仙霞路（内）路段发生一起异常停车事件。一辆白色货车在右侧车道内长时间静止不动，车辆开启双闪灯，且无明显故障迹象或驾驶员在车旁活动，车辆处于非停车区域，导致后方多辆汽车被迫减速绕行，交通流出现明显滞缓。该行为违反了高速公路禁止随意停车的规定，存在较大安全隐患，影响了道路通行效率和行车安全。现场未见施工设施、警示标志或其他事故痕迹，初步判断为突发性临时停车，但持续时间较长，对后方交通造成显著影响。
280,5133,二轮车辆闯入_20230718175444_突发事件_1962339.mp4,二轮车辆闯入,异常停车,2023年7月18日17时54分至17时55分，S20外环高速丰翔路南段监控画面显示，一辆红色货车在道路右侧应急车道内长时间静止不动，车辆未开启双闪灯，且无明显故障迹象或驾驶员在车旁处理情况，符合异常停车行为。
286,5139,异常停车_20240621201008_突发事件_35717757.mp4,异常停车,多车事故,2024年6月21日20时10分至20时11分，外环高速吴淞江桥南路段发生一起多车事故。事发时段为夜间，路面湿滑，能见度较低。事故发生在由南向北方向的行车道上，涉事车辆包括俩辆轿车，其中一辆银色轿车在行驶过程中与前方白色车辆发生追尾，导致后方车辆紧急刹车并引发连锁碰撞。事故现场有车辆驾驶员下车查看情况，后方车辆被迫减速绕行，交通流明显受阻，车速下降，形成短时拥堵。异常特征表现为多车连续碰撞痕迹、车辆位置异常、刹车灯密集亮起以及后方车辆避让行为，符合多车事故判断标准。
291,5144,占道施工_20240510000455_运行安全_35575681.mp4,拥堵,占道施工,2024年5月10日00:04:25至00:05:24，在S26沪常高速CCTV16（K14+780上海地道出口门架）上，发生了一起占道施工交通事件。现场可见一辆工程车辆停在右侧车道上，车顶闪烁着警示灯，周围放置了多个红白相间的交通锥桶，用于隔离施工区域。施工人员穿着反光背心，正在进行相关操作。由于施工占用了一部分车道，导致车辆需减速并变道行驶，对正常交通流产生了一定影响。此外，施工区域设有明显的警示标志，提醒过往车辆注意避让，确保行车安全。整个过程中，施工行为有序进行，未引发其他异常交通情况。
293,5146,占道施工_20240428031557_运行安全_35538462.mp4,占道施工,拥堵,2024年04月28日星期三凌晨03:15至03:16，在上行水产路入口匝道，视频显示该路段被多个交通锥桶和围栏遮挡，形成明显的施工区域。期间有多辆机动车在该区域减速或停车，其中一辆白色轿车在接近施工区时明显放慢速度并停止，驾驶员下车后在车旁停留一段时间后返回车内。施工区域未见明显施工人员活动，但车道被完全封闭，导致车辆需变道行驶，影响了正常交通流。现场未见异常停车、事故或抛洒物等情况，但施工设施的存在导致该路段通行能力下降，存在潜在拥堵风险。异常特征为施工区域设置规范，但未设置警示标志，且夜间光线条件下施工区域可见明显光反射，对过往车辆造成一定干扰。
294,5147,占道施工_20240524230758_运行安全_35633373.mp4,占道施工,拥堵,2024年5月24日23时07分至23时58分，外环高速老沪闵路东（内）路段夜间出现占道施工交通事件。现场可见多辆工程车辆停靠在道路右侧车道，包括一辆黄色工程车和一辆红色货车，周围设置有红白相间的交通锥桶，形成临时施工区域。施工区域占用部分车道，导致车辆需绕行或减速通过，影响了正常通行秩序。施工区域内未见明显施工人员活动，但存在明显的施工设施布置，且施工区域灯光闪烁，存在一定的安全隐患。该事件导致右侧车道通行能力下降，车辆行驶速度减缓，存在潜在交通拥堵风险。
295,5148,占道施工_20240605024618_运行安全_35673299.mp4,占道施工,拥堵,2024年6月5日02时46分13秒至02时47分12秒，外环高速吴淞江桥路段夜间出现占道施工交通事件。现场可见多辆工程车辆停靠在道路右侧车道，包括一辆黄色工程车和一辆红色工程车，周围布设了多个红白相间的交通锥桶，形成临时隔离区域，占用部分行车道。施工区域有警示灯闪烁，提示过往车辆注意避让。施工人员身穿反光背心，在工程车旁作业，表明正在进行道路维护或施工作业。该施工行为导致右侧车道通行空间受限，车辆需减速并变道绕行，影响了正常交通流，但未造成严重拥堵或事故。异常特征为：车道被施工设施遮挡、施工人员在场操作、警示灯闪烁、车辆通行需变道或减速。
296,5149,拥堵_20240221071925_突发事件_35367921.mp4,二轮车辆闯入,拥堵,2023年7月20日07:20至07:21期间，S20内至G60出省方向的高架路段出现严重交通拥堵，地点位于通往杭州方向（G60）与浦东机场方向（S20）交汇处附近。该路段为双向多车道高速公路，路面湿滑，天气阴雨，能见度较低。视频显示，大量机动车包括轿车、货车、客车及大型集装箱运输车在该路段缓慢行驶或完全停滞，车辆排成长队，车距极短，刹车灯持续亮起，表明车速极低或处于停滞状态。拥堵主要集中在画面中段及左侧车道，车辆通行效率显著下降，后方车辆被迫减速并频繁变道以维持通行。未见明显事故、施工或抛洒物迹象，但整体车流密度极高，持续时间超过一分钟且无缓解趋势，符合拥堵判断标准。该事件主要由早高峰车流量大、雨天路况不佳导致，对通行效率造成较大影响。
297,5150,二轮车辆闯入_20230718085552_突发事件_1959396.mp4,二轮车辆闯入,拥堵,2023年7月18日08时56分至08时57分，外环高速吴中路路段出现交通拥堵事件，现场多辆机动车在道路上缓慢行驶或停滞，车辆排成长队，车流密度明显增大，通行速度显著下降。涉事车辆包括多辆轿车、货车及厢式运输车，其中一辆红色平板货车和一辆白色厢式货车在画面中较为突出，均处于低速行驶状态。该路段为高架桥弯道，两侧设有白色箭头指示引导车流，但未见明显施工设施或事故迹象，也无异常停车或抛洒物情况。整体表现为典型的高峰时段交通拥堵，影响范围覆盖多个车道，车辆排队长度超过正常范围，且持续一段时间未缓解，符合拥堵判断标准。
300,5153,异常停车_20230717211102_突发事件_1956593.mp4,异常停车,抛洒物,2023年7月17日21时11分至21时12分，外环高速吴中入口匝道（外）路段出现抛洒物交通事件。在视频画面右侧车道边缘，可见一白色异物遗落在路面，疑似为货车运输过程中掉落的货物包装材料或杂物。该异物位于行车道中央，尺寸较大，足以影响车辆正常通行。多辆过往车辆在接近该区域时出现明显减速、避让行为，其中一辆白色轿车在发现异物后紧急向右变道绕行，导致后方车辆随之减速。未见涉事车辆停靠或人员下车处理，也无施工或事故迹象。该抛洒物未被及时清理，持续存在约一分钟以上，对夜间行车安全构成潜在威胁，符合抛洒物判断标准中的“车道上有足够尺寸的异物”及“可见车辆急刹或绕行行为”，判定为典型抛洒物事件。
303,5156,异常停车_20240509150751_突发事件_35574422.mp4,异常停车,抛洒物,2024年5月9日15时07分45秒至15时08分47秒，外环高速莘庄立交东（外）路段出现抛洒物交通事件。在视频画面中，右侧车道上有白色不明物体，随后被后方车辆发现并紧急避让，导致多辆汽车减速绕行。该事件发生在高速公路主干道上，涉事车辆为多辆货车和轿车，它们在经过抛洒区域时出现明显减速、变道和避让行为，影响了道路通行秩序和行车安全。由于抛洒物体积较小且未被及时清理，无法确认其具体来源，但已对正常交通流造成持续干扰，存在引发追尾或侧滑事故的风险。现场无施工设施或人员，也未见其他异常停车或事故迹象，因此判定为典型抛洒物事件。
305,5158,二轮车辆闯入_20230718132546_突发事件_1960926.mp4,二轮车辆闯入,异常停车,2023年7月18日13时25分45秒至13时26分09秒，嘉闵西侧真南路出口路段出现异常停车事件。一辆白色轿车在右侧应急车道内完全静止，车辆未开启双闪灯，且驾驶员未下车处理，车辆长时间停靠在非停车区域。该车停靠位置位于道路右侧护栏旁，周围无施工设施或警示标志，不符合临时停车规范。其行为导致后方车辆被迫减速绕行，影响了正常交通流，存在安全隐患。
312,5165,异常停车_20230715131342_突发事件_1149825.mp4,异常停车,抛洒物,2023年7月15日13时13分37秒，在G42出城方向至S4金山方向的高架道路上，道路上有不明物体，该物体位于行车道中央，呈扁平状，颜色较深，疑似为货物包装材料或碎片。随后多辆过往车辆发现异物后采取紧急避让或减速措施，其中部分车辆绕行至相邻道，造成短暂交通流紊乱。该事件发生在道路左侧靠近护栏一侧，无其他车辆直接因该物体发生碰撞或事故，但存在潜在安全隐患，影响行车安全。异常特征表现为：异物长期停留在车道中央，未被清理，且无明显警示标志或防护措施，属于典型抛洒物交通异常事件。
313,5166,异常停车_20240607122524_突发事件_35683599.mp4,拥堵,异常停车,2024年6月7日12时25分18秒至12时26分17秒，外环高速莘朱路路段监控画面显示，一辆白色厢式货车停靠在最外侧车道内，车辆开启双闪灯，驾驶员未下车，车辆长时间静止不动，后方车辆被迫绕行或减速通过，造成短时交通干扰。该车辆长时间占用行车道，属于非紧急情况下的异常停车行为，存在安全隐患，影响正常交通流。
315,5168,二轮车辆闯入_20230719082253_突发事件_1966685.mp4,二轮车辆闯入,抛洒物,2023年7月19日星期三上午8时22分至8时23分，北环高速同济路立交南段出现交通拥堵事件。该路段为多车道高速公路，车流密集，主要由轿车、货车及少量公交车组成，车辆在多个车道上缓慢行驶或处于停滞状态，部分车辆在变道过程中存在轻微穿插行为。视频显示，拥堵区域位于主线与匝道交汇处，车辆排队长度持续增加，通行速度明显下降，未见明显事故或障碍物导致阻塞，但整体车流密度较高，存在缓行趋势。该拥堵现象发生在非高峰时段，可能与车流量集中或前方道路施工有关，但未发现异常停车、占道施工、二轮车辆闯入、抛洒物或交通事故等直接诱因。整体影响为通行效率降低，存在潜在安全隐患。
316,5169,占道施工_20240120230804_运行安全_35329936.mp4,占道施工,拥堵,2024年01月20日23:10:42至23:10:56，在外环高速富长路西枪机1处，发生了一起占道施工交通事件。现场有多辆工程车辆和施工人员进行作业，施工人员穿着反光背心，操作设备并摆放了多个交通锥桶以隔离施工区域。涉事车辆包括一辆黄色工程车和几辆小型轿车，它们在施工区域附近缓慢行驶或停滞。由于施工占用部分车道，导致车道数量减少，过往车辆被迫减速或变道，影响了道路的正常通行。异常特征包括车道上设置的大量交通锥桶、施工车辆的警示灯以及施工人员在车道内移动或停留的操作行为。整体来看，此次占道施工对夜间该路段的交通流量产生了一定影响，但未造成严重拥堵。
317,5170,二轮车辆闯入_20230717162532_突发事件_1356500.mp4,二轮车辆闯入,拥堵,2023年7月17日星期一16时25分至16时26分，某城市高架桥路段出现交通拥堵事件。该路段为多车道高架道路，背景可见城市天际线及立交桥结构，天气为阴天，路面照明良好。视频显示，主车道上车辆行驶缓慢，车流密集，多辆轿车、货车及客车在多个车道内排队缓行，部分车辆间距极小，存在频繁变道和刹车行为，表明车辆行驶速度显著降低。拥堵区域位于高架桥中段，从画面中可见车辆持续排队，未见明显事故或障碍物，但整体车流呈现持续性缓行状态，影响了该路段的通行效率。此异常特征符合拥堵判断标准，表现为多辆车缓慢移动或完全停止，排队长度超过正常范围，且发生在交通流量高峰时段，可能由前方突发状况或高峰车流叠加所致。
318,5171,占道施工_20231022232105_运行安全_34979090.mp4,拥堵,占道施工,2023年10月22日23时21分至23时22分，外环高速莘庄立交东南方向路段发生占道施工交通事件。现场可见多辆车辆在夜间行驶过程中，道路左侧车道被一排红白相间的交通锥桶封闭，形成临时隔离带，导致车道数量减少，车辆需变道通行。施工区域设有警示标志和反光设施，但未见明显施工人员或工程车辆作业。该施工行为造成部分车辆减速并绕行，影响了正常交通流，存在潜在安全隐患。异常特征包括：车道被锥桶遮挡、车辆需变道、车流速度降低，符合占道施工判断标准。
319,5172,多车事故_20240405093600_突发事件_35467883.mp4,异常停车,多车事故,2024年4月5日09:36至09:37期间，在武宁路地道南线西向东方向，发生一起多车事故。事故发生在隧道内靠近出口区域，涉事车辆包括一辆红色轿车及左后方黑色轿车，两车在行驶并汇入隧道后发生碰撞。其中红色轿车司机下车查看情况，车辆位置异常，横跨车道，后方车辆被迫减速或绕行。第二辆车出现故障，停在行车道上，驾驶员下车查看，车辆静止。事故造成隧道内交通流受阻，后方车辆排队缓慢通行，存在明显的追尾及变道压迫现象，且未见明显施工或抛洒物等其他干扰因素，符合多车事故的典型特征。
324,5177,占道施工_20240523011217_运行安全_35623963.mp4,占道施工,拥堵,2024年05月23日01:12至01:14，在沪宁上行龙兴路路段，发生了一起占道施工交通事件。视频显示，该路段被多个橙色锥桶和警示标志遮挡，车道数量减少，车辆需变道或减速通行。涉事车辆包括多辆工程车辆和过往的轿车及货车，它们在施工区域附近缓慢行驶或停滞，显示出施工对交通流的影响。异常特征包括明显的施工设施（如锥桶和警示牌），以及施工人员可能穿着反光背心进行操作，确保安全。此次占道施工导致车道数量减少，影响了车辆的正常行驶，但未造成严重的交通拥堵。
326,5179,拥堵_20240116105943_突发事件_35321896.mp4,拥堵,异常停车,2024年1月16日10:59至11:00，在外环高速莘朱路路段，一辆绿色货车在行车道上短暂异常停车，车辆完全静止且未开启双闪灯，导致后方多辆车辆被迫减速绕行，影响了道路的正常通行秩序，存在明显的交通安全隐患。
327,5180,异常停车_20240624123347_突发事件_35721832.mp4,异常停车,多车事故,2024年6月24日12时37分，外环高速沪太立交东2枪机监控画面显示，双向车道车流正常行驶，一辆红色货车停靠在最右侧应急车道内，车辆开启双闪灯，未见驾驶员。
328,5181,异常停车_20240607023105_突发事件_35681189.mp4,异常停车,多车事故,2024年6月7日02:30至02:31，在外环高速沪嘉立交南枪机1处，发生了一起多车事故。涉事车辆包括一辆黑色轿车和一辆白色SUV，两车在行驶过程中发生碰撞，导致车辆位置异常，其中黑色轿车斜停在车道上，白色SUV则紧随其后。事故现场有人员下车交涉，其他车辆被迫紧急避让或停滞，交通秩序受到明显影响。此事件的异常特征在于多辆车同时发生碰撞，且事故地点位于高速公路上，增加了救援和疏导的难度。
330,5183,占道施工_20231211231122_运行安全_35212069.mp4,异常停车,占道施工,2023年12月11日23时11分至23时12分，外环高速顾戴路北（内）路段夜间出现占道施工交通事件。现场可见多辆工程车辆停靠在道路右侧车道，包括一辆亮着警示灯的工程车和一辆带有闪烁警示灯的作业车，周围设置了一排橙白相间的交通锥桶，形成临时隔离带，占用部分行车道。施工区域前方有大型货车和轿车正常行驶，但因车道被部分封闭，车辆需减速绕行，通行速度明显降低。施工区域未见明显施工人员活动，但存在明显的施工设施布置和警示标志设置，表明正在进行道路维护或抢修作业。该事件导致右侧车道通行受阻，影响了该路段的正常交通流，属于典型的占道施工异常情况。
332,5185,异常停车_20230720055000_突发事件_6966735.mp4,拥堵,多车事故,2023年7月20日05:50:38，在外环高速莘庄立交东（外）路段，一辆白色面包车停靠在最右侧车道边缘，驾驶员下车后在车旁活动，车辆开启双闪灯，该事件持续约1分钟，期间未见明显故障，但其停车行为影响了右侧车道正常通行，存在安全隐患。
333,5186,异常停车_20240517235647_突发事件_35602489.mp4,异常停车,占道施工,2024年5月17日23时56分至23时57分，嘉闵高架东侧隧道内发生占道施工交通事件。现场可见隧道右侧车道被施工围挡设施遮挡，施工区域设有反光锥桶和警示标志，部分车道被封闭，导致车辆需变道行驶。施工区域未见明显施工人员或工程车辆作业，但存在明显的施工围挡和警示设施，表明正在进行道路维护或施工活动。该行为影响了正常通行秩序，造成车辆行驶路径调整，存在潜在安全隐患。
334,5187,异常停车_20240508132207_突发事件_35570319.mp4,异常停车,抛洒物,2024年5月8日13时22分02秒至13时23分00秒，外环高速沪渝立交段出现异常停车事件。一辆红色货车在右侧车道内完全静止，开启双闪灯，且无交通信号灯或标志允许其停车，车辆明显处于非正常行驶状态。该车停靠位置位于行车道内，周围车辆被迫减速绕行，影响了后方车辆正常通行，形成局部拥堵。现场无施工设施、警示标志或其他事故迹象，也未见二轮车辆闯入或抛洒物情况，初步判断为车辆临时故障或违规停车所致。
335,5188,二轮车辆闯入_20230722133611_突发事件_33394582.mp4,二轮车辆闯入,异常停车,2023年7月22日13时36分，S20外环线至S4金山方向高架路段，一辆红色货车在道路右侧车道内长时间静止不动，车辆未开启双闪灯，驾驶员下车查看情况后上车，导致后方车辆被迫减速绕行，影响正常交通流。该行为符合异常停车特征，存在安全隐患。
336,5189,二轮车辆闯入_20230721133655_突发事件_33393668.mp4,二轮车辆闯入,异常停车,2023年7月21日13时36分54秒至13时37分53秒，位于S4市区方向至S20的高架道路路段，一辆白色小型货车在道路右侧车道内长时间静止不动，车辆未开启双闪灯，且无驾驶员下车或明显故障迹象，周围其他车辆正常行驶，部分车辆在经过该车时有轻微变道避让行为，表明该车存在异常停车情况，影响了车道的正常使用，构成交通安全隐患。
337,5190,异常停车_20240510100530_突发事件_35577578.mp4,拥堵,异常停车,2024年5月10日10时05分至10时06分，外环高速龙吴路路段出现异常停车事件。一辆红色货车在右侧车道内完全静止，车辆开启双闪灯，驾驶员在车内，车辆处于非正常行驶状态。该车停靠位置位于行车道内，属于非停车区域，且无交通信号灯或标志允许停车，导致后方多辆汽车被迫减速绕行，形成局部拥堵。该异常停车行为持续约一分钟，影响了右侧车道的通行效率，存在安全隐患。
339,5192,异常停车_20230723142300_突发事件_33396284.mp4,异常停车,多车事故,2023年7月23日14时20分43秒，在南线2CAM06监控点位的隧道内，一辆白色轿车在行车道内完全静止，车辆停靠在行车道中央，后方设置了一个橙白相间的交通锥桶，疑似发生故障或违规停车。该车长时间未移动，且驾驶员不在车内，导致后方车辆被迫减速绕行，影响了正常交通流。此行为符合异常停车的判断标准，存在安全隐患，可能引发追尾或二次事故。
340,5193,二轮车辆闯入_20230720231920_突发事件_33392686.mp4,二轮车辆闯入,异常停车,2023年7月20日23时19分，外环高速吴淞江桥路段夜间监控画面显示，一辆白色轿车在最右侧车道停靠，车辆开启双闪灯，驾驶员下车查看，符合异常停车行为。
348,5201,异常停车_20240624184732_突发事件_35722520.mp4,抛洒物,拥堵,2024年6月24日18时47分至18时48分，外环高速曹安路北段出现严重交通拥堵事件。该路段为多车道高架道路，路面湿滑，天气阴雨，能见度较低。视频显示，大量机动车包括轿车、货车、厢式货车及大型集装箱运输车在双向车道上缓慢行驶或完全停滞，车流密集且持续无缓解趋势，车辆尾灯连成一片红色光带，表明车辆处于低速或停止状态。部分车辆在车道间频繁变道，但整体通行效率极低。右侧车道虽有车辆正常行驶，但受主车道拥堵影响，部分车辆被迫减速或变道绕行。未见明显事故、施工或抛洒物迹象，也无二轮车辆闯入或异常停车行为。拥堵主要集中在主路中段，影响范围较长，持续时间超过一分钟，符合典型早高峰时段的拥堵特征，可能由上游交通流量过大或前方道路瓶颈所致。
350,5203,二轮车辆闯入_20230718094910_突发事件_1959761.mp4,二轮车辆闯入,拥堵,2023年7月18日星期一上午9时47分至9时49分，外环高速仙霞路南（外）路段出现交通拥堵事件。该路段为多车道高速公路，双向车流密集，其中南向车道车辆行驶缓慢，车距明显缩短，部分车辆处于低速蠕动状态，持续时间约1分钟且无缓解趋势。涉事车辆包括多辆轿车、货车及厢式货车，其中一辆白色厢式货车和一辆蓝色货车在车流中缓慢前行，后方车辆频繁变道避让，加剧了通行压力。现场未见明显事故或障碍物，但车流密度高、车速降低是主要特征，符合拥堵判断标准。该拥堵发生在道路瓶颈区域，对通行效率造成显著影响，属于典型早高峰时段的交通拥堵事件。
352,5205,异常停车_20240110053300_突发事件_35306113.mp4,异常停车,多车事故,2024年1月1日5时32分至5时33分，在武宁路地道北线东向西方向，一辆红色轿车在隧道右侧车道上完全静止，车辆开启双闪灯，驾驶员在车旁活动，该车停靠位置位于行车道上，非停车区域，且无交通信号或标志允许停车。该行为导致后方车辆被迫减速绕行，影响了正常通行秩序，存在安全隐患。异常特征包括车辆在非停车区域静止、驾驶员在车旁活动以及后方车辆避让行为。
353,5206,多车事故_20240621121139_突发事件_35716923.mp4,多车事故,拥堵,2024年6月21日12时10分至12时11分，在外环高速北翟路立交北侧路段，发生了一起严重的交通拥堵事件。视频显示，多辆货车和轿车在该路段缓慢移动或完全停止，排队车辆长度超过正常范围，且持续一段时间无缓解趋势，明显发生在道路瓶颈区域。涉事车辆包括红色、白色和黑色的货车，它们密集地排列在车道上，导致后方车辆被迫减速或停滞。此次拥堵影响了多个车道的正常通行，造成了交通流量的严重下降，异常特征表现为车辆行驶速度极低，部分车辆甚至处于静止状态，严重影响了道路的正常运行。
354,5207,拥堵_20231226085936_突发事件_35263292.mp4,拥堵,异常停车,2023年12月26日08时59分至09时00分，嘉闵高架西侧定焦04监控点位显示，该路段为双向多车道高架道路，右侧车道出现持续性车辆缓行现象，车辆行驶速度明显降低，形成排队缓行态势。涉事车辆包括多辆轿车、SUV及一辆绿色出租车，其中一辆绿色出租车在08:59:36左右突然减速并完全停止，未开启双闪灯，且驾驶员未下车，符合异常停车特征。该行为导致后方车辆被迫减速避让，影响了正常通行秩序，构成交通安全隐患。
364,5217,占道施工_20230910234753_运行安全_34759441.mp4,拥堵,占道施工,2023年9月10日23时47分至23时48分，外环真南路入口路段夜间出现占道施工交通事件。现场可见一辆黄色工程车停靠在右侧车道，车后方设置了一排橙白相间的交通锥桶，形成临时隔离带，占用部分行车道。一名身穿反光背心的工作人员在锥桶旁进行作业，车辆通行需绕行该区域。该施工区域未见明显施工设备或围挡，但存在明显的车道缩减和交通引导措施，导致右侧车道车辆行驶速度有所减缓，但整体通行秩序尚可维持。该事件符合占道施工特征，对夜间行车安全造成一定影响。
367,5220,占道施工_20230715001622_运行安全_1147307.mp4,占道施工,拥堵,2023年7月15日00:16至00:17期间，在嘉闵西侧S6立交南路段，发生了一起占道施工交通事件。现场有多辆工程车辆和施工人员在进行作业，施工区域被多个锥桶和围栏遮挡，导致车道数量减少，车辆需变道或减速通行。涉事车辆包括一辆黄色工程车和几名穿着反光背心的施工人员，他们正在进行道路维护或施工操作。由于施工设施的遮挡，车道数量减少，影响了正常交通流，车辆被迫减速并有序通过施工区域。异常特征包括施工区域设有警示牌和闪烁警示灯，确保过往车辆能够及时注意到施工情况并采取相应措施。整体来看，此次占道施工对夜间该路段的交通造成了一定影响，但未引发严重拥堵或事故。
373,5226,异常停车_20240508124653_突发事件_35570236.mp4,异常停车,抛洒物,2024年5月8日12时46分至12时47分，外环高速莘庄立交东（外）路段出现交通拥堵事件。该路段为多车道高速公路，车流密集，主要由轿车、货车及少量客车组成，其中红色货车和黄色厢式货车较为显著。视频显示，车辆在多个车道上缓慢行驶，车距明显缩短，部分车辆处于低速蠕动状态，未见完全停止，但整体通行效率显著下降。拥堵区域位于立交桥附近，受前方车流影响，车辆排队长度持续增加，形成较长的缓行队列，且无明显事故或施工迹象，推测为高峰时段车流量过大所致。该事件持续约一分钟，未见异常停车、占道施工、二轮车辆闯入或抛洒物等其他异常情况，主要影响为通行速度降低，存在潜在安全隐患。
374,5227,异常停车_20240623153047_突发事件_35720144.mp4,异常停车,抛洒物,2024年6月23日15时30分至15时31分，外环高速仙霞路（内）路段在雨天出现异常停车事件。一辆红色货车在右侧车道内完全静止，未开启双闪灯，且无交通信号灯或标志允许其停车，车辆明显处于非正常行驶状态。该车停靠位置位于行车道内，非停车区域，且周围无施工、事故或抛洒物等明显原因。该行为导致后方车辆被迫减速绕行，影响了道路通行效率，存在安全隐患。
375,5228,拥堵_20230926190149_突发事件_34866662.mp4,拥堵,占道施工,2023年9月26日19时01分至19时02分，嘉闵西侧汇聚机箱路段出现交通拥堵事件。该路段为高架道路，夜间照明条件下，多辆机动车在双向车道上缓慢行驶或完全停止，车流密集且持续时间较长，车辆尾灯连成一片红色光带，表明通行速度极低。涉事车辆包括轿车、货车及出租车，均处于低速或停滞状态，未见明显事故或障碍物导致停车。道路左侧设有“40”限速标志，表明该区域为城市快速路，车速限制为40公里/小时。由于车流持续积压，后方车辆被迫减速并排成队列，形成典型拥堵现象，影响了正常通行效率，且无施工设施、异常停车或抛洒物等其他干扰因素，因此判定为占道施工引发的交通拥堵。
376,5229,异常停车_20240613191019_突发事件_35702759.mp4,异常停车,抛洒物,2024年6月13日19时10分至19时11分，G2进外环外圈匝道03路段出现交通拥堵事件。该路段为多车道高速公路，路面湿滑，天气阴雨，能见度较低。视频显示，从19:10:09开始，主车道车辆行驶缓慢，车流密集，多辆轿车、货车及厢式运输车在车道内依次排队前行，车距明显缩短，刹车灯持续亮起，表明车辆处于低速行驶或短暂停滞状态。其中一辆红色集装箱货车在右侧车道缓慢行驶，后方车辆持续减速并保持较短车距，形成连续的缓行队列。右侧辅道车流相对顺畅，但主路拥堵影响范围较长，持续时间约一分钟，且无明显事故或施工迹象，推测为高峰时段车流量过大所致。整体表现为典型的城市快速路拥堵特征，无异常停车、占道施工、二轮闯入或抛洒物等其他异常情况。
383,5236,二轮车辆闯入_20230721000717_突发事件_33392877.mp4,二轮车辆闯入,多车事故,2023年7月21日00:07:15至00:08:14期间，外环高速莘庄立交北段发生一起多车事故。事故发生在夜间，道路照明良好，路面湿滑。涉事车辆包括一辆白色厢式货车、一辆黑色轿车，其中白色厢式货车在中间车道停车双闪，右侧车道有两辆小客车发生追尾。事故现场有多名人员下车查看情况，部分人员聚集在车旁，存在明显的碰撞痕迹和车辆位置异常，且无明显施工或抛洒物迹象。该事件导致后方车辆被迫减速或绕行，交通流出现短暂拥堵，但未完全中断。异常特征表现为多车追尾、人员下车处理、车辆位置异常以及后续车辆避让行为。
386,5239,多车事故_20240528170718_突发事件_35647151.mp4,多车事故,拥堵,2024年5月28日17时07分至17时08分，外环高速莘庄立交北段出现交通拥堵事件。该路段为多车道高速公路，双向车流密集，其中南向北方向车辆行驶缓慢，形成明显排队现象，车辆间距缩短，车速降低，部分车辆处于低速蠕动状态，持续时间超过一分钟且无缓解趋势。涉事车辆包括各类轿车、货车、厢式货车及大型客车，其中绿色集装箱货车、红色平板货车和白色厢式货车较为集中，均在正常车道内行驶，未见异常停车或事故迹象。拥堵区域位于立交桥附近，受匝道汇流影响，车流密度较高，导致通行效率下降。异常特征表现为车辆行驶速度显著降低，后方车辆被迫减速并排成长队，影响整体通行秩序，符合拥堵判断标准中的多辆车缓慢移动、排队长度超常、发生在瓶颈区域等条件。
391,5244,二轮车辆闯入_20230715103434_突发事件_1149321.mp4,二轮车辆闯入,拥堵,2023年7月15日10时34分，外环高速仙霞路（内）路段出现交通拥堵事件，现场多辆机动车在道路上缓慢行驶或处于停滞状态，车辆排成长队，车流密度高，通行速度明显下降，部分车辆在车道间频繁变道，导致整体通行效率降低。涉事车辆包括轿车、货车、客车及大型运输车等，其中红色货车、白色厢式货车和蓝色集装箱货车较为显眼，均在正常行驶过程中因前车缓行而被迫减速或停止。该拥堵发生在高速公路主干道上，影响了多个车道的正常通行，且持续时间较长，未见明显缓解趋势，符合拥堵判断标准中的多辆车缓慢移动、排队长度超常、发生在瓶颈区域等特征。
398,5251,异常停车_20240623053706_突发事件_35719260.mp4,异常停车,多车事故,2024年6月23日05时37分至05时38分，外环高速吴淞江桥南路段，一辆红色货车在右侧应急车道内长时间静止不动，车辆未开启双闪灯，驾驶员下车活动，后方车辆正常行驶未见明显绕行或减速行为，该车辆持续停放在应急车道，影响范围包括该车道，存在安全隐患。
401,5254,异常停车_20240524102242_突发事件_35631220.mp4,异常停车,拥堵,2024年05月24日10:22:35至10:23:36，上行水产路入口匝道03处发生拥堵事件，现场多辆汽车在该路段缓慢行驶或完全停止，车辆排成长队，持续时间超过一分钟且无明显缓解趋势，涉事车辆包括白色轿车、黑色轿车及黄色面包车等，由于车道数量较少，车辆密集，导致通行效率显著下降，影响了整体交通流畅性，异常特征表现为车辆行驶速度明显降低，队列长度超过正常范围，且在高峰时段无缓解迹象，符合拥堵判断标准。
409,5262,占道施工_20231026015130_运行安全_34998070.mp4,占道施工,异常停车,2023年10月26日凌晨1点51分至1点52分，外环高速顾戴路路段夜间发生占道施工交通事件。现场可见多辆工程车辆停靠在道路右侧车道，包括一辆黄色工程车和一辆红色货车，周围设置有多个红白相间的交通锥桶，形成临时施工区域。多名身穿反光背心的施工人员在车道内活动，其中一人手持警示灯，另一人靠近锥桶进行布置。施工区域占用部分行车道，导致车辆需绕行或减速通过，影响了正常通行效率。该施工行为符合占道施工标准，存在明显的施工设施、人员及警示标志，且未见其他异常停车或事故迹象，属于常规夜间道路维护作业。
411,5264,异常停车_20240621085612_突发事件_35716683.mp4,异常停车,二轮车辆闯入,2024年6月21日星期五上午7时56分至7时57分，外环高速沪渝立交段出现交通拥堵事件。该路段为多车道高速公路，天气阴雨，路面湿滑，能见度较低。视频显示，从7:56:00开始，双向车流均处于缓慢行驶状态，车辆间距明显缩小，刹车灯频繁亮起，车流密度较高，且持续时间约一分钟，未见明显缓解趋势。车辆包括轿车、货车、厢式货车及大型运输车等，均在正常车道内行驶，未见异常停车、事故或施工迹象。由于雨天路面湿滑，车辆行驶速度降低，导致通行效率下降，形成持续性拥堵。此拥堵可能由前方交通流量大或突发状况引发，但视频中未发现占道施工、抛洒物或二轮车辆闯入等直接诱因。整体影响为该路段通行能力下降，存在潜在安全隐患。
416,5269,异常停车_20240625041931_突发事件_35722542.mp4,拥堵,异常停车,2024年6月25日04时19分至04时20分，外环高速吴淞江桥南路段，一辆红色货车在右侧应急车道内长时间静止不动，车辆未开启双闪灯，且无明显故障迹象或驾驶员在车旁处理情况，符合异常停车行为。
417,5270,二轮车辆闯入_20230722195708_突发事件_33394987.mp4,二轮车辆闯入,抛洒物,2023年7月22日19时57分10秒至19时57分32秒，外环高速沪嘉地道2（外）路段出现抛洒物交通事件。在视频画面右侧车道边缘，可见一白色异物遗落在路面，疑似为货车运输过程中掉落的货物或杂物。该异物位于行车道内，未被及时清理，且无车辆停靠或人员处理。期间多辆货车、轿车及特种车辆（如消防车）正常行驶经过该区域，部分车辆因避让或急刹导致车灯闪烁，存在安全隐患。该抛洒物导致通行车辆出现轻微变道和减速行为，但未引发严重拥堵或事故，仍维持在典型抛洒物范畴，存在潜在追尾风险。异常特征为：异物尺寸较大、位置固定、未见明显移动、无警示标志，可能来自过往货运车辆货箱脱落或事故，对夜间行车安全构成威胁。
418,5271,二轮车辆闯入_20230718132528_突发事件_1961033.mp4,拥堵,二轮车辆闯入,2023年7月18日13时25分24秒至13时25分53秒，北环高速同济路立交南段，一辆二轮摩托车沿机动车道行驶，驾驶员佩戴头盔，车辆无明显牌照标识，行驶过程中未见专用二轮车道或禁止标志，该车在车流中穿行，存在逆行、横穿车道等危险行为，对周边正常行驶的车辆造成潜在安全隐患，后方车辆需主动避让，影响交通秩序与安全。
430,5283,占道施工_20240518234813_运行安全_35605572.mp4,占道施工,拥堵,2024年05月18日星期五23:48:13至23:48:27，在某高速公路路段，发生了占道施工交通事件。视频显示，右侧车道被多个红白相间的交通锥桶封闭，形成明显的施工隔离带，车道数量减少，车辆需变道行驶。涉事车辆包括多辆货车和轿车，它们在施工区域附近有序通过，未见明显拥堵或事故。异常特征包括：车道被锥桶遮挡，车辆需减速并变更车道，且施工区域设有警示标志，符合占道施工的判断标准。此次占道施工对夜间行车造成一定影响，但整体交通秩序较为稳定，未出现严重拥堵或交通事故。
431,5284,拥堵_20231218084910_突发事件_35238532.mp4,拥堵,异常停车,2023年12月12日星期一上午9时51分，位于城市高架道路的某路段（具体位置未标注），监控画面显示该路段为多车道高速公路，车流密集。视频显示，一辆白色轿车在右侧应急车道内长时间静止不动，且无驾驶员下车或明显故障迹象，周围其他车辆正常行驶，部分车辆在经过该车时有轻微变道避让行为，表明该车存在异常停车情况，影响了应急车道的正常使用，构成交通安全隐患。现场无施工设施、无抛洒物、无事故车辆碰撞痕迹，也未见二轮车辆闯入或拥堵现象，因此判定为非紧急情况下违规占用应急车道的异常停车事件。
433,5286,异常停车_20230716131755_突发事件_1154007.mp4,异常停车,拥堵,2023年7月16日13时17分45秒至13时18分44秒，外环高速漕宝入口匝道（内）路段出现交通拥堵事件。该路段为多车道高速公路，车流密集，主要由轿车、货车及少量客车组成，车辆在多个车道内缓慢行驶或处于停滞状态，部分车辆在匝道汇入主路时出现排队现象，车距明显缩短，通行速度显著降低。未见明显的事故碰撞痕迹或异常停车行为，也无施工设施或二轮车辆闯入迹象，但因车流量大且车辆密度高，导致整体通行效率下降，形成持续性拥堵。影响范围覆盖多个车道，对后续车辆造成延误，符合拥堵判断标准中的多辆车缓慢移动、排队长度超过正常范围且无缓解趋势的特征。
437,5290,二轮车辆闯入_20230719090700_突发事件_1965767.mp4,二轮车辆闯入,拥堵,2023年7月19日09时08分，S20LSTV01监控点位显示，某城市高架道路双向车道出现严重交通拥堵，车辆行驶缓慢，车流密集且持续无缓解趋势。画面中可见多辆小轿车、货车及一辆摩托车在多个车道内缓慢移动或短暂停滞，其中摩托车在车流中穿行，存在安全隐患。道路两侧绿化带清晰可见，未见施工设施或抛洒物，也无明显事故迹象，但车辆间距极小，部分车辆刹车灯亮起，表明驾驶员处于低速行驶或短暂停止状态。整体车流呈现典型的拥堵特征，影响范围覆盖多个车道，持续时间超过10秒，符合拥堵判断标准。
440,5293,占道施工_20231027232444_运行安全_35008388.mp4,拥堵,占道施工,2023年10月27日23时24分至23时25分，外环高速虹梅南路路段夜间发生占道施工交通事件。现场可见一辆黄色工程车停靠在右侧车道，车顶警示灯闪烁，周围设置多组红白相间的交通锥桶，形成临时隔离带，占用部分行车道。多名身穿反光背心的施工人员在车辆附近作业，其中一人手持工具在锥桶旁移动，另一人站在护栏旁观察。施工区域前方有大型红色警示灯亮起，提示过往车辆注意避让。该施工行为导致右侧车道通行空间受限，车辆需减速绕行，影响了正常交通流，但未造成严重拥堵。整体表现为典型的夜间占道施工场景，具备明显的施工设施、人员及警示标志，符合占道施工判断标准。
451,5304,占道施工_20240213201516_运行安全_35362123.mp4,拥堵,占道施工,2024年02月13日星期二20:18:05至20:18:14，在某高速公路路段，发生了占道施工交通事件。现场可见车道被施工设施遮挡，施工车辆停放在车道上并开启警示灯，多名施工人员穿着反光背心在施工区域内操作设备。由于施工占用部分车道，导致车道数量减少，过往车辆需变道或减速行驶，影响了道路的正常通行。异常特征包括施工区域设有明显的警示牌和闪烁警示灯，施工车辆和人员均处于正常作业状态，但车道数量减少对交通流产生了一定影响。
452,5305,占道施工_20231010041250_运行安全_34913792.mp4,占道施工,异常停车,2023年10月10日星期二凌晨4时12分至4时13分，在城市高架道路夜间行驶区域，一辆白色工程车停靠在右侧车道边缘，车辆开启双闪灯，车身带有警示标识，车辆长时间静止不动，未见施工人员或设备操作，该行为属于异常停车。
460,5313,拥堵_20240316151836_突发事件_35416434.mp4,拥堵,多车事故,2024年3月16日15:18至15:19，在嘉闵西侧定焦03路段，发生了一起多车事故。涉事车辆包括一辆白色轿车和一辆蓝色SUV，它们在行驶过程中发生了碰撞，导致车辆位置异常，两辆轿车停在车道中央。事故现场有人员下车交涉，且有交警到场处理，其他车辆被迫紧急避让或停滞，交通秩序受到严重影响，后续车辆出现缓慢移动的情况，形成了短暂的拥堵现象。此事件的异常特征在于多辆车同时发生碰撞，且事故地点位于高架桥上，增加了救援和疏导的难度。
464,5317,拥堵_20240226165537_突发事件_35375371.mp4,拥堵,多车事故,2024年2月26日16时55分至16时56分，S4市区方向至S20内圈路段出现严重交通拥堵事件。该路段为多车道高速公路，双向车流密集，其中南向车道车辆排成长队，行驶缓慢，部分车辆处于停滞状态，后方车辆被迫减速或变道绕行。涉事车辆包括各类轿车、货车、客车及大型运输车，如白色厢式货车、红色集装箱货车、蓝色集装箱货车等，均在正常车道内行驶，未见异常停车、事故或施工迹象。拥堵主要集中在靠近匝道区域，车辆排队长度持续增加，且无明显缓解趋势，符合拥堵判断标准中“多辆车缓慢移动或完全停止”、“排队车辆长度超过正常范围”、“持续一段时间且无缓解趋势”的特征。该事件对通行效率造成显著影响，导致后方车辆通行受阻，存在潜在追尾风险。
472,5325,异常停车_20240525133449_突发事件_35635907.mp4,拥堵,多车事故,2024年5月25日星期六13时34分至13时35分，位于城市高架道路主干道上，靠近右侧匝道入口处发生多车事故。涉事车辆包括一辆轿车和一辆SUV，其中一辆白色SUV与前方轿车发生追尾碰撞，导致车辆横向偏移并阻塞了右侧车道。事故现场有人员下车查看情况，部分车辆停靠在行车道内未及时撤离，导致该路段交通流明显受阻，车辆行驶缓慢，出现短时拥堵现象。异常特征表现为车辆位置异常（横跨车道、斜停）、存在明显碰撞痕迹以及后方车辆紧急避让行为。
473,5326,拥堵_20230815075607_突发事件_34581740.mp4,拥堵,异常停车,2023年7月17日07:55:03至07:56:00期间，在G60市区方向至S20内环高架桥路段，一辆白色轿车在右侧车道完全停止，未开启双闪灯，且驾驶员未下车，车辆处于异常停车状态。该车停靠位置位于行车道，非停车区域，且无交通信号灯或标志允许停车。其行为导致后方车辆被迫减速绕行，影响了正常交通流，形成局部拥堵。该事件符合异常停车判断标准，存在安全隐患。
476,5329,占道施工_20230722232505_运行安全_33395071.mp4,占道施工,二轮车辆闯入,2023年7月22日23时25分04秒，在外环高速天山路路段，一辆二轮车驶入主路，进入机动车道行驶，该车辆在夜间高速环境下突然变道，驾驶员佩戴头盔，无明显牌照，其行为导致后方多辆汽车紧急避让，造成短暂交通干扰，属于典型的二轮车辆闯入交通异常事件，具有明显的危险驾驶行为和明显的交通标志禁止二轮车在此行驶，对道路安全构成威胁。
477,5330,拥堵_20240206163352_突发事件_35355647.mp4,拥堵,二轮车辆闯入,2024年2月6日10时14分至10时15分，S20内至G60出省方向的高架路段出现交通拥堵事件。该路段位于通往杭州方向（G60）与浦东机场方向（S20）交汇处附近，道路两侧设有绿色指示牌和限速标志，显示限速为80公里/小时。视频显示，多辆小轿车、SUV及一辆大型货车在该路段缓慢行驶，车流密集且持续时间较长，车辆间距明显缩小，部分车辆刹车灯持续亮起，表明车速极低或处于停滞状态。未见明显事故、施工或抛洒物迹象，但车辆排队长度超过正常通行范围，形成明显的拥堵态势，影响了该路段的正常通行效率。整体表现为典型的城市快速路高峰期拥堵现象，无异常停车、占道施工或二轮车辆闯入等其他干扰因素。
481,5334,二轮车辆闯入_20230718185422_突发事件_1962524.mp4,拥堵,二轮车辆闯入,2023年7月18日18时54分20秒至18时54分28秒，S20内至沪闵高架路段，一辆二轮车驶入右侧辅路，该车辆未在专用非机动车道行驶，且在无明显隔离设施的情况下进入机动车通行区域，存在闯入行为。该二轮车驾驶员佩戴头盔，车辆有牌照，属于典型的二轮车辆闯入交通异常事件。
483,5336,拥堵_20230905113949_突发事件_34715007.mp4,抛洒物,拥堵,2023年9月5日10时39分至10时40分，S4市区方向至S20内环高架路段出现严重交通拥堵事件。该路段为多车道高速公路，双向车流密集，其中右侧车道车辆排成长队，行驶缓慢，部分车辆处于停滞状态，后方车辆持续减速并频繁变道避让，形成典型的拥堵特征。涉事车辆包括多辆轿车、货车、厢式货车及大型运输车，如红色集装箱货车、白色厢式货车、黄色平板货车等，均在车道内缓慢前行或停滞。车辆间距极小，存在明显排队现象，且无明显事故或施工迹象，但车流密度极高，导致通行效率显著下降。该拥堵影响了多个车道的正常通行，造成后方车辆被迫减速或绕行，整体交通流呈现持续性缓行状态，符合拥堵判断标准中的多辆车缓慢移动、排队长度超常且无缓解趋势等特征。
486,5339,二轮车辆闯入_20230722144011_突发事件_33394673.mp4,二轮车辆闯入,多车事故,2023年7月22日14时09分04秒至14时09分53秒，位于31省道方向至S20G1枪机2监控点位的视频显示，在一条城市高架道路的行车道上，一辆白色轿车在接近右侧护栏的应急车道区域完全静止，驾驶员未下车，车辆未开启双闪灯，且无明显故障迹象或警示标志。该车停靠位置位于道路右侧边缘，占据部分行车道空间，导致后方车辆需减速绕行，影响了正常通行秩序。此行为符合异常停车特征，存在安全隐患，可能引发追尾或剐蹭事故。
489,5342,异常停车_20230719212756_突发事件_6964569.mp4,异常停车,二轮车辆闯入,2023年7月19日21时28分02秒，在外环高速丰翔路南段，一辆二轮车驶入主路，进入高速公路行车道内行驶，该车辆在夜间高速环境下与多辆正常行驶的汽车发生近距离交错，驾驶员佩戴头盔，车辆无明显牌照标识，其行为属于闯入禁止通行区域的危险驾驶行为，对周围车辆造成潜在干扰和安全隐患，现场未见施工设施或事故痕迹，但该二轮车在高速环境中突然出现，构成显著交通风险。
490,5343,拥堵_20230815081533_突发事件_34581860.mp4,拥堵,二轮车辆闯入,2023年08月15日星期二08:45:20至08:45:37期间，外环高速蕴川立交西段出现严重交通拥堵事件。该路段为多车道高速公路，双向车流密集，其中南向车道车辆排成长队，行驶缓慢，部分车辆处于停滞状态，持续时间超过10秒且无缓解趋势。涉事车辆包括大量轿车、货车、客车及大型运输车，如红色“东风”牌大巴、蓝色“中通快递”货车等，均在正常车道内行驶但受前方拥堵影响无法提速。车辆间距极小，存在频繁变道和减速行为，后方车辆被迫跟随减速，形成典型的缓行拥堵特征。现场未见事故、施工或抛洒物等直接诱因，推测为高峰时段车流量过大所致。整体影响为通行效率显著下降，存在潜在追尾风险，但未发生异常停车、占道施工或二轮车辆闯入等情况。
491,5344,占道施工_20230925232243_运行安全_34862231.mp4,占道施工,拥堵,2023年9月25日23时22分至23时23分，嘉闵东金沙江路出入口附近的高架道路上发生占道施工交通事件。现场有一辆黄色工程车停靠在道路右侧车道，车后装载大量红白相间的交通锥桶，车辆后方设有警示标志和反光锥桶，多名身穿反光背心的施工人员在车辆旁进行作业。该施工区域占用了一条行车道，导致车辆需减速绕行，影响了正常通行秩序。施工区域设有明显的警示牌和闪烁警示灯，提醒过往车辆注意避让。整个过程中，多辆机动车依次通过该区域，未出现严重拥堵或事故，但施工行为已对道路通行造成一定影响。
492,5345,二轮车辆闯入_20230721130012_突发事件_33393638.mp4,二轮车辆闯入,多车事故,2023年7月21日13时00分13秒至13时00分36秒，外环高速顾戴路北（内）路段出现抛洒物交通事件。视频显示，该路段为多车道高速公路，两侧有绿化带和护栏，道路上有不明物体，部分车辆在行驶过程中，有车辆因抛洒物影响而采取紧急避让或减速措施，存在安全隐患。涉事车辆包括多辆货车和轿车，其中一辆红色货车装载货物正逐渐驶离监控区域，其后方车辆因避让而变道，导致局部车流受阻。该抛洒物尺寸较大，呈不规则形状，位于右侧车道中央位置，持续存在于路面，未见明显清除或堆积趋势。由于抛洒物对行车视线受阻，部分车辆出现急刹行为，存在引发追尾或侧滑事故的风险。异常特征表现为：车辆行驶轨迹发生偏移，存在连续避让行为，且无人员下车处理，现场无警示标志，说明该事件已对正常通行造成较大影响。
498,5351,占道施工_20240418233449_运行安全_35498633.mp4,占道施工,拥堵,2024年4月18日23时34分至23时35分，在G60市区方向至S4金山方向的高架道路上，发生了一起占道施工交通事件。现场可见多辆车辆在夜间行驶，道路右侧车道被多个锥桶遮挡，导致车道数量减少，车辆需变道或减速行驶。涉事车辆包括一辆工程车和其他施工车辆，它们停在施工区域内，闪烁着警示灯。由于施工设施的遮挡，车道数量减少，影响了正常交通流，车辆被迫减速并有序通过施工区域，显示出明显的占道施工特征。此事件对夜间道路交通造成了一定影响，但未引发严重拥堵或事故。
499,5352,异常停车_20240624182757_突发事件_35722498.mp4,异常停车,多车事故,2024年6月24日18:27至18:28期间，位于城市高架桥路段的右侧车道发生多车事故。涉事车辆包括一辆白色轿车及右后方黑色轿车，其中白色轿车与右侧车辆发生碰撞，导致后方多辆车紧急避让或减速，形成局部拥堵。事故现场有人员下车查看情况，未见明显抛洒物或人员伤亡，但存在明显的交通干扰，且后续车流被迫变道，影响了整体通行效率。该事件符合多车事故的判断标准，表现为两辆及以上车辆可见碰撞痕迹、车辆位置异常及后续车辆紧急避让行为。
502,5355,占道施工_20231012004626_运行安全_34924737.mp4,拥堵,占道施工,2023年10月12日00:46至00:47期间，外环高速吴淞江桥南路段夜间出现占道施工交通事件。现场可见多辆工程车辆（包括两辆大型货车和一辆黄色工程车）在道路右侧车道内缓慢行驶，车顶警示灯持续闪烁，周围设置大量红白相间的交通锥桶，形成临时隔离带，占用部分行车道。施工区域位于高速公路右侧车道，导致该车道通行能力下降，过往车辆需减速绕行。施工区域未见明显施工人员活动，但存在明显的施工设施布置和警示标志设置，符合占道施工特征。该施工行为对过往车辆造成一定影响，部分车辆在接近施工区域时出现轻微减速和变道行为，但整体交通流保持有序通行。
505,5358,占道施工_20231012001702_运行安全_34924664.mp4,拥堵,抛洒物,2023年10月12日00时16分至00时17分，外环高速武威路南（内）路段发生一起异常停车事件。一辆白色货车在右侧车道内长时间静止不动，车辆开启双闪灯，且无明显故障迹象或驾驶员在车旁活动，导致后方车辆被迫减速绕行，造成该路段交通流受阻。该车停靠位置位于道路右侧，占据部分行车道空间，影响了正常通行秩序，存在安全隐患。周围其他车辆正常行驶，但因该车停放导致车流速度明显下降，存在潜在追尾风险。现场无施工设施、无事故迹象，也未发现二轮车辆闯入或抛洒物等其他异常情况，整体表现为典型非紧急情况下违规停车行为。
506,5359,拥堵_20240316140432_突发事件_35416261.mp4,拥堵,抛洒物,2024年3月16日14时07分32秒至14时07分45秒，外环高速沪太立交西1（内）路段，多辆货车和轿车在正常行驶过程中，未发现有车辆抛洒物品或路面存在明显异物，车道内车辆通行顺畅，无急刹、绕行等异常行为，未观察到抛洒物相关特征，现场交通秩序正常。
509,5362,拥堵_20231105092245_突发事件_35049299.mp4,拥堵,多车事故,2023年11月5日星期日上午9时22分至9时23分，位于城市高架道路的市区方向入口附近路段发生一起多车事故。事故发生在高架桥上由南向北行驶的车道中，涉事车辆包括多辆轿车和SUV，其中黑色轿车与后方车辆发生追尾，导致车辆位置异常，部分车辆斜停或横跨车道，造成交通流受阻。事故发生后，现场未见交警到场处理，但后方车辆出现明显缓行，存在排队减速现象，表明事故对通行造成一定影响。现场无明显施工或抛洒物迹象，也未发现异常停车或二轮车辆闯入情况，整体判断为因车距过近或突发情况引发的多车追尾事故，造成局部拥堵。
513,5366,异常停车_20230718070839_突发事件_1959122.mp4,异常停车,抛洒物,2023年7月18日星期一早上7点08分至7点09分，位于城市高架道路的某路段发生拥堵事件。该路段为双向多车道高速公路，两侧有绿化带和护栏，天气阴沉，路面能见度较低。视频显示，从7:08:34开始，该路段车流量较大，车辆以缓慢速度行驶，车距明显缩短，部分车辆在车道内频繁变道或减速，形成持续性拥堵。车辆包括多辆轿车、货车、厢式货车及一辆大型红色集装箱卡车，其中白色轿车、黑色轿车、黄色出租车等在拥堵车队中较为显著。由于车流密集，车辆排队长度逐渐增加，且无明显事故或障碍物导致阻塞，但整体通行效率显著下降，部分车辆在接近拥堵点时出现短暂停滞现象，后方车辆被迫减速并保持安全距离。此拥堵现象持续约一分钟，未见异常停车、施工或抛洒物等情况，主要特征为高峰时段车流密集导致的通行不畅，影响了该路段的正常交通秩序。
520,5373,异常停车_20240509200653_突发事件_35575652.mp4,异常停车,占道施工,2024年5月9日20时06分53秒至20时07分51秒，外环高速仙霞路（内）路段发生一起异常停车事件。一辆白色轿车在右侧车道内完全静止，车辆未开启双闪灯，且无交通信号灯或标志允许其停车，驾驶员不在车内，车辆明显处于非正常行驶状态。该车停靠位置位于行车道，周围车辆被迫绕行或减速避让，造成局部通行受阻，存在较大安全隐患。现场无施工设施、抛洒物或其他事故迹象，也未见二轮车辆闯入或占道施工情况，初步判断为驾驶员违规违规停车行为。
525,5378,占道施工_20240211215005_运行安全_35360620.mp4,占道施工,拥堵,2024年02月11日21:52至21:53，在某高速公路路段，发生了占道施工的交通事件。现场可见车道被多个红白相间的锥桶遮挡，施工车辆停在锥桶旁，施工人员穿着反光背心在进行作业。受此影响，车道数量减少，过往车辆需变道或减速行驶，导致交通流量略有减缓，但未造成严重拥堵。异常特征包括施工区域设有警示牌和闪烁警示灯，确保过往车辆注意避让。
527,5380,异常停车_20240616161312_突发事件_35708172.mp4,异常停车,多车事故,2024年6月16日16时13分23秒至16时14分21秒，外环高速虹梅南路路段发生一起多车事故。事故发生在右侧车道，涉事车辆包括一辆蓝色货车、一辆白色厢式货车和一辆黑色轿车，疑似三车在行驶过程中发生碰撞，导致车辆位置异常，其中蓝色货车横跨车道，白色厢式货车斜停，黑色轿车紧随其后并出现明显避让行为。事故发生后，一名人员从蓝色货车旁下车并在路边行走，其他车辆被迫减速绕行，造成该路段交通流受阻，通行效率下降。现场未见明显散落物或人员伤亡，但事故车辆占据部分车道，影响正常行车秩序，符合多车事故的典型特征。
530,5383,占道施工_20240519000358_运行安全_35605574.mp4,占道施工,拥堵,2024年5月19日星期二凌晨00:03:30至00:04:29期间，在外环真南路入口路段，发生了一起占道施工交通事件。现场可见一辆工程车辆停在道路中央，周围设置了一排红白相间的交通锥桶，形成临时隔离带，占用了一条行车道。一名身穿反光背心的施工人员在锥桶旁进行作业，另一名穿着橙色反光工作服的工人则站在路边。施工区域前方有一辆红色工程车停靠，车辆开启警示灯。由于施工占用了部分车道，导致车辆需减速并变道绕行，影响了正常交通流。此外，施工区域设有“前方施工”提示牌，提醒过往车辆注意避让。整个过程中，施工人员和车辆均保持有序停放或缓慢通行，未出现严重拥堵或事故情况。
531,5384,异常停车_20240511022457_突发事件_35579531.mp4,异常停车,多车事故,2024年5月10日02:24至02:25期间，在外环高速吴淞江桥南路段，一辆红色货车在右侧应急车道内长时间静止不动，车辆未开启双闪灯，且无明显故障迹象，驾驶员不在车内。该车停靠位置位于道路右侧护栏旁，占用应急车道，导致后方车辆需绕行或减速避让，影响了正常通行秩序。此行为符合异常停车判断标准，存在安全隐患，可能引发追尾或交通事故。
533,5386,二轮车辆闯入_20230719092936_突发事件_1966682.mp4,多车事故,二轮车辆闯入,2023年7月19日09时29分32秒至09时30分01秒，北环高速同济路立交南段，一辆二轮车沿最右侧车道行驶，该车辆未在专用非机动车道或辅路行驶，佩戴头盔，存在逆行风险，且无明显牌照，其行为违反了高速公路禁止二轮车辆通行的规定，对主路正常行驶的车辆构成潜在安全隐患，影响了交通秩序与安全。
535,5388,异常停车_20240511180600_突发事件_35582216.mp4,异常停车,拥堵,2024年5月11日18时05分至18时06分，外环高速龙吴路路段在雨雾天气条件下发生一起多车事故。事故发生在道路右侧车道，涉事车辆包括一辆白色轿车、一辆白色外卖箱车，其中白色轿车与白色外卖箱车发生追尾，导致两车位置异常，驾驶员下车查看情况。事故发生后，后方车辆出现明显拥堵，车辆行驶缓慢，刹车灯持续亮起，影响了整体交通秩序。现场未见明显人员伤亡或严重损坏，但事故车辆占据部分车道，造成通行受阻，存在安全隐患。
536,5389,抛洒物_20240317093021_运行安全_35417598.mp4,抛洒物,拥堵,2024年6月7日9时30分至9时31分，在外环高速曹安路北枪机2处，发生了一起多车事故。涉事车辆包括一辆白色SUV和一辆褐色SUV。事故导致该车停驶后，后方车辆被迫减速或绕行，形成了明显的交通拥堵。现场可见车辆位置异常，部分车辆斜停或横跨车道，影响了道路通行效率。异常特征表现为车辆密集排列，车流缓慢移动，整体交通秩序受到较大干扰。
538,5391,占道施工_20240412152112_运行安全_35519156.mp4,拥堵,占道施工,2024年04月12日15:21:08至15:21:27，在外环高速淞滨路西，视频显示存在占道施工交通事件。左侧车道被多个红白相间的锥桶遮挡，导致该车道无法通行，车辆被迫在右侧车道行驶，形成明显的车道数量减少情况。涉事车辆包括多辆轿车和货车，它们在施工区域附近变道或减速，显示出对施工影响的反应。此外，施工区域设有警示牌和闪烁警示灯，进一步提示过往车辆注意避让。整体来看，此次占道施工导致右侧车道车辆行驶受阻，存在一定的交通安全隐患。
539,5392,异常停车_20240616224220_突发事件_35708495.mp4,异常停车,拥堵,2024年6月16日22时42分至22时43分，外环高速曹安路北段发生交通拥堵事件。该路段位于曹安公路出口3公里处，监控画面显示多车道内车辆行驶缓慢，车流密集，刹车灯持续亮起，形成明显的红色光带，表明车辆处于低速或短暂停止状态。涉事车辆包括轿车、货车、厢式货车及一辆黄色工程车，均在正常车道内行驶，未见异常停车、事故或施工迹象。拥堵主要集中在道路中段，车辆排队长度超过百米，且无缓解趋势，符合拥堵判断标准。现场未发现抛洒物、占道施工或二轮车辆闯入等情况，也无明显异常停车行为，推测拥堵可能由前方交通流量饱和或瓶颈路段引发。整体影响为通行效率下降，存在潜在安全隐患。
541,5394,占道施工_20230715000645_运行安全_1147283.mp4,占道施工,拥堵,2023年7月15日00:06:40至00:07:38期间，外环高速北翟路立交北方向路段夜间出现占道施工交通事件。现场可见道路右侧车道被多个橙色交通锥桶封闭，形成临时施工区域，施工区域内停放有工程车辆，包括一辆亮着警示灯的黄色工程车，车辆位于道路右侧护栏旁。施工区域未见明显施工人员活动，但存在明显的车道缩减和交通引导措施，导致该车道车辆需变道行驶，影响了正常通行效率。整体交通流保持缓慢通行状态，未出现拥堵或事故现象，但存在因施工引发的车道减少和车速降低的异常特征。
542,5395,二轮车辆闯入_20230721180300_突发事件_33393898.mp4,二轮车辆闯入,抛洒物,2023年7月21日18时02分至18时03分，S20外环线至S4金山方向高架路段，监控画面显示该路段车流正常行驶，车辆在多车道高架道路上持续行驶，无明显拥堵或事故迹象。视频中可见各类小客车、货车及公交车正常行驶，无异常停车、逆行、横穿车道等行为，也未发现二轮车辆闯入或抛洒物等异常情况。整体交通秩序良好，无交通事件发生。
543,5396,多车事故_20240405161100_突发事件_35468341.mp4,多车事故,异常停车,2024年4月5日16时19分23秒，在武宁路地道南线西向东方向，一辆白色SUV在行车道内异常停车，车辆后方有人员下车并打开后备箱，疑似车辆故障或事故。该车停于道路中央，导致后方车辆被迫减速避让，影响了正常通行秩序。现场无明显施工设施、警示标志或其他障碍物，也未见明显碰撞痕迹，初步判断为非接触性故障。该行为造成局部交通流受阻，存在安全隐患，符合异常停车的判断标准。
550,5403,拥堵_20231111122147_突发事件_35084818.mp4,拥堵,抛洒物,2023年11月11日12时21分至12时22分，S4市区方向至G60出省方向的高架桥路段出现交通拥堵事件。该路段为单向单车道，两侧有绿化带和护栏，路面标线清晰，车辆行驶缓慢。涉事车辆包括多辆轿车、SUV及一辆黄色出租车，均在正常车道内行驶，未见异常停车或事故迹象。车辆排队长度持续增加，车流密度较高，后方车辆需频繁减速并保持较短车距，表明通行效率显著下降。拥堵主要集中在画面左侧，车辆排成长队，且无明显施工或障碍物导致通行受阻，推测为早高峰时段车流量大所致。整体表现为典型的城市高架道路拥堵特征，无其他异常停车、事故或抛洒物等直接诱因。
552,5405,占道施工_20240328073239_运行安全_35446735.mp4,拥堵,占道施工,2024年03月28日星期四03:32至03:53，在外环高速铁山路段，视频显示该路段正在进行占道施工，施工区域由锥桶和临时围挡遮挡，导致车道数量减少，车辆需变道或减速通行。虽然未见明显施工人员操作设备，但施工设施的存在使得道路通行受阻，影响了正常交通秩序，符合占道施工的异常特征。
553,5406,拥堵_20240112120711_突发事件_35313983.mp4,拥堵,占道施工,2024年1月12日12时07分至12时08分，外环高速曹安路路段发生一起多车事故。事故发生在高速公路右侧车道，涉事车辆包括一辆白色轿车和一辆黑色轿车，视频中两车在行驶过程中发生碰撞，导致白色轿车右侧受损，黑色轿车位置异常，驾驶员下车查看情况。事故发生后，现场有多辆车紧急避让或减速，造成该路段交通拥堵。事故车辆停靠在行车道上，未开启双闪灯，进一步加剧了交通影响。整个事件中无明显施工设施、抛洒物或占道施工迹象，但事故车辆占据部分车道，导致后方车辆被迫减速或变道，存在安全隐患。
554,5407,抛洒物_20240113021704_运行安全_35315222.mp4,抛洒物,异常停车,2024年01月13日星期六凌晨02:16:00至02:17:08期间，外环高速沪渝立交段出现异常停车事件。在监控画面中，一辆白色轿车在右侧车道内长时间静止不动，车辆开启双闪灯，且无明显故障迹象或驾驶员下车行为。该车停靠位置位于道路右侧护栏旁，占据部分行车道空间，导致后方多辆汽车被迫减速绕行，影响了正常交通流。此行为不符合高速公路临时停车规定，属于典型异常停车事件，存在安全隐患。
556,5409,占道施工_20240302004443_运行安全_35383233.mp4,拥堵,占道施工,2024年3月2日00:44至00:45期间，在嘉闵东侧定焦08路段，发生了一起占道施工交通事件。现场可见一辆工程车辆缓慢行驶在右侧车道上，车顶闪烁着警示灯，周围摆放了多个橙色交通锥桶，形成临时隔离带，引导车辆绕行。施工人员穿着反光背心，在车辆旁进行作业，部分人员在移动锥桶或调整设施。该行为导致右侧车道被部分遮挡，车辆需减速并变道通行，影响了道路的正常通行效率。异常特征包括车道被锥桶遮挡、施工人员在场操作以及车辆被迫绕行或减速。
561,5414,多车事故_20240209221400_突发事件_35359491.mp4,拥堵,多车事故,2024年2月9日22时14分，武宁路地道南线西向东路段发生一起多车事故。事故发生在隧道内行车道上，涉事车辆包括多辆轿车和SUV，其中黑色轿车与前方车辆发生追尾碰撞，导致车辆位置异常，部分车辆横跨车道或斜停，引发后方车辆紧急避让和停滞。事故发生后，现场有多辆车排队缓行，交通流量明显下降，且持续时间较长，未见明显缓解趋势。事故区域无施工设施或抛洒物，也无二轮车辆闯入迹象，但车辆碰撞痕迹及位置变化明显，符合多车事故特征。
564,5417,占道施工_20240525231344_运行安全_35637175.mp4,占道施工,拥堵,2024年05月25日23:13至23:14期间，在外环北侧K208+490处，发生了一起占道施工交通事件。现场可见一辆工程车辆缓慢行驶在右侧车道上，车辆后方摆放了多个红白相间的交通锥桶，用于隔离施工区域。施工人员穿着反光背心，正在进行相关操作。由于施工占用了一部分车道，导致该路段的车道数量减少，过往车辆需减速并变道行驶，对交通流产生了一定影响。此外，施工区域设有警示牌和闪烁警示灯，提醒驾驶员注意避让。整个过程中，车辆有序通过，未出现严重拥堵现象。异常特征包括车道被施工设施遮挡、施工人员现场作业以及车辆因施工而需变道或减速等。
567,5420,占道施工_20230716001130_运行安全_1151789.mp4,占道施工,拥堵,2023年7月16日星期日凌晨1点11分至1点12分，外环高速沪渝立交-1枪机1监控画面显示，该路段为多车道高速公路，双向车流密集，夜间照明良好。右侧车道设置有连续的交通锥桶，形成临时隔离带，表明正在进行占道施工。施工区域位于道路右侧靠近中央绿化带一侧，由一辆工程车辆停靠在施工区域内，车顶闪烁警示灯，车辆处于静止状态。施工区域内未见明显施工人员活动，但存在明显的施工设施布置，包括交通锥桶和警示标志。由于施工占用部分车道，导致车辆需绕行或减速通过，影响了正常通行效率。整体交通流保持有序，未出现拥堵或事故现象，但存在因施工引发的通行安全隐患。
569,5422,异常停车_20240510232403_突发事件_35579518.mp4,多车事故,异常停车,2024年5月10日23时24分，外环高速莘庄立交东（外）路段发生一起异常停车事件。一辆白色厢式货车在道路左侧应急车道内长时间静止不动，且无明显故障迹象或驾驶员在车旁活动，车辆开启双闪警示灯，疑似车辆故障。该车停放位置导致后方多辆汽车被迫减速绕行，形成局部拥堵，影响了正常通行秩序。此行为违反了高速公路非紧急情况下不得停车的规定，存在安全隐患，属于典型异常停车事件。
575,5428,二轮车辆闯入_20230715120358_突发事件_1149570.mp4,二轮车辆闯入,多车事故,2023年7月15日12时03分至12时04分，位于城市高架道路的某路段（监控画面显示为G60市区方向至S20内环方向）发生拥堵事件。该路段为多车道高速公路，双向车流密集，右侧车道车辆行驶缓慢，部分车辆处于低速蠕动状态，持续时间约1分钟且无缓解趋势。涉事车辆包括多辆轿车、货车及厢式货车，其中红色集装箱货车、白色厢式货车、黄色工程车和大型油罐车等在画面中较为显眼。车辆在车道内依次排队，间距较小，后方车辆被迫减速或变道，导致通行效率显著下降。现场未见明显事故、施工或抛洒物迹象，也无异常停车或二轮车辆闯入情况，推测拥堵可能由前方交通流量饱和或瓶颈路段引发。整体影响为该方向通行能力下降，存在潜在追尾风险，但未观察到直接责任方。
583,5436,占道施工_20240605001357_运行安全_35673293.mp4,占道施工,拥堵,2024年6月5日00:15:30至00:16:28，在S26沪常高速主线金光路东侧（K137330）路段，发生了一起占道施工交通事件。现场可见一辆黄色工程车停在道路中央，周围放置了多个交通锥桶进行隔离，施工人员穿着反光背心在车辆周围进行作业。由于施工占用了一部分车道，导致车道数量减少，过往车辆需减速并变道行驶，对交通流产生了一定影响。此外，施工区域设有警示牌和闪烁警示灯，提醒驾驶员注意避让。整个过程中，施工行为有序进行，未引发严重拥堵或事故，但存在一定的通行安全隐患。
584,5437,多车事故_20240604063143_突发事件_35669650.mp4,多车事故,拥堵,2023年12月23日13时10分至13时11分，外环高速沪太立交东2枪机2监控区域出现交通拥堵事件。该路段为多车道高速公路，双向车流密集，右侧车道车辆行驶缓慢，形成连续排队现象，车辆间距明显缩小，车速降低，部分车辆处于低速移动或短暂停滞状态。涉事车辆包括多辆轿车、货车及大型运输车，其中左侧车道有一辆红色集装箱货车和一辆蓝色集装箱货车长时间停靠在应急车道，疑似故障或突发情况导致停车。左侧车道车辆通行受阻，后方车辆被迫减速并变道绕行，形成局部拥堵。现场未见明显事故、施工或抛洒物迹象，但车辆密集且长时间低速行驶已构成典型拥堵特征，影响了整体通行效率。
585,5438,拥堵_20231211122006_突发事件_35211296.mp4,拥堵,二轮车辆闯入,2023年12月11日12时20分至12时21分，外环高速吴中路路段出现交通拥堵事件。该路段为双向多车道高速公路，车流密集，主要由轿车、货车及厢式运输车组成，其中红色、白色、蓝色等颜色的货车较为显著。视频显示，车辆在多个车道内缓慢行驶，车距明显缩短，部分车辆处于低速移动或短暂停滞状态，尤其在画面右侧车道，车辆排队长度持续增加，通行速度显著下降。未见明显事故、施工或抛洒物等直接诱因，但整体车流密度较高，导致通行效率降低。该拥堵发生在道路中央区域，无施工设施或障碍物，也未发现异常停车或二轮车辆闯入情况，推测可能由前方交通流量突增或突发状况引发。
591,5444,占道施工_20240524231935_运行安全_35633375.mp4,占道施工,拥堵,2024年05月24日23:19至23:20，在北环高速铁力路地道东路段，发生了一起占道施工交通事件。视频显示，该路段的右侧车道被多个橙色交通锥桶遮挡，形成明显的施工区域，但未见施工人员穿戴反光背心或操作设备。期间有多辆机动车（包括轿车和货车）正常通过该区域，部分车辆因车道变窄而减速行驶，影响了通行效率。异常特征包括：施工设施占据部分车道、设有警示标志（红色锥桶和“30”限速标志）以及施工区域设有闪烁警示灯。整体来看，此次占道施工对夜间道路交通造成了一定影响，但未引发严重拥堵或事故。
592,5445,占道施工_20230923001746_运行安全_34849181.mp4,拥堵,占道施工,2023年9月23日00:17至00:18期间，嘉闵西侧真南路出口路段夜间出现占道施工交通事件。现场可见多辆工程车辆停靠在右侧车道，包括一辆黄色工程车和一辆红色货车，车辆周围设置有多个红白相间的交通锥桶，形成临时施工区域。施工区域占用了一条行车道，导致该车道车辆需绕行或减速通过，影响了正常通行秩序。施工区域内未见明显施工人员活动，但存在明显的施工设施布置，且施工区域内有警示灯闪烁，提示过往车辆注意避让。整体交通流未出现严重拥堵，但存在因施工导致的车道变窄和车速降低现象，符合占道施工的典型特征。
594,5447,异常停车_20240601091620_突发事件_35661179.mp4,异常停车,拥堵,2024年6月2日09时15分至09时17分，外环高速漕宝入口匝道（内）路段出现交通拥堵事件。该路段为多车道高速公路，车流密集，主要由轿车、货车及少量客车组成，车辆在多个车道上缓慢行驶或处于停滞状态，排队长度持续延伸，未见明显事故或障碍物。涉事车辆包括红色集装箱货车、白色厢式货车、黑色轿车及多辆小型客车，均在正常行驶过程中因前方车流缓慢而被迫减速。拥堵主要集中在靠近匝道入口的区域，车辆间距缩小，通行效率显著下降，但未发生碰撞或停车行为，也无施工设施或抛洒物迹象，整体表现为典型的瓶颈区域拥堵特征，可能由上游车流积压或匝道汇入压力所致。
598,5451,拥堵_20240101171731_突发事件_35284402.mp4,拥堵,多车事故,2024年01月01日17:17至17:18，在外环高速吴中路路段，发生了一起多车事故。涉事车辆包括一辆白色轿车和一辆白色SUV，其中白色轿车和白色SUV的位置异常，白色轿车斜停在车道上，白色SUV则紧贴其后，影响了后方多辆车辆的正常通行。事故现场有人员下车查看情况，其他车辆被迫紧急避让或停滞，造成了交通拥堵。异常特征表现为车辆明显碰撞痕迹，且事故区域内的交通流明显受阻，持续时间较长，影响了该路段的正常通行秩序。
600,5453,二轮车辆闯入_20230718131337_突发事件_1960871.mp4,二轮车辆闯入,拥堵,2023年7月18日13时13分至13时14分，外环高速仙霞路（内）路段出现拥堵交通事件。该路段为多车道高速公路，双向车流密集，车辆包括轿车、货车、客车及大型运输车辆等。从视频画面可见，右侧车道车辆行驶缓慢，部分车辆处于低速移动或短暂停滞状态，形成连续排队现象，持续时间约一分钟且无缓解趋势。左侧车道虽有车辆正常通行，但整体车流密度较高，存在轻微拥堵迹象。现场未见明显事故、施工或抛洒物等直接诱因，推测拥堵可能由前方交通流量大或瓶颈区域引发。由于该路段为城市快速路，车流量大，拥堵情况符合典型高峰时段或瓶颈路段的特征，对通行效率造成一定影响。
603,5456,拥堵_20240111120948_突发事件_35310977.mp4,拥堵,异常停车,2024年1月11日12时09分至12时10分，外环高速京沪立交南段，一辆白色货车在最右侧车道内完全静止，车辆开启双闪灯，驾驶员下车活动。该车停靠位置位于行车道内，非停车区域，且无交通信号灯或标志允许停车，导致后方车辆被迫减速绕行，形成局部拥堵。该行为符合异常停车特征，存在安全隐患。
608,5461,占道施工_20230816231604_运行安全_34592037.mp4,占道施工,拥堵,2023年8月16日23时15分至23时16分，北环高速友谊路路段夜间出现占道施工交通事件。现场可见多排红白相间的交通锥桶沿道路左侧车道有序摆放，形成临时隔离带，占用部分行车道，导致车辆需绕行或减速通过。施工区域未见明显施工人员或工程车辆作业，但锥桶排列整齐且持续存在，表明该区域正在进行或准备进行道路施工。该施工区域影响了左侧车道通行能力，造成车辆行驶速度减缓，部分车辆在通过时出现变道或减速行为，存在潜在安全隐患。整体交通流保持有序，未出现拥堵或事故情况，但施工区域的存在已构成对正常交通秩序的干扰。
609,5462,二轮车辆闯入_20230721183411_突发事件_33393915.mp4,二轮车辆闯入,拥堵,2023年7月21日18时34分，外环高速仙霞路（内）路段出现严重交通拥堵，现场多车道车辆行驶缓慢，车流密集且持续无缓解趋势，大量轿车、货车及客车在湿滑路面上缓慢移动或短暂停滞，部分车辆因避让湿滑路面而频繁刹车，尾灯亮起，形成明显的红色光带，表明通行效率显著下降。该区域位于夜间，路面湿滑，能见度较低，进一步加剧了交通拥堵状况。拥堵主要集中在右侧车道，左侧对向车道车流相对顺畅，但受整体影响，右侧车道车辆排成长队，形成典型的拥堵特征，无明显事故或施工迹象，但车流密度极高，导致通行能力严重受限，符合拥堵判断标准中的多辆车缓慢移动、排队长度超常、发生在瓶颈区域等特征。
610,5463,异常停车_20230727134354_突发事件_33408196.mp4,异常停车,拥堵,2023年7月27日13时44分，外环高速吴中入口匝道（内）路段出现交通拥堵事件。该路段为多车道高速公路，车流密集，主要由轿车、货车及少量客车组成，包括白色厢式货车、蓝色和红色厢式货车、白色面包车以及多辆私家车。视频显示，车辆在多个车道上缓慢行驶，部分车辆间距明显缩小，车速显著降低，形成持续性缓行状态。未见异常停车、施工或事故迹象，也无二轮车辆闯入或抛洒物情况。整体车流呈现排队缓行特征，且无明显加速趋势，表明拥堵已持续一段时间且无缓解趋势。该拥堵可能由前方交通流量大或瓶颈路段导致，影响了该方向车道的通行效率，属于典型的城市快速路拥堵事件。
615,5468,抛洒物_20240308063832_运行安全_35394541.mp4,抛洒物,拥堵,2023年8月6日06:38至06:39期间，外环高速淞滨路西路段出现交通拥堵事件，现场多辆货车及轿车在隧道入口附近区域缓慢行驶或停滞，车辆排成长队，车流密度显著增加，通行速度明显下降，部分车辆处于低速蠕行状态，未见明显事故或障碍物，但车道内车辆持续积压导致通行效率降低，符合拥堵判断标准，影响该路段正常交通秩序。
622,5475,异常停车_20240621123754_突发事件_35716942.mp4,异常停车,拥堵,2024年6月21日12时37分至12时38分，位于城市快速路某路段（具体位置未标注）出现持续性交通拥堵事件。该路段为多车道高速公路，两侧设有绿化带和护栏，路面湿滑，天气阴雨。视频显示，从12:37:50开始，该路段车流密集，车辆行驶缓慢，部分车辆处于低速移动或短暂停滞状态，尤其在右侧车道中段位置，车辆排成长队，间距极小，且持续时间超过一分钟，无明显缓解趋势。涉事车辆包括多辆轿车、货车及厢式运输车，其中以红色、白色、蓝色货车为主，部分货车装载货物如集装箱、集装箱车，以及黄色、红色厢式货车。由于车流量大且通行速度显著下降，导致后方车辆被迫减速并频繁变道，影响了整体道路通行效率。异常特征表现为：车辆排队长度较长，车距极小，存在明显的拥堵迹象，且无施工或事故迹象，推测可能为高峰时段车流集中所致。
623,5476,多车事故_20240614081549_突发事件_35703757.mp4,多车事故,异常停车,2024年6月14日08时15分49秒至08时16分45秒，外环高速吴淞江桥南路段，一辆白色轿车在右侧应急车道内长时间静止不动，车辆未开启双闪灯，驾驶员下车查看情况，车辆无明显故障迹象，符合异常停车行为。
624,5477,异常停车_20240509190024_突发事件_35575641.mp4,异常停车,拥堵,2024年5月9日19时00分至19时01分，外环高速曹安路北方向发生交通拥堵事件。现场多辆小轿车、货车及大型运输车辆在夜间行驶过程中出现缓慢移动或完全停止现象，车流密集且持续时间较长，车辆尾灯连成一片红色光带，表明通行速度显著下降。涉事车辆包括各类私家车、厢式货车、集装箱卡车以及一辆黄色工程车，均在正常车道内行驶，未见异常停车、事故或施工迹象。由于车流量大且道路狭窄，后方车辆被迫减速并排队等候，导致整体通行效率降低，形成典型拥堵态势。该路段为高速公路主干道，无明显障碍物或障碍物影响，推测为高峰时段车流集中所致，影响范围覆盖多个车道，持续时间超过一分钟，符合拥堵判断标准。
634,5487,多车事故_20240531123535_突发事件_35658081.mp4,异常停车,拥堵,2024年5月31日12时58分至13时00分，外环高速吴淞江桥南路段出现异常停车事件。一辆白色厢式货车在右侧应急车道内完全静止，车辆未开启双闪灯，且无明显故障迹象。该车停靠位置位于道路最右侧车道，导致后方多辆货车和轿车被迫减速绕行，形成短暂拥堵。此行为违反了高速公路非紧急情况下不得随意停车的规定，存在较大安全隐患，影响了道路通行效率和行车安全。
637,5490,二轮车辆闯入_20230720182619_突发事件_33391531.mp4,二轮车辆闯入,拥堵,2023年7月20日18时25分至18时26分，外环高速龙吴路路段出现严重交通拥堵，现场多车道车辆缓慢行驶或完全停滞，车流密集且持续时间较长，未见明显事故或障碍物。涉事车辆包括大量轿车、货车及客车，其中红色货车、蓝色集装箱货车和黄色出租车等在画面中较为显眼，均处于低速行驶状态。道路两侧绿化带茂密，右侧应急车道有少量车辆通行，但整体通行效率显著下降，车辆排队长度超过百米，符合拥堵判断标准，影响了该路段的正常交通秩序。
638,5491,异常停车_20240625115948_突发事件_35724036.mp4,异常停车,抛洒物,2024年6月13日12时05分31秒至12时06分30秒，外环高速虹梅南路路段出现抛洒物交通事件。在视频画面中，右侧车道靠近中央绿化带处可见一白色异物遗落在路面，疑似为货车运输过程中掉落的货物包装材料或杂物。该异物位于行车道上，尺寸较大，足以影响车辆正常通行。多辆过往车辆在接近该区域时出现明显减速、避让行为，其中一辆白色轿车在发现异物后紧急向右变道绕行，导致后方车辆随之减速。未见涉事车辆停靠或人员下车处理，也无施工或事故迹象。该抛洒物未被及时清理，持续存在约一分钟以上，对道路安全构成潜在威胁，符合抛洒物判断标准中的“车道上有足够尺寸的异物”、“可见车辆急刹或绕行行为”及“异物可能来自货车货箱或事故残留”。
644,5497,拥堵_20231010143351_突发事件_34916901.mp4,拥堵,多车事故,2023年10月10日星期一14时33分至14时34分，位于城市高架道路主干道上，靠近右侧匝道入口处发生多车事故。涉事车辆包括一辆轿车和一辆SUV，其中一辆白色SUV与前方轿车发生追尾碰撞，导致车辆横向偏移并阻塞了右侧车道。事故现场有人员下车查看情况，部分车辆停靠在行车道内未及时撤离，导致该路段交通流明显受阻，车辆行驶缓慢，出现短时拥堵现象。异常特征表现为车辆位置异常（横跨车道、斜停）、存在明显碰撞痕迹以及后方车辆紧急避让行为。
646,5499,拥堵_20240301080429_突发事件_35381314.mp4,多车事故,拥堵,2024年3月1日08:07至08:08期间，S20LSTV04监控路段出现交通拥堵事件，地点位于城市快速路双向多车道道路，右侧车道车辆行驶缓慢，车流密集，车辆间距明显缩短，部分车辆处于低速移动或短暂停滞状态，持续时间约一分钟且无缓解趋势。涉事车辆包括各类轿车、货车、客车及公交车，均在正常行驶过程中受阻，未见异常停车、事故或施工迹象。左侧车道车流相对顺畅，但受右侧拥堵影响，整体通行效率下降。该拥堵事件发生在早高峰时段，可能由前方交通流量大或瓶颈路段导致，未发现抛洒物、占道施工或二轮车辆闯入等其他异常情况，主要表现为典型的高峰期城市快速路拥堵特征。
648,5501,占道施工_20231016001645_运行安全_34942371.mp4,占道施工,拥堵,2023年10月16日星期日凌晨00:16至00:17期间，在K14+050枪机2监控区域的高速公路右侧车道上，发生了一起占道施工交通事件。现场可见一辆黄色工程车缓慢行驶在右侧车道，车后方放置了多个橙色交通锥桶，形成临时隔离带，一名身穿反光背心的施工人员在车辆旁进行作业。该施工行为导致右侧车道被部分遮挡，车辆需变道或减速通行，影响了正常交通流。施工区域设有警示灯和指示牌，确保过往车辆能够及时注意到施工情况并采取相应措施。整个过程中，施工人员和车辆均保持有序行驶，未出现严重拥堵或事故情况。异常特征包括车道被施工设施遮挡、施工人员穿戴反光背心操作设备以及车道数量减少导致的车辆变道行为。
649,5502,异常停车_20230722060322_突发事件_33394166.mp4,异常停车,拥堵,2023年7月22日06:00:15至06:01:13期间，外环高速北翟路立交北侧路段出现交通拥堵事件。该路段为多车道高速公路，车流密集，主要由轿车、货车及大型运输车辆组成。视频显示，从06:00:15开始，右侧车道车辆行驶缓慢，部分车辆间歇性停顿，形成连续排队现象，持续时间约1分钟且无缓解趋势。涉事车辆包括红色集装箱货车、白色厢式货车、蓝色轿车及多辆小型客车，均在正常车道内行驶，未见异常停车、事故或施工迹象。由于车流量大，道路通行能力受限，导致后方车辆被迫减速并排成队列，影响整体通行效率。异常特征表现为车辆间距缩小、车速降低、刹车灯频繁亮起，符合典型拥堵判断标准。
650,5503,占道施工_20230930014551_运行安全_34882479.mp4,拥堵,占道施工,2023年9月30日星期六凌晨1点45分至1点46分，K14+050路段夜间出现占道施工交通事件。施工区域位于道路右侧车道，现场设置有多个橙白相间的交通锥桶，形成临时隔离带，占用部分行车道。施工区域内可见一辆工程车缓慢行驶，车顶闪烁警示灯，多名身穿反光背心的施工人员在路边作业，部分人员在移动交通锥桶或调整设施。该施工行为导致右侧车道通行空间受限，车辆需减速绕行，影响了正常交通流。整体交通秩序未出现严重拥堵，但存在明显的车道缩减和车速降低现象，符合占道施工的典型特征。
653,5506,拥堵_20231208133302_突发事件_35205050.mp4,拥堵,抛洒物,2023年12月8日13时32分至13时33分，S4市区方向至S20内环高架路段出现严重交通拥堵事件。该路段为多车道高速公路，双向车流密集，车辆包括轿车、货车、厢式货车及大型运输车等。视频显示，从13:32:58开始，车辆在多个车道上缓慢行驶，车距明显缩短，部分车辆处于低速蠕动状态，尤其在右侧车道中，一辆红色集装箱货车与一辆黄色吊车及多辆小型轿车并行，导致后方车辆被迫减速并排成队列，形成持续性拥堵。由于车流量大且通行效率降低，车辆排队长度超过正常范围，且无明显事故或施工迹象，推测为高峰时段常态化拥堵或前方存在瓶颈区域所致。整个过程中，未见异常停车、占道施工、二轮闯入、抛洒物或交通事故等其他异常情况，主要影响为通行效率下降，车辆通行速度显著降低，存在潜在安全隐患。
655,5508,占道施工_20230831120802_运行安全_34676099.mp4,占道施工,拥堵,2023年8月31日14时07分至14时08分，北环高速铁力地道东路段发生占道施工交通事件。现场位于高速公路右侧车道，多辆工程车辆停靠在路边，包括一辆黄色工程车和数名身穿反光背心的施工人员正在进行作业。施工人员在车道内摆放多个红白相间的交通锥桶，引导车辆绕行。施工区域设有警示标志和反光设施，确保过往车辆知晓避让路线。该行为导致右侧车道被部分封闭，车辆需减速并变道通行，影响了正常交通流，但未造成严重拥堵或事故。异常特征为施工人员在非停车区域进行作业，且无明显施工设备或警示灯，存在安全隐患。
657,5510,抛洒物_20240509220755_运行安全_35575662.mp4,抛洒物,异常停车,2024年5月9日22:07至22:08，在外环真南路入口处，一辆红色货车在行车道上完全静止，疑似发生异常停车事件。该车辆开启双闪灯，驾驶员不在车内，且无任何交通信号灯或标志允许其在此处停车，明显违反交通规则。由于该车停放在车道内，导致后方多辆车辆被迫减速或绕行，影响了道路通行效率，存在安全隐患。整个过程中，其他车辆正常行驶，但该车的异常停车行为对夜间行车安全构成潜在威胁。
659,5512,占道施工_20240129003451_运行安全_35343549.mp4,占道施工,拥堵,2024年1月29日00:34至00:35期间，在G60市区方向至S20外的高速公路上，发生了一起占道施工交通事件。现场可见多辆工程车辆和施工人员在进行作业，施工区域被多个锥桶和围栏遮挡，导致车道数量减少，车辆需变道或减速通行。施工人员穿着反光背心，操作设备，施工区域设有警示牌和闪烁警示灯，以提醒过往车辆注意避让。此次施工导致该路段交通流量减缓，车辆行驶速度明显降低，但未造成严重拥堵。异常特征包括施工设施占据部分车道、施工人员现场作业以及车辆被迫绕行或减速。
660,5513,异常停车_20240605184502_突发事件_35677335.mp4,多车事故,抛洒物,2024年6月4日10时44分至10时45分，外环高速虹梅南路路段出现抛洒物交通事件。视频显示，该路段为多车道高速公路，天气为雨天，路面湿滑，能见度较低。在视频过程中，两幅画面中均可见到白色物体在行车道上，部分车辆在接近时出现紧急减速或避让行为，但未见明显碰撞或停车行为。涉事车辆包括多辆货车及轿车，其中一辆黄色平板拖车在后续时间段内经过，可能与掉落物品有关。整体影响表现为车道上的异物增加了行车风险，可能引发后方车辆紧急避让或打滑风险，但未引发严重事故。异常特征为：白色异物长期停留在行车道上，未被清理，且无人员下车处理，推测为大型或轻质物品所致。
661,5514,异常停车_20230717102944_突发事件_1156236.mp4,拥堵,二轮车辆闯入,2023年7月17日10时29分45秒，在外环高速吴中路路段，一辆二轮车驶入主路，进入机动车道行驶，该车辆在车流中穿行，未见明显专用二轮车道或禁止标志，驾驶员佩戴头盔，车辆无牌照，其行为导致周边车辆紧急避让，存在较大安全隐患，属于典型的二轮车辆闯入高速公路的异常交通事件。
663,5516,多车事故_20240625161301_突发事件_35724773.mp4,多车事故,抛洒物,2024年6月25日15时12分，在外环高速北翟路立交北侧路段，道路上有不明物体，该物体位于行车道中央，呈扁平状，颜色较深，疑似为抛洒物。由于车辆行驶速度较快，且多辆大型货车及轿车经过该区域时均未明显避让或减速，因此该抛洒物继续随车流进入行车道，对潜在交通事故可能构成影响。涉事车辆包括一辆红色货车及多辆其他小型汽车，均未见明显停车或处置行为。该事件属于典型的抛洒物交通异常，未引发事故，但存在安全隐患。
665,5518,占道施工_20240416223259_运行安全_35495641.mp4,拥堵,占道施工,2024年04月16日22:32至22:33期间，在某高速公路路段，发生了占道施工交通事件。现场可见多辆工程车辆和施工人员，他们穿着反光背心，在车道上进行作业，旁边放置了多个交通锥桶以隔离施工区域。涉事车辆包括一辆黄色工程车和一辆黄色警示车，它们停在施工区域附近。由于施工占用了一部分车道，导致车道数量减少，过往车辆需变道或减速行驶，对交通流产生了一定影响。异常特征包括施工区域设有警示灯和交通锥桶，且施工人员在现场操作，确保了施工安全与交通秩序。
669,5522,占道施工_20240421231656_运行安全_35505730.mp4,占道施工,拥堵,2024年04月21日23:16至23:48，在外环高速沪太立交东1-2路段，发生了一起占道施工交通事件。现场可见多辆工程车辆和施工人员，他们穿着反光背心，正在进行施工作业。施工区域被多个锥桶和围栏遮挡，导致车道数量减少，车辆需变道或减速通行。施工人员操作设备，车辆被迫减速或绕行，影响了该路段的正常交通秩序。异常特征包括施工区域设有警示牌和闪烁警示灯，确保过往车辆注意避让。整体来看，此次占道施工对夜间高速公路的交通流量产生了一定影响，但未造成严重拥堵。
671,5524,占道施工_20230717002541_运行安全_1156039.mp4,拥堵,异常停车,2023年9月3日17时25分至17时26分，外环高速蕴藻浜桥北2（外）路段夜间出现占道施工交通事件。现场可见一名身穿橙色反光工作服、头戴安全帽的施工人员在道路左侧车道内作业，周围设置有多个红白相间的交通锥桶，形成临时隔离带，占用部分行车道。施工区域位于道路左侧，导致该方向车辆需绕行或减速通过，车流速度有所减缓，但未出现严重拥堵。施工区域内未见明显警示牌或闪烁警示灯，但交通锥桶的布置符合占道施工标准，且施工人员在作业过程中保持规范操作，未发生突发事故或异常停车情况。整体影响为局部车道通行能力下降，对过往车辆造成一定影响，但整体交通秩序保持稳定。
672,5525,占道施工_20240303074825_运行安全_35385193.mp4,占道施工,拥堵,2024年3月3日星期日早上7点48分至7点49分，北环高速铁力路地道桥路段出现占道施工交通事件。现场可见多组红白相间的交通锥桶沿道路右侧车道有序摆放，形成临时隔离带，将部分车道封闭。施工区域位于桥下通道，车辆需绕行至右侧车道通行，导致该车道通行能力下降，过往车辆需减速并注意避让锥桶。期间有多辆机动车（包括轿车、货车）依次通过施工区域，未见明显拥堵或事故现象，但存在因施工导致的车道减少和车辆变道行为。施工区域未见施工人员或工程设备，推测为夜间或非高峰时段作业。整体影响为局部车道通行效率降低，存在潜在安全隐患。
675,5528,二轮车辆闯入_20230719192622_突发事件_5963995.mp4,二轮车辆闯入,多车事故,2023年7月19日19时26分，外环高速莘庄立交北段发生一起多车事故。事故发生在夜间，监控画面显示一辆白色轿车与前方白色货车发生追尾，涉事车辆均停顿较长时间，车辆位置异常，产生后方紧急停车带效应。现场有多名人员下车查看情况，其中一人站在蓝色货车旁，另一人从白色货车中下车，表明事故涉及至少两辆涉事车辆。事故造成该路段交通拥堵，后续车辆被迫减速绕行，车流缓慢移动，影响了整体通行效率。事故未见明显抛洒物或人员伤亡，但存在车辆追尾、紧急避让行为，符合多车事故特征。
676,5529,占道施工_20240330005458_运行安全_35452551.mp4,占道施工,拥堵,2024年3月30日00:54至00:55期间，外环高速武威路南（内）路段发生占道施工交通事件。现场可见多辆工程车辆（包括黄色工程车、警车和作业车）停靠在道路右侧车道，周围设置有警示灯和反光标识，施工区域用锥桶围挡，形成临时隔离带。施工人员身穿反光背心，在车道内进行作业或值守，部分车辆因施工导致车道变窄，通行速度明显下降。该施工区域未见明显施工机械或设备作业，但存在明显的交通引导措施，导致右侧车道车辆需减速并变道绕行，影响了正常行车秩序。整体交通流保持有序，但存在因施工引发的局部拥堵风险。异常特征表现为车道被施工设施占用、施工人员在场作业、警示灯闪烁以及车辆有序绕行。
677,5530,拥堵_20230821144719_突发事件_34616939.mp4,拥堵,异常停车,2023年8月21日14时47分至14时48分，位于嘉闵高架西侧路段的监控画面显示，多辆机动车在隧道内行驶，其中一辆白色轿车在右侧车道行驶过程中突然减速并完全停止，且持续静止不动，后方车辆被迫减速绕行，造成短时交通拥堵。该白色轿车在未开启双闪灯的情况下突然停车，影响了正常行车秩序，存在明显的异常停车特征。
679,5532,占道施工_20231011024603_运行安全_34919184.mp4,异常停车,占道施工,2023年10月11日02时45分至02时46分，外环高速北翟路路段夜间出现占道施工交通事件。现场可见一辆黄色工程车停靠在最左侧车道，车后方设置有多个红白相间的交通锥桶，形成临时隔离带，引导车辆绕行。两名身穿反光背心的施工人员在车辆附近活动，其中一人手持警示灯，另一人在锥桶旁进行作业。该施工区域占用了一条行车道，导致后方车辆需减速并变道通行，车流速度明显减缓，但未出现严重拥堵。施工区域设有警示标志和反光设施，符合规范要求，但未设置明显的施工隔离设施，存在潜在安全隐患。整体交通秩序受一定影响，属于典型的占道施工异常情况。
680,5533,二轮车辆闯入_20230719204751_突发事件_6964387.mp4,二轮车辆闯入,异常停车,2023年7月19日20时17分，外环高速沪太立交西2路段夜间出现一辆红色货车停靠在右侧车道，车辆未开启双闪灯，驾驶员在车旁活动，该车位于道路右侧护栏旁，占用行车道，导致后方车辆需减速避让，影响了右侧车道的正常通行，符合异常停车行为。
682,5535,异常停车_20240604074559_突发事件_35670346.mp4,异常停车,拥堵,2024年6月4日早上7时45分至7时46分，嘉闵西桃浦公路南路段出现交通拥堵事件。该路段为多车道高速公路，车流密集，车辆以较慢速度行驶，部分车辆处于停滞状态，后方车辆持续排队，形成明显拥堵带。涉事车辆包括多辆轿车、SUV及一辆黄色出租车，均在正常行驶过程中因前方车流缓慢而被迫减速或停止。未见异常停车、施工设施、二轮车辆闯入或抛洒物等其他异常情况，也无明显事故迹象。拥堵主要集中在道路中段，影响范围较长，导致通行效率下降，车辆通行速度显著降低，存在潜在安全隐患。
683,5536,二轮车辆闯入_20230717160741_突发事件_1356333.mp4,二轮车辆闯入,拥堵,2023年7月16日17时07分35秒至17时08分03秒，外环高速吴中路路段出现交通拥堵事件，现场多辆机动车在道路上缓慢行驶或完全停止，车辆排成长队，持续时间超过一分钟且无缓解趋势，主要涉及白色轿车、红色货车、蓝色集装箱货车及多辆小型轿车和面包车等，车辆尾灯亮起，部分车辆处于静止状态，影响通行效率，符合拥堵判断标准。
687,5540,异常停车_20240623072623_突发事件_35719435.mp4,异常停车,二轮车辆闯入,2023年7月25日07:25:24，在外环高速吴中入口匝道（外）路段，一辆二轮车从右侧匝道驶入主车道，行驶方向与主路车流一致，未见其在专用非机动车道或合法通行区域行驶。该二轮车驾驶员佩戴头盔，车辆无明显牌照，存在较大安全隐患。其闯入行为导致后方车辆紧急避让，影响了主路正常交通秩序，构成典型的二轮车辆闯入交通异常事件。
688,5541,二轮车辆闯入_20230718184215_突发事件_1962541.mp4,多车事故,拥堵,2023年7月18日18时42分，外环高速龙吴路路段出现严重交通拥堵，多辆轿车、货车及客车在湿滑路面上缓慢行驶或停滞，车辆间距明显缩小，车流密度显著增加，部分车辆刹车灯持续亮起，显示通行速度极低，持续时间超过10秒且无缓解趋势，符合拥堵判断标准，影响了该路段的正常通行秩序。
694,5547,拥堵_20231125080309_突发事件_35152150.mp4,拥堵,多车事故,2023年11月25日星期五上午8时03分至8时04分，沪宁上行进出口路段出现交通拥堵事件。该路段为单向两车道的弯道，道路两侧有绿化带和房屋，右侧有小型水域。视频显示，多辆机动车在该路段缓慢行驶或完全停止，包括红色集装箱货车、白色面包车、红色皮卡车、白色厢式货车及一辆白色大巴车等，车辆排成长队，车距明显缩短，部分车辆刹车灯持续亮起，表明车速极低或处于停滞状态。由于车辆密集且通行缓慢，导致后方车辆被迫减速或停车等待，形成典型的拥堵现象。未见施工设施、事故痕迹或抛洒物，也无异常停车或二轮车辆闯入情况，推测拥堵可能由前方交通流量过大或道路瓶颈所致。整个过程中，车辆保持有序排队状态，未发生碰撞或紧急避让行为，但通行效率显著下降，影响了该路段的正常交通秩序。
697,5550,占道施工_20231207002302_运行安全_35196906.mp4,拥堵,占道施工,2023年12月7日00:23至00:24期间，嘉闵东京沪立交北入口处发生占道施工交通事件。现场有两名身穿反光背心的施工人员在道路中央作业，周围摆放多个交通锥桶，形成临时隔离区域。一辆工程车停靠在施工区域前方，车顶闪烁警示灯，疑似为施工或应急车辆。施工区域位于主车道，占用部分行车道，导致车辆需减速并变道绕行。该施工行为未见明显施工机械或围挡，但存在明显的车道缩减和人员作业迹象，对正常通行造成一定影响，属于典型的占道施工异常事件。
700,5553,占道施工_20240519214642_运行安全_35609013.mp4,拥堵,占道施工,2024年5月19日21时46分至21时47分，在S6转外环内圈下匝道处发生占道施工交通事件。现场有多辆工程车辆和施工人员进行作业，施工人员穿着反光背心，操作设备，车道被锥桶遮挡，导致车道数量减少，车辆需变道或减速通行。施工区域设有警示牌和闪烁警示灯，对过往车辆的正常行驶造成一定影响，车辆被迫绕行或减速通过该区域。异常特征包括施工设施占据部分车道、施工人员在场操作以及明显的警示标志和灯光提示。
702,5555,占道施工_20231010223653_运行安全_34918540.mp4,占道施工,异常停车,2023年10月10日22时36分至22时37分，沪闵高架至S4金山方向1枪机1监控区域，夜间道路照明良好，路面湿滑。在道路左侧护栏旁，一辆褐色轿车停靠在路边，车辆未开启双闪灯，且长时间静止不动，符合异常停车行为。
703,5556,占道施工_20240517173528_运行安全_35602048.mp4,拥堵,占道施工,2024年05月12日17时35分，外环高速蕴川立交东段发生占道施工交通事件。现场可见车道被多个红白相间的锥桶遮挡，施工区域设有明显的警示标志和反光设施，车辆需变道行驶。施工区域内未见施工人员，但车道数量减少，导致车辆通行速度减缓，后方车辆出现排队现象，影响了正常交通秩序。该事件符合占道施工标准，表现为车道被临时封闭、设有警示标志及车辆需变道行驶。
704,5557,异常停车_20240623111249_突发事件_35719809.mp4,异常停车,拥堵,2024年06月23日11时12分至11时13分，G2进外环外圈匝道03路段出现交通拥堵事件。该路段为多车道高速公路，路面湿滑，天气阴雨，能见度较低。视频显示，从11:12:44开始，道路上有车辆缓慢行驶，车流密集，车辆间距明显缩小，部分车辆处于低速移动或短暂停滞状态，持续时间约1分钟且无缓解趋势。涉事车辆包括多辆轿车、货车及一辆黄色出租车，均在正常车道内行驶，未见异常停车、事故或施工迹象。由于车流量大，导致通行效率下降，后方车辆被迫减速并排成长队，影响了整体道路通行能力。此拥堵现象符合“拥堵”异常类型特征，表现为多辆车缓慢移动或完全停止，排队长度较长，且持续时间较长，未见缓解趋势，影响了正常交通秩序。
707,5560,异常停车_20240530203723_突发事件_35655743.mp4,异常停车,拥堵,2024年5月30日星期四凌晨4时37分至4时38分，外环高速沪渝立交路段出现严重交通拥堵。该路段为夜间湿滑路面，双向车道中右侧车道车辆密集，车流缓慢移动，刹车灯持续亮起，形成明显的红色光带。涉事车辆包括多辆轿车、货车及厢式运输车，其中部分大型货车如集装箱卡车和厢式货车占据主车道，加剧了通行压力。由于车流量大且路面湿滑，车辆行驶速度明显降低，后方车辆被迫减速并排长队，形成持续性拥堵。现场未见明显事故、施工或异常停车迹象，也无二轮车辆闯入或抛洒物情况，但因夜间光线条件不佳，能见度受限，进一步加剧了交通状况。整体表现为典型的城市高速路夜间高峰期拥堵事件，影响范围覆盖多个车道，持续时间较长，对通行效率造成显著影响。
711,5564,占道施工_20231207030438_运行安全_35197239.mp4,异常停车,占道施工,2023年12月7日星期四凌晨3时04分至3时05分，外环高速吴中路路段发生占道施工交通事件。现场可见一辆黄色工程车停靠在右侧车道，车顶警示灯持续闪烁，车身周围设置多排红白相间的交通锥桶，形成临时隔离带，占用部分行车道。一名身穿反光背心的工作人员在工程车旁进行作业，车辆后方有其他施工车辆跟随。该施工区域导致右侧车道通行空间受限，过往车辆需减速绕行，影响了正常交通流。施工区域设有明显的警示标志和反光设施，符合规范要求，但未见明显施工设备或围挡设施，推测为夜间临时作业。整体交通秩序尚可维持，但存在潜在安全隐患。
713,5566,占道施工_20231116230341_运行安全_35111724.mp4,占道施工,拥堵,2023年11月16日23时03分至23时04分，外环高速顾戴路路段夜间发生占道施工交通事件。现场可见一辆黄色工程车停靠在右侧车道，车后方设置多排红白相间的交通锥桶，形成临时隔离带，一名身穿橙色反光工作服的施工人员在锥桶旁进行作业，手持工具并沿锥桶排列方向移动。该施工区域占用了一条行车道，导致过往车辆需减速绕行，部分车辆在通过时出现变道行为。施工区域未见明显警示牌或闪烁警示灯，但锥桶排列有序，对通行造成一定影响。整体交通流保持缓慢通行状态，未出现严重拥堵或事故。
716,5569,占道施工_20240112011703_运行安全_35312035.mp4,拥堵,占道施工,2024年1月1日12时16分至12时17分，外环高速武威路南（内）路段夜间出现占道施工交通事件。现场可见多辆工程车辆（包括一辆黄色工程车和一辆红色货车）停靠在右侧车道，车顶警示灯闪烁，周围设置有多个红白相间的交通锥桶，形成临时隔离带，占用部分行车道。施工区域设有“货车通行”标志和限速标志，提示驾驶员减速并注意避让。该施工导致右侧车道通行空间受限，车辆需绕行或减速通过，影响了正常交通流，存在潜在安全隐患。异常特征表现为车道被施工设施遮挡、施工人员在场操作设备、警示标志齐全且有效，符合占道施工判断标准。
718,5571,异常停车_20230717232211_突发事件_1957086.mp4,异常停车,二轮车辆闯入,2023年7月17日23时22分至23时23分，外环高速丰翔路路段夜间监控画面显示，一辆二轮车辆（疑似摩托车或电动车）从右侧应急车道突然驶入主车道，沿最右侧车道向前行驶，期间未见其开启灯光或佩戴头盔，且无明显专用二轮车道或禁止标志。该二轮车辆在车流中穿行，与多辆正常行驶的小型客车并行，存在较大安全隐患。由于该路段为高速公路，禁止非机动车通行，此行为属于典型的二轮车辆闯入事件，对周边车辆造成潜在碰撞风险，影响道路通行安全。
720,5573,异常停车_20240624212135_突发事件_35722532.mp4,异常停车,拥堵,2024年6月24日21时24分33秒至21时25分01秒，外环高速京沪立交南1（外）路段夜间监控画面显示，道路右侧车道出现明显拥堵，多辆轿车、货车及大型运输车辆在湿滑路面上缓慢行驶或完全停止，车流密集且持续无缓解趋势，车辆尾灯连成一片，表明通行速度极低。该区域为高速公路主线与匝道交汇处，左侧对向车道车流正常，无异常情况。拥堵主要集中在主车道，部分车辆因前方缓行而被迫减速或停车，导致后方车辆被迫跟随减速，形成连锁拥堵效应，影响了整体道路通行效率，符合典型拥堵事件特征。
721,5574,二轮车辆闯入_20230717161734_突发事件_1356387.mp4,二轮车辆闯入,多车事故,2023年7月17日16时17分28秒，在外环高速莘庄立交东（外）路段，一辆白色轿车在最右侧车道内完全静止，车辆未开启双闪灯，驾驶员下车后在车旁停留并有弯腰动作，疑似车辆故障。该行为导致后方车辆被迫减速绕行，影响了正常交通流，形成局部拥堵。该异常停车行为持续约10秒，期间无其他车辆发生碰撞或事故，但已构成明显的交通安全隐患。
722,5575,异常停车_20240624215416_突发事件_35722534.mp4,拥堵,异常停车,2024年6月24日21时54分10秒至21时55分08秒，外环高速莘庄立交东（外）路段出现异常停车事件。一辆黑色轿车在道路左侧车道内完全静止，驾驶员下车后站在车旁，车辆开启双闪灯，周围车辆被迫减速绕行，导致该车道通行受阻。该车停靠位置位于主车道区域，非停车区域，且无交通信号灯或标志允许停车，存在明显违规停车行为，影响了正常交通流。
728,5581,拥堵_20230815180329_突发事件_34588020.mp4,拥堵,二轮车辆闯入,2023年7月18日15时07分04秒，在外环高速沪太立交东2枪机2监控区域，一辆二轮车（摩托车）从右侧车道驶入主路，进入高速公路行车道，该车辆未在专用通道或允许区域通行，且在车流密集的高速公路上逆行穿行，存在严重安全隐患。该二轮车在车流中穿行，周围有多辆轿车和货车正常行驶，其突然闯入导致部分车辆紧急避让，造成短暂交通干扰。该行为违反了高速公路禁止非机动车及二轮车辆通行的规定，属于典型的二轮车辆闯入交通异常事件，对道路安全构成直接威胁。
737,5590,多车事故_20240516171701_突发事件_35597769.mp4,多车事故,异常停车,2024年5月16日17时16分53秒，在嘉闵西侧定焦13路段，一辆黑色轿车在最右侧车道完全静止，驾驶员下车后在车旁停留并进行操作，车辆开启双闪灯，后方车辆被迫减速绕行，导致该车道通行受阻，形成交通拥堵。该行为符合异常停车特征，存在安全隐患。
745,5598,拥堵_20231009162722_突发事件_34911991.mp4,抛洒物,拥堵,2023年10月10日星期五16时27分至16时28分，位于城市快速路某路段（道路标线内）发生持续性交通拥堵事件。该路段为多车道高速公路，双向通行，右侧车道车辆排成长队，车流缓慢移动，部分车辆处于停滞状态，持续时间超过一分钟且无缓解趋势。涉事车辆包括各类轿车、货车、厢式货车及大型集装箱运输车，其中可见红色集装箱货车、白色厢式货车、蓝色集装箱货车及绿色篷布覆盖的货车等。车辆均正常行驶，未见异常停车、事故或施工迹象，也无二轮车辆闯入或抛洒物情况。拥堵主要集中在右侧车道，影响范围较广，导致后方车辆被迫减速并保持安全距离，整体通行效率显著下降。异常特征表现为车流密度高、车速普遍低于正常水平、排队长度持续增加，符合典型拥堵判断标准。
746,5599,二轮车辆闯入_20230721110024_突发事件_33393508.mp4,二轮车辆闯入,拥堵,2023年7月21日13时00分至13时01分，外环高速武威路南（内）路段出现交通拥堵事件。该路段为多车道高速公路，双向车流密集，车辆包括轿车、货车、客车及大型运输车辆等。视频显示，从13:00:00开始，道路右侧车道车辆行驶缓慢，车距明显缩短，部分车辆处于低速蠕动状态，尤其以货车和大型客车为主，如集装箱车、平板运输车等，排队长度持续增加，未见明显缓解趋势。左侧车道虽有车辆正常通行，但整体车流密度较高，导致通行效率下降。拥堵区域位于高架桥下，靠近匝道入口处，可能因前方匝道汇入流量大或出口分流导致。现场未发现事故、施工或抛洒物等直接诱因，但车辆密集且行驶速度极低，符合典型拥堵特征，影响了该路段的通行能力。
750,5603,二轮车辆闯入_20230715120549_突发事件_1149575.mp4,二轮车辆闯入,异常停车,2023年7月15日12时05分43秒至12时06分09秒，外环高速吴淞江桥南段监控画面显示，一辆红色货车在道路右侧应急车道内长时间静止不动，且无驾驶员下车或明显故障迹象，周围其他车辆正常行驶，部分车辆在经过该车时有轻微变道避让行为，表明该车存在异常停车情况，影响了应急车道的正常使用，构成交通安全隐患。
756,5609,占道施工_20230919004415_运行安全_34818519.mp4,占道施工,拥堵,2023年9月19日00:44至00:45期间，外环高速沪太立交东1-1 03路段夜间出现占道施工交通事件。现场位于高速公路右侧车道，沿道路方向设置了一排红白相间的交通锥桶，形成临时隔离带，将右侧车道封闭，形成施工区域。施工区域内可见一辆黄色工程车缓慢行驶，车顶警示灯闪烁，提示过往车辆注意避让。多辆货车、轿车及厢式货车在该区域正常行驶，但因车道被部分占用，车辆需减速并变道绕行，通行速度有所降低。未见施工人员或大型机械在场作业，但施工设施已布置完毕，导致该路段车道数量减少，存在潜在拥堵风险。整体交通秩序尚可维持，但存在因施工引发的通行效率下降和潜在安全隐患。
760,5613,拥堵_20231208122646_突发事件_35204842.mp4,拥堵,多车事故,2023年12月8日12时08分至12时09分，外环高速沪嘉地道2（外）路段出现交通拥堵事件。该路段位于曹安公路出口3公里处，监控画面显示多车道车辆行驶缓慢，车流密集，部分车辆处于低速移动或短暂停滞状态，排队长度持续延伸，影响通行效率。涉事车辆包括轿车、货车、厢式货车及大型运输车等，其中可见红色集装箱货车、白色厢式货车和蓝色集装箱货车等，均在正常车道内行驶但速度明显低于正常水平。由于车流量大且无明显事故或施工迹象，推测拥堵可能由前方交通瓶颈或流量高峰导致，未见异常停车、占道施工、二轮闯入或抛洒物等其他异常情况。整体表现为典型的高峰期交通拥堵现象，车辆间距缩小，行驶速度显著降低，存在潜在追尾风险。
761,5614,占道施工_20231017225637_运行安全_34952771.mp4,拥堵,占道施工,2023年10月17日22时56分至22时57分，位于高速公路左侧车道区域发生占道施工事件。现场有多名身穿反光背心的施工人员在车道内作业，使用红色锥桶对车道进行隔离，并设置警示标志。一辆黄色工程车缓慢行驶在施工区域前方，车顶闪烁警示灯，多名施工人员在车辆旁进行作业。施工区域占用了一条行车道，导致过往车辆需减速并变道通行，影响了该路段的正常交通流。整个过程中，施工人员有序操作设备，确保施工安全，未见明显交通事故或拥堵现象。该事件符合占道施工判断标准，包括车道被锥桶遮挡、施工人员穿戴反光装备、设有警示标志以及车辆需变道绕行等特征。
766,5619,拥堵_20230815155509_突发事件_34583864.mp4,拥堵,二轮车辆闯入,2023年8月15日15时54分至15时55分，外环高速沪太立交东段出现交通拥堵事件，现场多辆货车与轿车在行车道上缓慢行驶或停滞，车辆排成长队，车流密度高，通行速度明显下降，部分车辆处于低速移动状态，未见明显事故或障碍物，但整体车流呈现持续性缓行趋势，影响范围覆盖多个车道，导致后方车辆被迫减速并维持短距离跟随，符合拥堵判断标准中“多辆车缓慢移动或完全停止”、“排队车辆长度超过正常范围”以及“发生在匝道等瓶颈区域”的特征，未发现异常停车、施工、抛洒物或二轮车辆闯入等其他异常行为。
769,5622,抛洒物_20240616081031_运行安全_35707402.mp4,抛洒物,异常停车,2024年6月16日星期日08:10:23至08:11:23期间，在城市高架桥路段，一辆红色货车停靠在右侧车道上，车辆未开启双闪灯，驾驶员未下车，后方车辆正常行驶未见明显绕行或减速行为，该车处于非停车区域且无交通信号灯或标志允许停车，存在异常停车行为，影响后方车辆通行，构成典型异常停车事件。
773,5626,抛洒物_20240315101211_运行安全_35412640.mp4,多车事故,抛洒物,抛洒物
776,5629,占道施工_20240117000318_运行安全_35322849.mp4,占道施工,拥堵,2024年01月17日星期三凌晨03:00:14至03:01:13期间，在外环高速铁山路段，发生了一起占道施工交通事件。现场可见一辆工程车辆停在道路右侧，周围放置了多个交通锥桶以警示过往车辆。施工人员穿着反光背心，在车道内进行作业，部分车道被遮挡，导致车辆需变道或减速通行。该施工行为造成了车道数量减少，影响了正常交通流，但未引发严重拥堵或事故。异常特征包括施工设施遮挡部分车道、施工人员现场操作以及设置的警示标志。
777,5630,二轮车辆闯入_20230720232524_突发事件_33392725.mp4,二轮车辆闯入,异常停车,2023年7月20日23时25分至23时26分，外环真南路入口路段夜间监控画面显示，一辆白色轿车在右侧应急车道内长时间静止不动，车辆开启双闪灯，驾驶员下车处理，符合异常停车行为。
778,5631,异常停车_20240603213331_突发事件_35669283.mp4,异常停车,抛洒物,2024年6月3日21时33分至21时35分，外环高速吴淞江桥南路段，一辆白色货车在右侧应急车道内长时间静止不动，车辆未开启双闪灯，驾驶员下车查看情况，车辆处于异常停车状态。该车停靠位置位于道路右侧护栏旁，占用应急车道，影响后方车辆正常通行，导致后方多辆汽车被迫减速绕行，形成短暂交通流紊乱。现场无施工设施、无其他事故车辆碰撞痕迹，也未见二轮车辆闯入或抛洒物等异常情况，初步判断为非紧急情况下违规停车所致。
780,5633,抛洒物_20240607111619_运行安全_35683421.mp4,抛洒物,异常停车,2024年6月7日15时16分至15时17分，外环高速沪太立交东1-2路段，一辆白色轿车在右侧车道内完全静止，车辆未开启双闪灯，车辆无明显故障特征，该行为符合异常停车特征，对通行造成潜在安全隐患。
791,5644,异常停车_20230716094748_突发事件_1153365.mp4,异常停车,抛洒物,2023年7月16日星期日上午9时47分至9时48分，北环高速富锦路路段道路上有不明物体，该物体体积较小且静止于行车道上，未被及时清理。有车辆经过该区域时发现异物未除，遂采取紧急避让措施，导致后方车辆出现短暂绕行和减速行为，存在一定的交通安全隐患。根据视频分析，该抛洒物对交通影响较小，但属于典型的抛洒物异常事件，可能由事故后遗落之物所致，当前正由清障车辆逐步清理。
793,5646,二轮车辆闯入_20230721125208_突发事件_33393621.mp4,二轮车辆闯入,拥堵,2023年7月18日13时43分至13时44分，外环高速戚溪路段出现严重交通拥堵，现场多车道车辆缓慢行驶或完全停滞，车流密集且持续时间较长，主要涉及各类轿车、货车及厢式运输车，其中包含多辆大型货车和集装箱运输车，车辆间距极小，部分车辆处于静止状态，后方车辆被迫减速绕行，影响通行效率，整体呈现典型拥堵特征，未见明显事故或施工迹象。
795,5648,占道施工_20240117001713_运行安全_35322853.mp4,异常停车,拥堵,2024年1月7日00:17至00:18期间，在外环高速老沪闵路东（内）路段，发生了一起占道施工交通事件。现场可见一辆工程车辆停在右侧车道上，周围放置了多个交通锥桶，形成临时施工区域。施工人员穿着反光背心，正在进行相关操作。由于施工占用了一部分车道，导致该区域的车道数量减少，过往车辆需减速并变道行驶，对交通流产生了一定影响。此外，施工区域设有警示灯，提醒来往车辆注意避让。整个过程中，车辆有序通过施工区域，未出现严重拥堵情况，但明显可以看出交通效率有所降低。异常特征包括施工设施遮挡车道、施工人员现场作业以及车辆因避让而减速变道等。
798,5651,异常停车_20230716092657_突发事件_1153304.mp4,异常停车,抛洒物,2023年7月16日星期日09:26:53至09:27:50期间，在一条多车道高速公路的右侧车道上，出现红色物体（疑似为抛洒物）于画面底部左侧位置，位于道路边缘且未被及时清理。该物体在视频开始时即已存在，未见明显车辆掉落或撞击过程，但后续多辆过往车辆未发现及时避让或减速行为，表明该物体可能来自前方货车货箱掉落。涉事车辆未在画面中明确显示，但根据位置及车辆通行情况推测，可能为后方大型货车运输过程中货物固定不当所致。此事件虽未造成直接碰撞或停车，但对后方车辆行车安全构成潜在威胁，属于典型抛洒物异常事件，需及时发现与处理。
801,5654,占道施工_20230718002125_运行安全_1957253.mp4,拥堵,占道施工,2023年7月18日00:21:20至00:22:20期间，外环高速仙霞路（内）路段夜间出现占道施工交通事件。施工区域位于道路右侧车道，现场设置有多个红白相间的交通锥桶，形成临时隔离带，占用部分行车道。施工区域内可见一辆黄色工程车缓慢行驶，车顶闪烁警示灯，表明正在进行道路维护或检查作业。施工区域前方设有“道路施工”提示牌，提示过往车辆减速慢行。该施工行为导致右侧车道通行能力下降，车辆需变道绕行，影响了正常交通流，造成局部车流缓慢通行。异常特征包括：车道被交通锥桶遮挡、施工车辆及警示设施明显，且施工人员未在画面中出现，但现场存在明显的施工警示标志和灯光提示。
802,5655,拥堵_20231123065055_突发事件_35141719.mp4,拥堵,抛洒物,2023年11月23日06:50:50至06:51:48期间，在S4市区方向至S20内枪机1监控路段，右侧车道靠近护栏处出现一个白色塑料袋，随后在车辆持续行驶过程中，该白色塑料袋被多辆过往车辆抛洒至右侧车道。现场未见驾驶员，但其存在对后方车辆造成潜在安全隐患，部分车辆在接近该区域时有紧急避让行为，其中有多辆货车和轿车减速绕行。该抛洒物尺寸较小，但为潜在危险物品，属于典型抛洒物异常事件，影响正常通行秩序。
805,5658,异常停车_20240511102825_突发事件_35581105.mp4,异常停车,拥堵,2024年5月11日10时38分至10时39分，外环高速京沪立交南2枪机2监控画面显示，该路段出现严重交通拥堵，车辆行驶缓慢，多车道内车辆排成长队，车流密度极高，部分车辆处于停滞状态。涉事车辆包括大量轿车、货车及厢式运输车，其中红色货车和白色面包车较为显眼，车辆在多个车道内持续低速移动或短暂停滞，未见明显事故或障碍物导致阻塞，但整体通行效率显著下降，后方车辆被迫减速并频繁变道以维持秩序，现场无施工迹象，也未发现异常停车、抛洒物或二轮车辆闯入等情况，拥堵主要由早高峰车流量大及天气因素共同引发，属于典型早高峰时段的常态化交通拥堵事件。
806,5659,异常停车_20230718134257_突发事件_1961016.mp4,异常停车,拥堵,2023年7月13日13时42分至13时43分，外环高速仙霞路（内）路段出现拥堵交通事件。该路段为多车道高速公路，双向车流密集，车辆包括轿车、货车、客车及大型运输车等各类机动车。从视频画面可见，右侧车道车辆行驶缓慢，部分车辆处于低速移动或短暂停滞状态，形成连续排队现象，持续时间超过一分钟且无缓解趋势。左侧车道虽有车辆正常通行，但整体车速明显低于正常水平，部分车辆频繁变道，加剧了通行压力。拥堵区域位于高架桥下，道路两侧绿树成荫，未见施工设施或事故迹象，也无抛洒物或异常停车情况。该拥堵主要由车流量大导致，可能与早高峰时段交通压力叠加有关，影响了该路段的通行效率，属于典型的城市快速路拥堵事件。
808,5661,占道施工_20230816233912_运行安全_34592138.mp4,占道施工,拥堵,2023年8月16日23时39分至23时40分，外环高速沪太立交东1-1 03路段夜间发生占道施工交通事件。现场可见多辆工程车辆停靠在道路右侧车道，包括一辆黄色工程车、一辆红色货车及一辆黄色吊车，车辆均开启警示灯，周围设置有多个橙白相间的交通锥桶，形成临时隔离区域。施工区域位于道路右侧，占用部分行车道，导致该车道通行能力下降，后方车辆需减速绕行。施工区域未见明显施工人员活动，但存在明显的施工设施布置，且施工区域与正常行车方向有明显分流，对过往车辆造成一定影响。整体交通流保持缓慢通行状态，未出现严重拥堵或事故情况。
811,5664,拥堵_20230809091108_突发事件_34550769.mp4,拥堵,异常停车,2023年6月9日09时10分04秒至09时11分02秒，外环高速蕴藻浜桥北2（外）路段出现异常停车事件。在该时间段内，一辆红色货车在右侧应急车道内完全静止，未开启双闪灯，且驾驶员未在车内，车辆处于非正常行驶状态。该车停靠位置位于道路右侧护栏旁，占据部分行车道空间，导致后方车辆被迫减速绕行，影响了正常交通流。此行为符合异常停车判断标准中的多项特征：完全静止、无合法停车标志允许、未开启警示灯、影响后方车辆通行。
815,5668,异常停车_20240508201851_突发事件_35571611.mp4,异常停车,拥堵,2024年5月8日20时18分至20时19分，外环高速莘庄立交东（外）路段出现异常停车事件。一辆红色货车在左侧车道内完全静止，开启双闪灯，驾驶员下车处理，车辆位置位于行车道中央，非停车区域，且无交通信号灯或标志允许停车，导致后方多辆汽车被迫减速绕行，形成局部拥堵。该车长时间停靠影响正常通行秩序，存在安全隐患。
816,5669,异常停车_20240614132418_突发事件_35704549.mp4,异常停车,拥堵,2024年6月13日14时28分至14时29分，外环高速沪太立交西段出现交通拥堵事件。该路段为多车道高速公路，双向车流密集，其中南向北方向车辆行驶缓慢，部分车辆处于停滞状态，形成明显排队现象。涉事车辆包括多辆轿车、货车及厢式运输车，其中一辆红色集装箱货车、一辆白色厢式货车和一辆白色面包车等在车流中穿行，未见异常停车或事故迹象。车辆间距较小，后方车辆被迫减速并保持低速行驶，导致通行效率下降。现场未见施工设施、抛洒物或交通事故痕迹，也无二轮车辆闯入情况，但因车流量大且车辆类型多样，造成整体通行不畅，符合拥堵判断标准。
823,5676,占道施工_20240521230951_运行安全_35618456.mp4,占道施工,拥堵,2024年5月21日23时09分至23时10分，外环高速南大路北（内）路段发生占道施工交通事件。现场可见多排橙白相间的交通锥桶沿道路左侧车道有序摆放，形成临时隔离带，部分车道被封闭，车辆需绕行或减速通过。施工区域未见明显施工人员或工程设备，但锥桶排列整齐且持续存在，表明正在进行或准备进行道路施工。该施工导致左侧车道通行能力下降，后方车辆行驶速度减缓，存在轻微拥堵风险。整体交通流保持有序，但存在因施工引发的车道变窄和行车风险。
826,5679,拥堵_20230926155918_突发事件_34866011.mp4,多车事故,拥堵,2023年9月26日15时59分至16时00分，G2进外环外圈匝道03路段出现交通拥堵事件。该路段为多车道高速公路，车流密集，主要由货车和轿车组成，其中红色厢式货车、白色厢式货车、白色面包车及多辆大型集装箱卡车等大型车辆在道路上缓慢行驶或停滞，部分车辆间距离过近，通行速度明显下降。车辆在多个车道内持续排队，未见明显事故或障碍物，但整体车流密度较高，导致通行效率降低。由于车流量大且无明显施工或抛洒物迹象，推测拥堵可能由高峰时段车流集中或前方存在未被捕捉的瓶颈区域引起。该拥堵影响了该路段的正常通行秩序，存在潜在安全隐患。
830,5683,拥堵_20231101092102_突发事件_35029708.mp4,抛洒物,拥堵,2023年11月1日星期三上午9时08分至9时09分，北环高速同济路立交南段出现交通拥堵事件。该路段为多车道高速公路，双向车流密集，其中南向车道车辆行驶缓慢，车距明显缩短，车辆呈连续排队状态，部分车辆在车道内低速移动或短暂停滞，未见完全停止。涉事车辆包括多辆轿车、货车、客车及公交车，均在正常行驶过程中因前方车流积压而减速或停顿。拥堵主要集中在靠近立交桥区域，影响范围覆盖多个车道，持续时间约一分钟且无缓解趋势，符合典型拥堵特征。现场未发现异常停车、施工设施、二轮车辆闯入、抛洒物或交通事故等直接诱因，但车流密度高、通行效率下降，属于典型的城市高峰时段交通拥堵现象。
833,5686,拥堵_20231214105941_突发事件_35223641.mp4,拥堵,抛洒物,2023年11月4日10时59分40秒左右，在外环高速沪太立交西段，监控画面显示多车道正常行驶的车辆中，右侧应急车道与主车道之间出现散落的橙色锥桶状物体，疑似为施工或事故后遗弃物。该异物位于道路右侧护栏附近，未见明显车辆碰撞痕迹或停靠行为，但有车辆在经过该区域时出现轻微避让动作，表明存在潜在安全隐患。涉事车辆未明确显示，但现场无人员下车处理，也未见施工警示标志或作业人员。该抛洒物可能来自过往货车运输或施工车辆掉落，对后方车辆构成视觉干扰和行车风险，属于典型的抛洒物交通异常事件。
834,5687,二轮车辆闯入_20230718190554_突发事件_1962563.mp4,二轮车辆闯入,多车事故,2023年7月18日19时05分42秒，在外环高速蕴川立交东3枪机监控画面中，一辆二轮摩托车从画面下方驶入高速公路主车道，驾驶员身穿深色衣物并佩戴头盔，车辆在车流中穿行，未见专用二轮车道或明显禁止标志，该行为属于闯入禁止通行区域的危险驾驶行为，对周边正常行驶的轿车和大型货车构成潜在碰撞风险，导致部分车辆紧急避让，存在较大交通安全隐患。
835,5688,二轮车辆闯入_20230717162737_突发事件_1356437.mp4,二轮车辆闯入,拥堵,2023年7月17日22时26分至22时27分，外环高速仙霞路（内）路段出现交通拥堵事件。该路段为多车道高速公路，双向车流密集，其中南向北方向车辆行驶缓慢，形成明显排队现象，车辆间距缩短，车速降低，部分车辆处于低速蠕行状态，持续时间约一分钟且无缓解趋势。涉事车辆包括多辆轿车、货车、厢式货车及大型运输车，如红色集装箱货车、白色厢式货车、黄色平板货车等，均在正常行驶中未见异常停车或事故迹象。道路两侧绿化带清晰，无施工设施或障碍物，亦无抛洒物或二轮车辆闯入情况。拥堵主要集中在右侧车道，影响范围覆盖多个车道，导致后方车辆需频繁减速避让，存在潜在追尾风险。整体表现为典型的高峰时段交通拥堵，符合拥堵判断标准中的多辆车缓慢移动、排队长度超常、发生在瓶颈区域等特征。
836,5689,占道施工_20231020230244_运行安全_34970425.mp4,二轮车辆闯入,占道施工,2023年10月20日23时02分至23时03分，G60市区方向至S20内1路段发生占道施工交通事件。现场可见多辆工程车辆停靠在道路右侧，包括一辆带有警示灯的作业车和一辆黄色工程车，周围布设了大量红白相间的交通锥桶，形成临时隔离带，占用部分车道。施工区域前方设有“前方施工”警示牌和限速30公里/小时标志，提示过往车辆减速通行。多名身穿反光背心的施工人员在锥桶旁进行作业，部分人员在移动锥桶或调整交通设施。该施工导致车道变窄，车辆需绕行或减速通过，影响了正常交通流。异常特征包括：施工设施密集、警示标志清晰、施工人员在场作业、车辆通行受阻且速度降低，符合占道施工的判断标准。
837,5690,异常停车_20240604101555_突发事件_35671162.mp4,多车事故,异常停车,2024年5月4日10时19分43秒至10时20分10秒，外环高速沪太立交西3枪机1监控画面显示，在道路右侧应急车道上有一辆白色厢式货车长时间静止停放，车辆未开启双闪灯，且无明显故障迹象或驾驶员在车旁活动，符合异常停车行为。
844,5697,占道施工_20240329172733_运行安全_35452280.mp4,占道施工,拥堵,2024年03月29日17:27至17:28期间，在外环高速淞滨路西枪机2处，视频显示该路段正在进行占道施工。施工区域由多个锥桶和围栏进行隔离，部分车道被遮挡，导致车辆需变道或减速行驶。现场可见施工车辆和施工人员，施工区域设有警示牌和闪烁警示灯，提示驾驶员注意避让。受此影响，右侧车道车辆通行速度减缓，出现排队现象，但未见明显拥堵。异常特征包括施工设施占据部分车道、施工人员在场以及明显的交通引导标志。
845,5698,异常停车_20230718180009_突发事件_1962352.mp4,多车事故,二轮车辆闯入,2023年7月18日18时00分04秒，在嘉闵西侧德华路高架桥路段，一辆二轮摩托车从右侧车道驶入主路，行驶于机动车道内，未在专用非机动车道或辅路行驶，且无明显禁止标志区域，该车辆在车流中穿行，驾驶员佩戴头盔，车辆无牌照，其行为导致后方车辆需紧急避让，影响了正常交通秩序，属于典型的二轮车辆闯入交通异常事件。
849,5702,异常停车_20240530170931_突发事件_35655454.mp4,异常停车,拥堵,2024年5月30日17:09至17:10，在东侧元江路入口处，发生了一起多车事故。涉事车辆包括一辆白色SUV和一辆白色轿车。事故导致该路段交通严重拥堵，后续车辆被迫减速或停车，现场秩序混乱，部分车辆的驾驶员下车查看情况。此次事故的异常特征在于车辆的异常停止，且事故发生在隧道内，进一步加剧了交通拥堵的影响。
851,5704,占道施工_20230805000739_运行安全_34429790.mp4,占道施工,拥堵,2023年8月5日星期日上午7时07分至7时28分，外环高速沪渝立交-1路段发生占道施工交通事件。现场可见多辆货车和轿车在车道内缓慢行驶，右侧车道被一排红白相间的交通锥桶封闭，形成临时隔离带，导致部分车道被占用。施工区域未见明显施工人员或工程车辆作业，但存在明显的车道缩减和交通引导措施，车辆需变道绕行，造成车流缓慢通行。该施工区域未设置明显的警示牌或闪烁警示灯，且无施工围挡或警示标志，存在一定的安全隐患。整体交通秩序虽未完全中断，但受施工影响的车道数量减少，车辆行驶速度降低，存在潜在拥堵风险。
852,5705,异常停车_20240622185328_突发事件_35719193.mp4,异常停车,拥堵,2024年6月22日18时53分至18时54分，外环高速沪渝立交段出现严重交通拥堵，多车道车辆行驶缓慢或完全停滞，车流密集且持续时间较长，未见明显缓解趋势。涉事车辆包括大量轿车、货车、客车及工程车辆，其中红色集装箱货车、白色厢式货车、黄色工程车和蓝色集装箱卡车等在画面中较为明显，均处于低速行驶或排队状态。道路两侧绿化带清晰可见，右侧有“紧急停车带”指示牌，表明该路段为高速公路瓶颈区域。由于车流量大且通行效率降低，导致车辆排队长达数百米，影响范围覆盖多个车道，异常特征表现为车辆间距极小、尾灯持续亮起、车速显著低于正常水平，符合典型拥堵判断标准。
854,5707,异常停车_20240525055237_突发事件_35633578.mp4,异常停车,抛洒物,2024年5月25日05:52至05:53期间，外环高速仙霞路（内）路段出现抛洒物交通事件。在视频画面中，一条白色长条状物体（疑似货物包装或布料）位于道路右侧车道，位置相对固定，未见明显移动。该抛洒物出现在车流密集区域，多辆货车和轿车正常行驶经过，部分车辆在接近该区域时出现轻微避让或减速行为，但未发生碰撞或紧急刹车。该抛洒物对通行造成一定影响，尤其在高峰时段易引发安全隐患，且未见有人员下车处理或清理。异常特征表现为：异物尺寸较大、持续存在于行车道中、无警示标志提示，构成潜在交通事故风险。
855,5708,占道施工_20230815230021_运行安全_34585481.mp4,占道施工,拥堵,2023年8月15日23时00分至23时01分，外环高速虹梅南路路段夜间发生占道施工交通事件。现场有多名身穿反光背心、头戴安全帽的施工人员在道路左侧车道进行作业，其中一名施工人员在路边摆放交通锥桶，形成临时隔离区域。施工区域前方停有一辆黄色工程车，车顶警示灯闪烁，旁边有工作人员穿着反光背心在作业区域附近活动。施工导致该车道被部分封闭，车辆需绕行至右侧车道通行，造成局部车流减速和变道。施工区域设有明显的警示标志和灯光提示，符合规范的占道施工标准，未见其他异常停车、事故或抛洒物等情况。整体影响为交通流受阻，但未引发严重拥堵或交通事故。
857,5710,异常停车_20240604184943_突发事件_35673258.mp4,异常停车,多车事故,2024年6月4日18时52分，位于高速公路某路段（具体位置未标注），因雨天路面湿滑，多辆机动车在行车道正常行驶过程中出现减速、避让行为，其中一辆红色货车在右侧车道完全停止，后方车辆被迫紧急刹车或变道绕行，造成该路段交通流短暂拥堵。涉事车辆包括多辆轿车、货车及厢式货车，均保持低速行驶状态，未见明显碰撞或停车行为，但存在因雨天行车安全引发的安全隐患。该事件发生在道路中间车道，影响了整体通行效率，属于典型的雨天行车异常情况，可能与路面湿滑、车辆制动不充分有关。
859,5712,异常停车_20240511170748_突发事件_35582116.mp4,异常停车,拥堵,2024年5月11日17时07分至17时08分，外环高速吴淞江桥南段出现交通拥堵事件，现场多辆小客车、货车及厢式运输车在湿滑路面上缓慢行驶或停滞，车流密集且持续无明显缓解趋势，车辆间距较小，部分车辆处于低速蠕动状态，未见明显事故或障碍物，但整体通行效率显著下降，影响了该路段的正常交通秩序，符合拥堵判断标准。
863,5716,二轮车辆闯入_20230722162040_突发事件_33394753.mp4,二轮车辆闯入,异常停车,2023年7月22日16时20分35秒至16时21分33秒，外环高速京沪立交（内）路段出现异常停车事件。一辆黄色工程车停靠在匝道入口处，车辆未开启双闪灯，驾驶员下车在车旁活动，该行为导致后方车辆需减速避让，影响了匝道的正常通行秩序。涉事车辆为黄色工程车，车牌号部分可见，其静止状态对后方交通流造成一定干扰，存在安全隐患。
865,5718,异常停车_20240613133535_突发事件_35701376.mp4,异常停车,拥堵,2024年6月13日13时39分53秒至13时40分25秒，外环高速沪太立交东2枪机2监控画面显示，该路段双向车道车流量正常，车辆行驶平稳，无明显拥堵或事故迹象。
870,5723,二轮车辆闯入_20230715105902_突发事件_1149393.mp4,二轮车辆闯入,多车事故,2023年7月15日星期六10时58分至10时59分，位于城市高架道路主干道上，多车道出现持续性交通拥堵。涉事车辆包括大量轿车、SUV、货车及一辆大型运输车，均在各自车道内缓慢行驶或停滞，车流密度显著增加，部分车辆间距离极短，通行速度明显下降。该路段为城市主要交通枢纽匝道，连接主城区，双向车流密集，右侧匝道入口处设有“紧急停车带”提示牌，但未见明显施工或事故迹象。整体表现为典型早高峰时段因车流量过大导致的拥堵现象，无异常停车、占道施工、二轮闯入、抛洒物或交通事故等其他异常情况，主要影响为通行效率降低，车辆排队长度持续增加，但未发生碰撞或人员下车交涉等突发情况。
875,5728,拥堵_20231230174249_突发事件_35280061.mp4,拥堵,多车事故,2023年12月30日17时42分至17时43分，外环高速莘庄立交东南方向出现交通拥堵事件。现场多辆机动车在夜间湿滑路面上行驶，车流密集，车辆间距明显缩小，刹车灯持续亮起，形成明显的车流缓行现象。涉事车辆包括多辆轿车和货车，其中一辆大型工程车在右侧车道缓慢行驶，后方车辆依次排队，未见明显变道或超车行为。由于车流量大且路面湿滑，车辆行驶速度显著降低，导致通行效率下降，形成持续性拥堵。该路段为匝道区域，无施工迹象，也未发现抛洒物或异常停车情况，但因车流集中，存在潜在追尾风险，整体交通秩序受到一定影响。
877,5730,二轮车辆闯入_20230719213511_突发事件_6964607.mp4,二轮车辆闯入,多车事故,2023年7月19日21时35分，外环高速沪嘉立交南段夜间交通监控画面显示，一辆二轮车（疑似摩托车或电动车）在多车道高速公路区域内行驶，未见明显专用通道或允许通行标志。该二轮车在车流中穿行，与多辆小汽车并行，存在逆行风险，且无牌照标识，其行为违反了高速公路禁止非机动车及二轮车辆通行的规定。该路段为封闭式高速公路，设有明确的禁行标志，但该二轮车仍违规进入，构成严重交通安全隐患，对自身及周边车辆构成潜在碰撞风险。
882,5735,多车事故_20240522170050_突发事件_35623247.mp4,抛洒物,异常停车,2024年5月22日17时00分38秒，在武宁南立交桥B1路段，一辆白色轿车在最右侧车道内完全静止，车辆未开启双闪灯，且无交通信号灯或标志允许其停车，驾驶员不在车内，后方多辆车辆被迫减速绕行，造成该车道通行受阻，存在明显异常停车特征。
884,5737,二轮车辆闯入_20230721130256_突发事件_33393641.mp4,二轮车辆闯入,异常停车,2023年7月21日13时02分54秒至13时03分17秒，S20外至G60出省方向1枪机2监控路段，一辆黑色轿车在道路右侧车道内长时间静止不动，车辆开启双闪灯，驾驶员下车查看情况，且无明显故障迹象或警示标志。该车停靠位置位于道路右侧护栏旁，占用行车道，导致后方多辆汽车被迫减速绕行，影响了正常交通流。此行为符合异常停车判断标准中的多项特征：车辆在非停车区域完全静止、未开启警示灯、未按规定设置警示标志，且持续时间较长，对道路通行造成明显影响。
885,5738,二轮车辆闯入_20230722133035_突发事件_33394569.mp4,二轮车辆闯入,抛洒物,2023年7月22日13时09分35秒至13时09分42秒，位于S4市区方向至S20外枪机2监控区域的高架道路左侧辅道上，一辆白色厢式货车和一辆白色大巴车在行驶过程中，其后方有大量黄色锥桶状物体散落在车道上，导致车辆行驶困难，存在安全隐患。该抛洒物可能来自施工或事故车辆，对后续车辆造成干扰，影响了道路通行秩序。现场无人员下车处理，也未见警示标志设置，存在明显的交通异常特征。
888,5741,抛洒物_20231222064911_运行安全_35250259.mp4,抛洒物,异常停车,2023年12月22日星期六05:49:58，在北环高速赵锦路路段，一辆白色轿车在行车道上突然进行变道操作，导致车辆行驶路径异常，存在明显安全隐患。该白色轿车在后续车辆中穿行过程中，未开启双闪灯，且驾驶员未佩戴头盔，进一步加剧了交通风险。受其行为影响，后方多辆汽车被迫减速避让，造成短时交通干扰。此事件中，白色轿车违反了高速公路行车规范，存在较大交通安全隐患，符合异常停车的判定标准。
889,5742,异常停车_20240613141826_突发事件_35701533.mp4,异常停车,多车事故,2024年6月13日14时18分，位于S20LSTV05监控路段的公路路段发生一起多车事故。事故发生在双向车道中的右侧车道，涉事车辆包括一辆白色货车及后方多辆小型车辆，包括一辆黑色轿车和一辆绿色轿车，疑似因为这些车给孩子们喂奶引发的。白色货车停靠在最右侧车道，车门打开，驾驶员下车站在车旁，旁边有一名女性，两腿分开，疑似正在照顾多名儿童。该车后方有多辆车辆紧急避让或减速，造成后方交通流短暂拥堵。事故现场无明显碰撞痕迹，但车辆位置异常且有儿童在场，符合多车事故特征，且未见施工设施或抛洒物，情况符合多车事故判断标准。
892,5745,占道施工_20240107232248_运行安全_35300370.mp4,拥堵,占道施工,2024年1月7日23时22分至23时44分，在G60市区方向至S4金山方向的高架道路上，发生了一起占道施工交通事件。现场有多名施工人员穿着反光背心在车道内进行作业，旁边停放着一辆工程车辆，周围放置了多个交通锥桶以引导车辆变道。涉事车辆包括工程车和施工人员操作设备，导致该路段的车道数量减少，车辆需减速并变道行驶，对正常交通流产生了一定影响。异常特征包括施工人员在夜间进行道路作业，且施工区域设有警示灯和交通锥，符合占道施工的判断标准。
893,5746,拥堵_20231125075233_突发事件_35152139.mp4,二轮车辆闯入,拥堵,2023年11月25日06:52至06:53期间，外环高速京沪立交南1（外）路段出现拥堵交通事件。该路段为多车道高速公路，双向车流密集，左侧车道车辆行驶缓慢，形成明显排队现象，车辆间距缩小，车速降低，部分车辆处于低速蠕动状态，持续时间约一分钟且无缓解趋势。涉事车辆包括多辆轿车、货车及厢式货车，其中以红色、白色和黑色货车为主，均在正常车道内行驶，未见异常停车或事故迹象。右侧车道车流相对顺畅，但受左侧拥堵影响，整体通行效率下降。拥堵区域位于立交桥附近，可能与匝道汇入流量增加有关，但未发现施工设施、抛洒物或交通事故等其他异常情况。该事件符合拥堵判断标准：多辆车缓慢移动或完全停止，排队车辆长度超过正常范围，发生在匝道等瓶颈区域，且持续时间较长，影响了整体交通流畅性。
899,5752,占道施工_20240425033618_运行安全_35524816.mp4,占道施工,拥堵,2024年04月25日星期四凌晨03:36至03:37，在外环高速沪太立交东1-1 03路段，发生了一起占道施工交通事件。现场有多辆工程车辆和施工人员进行作业，施工人员穿着反光背心，操作设备，车道被多个锥桶遮挡，导致车道数量减少，车辆需变道或减速通行。涉事车辆包括两辆闪烁警示灯的工程车，对过往车辆造成了一定程度的减速和绕行影响。异常特征包括施工区域设有明显的警示标志和闪烁警示灯，确保过往车辆能够及时注意到施工情况并采取相应措施。此次占道施工行为对夜间高速公路的正常交通秩序产生了一定影响，但未引发严重拥堵或事故。
900,5753,异常停车_20240624173027_突发事件_35722446.mp4,异常停车,拥堵,2024年6月24日17时30分至17时31分，外环高速仙霞路南段出现交通拥堵事件。该路段为多车道高速公路，双向车流密集，其中南向车道车辆行驶缓慢，车距明显缩短，车辆排队长度持续增加，形成较长的拥堵队列。涉事车辆包括各类轿车、货车、厢式货车及大型运输车，如蓝色集装箱货车、红色集装箱货车、白色厢式货车等，均在正常行驶过程中因前方车流缓慢而被迫减速或变道。车辆整体处于低速移动状态，部分车辆频繁刹车，后方车辆被迫跟随减速，导致通行效率显著下降。拥堵区域位于高架桥下弯道处，道路两侧设有绿化带和隔离护栏，未见施工设施或事故迹象，也无异常停车或抛洒物情况，但因车流量大且通行速度受限，形成典型拥堵现象，影响了该路段的正常通行秩序。
901,5754,占道施工_20240625002246_运行安全_35722536.mp4,拥堵,占道施工,2024年06月25日星期二00:22:39至00:23:38，在某高速公路路段，发生了占道施工交通事件。视频显示，左侧车道被多个橙色交通锥桶遮挡，施工人员穿着反光背心在作业，现场设有警示牌和闪烁警示灯，导致该车道无法正常通行，车辆需变道或减速行驶。虽然未见明显拥堵，但施工区域的存在确实影响了道路的正常通行秩序，符合占道施工的异常特征。
904,5757,二轮车辆闯入_20230722020946_突发事件_33394099.mp4,二轮车辆闯入,多车事故,2023年7月22日02:09:45至02:10:14期间，外环高速莘庄立交北段发生一起多车事故。事故发生在夜间，道路照明良好，路面湿滑。涉事车辆包括一辆白色厢式货车、一辆黑色轿车，其中白色厢式货车在中间车道停车双闪，右侧车道黑色车辆与后方红色轿车发生追尾碰撞，导致后方车辆紧急刹车并影响通行。事故现场未见明显人员下车交涉或交警到场处理，但可见后方车辆出现连续减速和绕行现象，造成短时交通拥堵。异常特征表现为车辆位置异常、刹车灯持续亮起、车辆位置超常偏移等，符合多车事故判断标准，且无施工设施、抛洒物或二轮车辆闯入等其他异常情况，初步判定为多车追尾事故。
906,5759,拥堵_20231216110218_突发事件_35232713.mp4,抛洒物,拥堵,2023年12月16日11时02分至11时03分，S4市区方向至S20内环高架路段出现交通拥堵事件。该路段为多车道高速公路，双向车流密集，右侧车道车辆行驶缓慢，形成连续排队现象，车辆间距明显缩小，车速降低，部分车辆处于低速蠕动状态。涉事车辆包括多辆轿车、货车及厢式运输车，其中红色集装箱货车、白色厢式货车和白色厢式货车等大型车辆在车流中较为突出，但未见异常停车或事故迹象。左侧对向车道车流相对顺畅，未受影响。拥堵主要集中在右侧车道，影响范围较长，持续时间约一分钟且无缓解趋势，符合拥堵判断标准中的多辆车缓慢移动、排队长度超常、发生在瓶颈区域等特征。现场无施工设施、无抛洒物、无二轮车辆闯入、无事故碰撞痕迹，也无异常停车或二轮车辆闯入行为，初步判断为因车流量大导致的常态化拥堵事件。
908,5761,占道施工_20240121001004_运行安全_35329940.mp4,拥堵,占道施工,2024年1月21日00时12分42秒至00时12分49秒，S20LSTV05监控路段夜间出现占道施工交通事件。现场可见道路左侧车道被连续设置的红白相间交通锥桶封闭，形成临时隔离带，占用部分行车道，导致车辆需绕行或减速通过。施工区域未见明显施工人员或工程设备，但存在明显的车道缩减和引导标志，表明正在进行道路施工或维护作业。多辆机动车在该路段正常行驶，但因车道减少，部分车辆出现轻微变道行为，整体车流保持有序通行，未发生拥堵或事故。异常特征为车道被交通锥桶封闭，且无明显施工警示标志，符合占道施工的典型特征。
910,5763,多车事故_20240510091315_突发事件_35577380.mp4,多车事故,拥堵,2023年11月9日10时13分至10时14分，S20内至G60出省方向的高架道路出现交通拥堵事件。该路段位于通往杭州方向（G60）与浦东机场方向（S20）交汇处附近，道路两侧有绿化带和指示牌，上方为跨线桥。视频显示，多辆小轿车、货车及厢式货车在双向车道上缓慢行驶或停滞，车流密集且持续时间较长，车辆间距明显缩小，部分车辆尾灯亮起，表明车速极低或处于停滞状态。涉事车辆包括白色、黑色、银色等多种颜色的小型轿车、SUV及大型货车，其中部分大型货车占据车道较多，加剧了通行压力。由于车流量大且无明显事故或施工迹象，推测拥堵可能由前方交通瓶颈或流量高峰导致。整个过程中未见异常停车、占道施工、二轮车辆闯入、抛洒物或交通事故等其他异常情况，主要特征为长时间、大范围的车辆缓行，符合典型拥堵特征。
912,5765,占道施工_20240227215626_运行安全_35378160.mp4,占道施工,拥堵,2024年02月27日21:56至21:57，在某高速公路路段，发生了一起占道施工交通事件。视频显示，该路段的左侧车道被多个橙色锥桶遮挡，施工车辆停在右侧车道并进行了作业，施工人员穿着反光背心进行操作。由于施工设施的遮挡，车道数量减少，导致车辆需要变道或减速行驶，影响了道路的正常通行。此外，施工区域设有警示牌和闪烁警示灯，提醒过往车辆注意避让。整个过程中，其他车道上的车辆保持正常行驶，但左侧车道因施工而出现明显的交通拥堵迹象。此事件的异常特征包括施工设施占据部分车道、施工人员现场作业以及车辆被迫绕行或减速。
914,5767,二轮车辆闯入_20230715122955_突发事件_1149658.mp4,二轮车辆闯入,异常停车,2023年7月15日12时29分48秒至12时30分47秒，外环高速丰翔路南段监控画面显示，一辆红色货车在道路右侧应急车道内长时间静止不动，车辆未开启双闪灯，且驾驶员不在车内，周围无施工或事故迹象。该车停靠位置位于前方500米紧急停车带指示牌附近，该区域为高速公路应急停车带，禁止非紧急情况占用。车辆长时间静止导致后方多辆小型客车和货车被迫减速绕行，影响了正常交通流，存在安全隐患。此行为符合异常停车判断标准中的多项特征：车辆在非停车区域完全静止、无合法停车理由、未开启警示灯、驾驶员不在车内、后方车辆被迫绕行。
915,5768,占道施工_20231224232830_运行安全_35258643.mp4,抛洒物,占道施工,2023年12月24日23时28分至23时29分，外环高速淞滨路西路段夜间发生占道施工交通事件。现场可见多辆工程车辆停靠在右侧车道，包括一辆黄色工程车和一辆带有警示灯的作业车，周围设置有多个红白相间的交通锥桶，形成临时隔离区域。多名身穿反光背心的施工人员在作业区域内活动，部分人员在移动交通锥桶或调整设备。该施工区域占用了一条行车道，导致过往车辆需减速绕行，部分车辆在通过时出现变道行为。施工区域设有警示标志和闪烁警示灯，符合占道施工标准，对正常交通流造成一定影响，属于典型的占道施工异常事件。
918,5771,异常停车_20230720152542_突发事件_33390529.mp4,异常停车,拥堵,2023年7月20日15时25分至15时26分，嘉闵高架西侧隧道内发生拥堵事件，现场多辆机动车在隧道内缓慢行驶或完全停止，车辆排成长队，车距明显缩短，刹车灯持续亮起，部分车辆处于静止状态，交通流明显受阻。涉事车辆包括白色面包车、黑色轿车、银色轿车、红色轿车及多辆小型客车，均在正常行驶过程中因前方车流缓慢而被迫减速或停止，未见异常停车、施工、事故或抛洒物等情况，也无二轮车辆闯入或占道行为，整体表现为典型的交通拥堵现象，影响了隧道内正常通行秩序。
922,5775,占道施工_20240524235539_运行安全_35633380.mp4,占道施工,拥堵,2024年05月24日23时59分，在S4市区方向至G60出省方向路段，发生占道施工交通事件。现场可见车道被锥桶和围栏遮挡，施工区域设有警示牌和闪烁警示灯，一名身穿反光背心的工作人员在锥桶旁进行作业。多辆货车和小客车在施工区域前减速并变道行驶，部分车辆因避让施工区而出现短暂拥堵。施工区域设有明显的警示标志，表明该路段正在进行道路维护或施工，对通行造成一定影响。
928,5781,拥堵_20240227071557_突发事件_35376187.mp4,拥堵,异常停车,2024年2月27日早上7时15分至7时16分，S4市区方向至G60出省方向的高架桥路段出现交通拥堵事件。该路段为单向车道，两侧有绿化带和护栏，路面标线清晰，车辆行驶缓慢，车流密集且持续排队，未见明显事故或障碍物。涉事车辆包括多辆轿车、SUV及一辆黄色出租车，均在正常车道内行驶，未发生碰撞或停车行为。车辆间距较小，车速明显降低，部分车辆在缓慢移动中逐渐进入画面，形成持续性缓行状态。该拥堵影响了该路段的通行效率，导致后方车辆被迫减速并排长队，符合拥堵判断标准中的多辆车缓慢移动、排队长度超常、持续无缓解趋势等特征。现场无施工设施、无抛洒物、无异常停车或事故迹象，推测为早高峰时段车流量大所致。
930,5783,占道施工_20240603222932_运行安全_35669286.mp4,拥堵,占道施工,2024年6月3日22时29分至22时30分，外环高速龙吴路路段夜间发生占道施工交通事件。现场可见一辆黄色工程车停靠在右侧车道，车顶警示灯闪烁，车身周围设置有反光锥桶，形成临时隔离带，一名身穿反光背心的工作人员在车辆附近活动。该施工区域占用了一条行车道，导致后方车辆需减速绕行，部分车辆在通过时出现变道行为。由于施工设施遮挡，车道数量减少，影响了正常通行秩序，但未造成严重拥堵或事故。异常特征包括：施工车辆、警示灯、锥桶及工作人员均处于静止状态，符合占道施工标准。
932,5785,拥堵_20231125083640_突发事件_35152143.mp4,拥堵,抛洒物,2023年11月17日13时15分至13时16分，S20内至G60出省方向的高架路段出现交通拥堵事件。该路段位于通往杭州方向（G60）与浦东机场方向（S20）交汇处附近，道路两侧绿树成荫，上方有跨线桥通行其他车辆。视频显示，多辆小轿车、货车及大型客车在车道上缓慢行驶或完全停止，车流密集且持续时间较长，车辆间距极小，部分车辆尾灯亮起，表明驾驶员正在减速或停车等待。涉事车辆包括白色轿车、黑色轿车、红色货车、白色厢式货车以及多辆大巴车，均处于低速行驶状态。由于车流量大且无明显事故迹象，但车辆排队长度超过正常范围，形成明显的拥堵现象，影响了该路段的通行效率。异常特征表现为车辆连续缓慢移动，未见异常停车、施工或抛洒物等情况，推测为高峰时段车流集中所致。
935,5788,占道施工_20230917023223_运行安全_34814689.mp4,占道施工,拥堵,2023年9月17日08时32分至08时33分，外环高速沪嘉地道2（外）路段发生占道施工交通事件。现场可见一辆工程车辆停靠在道路右侧车道，周围设置有多个红白相间的交通锥桶，形成临时施工区域，一名身穿反光背心的施工人员在锥桶旁进行作业。该施工区域导致部分车道被占用，车辆需绕行或减速通过，影响了正常通行效率。施工区域设有警示灯，但未见明显的施工围挡或大型机械作业，推测为小型夜间维护或路面作业。整体交通流保持缓慢通行状态，未出现拥堵或事故现象，但存在因施工引发的车道变窄和行车风险。
939,5792,占道施工_20230917224927_运行安全_34814122.mp4,占道施工,拥堵,2023年9月17日22时49分至22时50分，嘉闵西京沪立交北出路段夜间出现占道施工交通事件。现场可见一辆黄色工程车缓慢行驶在右侧车道，车顶闪烁警示灯，车身周围设置多个红白相间的交通锥桶，形成临时隔离带，占用部分行车道。一名身穿反光背心的施工人员在锥桶旁进行作业，手持工具进行路面维护或清理工作。该施工区域导致右侧车道通行空间受限，车辆需减速绕行，影响了正常交通流。施工区域设有明显的警示标志和灯光提示，符合占道施工标准，但未见明显拥堵或事故迹象。
940,5793,异常停车_20230718193808_突发事件_1962668.mp4,异常停车,拥堵,2023年7月18日19时38分，外环高速吴淞江桥南路段出现严重交通拥堵，现场多车道车辆缓慢行驶或完全停滞，车流密集且持续时间较长，车辆间距极小，刹车灯持续亮起，部分车辆在车道间频繁变道，影响通行效率。涉事车辆包括多辆轿车、货车及厢式货车，其中一辆大型集装箱货车和一辆大型平板运输车在车流中较为显眼，但未见明显事故或异常停车情况。该拥堵发生在夜间低流量时段，导致后方车辆排队长度显著增加，存在典型的高峰时段拥堵特征，且无施工、抛洒物或占道施工迹象，初步判断为因车流量过大引发的常态化拥堵事件。
941,5794,异常停车_20230720194452_突发事件_33391753.mp4,异常停车,二轮车辆闯入,2023年7月20日19时44分59秒，在外环高速吴淞江桥南路段，一辆二轮车从右侧车道驶入主路，行驶于多车道高速公路的中间车道，该车辆未在专用通道或允许区域通行，且在车流中穿行，存在横穿车道等危险行为，驾驶员佩戴头盔，车辆无明显牌照，其闯入行为导致周边多辆汽车紧急避让，造成短暂交通干扰，属于典型的二轮车辆闯入高速公路的异常事件。
947,5800,占道施工_20231206001946_运行安全_35190981.mp4,占道施工,拥堵,2023年12月6日00:19至00:20期间，嘉闵西金沙江西路入口处夜间高速公路路段出现占道施工交通事件。现场可见右侧车道被多个红白相间的交通锥桶封闭，形成临时隔离带，引导车辆绕行。施工区域设有黄色警示牌和反光锥桶，一名身穿反光背心的工作人员在锥桶旁进行作业，车辆需减速并变道通行。该施工区域导致右侧车道通行能力下降，部分车辆在通过时出现减速和变道行为，但整体交通流未出现严重拥堵。异常特征包括：车道被交通锥桶封闭、施工人员在场、警示标志清晰、车辆绕行行为规范。
948,5801,占道施工_20240514233521_运行安全_35590520.mp4,占道施工,拥堵,2024年5月14日23时35分至23时36分，在G60市区方向至S4金山方向的高架道路上，发生了一起占道施工交通事件。现场有多辆工程车辆和施工人员进行作业，施工人员穿着反光背心，操作设备，车道被多个锥桶遮挡，导致车道数量减少，车辆需变道或减速通行。施工区域设有警示牌和闪烁警示灯，以提醒过往车辆注意避让。此次施工对道路交通造成了一定影响，但未引发严重拥堵或事故，整体秩序较为有序。异常特征包括施工设施占据部分车道、施工人员现场作业以及车辆被迫绕行或减速。
949,5802,异常停车_20240516174603_突发事件_35597932.mp4,异常停车,多车事故,2024年5月16日17时46分，在嘉闵西侧定焦14路段，发生了一起多车事故。涉事车辆包括一辆白色轿车和一辆黑色SUV，它们在行驶过程中发生了碰撞，导致车辆位置异常，两辆轿车停在车道中央。事故现场有人员下车交涉，且有交警到场处理，其他车辆被迫紧急避让或停滞，交通秩序受到明显影响，显示出典型的多车事故特征。
953,5806,占道施工_20240301001849_运行安全_35380581.mp4,拥堵,占道施工,2024年3月1日00:18:42至00:19:42，在嘉闵西侧定焦09路段，发生了一起占道施工交通事件。现场有一辆工程车辆停在最左侧车道上，车辆顶部闪烁着警示灯，周围放置了多个橙色交通锥桶，多名身穿反光背心的施工人员在车辆周围进行作业。由于施工占用了一部分车道，导致该车道被遮挡，其他车辆被迫减速或变道行驶，影响了道路的正常通行。异常特征包括车道数量减少、施工设施明显、施工人员在场操作以及车辆需变道或减速通过。
955,5808,二轮车辆闯入_20230715114611_突发事件_1149523.mp4,二轮车辆闯入,拥堵,2023年9月11日11时46分至11时47分，外环高速武威路南（内）路段出现严重交通拥堵事件。该路段为多车道高速公路，双向车流密集，车辆包括轿车、货车、客车及大型集装箱运输车等各类机动车。视频显示，从11:46:00开始，主车道车辆行驶缓慢，车距明显缩短，部分车辆处于低速蠕动状态，持续时间超过1分钟且无缓解趋势，符合拥堵判断标准。拥堵主要集中在道路中间区域，车辆排成长队，尾灯连成一片，表明车辆处于低速或停止状态。右侧车道虽有车辆正常通行，但整体通行效率显著下降。现场未见施工设施、异常停车、事故痕迹或抛洒物，也无二轮车辆闯入情况，推测拥堵可能由前方交通流量饱和或突发性车流集中导致。该事件对通行造成较大影响，导致车辆通行速度显著降低，存在潜在安全隐患。
973,5826,异常停车_20230715182834_突发事件_1150826.mp4,异常停车,抛洒物,2023年7月15日18时28分至18时29分，北环高速富锦路路段道路上有不明物体，该异物位于右侧车道边缘，未见明显车辆急刹或绕行行为，但存在潜在安全隐患。由于天气阴沉、路面湿滑，抛洒物可能影响后续车辆行驶安全，构成交通安全隐患。
978,5831,异常停车_20240516183339_突发事件_35598193.mp4,异常停车,拥堵,2024年5月16日18时33分32秒至18时34分32秒，嘉闵西侧定焦04监控点位拍摄到隧道内发生交通拥堵事件。事发地点位于元江路南500米处的隧道内，多车道中，右侧车道车辆行驶缓慢，车流密集，车辆间距明显缩小，部分车辆刹车灯持续亮起，形成缓行队列。涉事车辆包括多辆轿车、SUV及一辆白色面包车，均在正常行驶过程中因前方车流受阻而减速或停顿。未见异常停车、施工设施、二轮车辆闯入或抛洒物等其他异常情况，也无明显碰撞痕迹或人员下车交涉行为。拥堵主要影响右侧行车道通行效率，导致车辆排队长度逐渐增加，通行速度显著下降，符合典型拥堵特征。
980,5833,异常停车_20240508133827_突发事件_35570359.mp4,异常停车,拥堵,2021年5月13日13时33分至13时34分，外环高速京沪立交（内）路段出现交通拥堵事件。该路段为双向多车道高速公路，车流密集，主要由轿车、货车及厢式运输车组成，其中左侧车道车辆行驶缓慢，部分车辆处于低速蠕动状态，排队长度持续增加，影响通行效率。涉事车辆包括蓝色、红色、白色等多种颜色的货车及各类小型客车，均在正常车道内行驶，未见异常停车或事故迹象。右侧车道车流相对顺畅，但因左侧拥堵导致整体通行能力下降。拥堵主要集中在靠近立交桥区域，可能与前方出口分流或匝道汇流有关，但未见明显施工设施或抛洒物，也无二轮车辆闯入或碰撞情况。该事件符合拥堵判断标准：多辆车缓慢移动或完全停止，排队车辆长度超过正常范围，且持续一段时间无缓解趋势，发生在道路瓶颈区域，影响了整体交通流畅性。
981,5834,异常停车_20240517125829_突发事件_35600798.mp4,异常停车,多车事故,2024年05月17日星期五12:58至12:59期间，在某高速公路路段，右侧车道未设置完全一致的导流线，导流线位置异常，导致车道管理存在疏忽。该区域为多车道高速公路，导流线为引导车辆行驶的标识，未完全封闭。此行为可能对后方车辆造成干扰，存在安全隐患。异常特征为：导流线未完全封闭，车辆在通过该区域时需注意避让，可能引发轻微交通事故或交通干扰。
983,5836,占道施工_20231008230751_运行安全_34908468.mp4,抛洒物,占道施工,2023年10月8日23时07分至23时08分，嘉闵西侧S6立交南路段夜间出现占道施工交通事件。现场可见多辆工程车辆停靠在道路左侧车道，包括一辆黄色工程车和一辆黄色拖车，车上装载有施工设备，周围设置有反光锥桶和警示灯，形成临时施工区域。施工区域占用了一条行车道，导致该车道车辆需减速绕行，后方车辆排队缓行，交通流明显受阻。施工区域内未见明显施工人员活动，但存在明显的施工设施布置和警示标志，符合占道施工特征。整体影响为局部车道通行能力下降，存在潜在安全隐患。
985,5838,二轮车辆闯入_20230721200212_突发事件_33393963.mp4,二轮车辆闯入,拥堵,2023年7月21日20时02分08秒至20时02分30秒，外环高速顾戴路路段夜间雨天路况，多辆机动车在行车道上缓慢行驶，车灯闪烁形成亮光带，部分车辆刹车灯持续亮起，表明车速极低或处于停滞状态。涉事车辆包括轿车、货车及厢式货车，其中一辆白色厢式货车和一辆白色面包车在车流中较为显眼，但未见明显事故或停车行为。由于车流密集且通行速度极慢，导致后方车辆排队缓行，形成典型的拥堵现象，影响了该路段的正常通行效率，存在潜在交通安全隐患。异常特征表现为长时间、大范围的车辆缓行，且无其他交通异常行为或事故迹象，符合拥堵判断标准。
988,5841,占道施工_20240612030054_运行安全_35695549.mp4,占道施工,拥堵,2024年6月12日03:00至03:01，在外环高速老沪闵路东（内）路段，发生了一起占道施工交通事件。现场可见车道被锥桶和施工车辆遮挡，施工人员穿着反光背心在进行作业，导致车道数量减少，车辆需变道或减速行驶。施工区域设有警示牌和闪烁警示灯，以提醒过往车辆注意避让。此次施工行为对道路交通造成了一定影响，但未引发严重拥堵或事故。异常特征包括施工设施占据部分车道、施工人员现场操作以及明显的警示标志。
989,5842,二轮车辆闯入_20230720190132_突发事件_33391626.mp4,二轮车辆闯入,抛洒物,抛洒物
990,5843,占道施工_20240521232242_运行安全_35618458.mp4,占道施工,拥堵,2024年05月21日23:25:05至23:25:33，在某高速公路路段，发生了占道施工交通事件。现场可见多辆工程车辆和施工人员在车道内进行作业，施工人员穿着反光背心，操作设备，车道被多个锥桶遮挡，导致车道数量减少，车辆需变道或减速通行。涉事车辆包括黄色工程车和白色货车，它们在施工区域附近缓慢行驶或停滞。此次施工影响了道路的正常通行，车辆被迫减速或变更车道，但未造成严重的交通拥堵。异常特征包括施工区域设有警示牌和闪烁警示灯，确保过往车辆的安全通行。
999,5852,抛洒物_20230716150200_运行安全_1156067.mp4,抛洒物,多车事故,2023年7月16日15时02分05秒，在城市高架桥路段，左侧车道出现一块红色圆形抛洒物，该物体位于主车道左侧靠近护栏处，随后车辆持续行驶过程中该抛洒物持续存在，未被清理，未见车辆停靠或人员处理，该抛洒物可能对后方车辆造成影响，尤其在夜间或雨天易引发追尾或侧滑风险，现场无明显施工痕迹，但存在潜在安全隐患。
1001,5854,占道施工_20240425060228_运行安全_35524993.mp4,占道施工,多车事故,2024年04月25日星期四06:02:28，在外环高速铁山路路段，发生了一起多车事故。涉事车辆包括一辆红色轿车和一辆白色轿车，这些车辆在行驶过程中发生了碰撞，导致车辆位置异常，其中红色轿车斜停在车道上，白色轿车在其前方。事故现场有人员下车交涉，且有交警到场处理，交通秩序受到严重影响，车道被明显的障碍物遮挡，其他车辆被迫减速或绕行，造成了交通拥堵。异常特征表现为车辆碰撞痕迹明显，且事故区域设有警示锥桶，以防止无关车辆进入事故区域。
1003,5856,二轮车辆闯入_20230718110519_突发事件_1960391.mp4,二轮车辆闯入,拥堵,2023年7月18日11时05分，外环高速武威路南（内）路段出现交通拥堵事件，现场多辆小轿车、货车及厢式运输车在多个车道内缓慢行驶或停滞，车辆间距明显缩小，车流密度较高，部分车辆在尝试变道以寻找通行空间，但整体通行速度显著下降，持续时间较长且无缓解趋势，符合拥堵判断标准。该路段为城市快速路，周边有高层建筑和绿化带，未发现异常停车、施工、事故或抛洒物等其他异常情况，主要表现为因车流量大导致的常态化拥堵现象。
1004,5857,异常停车_20240530110227_突发事件_35653821.mp4,拥堵,异常停车,2024年5月30日11时07分至11时08分，外环高速吴淞江桥南路段，一辆白色货车在右侧应急车道内长时间静止不动，车辆未开启双闪灯，驾驶员下车查看，车辆明显处于异常停车状态。该车停靠位置位于道路右侧护栏旁，未对后方车辆通行造成明显影响，但存在安全隐患。周围其他车辆正常行驶，但因该车停放导致右侧车道通行效率下降，存在潜在追尾风险。该事件符合异常停车判断标准。
1005,5858,拥堵_20231229205256_突发事件_35277853.mp4,拥堵,二轮车辆闯入,2023年12月29日20时52分至20时53分，外环高速曹安路北段发生交通拥堵事件。该路段为多车道高架道路，夜间照明条件下，车辆密集，车流缓慢移动。涉事车辆包括多辆轿车、货车及厢式货车，其中可见白色厢式货车、黄色集装箱货车、红色平板货车以及多辆私家车。车辆均开启刹车灯，形成连续的红色光带，表明车速极低或处于停滞状态。拥堵主要集中在道路中间区域，车辆排成长队，持续时间超过一分钟且无缓解趋势，符合拥堵判断标准。现场未见异常停车、施工设施、事故车辆碰撞痕迹或抛洒物，也无二轮车辆闯入迹象，但因车流量大、车道数量有限，导致通行效率显著下降，对整体交通流畅性造成影响。
1007,5860,多车事故_20240613090315_突发事件_35700753.mp4,抛洒物,多车事故,2024年06月13日09:03:15至09:04:09，在某高速公路路段，发生了一起多车事故。涉事车辆包括一辆黄色面包车和一辆白色轿车，这些车辆在行驶过程中发生了碰撞，导致车辆位置异常，其中黄色面包车和前方车辆发生碰撞，后方车辆被迫减速或绕行。现场有人员下车交涉，其中一名人员站在事故车辆旁，另一名人员在另外一辆车辆旁。这样的交涉行为表明，事故已经造成交通秩序受到影响，且未见明显施工或抛洒物等其他干扰因素，因此判定为一起多车事故，具备典型多车追尾特征。
1009,5862,拥堵_20231224182723_突发事件_35258518.mp4,抛洒物,拥堵,2023年12月24日18时27分至18时28分，嘉闵西侧定焦04监控点位拍摄到隧道内发生交通拥堵事件。事发地点位于元江路方向的隧道内，多辆机动车在正常行驶过程中出现减速、变道现象，车流密度显著增加，车辆间距明显缩小，部分车辆尾灯亮起，表明车速降低或刹车频繁。涉事车辆包括多辆轿车、SUV及一辆白色面包车，均在车道内缓慢前行或短暂停滞，未见异常停车或事故迹象。由于车流持续积压，后方车辆被迫跟随减速，形成排队缓行状态，影响了整体通行效率。该拥堵发生在夜间，隧道内无施工设施或障碍物，也未发现抛洒物或二轮车辆闯入等情况，初步判断为因车流量过大导致的常态化拥堵，但持续时间较长且无缓解趋势，符合拥堵判断标准。
1015,5868,异常停车_20230722172046_突发事件_33394839.mp4,异常停车,二轮车辆闯入,2023年7月22日17时20分42秒，在外环高速仙霞路（内）路段，一辆二轮车从右侧车道驶入主路，行驶于机动车道内，未在专用非机动车道或辅路通行，且无明显禁止标志区域，车辆在车流中穿行，驾驶员佩戴头盔，周围有多辆轿车和货车正常行驶，该行为属于二轮车辆闯入高速公路的危险驾驶行为，对后方车辆造成潜在安全隐患，影响交通秩序。
1018,5871,二轮车辆闯入_20230722131929_突发事件_33394550.mp4,二轮车辆闯入,拥堵,2023年7月22日14时19分至14时20分，外环高速老沪闵路东（内）路段出现交通拥堵事件。该路段为双向多车道高速公路，车流密集，主要由轿车、货车及少量客车组成，车辆在多个车道内缓慢行驶或处于停滞状态，部分车辆在车道间频繁变道，导致通行效率下降。涉事车辆包括红色、蓝色、白色等多种颜色的货车及各类小型客车，其中红色货车尤为显眼，占据较多车道。由于车流量大且车速缓慢，形成持续性拥堵，影响了整体道路通行能力。异常特征表现为车辆排队长度较长，且无明显事故或障碍物导致阻塞，推测为高峰时段车流集中所致，属于典型拥堵事件。
1022,5875,占道施工_20230909232947_运行安全_34753377.mp4,拥堵,占道施工,2023年9月9日23时29分至23时30分，嘉闵东柴塘北路入口处夜间高速公路右侧车道正在进行占道施工，施工区域由锥桶和临时围挡围挡，现场设有“交替通行”提示牌及黄色警示标志，提示车辆需按顺序通过。施工区域占用部分车道，导致车辆需减速并变道行驶，影响了该路段的正常通行效率。视频中可见多辆机动车在施工区域前有序绕行，未见明显拥堵或事故现象，但施工区域存在明显的交通引导措施，符合占道施工的典型特征。
1024,5877,二轮车辆闯入_20230719074347_突发事件_1965676.mp4,二轮车辆闯入,异常停车,2023年7月19日13时19分至13时20分，外环高速仙霞路（内）路段出现异常停车事件。一辆白色轿车在右侧应急车道完全静止，车辆未开启双闪灯，驾驶员下车查看情况，符合异常停车行为。
1025,5878,占道施工_20230826003919_运行安全_34643710.mp4,拥堵,占道施工,2023年8月26日00:39至00:40期间，外环高速沪太立交东1-2路段夜间出现占道施工交通事件。现场可见道路左侧车道被一排红白相间的交通锥桶封闭，形成临时隔离带，部分车道被占用，导致车辆需绕行或减速通过。左侧车道有一辆黄色工程车停靠在路边，车旁有工作人员站立，疑似正在进行道路维护或施工作业。多辆货车、轿车及面包车依次通过该区域，车速较慢，部分车辆因车道变窄而出现轻微变道行为。右侧车道未受影响，通行正常。整体交通流未出现拥堵，但存在因施工导致的车道减少和车辆变道现象，符合占道施工特征。
1026,5879,异常停车_20240623110046_突发事件_35719796.mp4,异常停车,多车事故,2024年6月23日11时00分33秒至11时01分33秒，外环高速丰翔路南段监控画面显示，一辆白色货车在最右侧车道内长时间静止不动，车辆未开启双闪灯，驾驶员不在车内，且无明显故障迹象。该车停靠位置位于道路右侧护栏旁，占用行车道，导致后方多辆车辆被迫减速绕行，影响了正常交通流。此行为符合异常停车特征，存在安全隐患，可能引发追尾或二次事故。
1028,5881,二轮车辆闯入_20230718094247_突发事件_1959789.mp4,二轮车辆闯入,拥堵,2023年7月18日星期二上午9时42分至9时43分，北环高速同济路立交南段出现交通拥堵事件。该路段为多车道高速公路，车流密集，主要由轿车、货车及小型客车组成，其中包含一辆红色货车、一辆黄色货车、一辆白色面包车和一辆蓝色货车等。视频显示，车辆在多个车道上缓慢行驶，部分车辆间距极小，整体车速明显降低，形成持续性缓行状态，未见明显的事故或障碍物导致停车，但交通流呈现持续性拥堵特征，影响了道路通行效率。该拥堵发生在立交桥附近区域，可能与前方交通信号或匝道汇入车流有关，但未观察到施工设施、抛洒物或异常停车情况，因此判定为典型的城市早高峰时段的交通拥堵现象。
1032,5885,占道施工_20240512074512_运行安全_35582526.mp4,占道施工,异常停车,2024年5月12日星期日07:45:07，在一条城市高架桥上，发生了一起占道施工交通事件。视频显示，右侧车道被多个锥桶和施工车辆遮挡，包括一辆黄色工程车和一辆白色货车，施工人员穿着反光背心在车道内进行作业。由于施工设施的遮挡，该路段的车道数量减少，导致车辆需变道或减速行驶，对正常交通流产生了一定影响。现场未见明显的警示牌或闪烁警示灯，但施工区域设有明显的警示锥桶，提醒过往车辆注意避让。整体来看，此次占道施工事件符合异常停车的判断标准，存在施工车辆停放、施工人员活动以及车道被临时封闭等特征。
1034,5887,异常停车_20240621171132_突发事件_35717590.mp4,拥堵,异常停车,2024年6月21日17时11分28秒至17时12分26秒，外环高速莘朱路路段出现异常停车事件。一辆白色轿车在最右侧车道内长时间静止不动，车辆开启双闪灯，驾驶员下车查看情况，车辆处于非停车区域且无交通信号灯或标志允许停车。
1042,5895,二轮车辆闯入_20230720082412_突发事件_6967466.mp4,多车事故,二轮车辆闯入,2023年7月20日08时24分10秒至08时24分36秒，北环高速同济路立交南段，一辆二轮车在湿滑路面上行驶，沿道路中间车道由南向北行驶，期间未见明显专用通道或禁止标志，且未佩戴头盔，车辆无牌照特征，该行为导致后方车辆紧急避让，存在较大安全隐患，属于典型的二轮车辆闯入交通异常事件。
1044,5897,占道施工_20240215081320_运行安全_35363043.mp4,异常停车,占道施工,2024年02月15日星期四08:13至08:14期间，在某高速公路路段，发生了占道施工交通事件。现场可见车道被多个红色锥桶遮挡，施工区域设有警示牌，但未见明显施工人员或工程车辆进行操作。涉事车辆包括多辆货车和轿车，它们被迫减速或变道绕行，导致该路段交通流量受到影响，车辆行驶速度明显降低。异常特征包括锥桶排列整齐且占据部分行车道，且施工区域设有警示标志，但缺乏必要的施工人员和设备，进一步加剧了交通压力。
1045,5898,二轮车辆闯入_20230721194857_突发事件_33393954.mp4,二轮车辆闯入,拥堵,2023年7月21日19时48分至19时49分，嘉闵东柴塘北路入口处夜间高速公路出现交通拥堵事件。视频显示，多辆小轿车、货车及出租车在该路段缓慢行驶或完全停止，车流密集且持续时间较长，车辆尾灯连成一片红色光带，表明通行速度极低。道路右侧设有“交替通行”指示牌，但未见施工或事故迹象，也无明显抛洒物或异常停车情况，推测拥堵可能由车流量过大或前方突发情况引发。整体影响表现为车辆排队长度超过正常范围，通行效率显著下降，符合典型拥堵特征。
1046,5899,占道施工_20240617221424_运行安全_35710693.mp4,占道施工,拥堵,2024年06月17日星期一22:14至22:15期间，在某高速公路路段，发生了一起占道施工交通事件。现场可见多辆工程车辆和施工人员在车道上进行作业，施工区域被多个橙色锥桶围挡，导致车道数量减少，车辆需变道或减速通行。涉事车辆包括黄色工程车和施工人员，他们穿着反光背心，操作相关设备。由于施工占用了部分车道，导致过往车辆被迫减速或变更车道，影响了道路的正常通行效率。异常特征包括施工区域设有警示牌和闪烁警示灯，确保过往车辆能够及时注意到施工情况并采取相应措施。整体来看，此次占道施工对夜间行车安全产生了一定影响，但未引发严重拥堵或事故。
1051,5904,占道施工_20230819230311_运行安全_34608597.mp4,占道施工,拥堵,2023年8月19日23时03分至23时04分，位于高速公路左侧车道发生占道施工事件。现场有多辆工程车辆停靠在路边，包括一辆黄色工程车和一辆蓝色货车，周围设置了一排红白相间的交通锥桶，形成临时施工区域。多名身穿反光背心的施工人员在锥桶旁进行作业，其中部分人员在移动锥桶或调整交通设施。施工区域占用了一条行车道，导致过往车辆需减速绕行，影响了该路段的通行效率。施工区域设有警示灯和反光标识，符合规范要求，但未设置明显的施工围挡和警示牌，存在一定的安全隐患。整体交通流保持缓慢通行状态，未出现严重拥堵或事故。
1052,5905,异常停车_20230717203219_突发事件_1956437.mp4,异常停车,二轮车辆闯入,2023年7月17日20时32分至20时33分，外环高速丰翔路路段夜间监控画面显示，一辆二轮车辆（疑似摩托车或电动车）从右侧车道突然闯入主干道行车区域，行驶方向与机动车流一致，未见其在专用非机动车道或辅路行驶。该二轮车辆在车流中穿行，周围有多辆轿车和货车正常行驶，存在较大安全隐患。由于该路段为高速公路，禁止非机动车通行，且无明显二轮车专用通道，该行为属于典型的二轮车辆闯入交通事件，对道路安全构成威胁，影响正常交通秩序。
1053,5906,异常停车_20240530155945_突发事件_35655010.mp4,异常停车,抛洒物,2024年5月30日15时15分59秒，在嘉闵西侧定焦09监控点位的隧道内，右侧车道靠近护栏处出现一块白色纸板状异物，该异物位于道路最右侧车道，未被及时清理。后续时间内，未见有车辆因抛洒物发生碰撞或急刹行为，但后方车辆需保持足够距离绕行，导致整体车流出现轻微拥堵。该异物为异物的典型特征，疑似由后方货车运输过程中掉落，但未及时发现和处置，存在潜在安全隐患。
1054,5907,二轮车辆闯入_20230718194201_突发事件_1962684.mp4,二轮车辆闯入,拥堵,2023年7月18日19时41分至19时42分，S20外环线至S4金山方向高架路段出现交通拥堵事件。该路段为多车道高架道路，两侧有绿化带和隔音墙，车辆在夜间行驶过程中车流密集，车距明显缩短，车辆以低速缓慢通行，部分车辆刹车灯持续亮起，表明车速极低或处于短暂停滞状态。涉事车辆包括多辆轿车、货车及厢式货车，其中红色、白色和黑色车辆较为集中，未见明显事故或障碍物。由于车流量大且车速缓慢，导致后方车辆被迫减速并排成长队，形成持续性拥堵。该拥堵发生在高架弯道区域，无施工迹象，也未发现异常停车、抛洒物或占道施工情况，但车辆排队长度较长，影响整体通行效率，属于典型的高峰时段交通拥堵现象。
1055,5908,拥堵_20240223145858_突发事件_35370849.mp4,拥堵,二轮车辆闯入,2023年10月23日13时43分至13时44分，外环高速吴淞江桥南路段出现交通拥堵事件。该路段为双向多车道高速公路，车流密集，主要由轿车、货车及厢式运输车组成，其中红色集装箱货车、白色厢式货车和蓝色篷布覆盖货车等大型车辆在车流中穿行。视频显示，车辆在多个车道内缓慢行驶，部分车辆间距极小，整体车速明显降低，形成持续性拥堵，未见明显事故或障碍物导致停车，但后方车辆因前方车流缓慢而被迫减速，形成排队现象。拥堵影响范围覆盖多个车道，持续时间约一分钟且无缓解趋势，符合典型拥堵特征。现场未发现异常停车、施工、抛洒物或二轮车辆闯入等情况，推测为早高峰时段车流量过大所致。
1057,5910,占道施工_20240324002036_运行安全_35435229.mp4,占道施工,拥堵,2024年3月24日00:20:28至00:21:28，在嘉闵西金沙江西路入的高速公路上，发生了一起占道施工交通事件。现场可见多辆工程车辆和施工人员在右侧车道进行作业，施工人员穿着反光背心，操作设备，车道被锥桶遮挡，导致车道数量减少，车辆需变道或减速通行。施工区域设有警示牌和闪烁警示灯，提醒过往车辆注意避让。此事件影响了该路段的正常交通秩序，导致部分车辆被迫减速或绕行，但未造成严重的交通拥堵。异常特征包括施工设施占据部分车道、施工人员现场作业以及明显的警示标志。
1065,5918,多车事故_20240530145601_突发事件_35654638.mp4,多车事故,异常停车,2024年5月30日14时59分30秒，在外环高速蕴川立交西枪机2监控点位，一辆白色轿车在最右侧车道内长时间静止不动，车辆开启双闪灯，驾驶员下车活动，周围车辆绕行或减速通过，该车处于非停车区域，导致后方车辆被迫绕行，影响了正常交通流。此行为符合异常停车特征，存在安全隐患。
1066,5919,抛洒物_20240517112110_运行安全_35600593.mp4,抛洒物,拥堵,2024年5月17日11时21分05秒至11时22分03秒，在外环高速曹安路北枪机2处，一辆红色平板货车在行车道上异常停车，车辆完全静止且未开启双闪灯，导致后方多辆车辆被迫减速避让，造成短时交通拥堵。该行为违反了非停车区域禁止停车的规定，且无交通信号灯或标志允许停车，明显不符合临时停车规则，存在安全隐患。
1069,5922,占道施工_20240419021307_运行安全_35498642.mp4,拥堵,占道施工,2024年4月2日19时13分至19时14分，外环高速吴中入口匝道（内）路段发生占道施工交通事件。现场可见多辆工程车辆停靠在右侧车道，包括一辆黄色工程车和一辆白色货车，周围设置有多个红白相间的交通锥桶，形成临时隔离区域。施工人员身穿反光背心，在车道内活动，部分人员在移动交通锥桶或调整车道。该施工行为导致右侧车道被占用，车辆需绕行至左侧车道通行，造成局部车流减速和变道，但整体交通秩序未出现严重混乱。异常特征表现为车道被施工设施遮挡、施工人员在场操作以及交通锥桶的布置，符合占道施工的典型特征。
1072,5925,异常停车_20230715014517_突发事件_1147473.mp4,抛洒物,多车事故,2023年7月15日01:45至01:46期间，外环高速北翟路立交北方向路段出现异常停车事件。一辆白色轿车在右侧车道内完全静止，车辆未开启双闪灯，且无交通信号灯或标志允许其在此处停车，车辆明显处于非正常行驶状态。该车停靠位置位于行车道内，属于非停车区域，导致后方多辆货车及小客车被迫减速绕行，存在较大安全隐患。现场无施工设施、无人员下车交涉，也未见其他车辆碰撞痕迹，初步判断为驾驶员违规停车行为，对通行秩序造成干扰。
1073,5926,拥堵_20231218083201_突发事件_35238383.mp4,拥堵,异常停车,2023年12月10日08时34分，外环高速锦秋路北段发生一起多车事故。事故发生在双向车道中的南向车道，涉事车辆包括俩辆SUV。视频显示，一辆白色面包车停靠在道路右侧应急车道边缘，车门打开，两名人员站在车旁，疑似事故发生后下车查看情况。该车辆停于应急车道，导致后方车辆被迫减速绕行，造成短时拥堵。随后，一辆黄色轿车从左侧车道驶过，通过后继续前行，而白色面包车持续静止约10秒后撤离现场。事故现场无明显散落物，但车辆异常停车及人员下车行为引发后续交通流紊乱，存在较大安全隐患。
1074,5927,占道施工_20231102225532_运行安全_35038387.mp4,多车事故,占道施工,2023年11月2日22时55分至22时56分，外环高速仙霞路（内）路段夜间出现占道施工交通事件。现场可见一辆黄色工程车停靠在右侧车道，车后方设置多个红白相间的交通锥桶，形成临时隔离带，占用部分行车道。一名身穿反光背心的工作人员在工程车旁进行作业，车辆缓慢通行。该施工区域导致右侧车道通行能力下降，后方车辆需减速并变道绕行，部分货车和轿车在通过时明显放慢速度。施工区域设有警示灯和指示牌，提示前方施工，但未见明显的施工围挡或大型机械作业。整体交通流保持有序，未出现拥堵或事故现象，但存在因施工导致的车道减少和车辆变道行为，符合占道施工的典型特征。
1075,5928,二轮车辆闯入_20230721135938_突发事件_33393687.mp4,二轮车辆闯入,多车事故,2023年7月21日13时59分35秒，在外环高速仙霞路南（外）路段，一辆二轮摩托车从画面左侧驶入主车道，行驶于多车道高速公路的中间区域，未在专用非机动车道或辅道行驶，且无明显禁止标志区域，该车辆在车流中穿行，驾驶员佩戴头盔，车辆有牌照，其行为属于闯入禁止通行区域的危险驾驶行为，对周围正常行驶的车辆造成潜在干扰，存在较大安全隐患。
1083,5936,异常停车_20240614134513_突发事件_35704597.mp4,异常停车,多车事故,2024年06月14日星期五13:45:00至13:45:59，在外环高速沪渝立交处，发生了一起多车事故。涉事车辆包括一辆黑色轿车和一辆白色SUV，黑色轿车和白色SUV发生了碰撞。事故导致车辆位置异常，部分车辆横跨车道或斜停在路中央，严重影响了交通秩序。现场有人员下车交涉，其他车辆被迫紧急避让或停滞，造成了严重的交通拥堵。整个事件中，异常特征包括车辆明显的碰撞痕迹、交涉人员的行为以及交通秩序的混乱和持续的通行受阻。
1086,5939,异常停车_20240529075343_突发事件_35649032.mp4,异常停车,抛洒物,2024年5月29日星期六上午7时57分至7时58分，位于高速公路主线双向车道中的一段路段发生一起多车事故。事故发生在道路右侧车道，涉事车辆包括一辆白色轿车及右后方黑色轿车，该黑色轿车在行驶过程中与白色轿车发生轻微碰撞，导致白色轿车斜停于车道内，动作明显异常。事故发生后，驾驶员下车查看情况，现场未见明显人员受伤或车辆严重损坏，但事故造成通行受阻，后方车辆排起长队持续延伸，影响正常交通流速。同时，一辆黄色出租车在事故区域最终停靠至路边进行短暂停留，疑似处理突发。整体事故表现为多车追尾及临时停车，符合多车事故特征，且无施工或抛洒物等其他干扰因素，属于正常交通矛盾事件。
1095,5948,异常停车_20240617205704_突发事件_35710685.mp4,拥堵,异常停车,2024年6月17日20时57分，外环高速吴淞江桥南路段发生一起多车事故。事故发生在夜间，监控画面显示一辆黑色轿车停靠在最右侧车道靠近护栏处，车门打开，两名人员站在车旁，疑似车辆故障或发生碰撞后停车。该车所在车道未开启双闪灯，且无明显警示标志，导致后方车辆需减速避让。周围多辆汽车正常行驶，但因该车异常停车造成局部交通流受阻，部分车辆变道绕行，引发轻微拥堵。其他车辆未见明显碰撞痕迹或人员下车交涉行为，整体交通秩序仍在维持中，但存在安全隐患。此事件符合“异常停车”特征，主要影响为对通行效率的干扰和潜在二次事故风险。
1096,5949,二轮车辆闯入_20230720071647_突发事件_6967286.mp4,二轮车辆闯入,拥堵,2023年7月20日07时15分至07时16分，外环高速漕宝入口匝道（内）路段出现交通拥堵事件。该路段为多车道高速公路，路面湿滑，天气阴雨，能见度较低。视频显示，从07:15:09开始，主车道车辆行驶缓慢，车流密集，车辆间距明显缩小，部分车辆处于低速蠕行状态，尤其在左侧车道形成连续排队现象，车辆持续移动但速度显著降低。涉事车辆包括轿车、货车、厢式货车及大型运输车等，均在正常行驶过程中受阻，未见异常停车、事故或施工迹象。右侧匝道车流相对顺畅，但受主路影响整体通行效率下降。拥堵持续时间约一分钟，无明显突发事故或障碍物，推测为雨天湿滑路面导致的通行能力下降所致，属于典型的城市高速路高峰时段拥堵特征。
1097,5950,异常停车_20230722172928_突发事件_33394850.mp4,拥堵,多车事故,2023年7月22日17时29分至17时30分，嘉闵西侧定焦05监控点位拍摄到隧道内发生多车事故。事故发生在隧道中段，涉事车辆包括一辆白色SUV和一辆银色轿车，多辆车辆在行驶过程中发生人员交涉。见两辆黑色轿车停靠在右侧车道，驾驶员下车与另一名女性乘客交流，疑似发生口角冲突。随后，有两名青年男性从车辆中下车与后方人员沟通，另一名女性从驾驶位下车并靠近应急车道。事故造成该路段交通拥堵，车辆排队缓慢通行，后方车辆被迫减速或变道绕行。现场未见明显抛洒物或施工设施，但车辆碰撞痕迹及人员下车交涉行为符合多车事故特征。整体影响较小，未造成严重排队现象，但存在潜在安全隐患。
1104,5957,异常停车_20240529100422_突发事件_35649824.mp4,异常停车,多车事故,2024年5月29日10时08分至10时09分，外环高速吴淞江桥南路段，一辆白色厢式货车在右侧车道内长时间静止不动，车辆未开启双闪灯，驾驶员不在车内，且无明显故障迹象。该车停靠位置位于道路右侧护栏旁，占用行车道，导致后方车辆被迫绕行或减速避让，影响了右侧车道的正常通行秩序。此行为符合异常停车特征，存在安全隐患，可能引发追尾或侧滑事故。
1105,5958,占道施工_20240121002156_运行安全_35329945.mp4,占道施工,拥堵,2024年01月31日00:21:50至00:22:09，在外环高速富长路路段，发生了一起占道施工交通事件。现场有多辆工程车辆和施工人员进行作业，施工人员穿着反光背心，操作设备，车道被多个锥桶遮挡，导致车道数量减少，车辆需变道或减速通行。涉事车辆包括两辆大型工程车，它们停在施工区域内，闪烁警示灯以提醒过往车辆注意避让。此次施工影响了道路的正常通行，车辆被迫减速或变更车道，但未造成严重的交通拥堵。异常特征包括施工区域设有明显的警示标志和闪烁的警示灯，确保过往车辆能够及时注意到施工情况并采取相应措施。
1111,5964,拥堵_20240227073701_突发事件_35376357.mp4,二轮车辆闯入,多车事故,2023年7月16日07:36至07:37期间，在城市高架道路的右侧车道发生了一起多车事故，地点位于靠近匝道入口处。事故涉及二辆车，视频中俩车已经追尾停靠在最右侧车道。事故发生后，驾驶员下车在路边查看受损情况，未见明显人员受伤，随即上车离开。事故区域车辆行驶缓慢，后方车辆被迫减速或变道绕行，形成短时拥堵。现场无明显的施工设施或抛洒物，但事故车辆位置异常且存在碰撞痕迹，符合多车事故特征。
1113,5966,异常停车_20240509105812_突发事件_35573597.mp4,异常停车,抛洒物,2024年5月9日10时58分05秒至10时59分04秒，G60市区方向至S4金山方向路段，监控画面显示多辆机动车在正常行驶过程中，最右侧车道出现一块浅色纸板状抛洒物，该物体静止在路面且未被及时清理。随后多辆车辆（包括轿车、货车）经过该区域时均未发生碰撞，但存在潜在安全隐患，可能对后方车辆造成影响。抛洒物位置处于道路右侧护栏旁，尺寸较小 but it likely poses a risk of collision。此外，该路段为弯道，两侧设有交通护栏，无施工迹象，也未见其他车辆或人员进行清理，因此判断该抛洒物属于典型的抛洒物交通事件。
1115,5968,异常停车_20230717170422_突发事件_1356661.mp4,二轮车辆闯入,拥堵,2023年7月17日17时44分至17时45分，外环高速吴中路路段出现交通拥堵事件。该路段为多车道高速公路，双向车流密集，左侧车道车辆行驶缓慢，形成明显排队现象，车辆间距缩小，车速降低，部分车辆处于低速蠕行状态。涉事车辆包括多辆轿车、货车及厢式货车，其中以红色和白色货车为主，车辆在车道内依次缓慢前行，未见明显碰撞或停车行为。右侧车道车流相对顺畅，但受左侧拥堵影响，整体通行效率下降。拥堵区域位于高架桥下，道路两侧绿植茂密，上方有“S4市区方向”指示牌及限速40公里/小时标志，未见施工设施或事故迹象。该拥堵主要由早高峰车流量大导致，未发现异常停车、占道施工、二轮闯入、抛洒物或交通事故等其他异常情况，属于典型早高峰时段的交通拥堵现象。
1116,5969,异常停车_20240511101336_突发事件_35581084.mp4,异常停车,多车事故,2024年5月14日星期六10时13分至10时14分，位于城市高架道路的某路段发生一起多车事故。事故发生在双向车道中的右侧车道，涉事车辆包括一辆白色轿车和一辆黑色轿车，已经在最右侧车道双闪停靠疑似发生追尾事故。部分车辆存在明显碰撞痕迹，驾驶员下车查看情况，造成该车道通行受阻，后方车辆被迫减速绕行，交通流出现短暂拥堵。事故未见明显抛洒物或人员伤亡，但车辆位置异常且存在紧急避让行为，符合多车事故特征。现场未见施工设施或人员，也未发现进一步的交通事故处理行为，整体影响有限但存在潜在安全隐患。
1117,5970,多车事故_20240625090006_突发事件_35723177.mp4,异常停车,多车事故,2024年06月25日星期二09:00:05至09:01:00，在上行水产路入口匝道03处发生多车事故。视频中可以看到，一辆白色轿车与白色客车在行车道上发生碰撞，导致白色轿车停驶，白色客车停在右侧车道上，车门打开，驾驶员下车查看情况，另一名人员也从后方车辆下车靠近。事故现场有大量车辆避让或减速绕行，交通流受到明显影响，后方车辆排队缓慢通行。该事件符合多车事故判断标准，表现为两辆及以上车辆出现明显碰撞痕迹、车辆位置异常及车辆人员下车处理等特征。
1124,5977,异常停车_20230716111705_突发事件_1153614.mp4,异常停车,多车事故,2023年7月16日11时17分04秒至11时17分12秒，外环高速丰翔路南段监控画面显示，一辆红色货车在道路右侧应急车道内长时间静止不动，车辆未开启双闪灯，且驾驶员不在车内，周围无施工或事故迹象。该车停靠位置位于前方500米紧急停车带指示牌附近，导致后方多辆小型客车和货车被迫减速绕行，影响了正常交通流。此行为符合异常停车特征，存在安全隐患，可能引发追尾或二次事故。
1128,5981,拥堵_20240226181148_突发事件_35375566.mp4,多车事故,拥堵,2024年2月26日18时11分至18时12分，外环高速武威路南（内）路段出现严重交通拥堵事件。该路段为多车道高速公路，夜间照明条件下，车流密集，车辆以缓慢速度行驶，部分车辆处于停滞状态，后方车辆持续排队，形成明显拥堵带。涉事车辆包括大量轿车、货车及厢式运输车，其中红色、白色和黑色轿车较为集中，车辆间距极小，刹车灯持续亮起，表明车速极低或处于缓行状态。道路右侧设有“前方施工”警示牌，提示前方存在施工区域，但未见施工人员或工程车辆。整体交通流呈现持续性缓行特征，无突发事故或抛洒物迹象，但因施工影响导致车道数量减少，车辆通行效率降低，形成典型拥堵现象。
1129,5982,拥堵_20240311170546_突发事件_35401625.mp4,拥堵,多车事故,2024年6月17日11时05分至11时06分，在外环高速曹安路北枪机2处，发生了一起多车事故。涉事车辆包括一辆白色轿车和一辆黑色轿车，两车在行驶过程中发生碰撞，导致白色轿车斜停在车道上，黑色轿车紧随其后，形成交通拥堵。事故现场有人员下车交涉，其他车辆被迫紧急避让或停滞，交通秩序受到严重影响，后续车辆出现缓慢移动甚至完全停止现象，显示出典型的多车事故特征。
1133,5986,占道施工_20230912222730_运行安全_34777712.mp4,占道施工,抛洒物,2023年9月12日22时27分至22时28分，外环高速龙吴路路段夜间出现占道施工交通事件。现场可见多辆工程车辆停靠在道路右侧车道，包括一辆黄色工程车和数辆小型作业车，周围设置有多个红白相间的交通锥桶，形成临时施工区域。施工区域内可见施工人员活动，部分车辆开启警示灯，提示过往车辆注意避让。该施工区域导致右侧车道被占用，车辆需绕行或减速通过，造成局部车流缓慢，但未见明显拥堵或事故。整体交通秩序受一定影响，但未发生异常停车、抛洒物或交通事故。
1138,5991,占道施工_20240615011240_运行安全_35705457.mp4,占道施工,拥堵,2024年6月15日01:12至01:13，在东侧元江路入口3处，发生了一起占道施工交通事件。现场可见车道被多个锥桶遮挡，施工车辆停在施工区域内，施工人员穿着反光背心进行操作。由于施工设施的遮挡，车道数量减少，导致过往车辆需变道或减速行驶，影响了道路的正常通行。异常特征包括施工区域设有警示牌和闪烁警示灯，确保过往车辆能够及时注意到施工情况并采取相应措施。整体来看，此次占道施工对夜间交通造成了一定的影响，但未引发严重拥堵或事故。
1139,5992,异常停车_20240624062942_突发事件_35720712.mp4,异常停车,拥堵,2024年6月24日星期一早上7点29分至7点30分，外环高速吴中路路段出现交通拥堵事件。该路段为双向多车道高速公路，路面湿滑，天气阴雨。视频显示，右侧车道车辆行驶缓慢，车流密集，多辆货车和轿车排成长队，包括红色集装箱货车、白色厢式货车、蓝色集装箱车以及各类私家车，其中部分车辆刹车灯持续亮起，表明车速极低或处于缓行状态。左侧车道虽有车辆正常通行，但整体车流量较大，且无明显拥堵迹象。从画面中可见，右侧车道车辆间距较小，存在轻微排队现象，但未出现完全停滞或事故迹象。拥堵主要集中在主路与匝道交汇区域，可能因前方出口分流或车流汇聚导致。未发现占道施工、异常停车、抛洒物或二轮车辆闯入等其他异常情况，整体表现为典型的早高峰时段的交通拥堵特征，影响了该路段的通行效率。
1144,5997,异常停车_20240516034534_突发事件_35594548.mp4,异常停车,拥堵,2024年5月16日03:45至03:46，在外环高速京沪立交（内）路段，发生了一起占道施工交通事件。视频中可以看到，右侧车道被锥桶和施工设施遮挡，施工人员穿着反光背心在进行作业，导致该区域的车道数量减少，车辆被迫变道或减速行驶。涉事车辆包括施工车辆和途经的各类社会车辆，它们的行为明显受到施工影响，无法正常通行。异常特征包括施工区域设有警示牌和闪烁警示灯，以提醒过往车辆注意避让，确保行车安全。整体来看，此次占道施工对夜间高速公路的交通流量产生了一定影响，但未造成严重拥堵或事故。
1149,6002,拥堵_20240313203004_突发事件_35408011.mp4,拥堵,多车事故,2024年3月13日20时29分56秒至20时30分57秒，嘉闵西侧定焦04监控点位拍摄到隧道内发生多车事故。事故发生在隧道中段，涉事车辆包括多辆正常行驶的车辆，其中一辆在行驶过程中突然停车并打开车门，导致后方车辆紧急刹车或减速，引发了后方车辆的避让动作。现场未见明显碰撞痕迹或人员伤亡，但事故造成短时拥堵并影响后续车辆正常通行，其他车辆被迫绕行或减速避让，存在安全隐患。异常特征表现为车辆密集排列、刹车灯连续亮起、车流速度下降且未形成完全隔离区域，符合多车事故的典型特征。
1150,6003,拥堵_20230825181640_突发事件_34654764.mp4,拥堵,二轮车辆闯入,2023年8月1日13时15分，外环高速沪太立交东段，一辆二轮车驶入主路，行驶过程中未按规定在专用道或非机动车道通行，而是直接进入机动车道并持续向前行驶，存在横穿车道的危险行为。该二轮车在车流密集区域穿行，周围多辆汽车紧急避让，造成短暂交通干扰。该行为违反了高速公路禁止二轮车辆通行的规定，属于典型的二轮车辆闯入事件，对道路安全构成严重威胁。
1155,6008,异常停车_20240518083621_突发事件_35603509.mp4,异常停车,多车事故,2024年5月18日08时36分至08时37分，外环高速莘庄立交东（外）路段出现异常停车事件。一辆红色货车在右侧车道内完全静止，车辆开启双闪灯，驾驶员下车活动，后方车辆被迫减速绕行，造成该车道通行受阻。该车停靠位置位于行车道上，非停车区域，且无交通标志允许停车，属于违规停车行为。周围车辆行驶速度明显降低，部分车辆变道避让，影响了正常交通流。该异常停车持续约一分钟，期间未见其他车辆碰撞或事故迹象，但存在安全隐患，可能引发追尾或侧撞事故。
1158,6011,多车事故_20240617073026_突发事件_35708952.mp4,多车事故,异常停车,2024年06月17日星期一07:30:18，在一条城市高架道路上，一辆白色轿车在最右侧车道完全静止，驾驶员下车后在车尾处停留并弯腰查看，车辆长时间占据车道，导致后方车辆被迫减速绕行，形成局部拥堵。该行为不符合交通规则，属于异常停车事件，影响了道路通行效率和行车安全。
1165,6018,异常停车_20240511173902_突发事件_35582177.mp4,异常停车,多车事故,2024年5月11日17时38分至17时39分，外环高速丰翔路南段监控画面显示，该路段为多车道高速公路，路面湿滑，天气阴雨。视频中可见多辆机动车在行车道上正常行驶，包括轿车、货车及面包车等各类车辆，车辆均保持正常行驶状态，未见明显异常停车、事故或拥堵现象。道路右侧设有绿色护栏，左侧有绿化带，远处可见“外环高速丰翔路南方向”指示牌。视频中未发现抛洒物、施工设施、二轮车辆闯入、异常停车或多车碰撞等异常情况，也无车辆在非停车区域长时间静止或频繁变道，整体交通流保持有序，无交通异常特征。
1166,6019,占道施工_20231213005823_运行安全_35218223.mp4,抛洒物,占道施工,2023年12月13日00:58至00:59期间，外环高速顾戴路北（内）路段夜间出现占道施工交通事件。现场可见多辆工程车辆停靠在道路右侧车道，包括一辆黄色工程车和一辆蓝色警用车辆，周围设置有多个红白相间的交通锥桶，形成临时隔离带，占用部分行车道。施工区域有身穿反光背心的工作人员在路边作业，部分车辆因施工导致车道变窄，行驶速度减缓，后方车辆需减速通过。该施工区域未见明显施工设备或围挡，但存在明显的车道缩减和交通引导措施，导致通行效率下降，存在潜在安全隐患。整体表现为典型的占道施工异常情况。
1167,6020,占道施工_20230814042652_运行安全_34574460.mp4,占道施工,拥堵,2023年8月14日星期四凌晨4时26分至4时27分，外环高速南翟路立交北侧路段发生占道施工交通事件。现场可见一辆黄色工程车停靠在右侧车道，车顶闪烁警示灯，车身周围摆放多个红白相间的交通锥桶，形成临时隔离区域。一名身穿反光背心的工作人员在锥桶附近活动，进行作业或指挥交通。该施工区域位于道路右侧，占用了一条行车道，导致过往车辆需减速绕行，通行效率下降。多辆货车、轿车及面包车依次通过该区域，部分车辆因避让施工区域而出现轻微变道行为。施工区域未见明显施工设备或围挡，但存在明显的交通引导措施，符合占道施工特征。整体交通流未出现严重拥堵，但存在潜在安全隐患，需加强现场管理与警示。
1169,6022,多车事故_20240624164123_突发事件_35722317.mp4,多车事故,拥堵,2024年3月24日17时16分至17时17分，嘉闵西侧定焦09隧道内发生交通拥堵事件。隧道内双向车道中，右侧车道车辆行驶缓慢，车流密集，多辆轿车、SUV及一辆黄色校车排队缓行，车距明显缩短，尾灯持续亮起，部分车辆刹车灯长时间亮起，表明车辆处于低速或停滞状态。左侧车道车流相对顺畅，但受右侧拥堵影响，整体通行效率下降。拥堵区域位于隧道出口附近，可能因前方匝道汇入车流或出口分流导致。未见异常停车、施工、事故或抛洒物等情况，也无二轮车辆闯入或人员下车交涉行为，推测为常规性交通拥堵，持续时间约一分钟且无缓解趋势，对通行造成一定影响。
1171,6024,占道施工_20230902010824_运行安全_34689926.mp4,占道施工,抛洒物,2023年9月2日01:08至01:09期间，位于城市高架桥路段的夜间监控画面显示，该路段被多个交通锥桶封闭，形成一条明显的车道引导线，车辆需绕行或减速通过。现场可见多辆机动车在正常行驶过程中，包括一辆红色警车在01:08:15左右进入画面，随后在01:09:15左右驶出，均未发生碰撞或异常停车行为。该区域存在明显的车道缩减和车辆排队现象，表明存在占道施工情况。交通锥桶沿道路呈直线排列，占用部分行车道，导致通行空间减少，车辆行驶速度降低，存在潜在拥堵风险。未见施工人员、工程车辆或抛洒物等其他异常情况，整体交通秩序受施工影响但未发生严重阻塞。
1175,6028,异常停车_20240624123038_突发事件_35721820.mp4,异常停车,多车事故,2024年6月24日12时34分，外环高速沪太立交东2枪机监控画面显示，双向车道车流正常行驶，一辆黑色轿车停靠在最右侧应急车道内，车辆开启双闪灯，未见驾驶员。
1177,6030,占道施工_20240421020038_运行安全_35503877.mp4,拥堵,占道施工,2024年4月21日02时00分至02时01分，外环高速天山路路段夜间发生占道施工交通事件。现场可见一辆黄色工程车停靠在右侧车道，车顶闪烁着警示灯，车身周围设置了一排红白相间的交通锥桶，形成临时隔离带，占用部分行车道。一名身穿反光背心的工作人员在锥桶旁进行作业，手持工具进行路面处理。该施工区域导致右侧车道通行空间受限，过往车辆需减速并变道绕行，部分车辆在接近施工区时明显放慢速度。整体交通流未出现严重拥堵，但存在因施工引发的通行效率下降和车辆变道行为，符合占道施工的典型特征。
1178,6031,拥堵_20240307140538_突发事件_35393646.mp4,拥堵,占道施工,2024年3月7日14时05分至14时06分，G60市区方向至S20外环高速路段发生占道施工交通事件。现场可见道路左侧车道被多个黄色警示牌和交通锥桶封闭，形成临时隔离带，部分车道被占用，车辆需绕行或减速通过。施工区域未见明显施工人员或工程车辆作业，但存在明显的施工警示标志和车道缩减情况，导致该路段车流缓慢通行，车辆行驶速度明显降低，部分车辆在接近施工区时出现变道行为以避开施工区域。整体交通秩序受影响，但未发生拥堵或事故。异常特征为车道被施工设施围挡，车辆被迫绕行，符合占道施工判断标准。
1182,6035,异常停车_20240516184200_突发事件_35598210.mp4,异常停车,拥堵,2021年5月16日18时41分至18时42分，外环高速漕宝入口匝道（内）路段出现严重交通拥堵。该路段为多车道高速公路，车流密集，车辆包括轿车、货车、客车及大型集装箱运输车等，其中以红色和白色货车为主，部分车辆在多个车道上缓慢行驶或完全停止，形成持续性拥堵。拥堵主要集中在靠近入口匝道区域，车辆排队长度超过百米，且无明显缓解趋势，部分车辆因避让或减速导致后方车辆频繁变道，影响通行效率。现场未见施工设施、异常停车或事故迹象，也无抛洒物或二轮车辆闯入情况，整体表现为典型的高峰时段交通拥堵现象，主要影响为通行速度显著下降，存在潜在安全隐患。
1183,6036,占道施工_20240604231322_运行安全_35673287.mp4,拥堵,占道施工,2024年6月4日23时13分至23时14分，在外环高速南大路北（内）路段，发生了一起占道施工交通事件。现场可见多辆工程车辆和施工人员在进行作业，车道被多个锥桶遮挡，导致车辆需变道或减速通行。施工区域设有警示牌和闪烁警示灯，影响了该路段的正常交通秩序，车辆被迫绕行或减速，整体交通流量有所减缓。异常特征包括施工设施占据部分车道、施工人员在场操作设备以及车辆被迫改变行驶路线。
1186,6039,抛洒物_20240310083721_运行安全_35398334.mp4,异常停车,抛洒物,2024年6月10日00:37:15至00:38:14期间，外环高速曹安路北方向路段出现抛洒物交通事件。视频显示，在道路中间车道上有一块白色布状物体被遗留在行车道上，疑似从过往车辆货箱中掉落。该物体在多辆货车和轿车经过时未见明显移动，但部分车辆在接近该区域时有轻微减速或避让行为，尤其是左侧车道车辆更为明显减速并逐渐通过该区域。涉事车辆为红色集装箱货车在前方经过时短暂绕行避让该物体。该抛洒物未被及时清理，持续存在于路面，对道路安全构成潜在威胁，且未见有人员或车辆停车处理。
1188,6041,异常停车_20230719164041_突发事件_2968989.mp4,异常停车,拥堵,2023年7月19日16时40分至16时41分，外环高速丰翔路路段出现交通拥堵事件。该路段为多车道高速公路，双向车流密集，右侧车道车辆行驶缓慢，车距明显缩短，部分车辆处于低速移动或短暂停滞状态，持续时间约一分钟且无缓解趋势。涉事车辆包括各类轿车、货车、客车及大型运输车，其中红色货车、白色厢式货车和蓝色集装箱货车较为显著。车辆在多个车道内保持低速行驶，未见明显碰撞或事故迹象，但整体通行效率显著下降，后方车辆被迫减速并排成队列，形成典型的拥堵现象。左侧对向车道车流相对顺畅，未受影响。该拥堵发生在城市快速路主干道，可能与高峰时段车流量大有关，但未发现异常停车、施工、抛洒物或交通事故等其他异常情况，主要表现为典型交通拥堵特征。
1189,6042,占道施工_20240111010900_运行安全_35309217.mp4,异常停车,占道施工,2024年1月11日01:08:55至01:09:59，在外环高速莘庄立交北枪机1处，发生了一起占道施工交通事件。现场可见车道被锥桶和工程车辆遮挡，多名施工人员穿着反光背心在进行作业，导致车道数量减少，车辆需变道或减速行驶。涉事车辆包括一辆黄色工程车和其他施工车辆，它们停在施工区域内，施工人员正在进行相关操作。此次施工影响了该路段的正常通行，车辆被迫减速或绕行，但未造成严重的交通拥堵。异常特征包括明显的施工设施、施工人员的操作设备和警示标志，这些都符合占道施工的判断标准。
1190,6043,拥堵_20230920095332_突发事件_34829870.mp4,异常停车,拥堵,2023年9月20日09时53分至09时54分，G60市区方向至S20外环线高架路段发生占道施工交通事件。现场可见道路左侧车道被多个黄色警示牌和锥桶遮挡，形成施工区域，施工人员身穿反光背心在作业区域内活动，车辆需绕行或减速通过。涉事车辆包括多辆小型轿车、货车及大型运输车，其中部分货车装载货物并占用行车道，导致车道通行能力下降。该施工区域未设置明显的警示标志，但通过锥桶和警示牌已对过往车辆造成一定影响，车辆行驶速度减缓，存在轻微拥堵现象。异常特征为施工设施占据部分车道，且无明显施工人员穿戴反光装备，可能存在安全隐患。
1195,6048,二轮车辆闯入_20230722224740_突发事件_33395055.mp4,二轮车辆闯入,异常停车,2023年7月22日23时47分至23时48分，外环高速顾戴路北（内）路段夜间监控画面显示，该路段车流密集，多辆货车与轿车在行车道上正常行驶，其中一辆白色厢式货车在右侧车道行驶过程中突然减速并完全停止，且该车停在行车道内，无停车标志或信号灯允许停车，后方车辆被迫减速绕行，存在明显异常停车行为，影响正常交通秩序。
1203,6056,抛洒物_20240312194136_运行安全_35404854.mp4,抛洒物,异常停车,2024年3月12日19时41分至19时42分，外环高速淞滨路西路段，一辆白色货车在最右侧车道内完全静止，车辆未开启双闪灯，且无交通信号灯或标志允许其停车，驾驶员不在车内，车辆明显处于异常状态。该车长时间停靠在行车道上，导致后方多辆车辆被迫减速绕行，影响了正常交通流，构成典型的异常停车事件。
1204,6057,拥堵_20240221073552_突发事件_35367958.mp4,拥堵,多车事故,2024年02月21日星期三07:38:53至07:39:08，在外环高速铁力路西段，发生了一起多车事故交通事件。涉事车辆包括一辆白色轿车和一辆黑色轿车，两车在行驶过程中发生碰撞，导致白色轿车斜停在车道上，黑色轿车则停在其右侧。事故发生后，驾驶员下车查看情况，周围的人则紧急避让或停步绕行。此次事故导致后方车辆被迫减速或绕行，交通流量明显受阻，形成了持续的拥堵现象，尤其在雨天湿滑的路面上，行车安全与秩序受到严重影响。异常特征表现为车辆位置异常、人员下车交涉、后方车辆紧急避让，符合多车事故的判断标准。
1211,6064,二轮车辆闯入_20230721104336_突发事件_33393478.mp4,二轮车辆闯入,拥堵,2023年7月20日14时13分，外环高速老沪闵路东（内）路段出现交通拥堵事件，现场多辆汽车和货车在行车道上缓慢行驶或停滞，车辆排成长队，车流密度高，通行速度明显下降，部分车辆在车道间频繁变道，导致整体交通流受阻。涉事车辆包括红色、蓝色、白色等多种颜色的货车及私家车，其中红色货车较为显眼，占据较多车道。该拥堵发生在城市高架道路的瓶颈区域，影响了道路的正常通行效率，异常特征表现为车辆排队长度较长、行驶速度缓慢且无明显事故或施工迹象，符合典型拥堵特征。
1213,6066,异常停车_20230717150011_突发事件_1158110.mp4,异常停车,抛洒物,2023年7月17日15时00分05秒至15时01分03秒，嘉闵西京沪正南入口路段出现抛洒物交通事件。在道路中间车道上，白色轿车前方车道内有一团红色不明物体，疑似车辆遗落的货物或杂物。该抛洒物未被及时清理，随后部分车辆在经过该区域时出现减速或避让行为，影响了正常通行秩序。现场无其他车辆发生碰撞或事故，但存在潜在安全隐患，尤其在夜间或雨天条件下易引发追尾或侧滑事故。此事件属于典型抛洒物异常，主要特征为路面存在尺寸较大、非静止异物的抛洒物，影响了道路安全通行。
