index,id,video,gt_label,pred_label,pred_text
5,4858,异常停车_20240623150949_突发事件_35720119.mp4,异常停车,多车事故,2024年06月23日15:13:00至15:13:59，在外环高速联谊路西枪机1处，发生了一起多车事故。涉事车辆包括一辆黑色轿车和一辆白色SUV，黑色轿车在雨天湿滑的路面上行驶过程中发生碰撞，导致其与前方白色SUV发生严重碰撞，两车位置异常，斜停于车道内。事故现场有人员下车交涉，其他车辆被迫紧急避让或停滞，交通秩序受到严重影响，后续车辆出现缓慢移动甚至完全停止的情况，形成了短暂的拥堵现象。此次事故的异常特征在于车辆的明显碰撞痕迹和驾驶员在事故后的紧急应对行为，对道路通行造成了持续的干扰。
7,4860,异常停车_20240511021033_突发事件_35579528.mp4,异常停车,多车事故,2024年5月11日02时10分至02时12分，在外环高速莘朱路路段，一辆红色货车在右侧应急车道内长时间静止不动，车辆未开启双闪灯，且无明显故障迹象。该车停靠位置位于道路右侧护栏旁，占用应急车道，导致后方车辆需绕行或减速避让，影响了正常交通流的通行效率。此行为符合异常停车的判断标准，存在安全隐患，可能引发追尾或交通事故。
10,4863,占道施工_20240421095734_运行安全_35504665.mp4,占道施工,多车事故,2024年4月21日10:09:28至10:09:56期间，外环高速蕴川立交东路段出现抛洒物交通事件。在视频画面中，右侧车道上有多个红色锥桶散落在路面，表明有车辆行驶过程中掉落物品导致这些物品在车道上散乱。该区域车流密集，多辆轿车、货车及厢式车辆正常行驶，但因抛洒物造成后方车辆紧急避让或减速，存在安全隐患。涉事车辆未在画面中明确显示，但根据抛洒物位置及交通状况推测，可能为前方车辆遗落所致。此事件持续存在约一分钟，影响了该路段的通行秩序，存在潜在追尾风险。
11,4864,占道施工_20240222105430_运行安全_35369125.mp4,占道施工,拥堵,2024年2月22日星期四上午10:57至10:58，外环高速蕴川立交西枪机2监控区域未发生异常停车事件。该路段为多车道高速公路，车流密集，包含轿车、货车、厢式货车及工程车辆等多种类型车辆，其中有多辆黄色工程车和大型集装箱货车在行驶过程中因操作设备或调整位置而产生轻微晃动，但未发生碰撞或停车行为。现场未见施工设施、警示标志或人员活动，也无明显抛洒物或事故迹象，整体交通秩序正常，车辆行驶平稳，无拥堵现象，符合非停车区域交通管理规范。
12,4865,异常停车_20240607073159_突发事件_35682192.mp4,异常停车,拥堵,2024年6月7日07:36:00至07:36:29期间，在外环高速沪太立交东2枪机2处，一辆红色货车在行车道上异常停车，车辆完全静止且开启双闪灯，驾驶员不在车内，导致后方多辆车辆被迫减速避让，交通流出现短暂拥堵，该行为违反了非停车区域禁止停车的规定，存在安全隐患。
14,4867,异常停车_20240606112804_突发事件_35678999.mp4,异常停车,抛洒物,2024年6月6日11时29分58秒至11时30分56秒，外环高速漕宝入口匝道（内）路段出现抛洒物交通事件。在视频画面右侧车道标志线附近，可见一个黑色物体静止于路面，疑似为车辆遗落的货物或杂物。该异物未完全占据行车道但已对通行构成潜在威胁。期间无车辆经过该抛洒物。涉事车辆未在画面中明确显示，但根据现场情况判断，该抛洒物可能来自过往货运车辆运输过程中脱落的物品，存在安全隐患，需及时清理以保障道路安全畅通。
15,4868,多车事故_20240530152809_突发事件_35654829.mp4,多车事故,异常停车,2024年5月30日15时28分05秒至15时29分03秒，外环高速莘朱路路段，一辆灰色轿车在最左侧车道完全静止，驾驶员下车查看，车辆未开启双闪灯，且长时间停靠在行车道上，导致后方多辆车辆被迫减速绕行，影响正常交通秩序，存在明显的异常停车特征。
16,4869,二轮车辆闯入_20230715120335_突发事件_1149569.mp4,二轮车辆闯入,异常停车,2023年7月15日14时03分10秒至14时03分17秒，外环高速仙霞路（内）路段出现异常停车事件。一辆白色轿车在右侧应急车道上突然停车并打开车门，随后有两人下车站在路边，其中一人走向旁边停靠的红色货车，疑似发生碰撞后停车处理。该行为导致后方车辆被迫减速绕行，影响了右侧车道的正常通行秩序，形成局部交通干扰。涉事车辆为一辆白色轿车，驾驶员下车后离开现场，未见明显故障迹象，但其违规停车行为构成交通异常停车，存在安全隐患。
17,4870,异常停车_20240614105451_突发事件_35704233.mp4,多车事故,异常停车,2024年6月14日10时59分12秒至11时01分10秒，外环高速沪太立交东2枪机监控画面显示，一辆蓝色货车在道路右侧应急车道内完全静止，车辆未开启双闪灯，驾驶员下车活动，符合异常停车行为。
18,4871,多车事故_20240622131800_突发事件_35718810.mp4,多车事故,异常停车,2024年6月22日13时17分23秒至13时17分30秒，武宁路地道南线西口路段监控画面显示，一辆白色轿车在最右侧车道停靠，车辆开启双闪灯，驾驶员下车查看，符合异常停车行为。
24,4877,占道施工_20240430000257_运行安全_35546785.mp4,拥堵,占道施工,2024年4月30日00:05:59至00:06:58期间，外环高速沪太立交东2枪机1监控画面显示，夜间高速公路右侧车道正在进行占道施工，现场有多名身穿反光背心的施工人员在车道内作业，其中两辆工程车辆停靠在右侧车道，车顶闪烁警示灯，周围设置大量红白相间的交通锥桶，形成临时隔离带，导致该车道通行空间受限，车辆需绕行或减速通过，施工区域未见明显施工设备或围挡，但存在明显的交通引导措施，符合占道施工的典型特征。
31,4884,抛洒物_20240402065256_运行安全_35459975.mp4,拥堵,异常停车,2024年04月02日06:52:54至06:53:53，沪宁转外环外圈路段出现异常停车事件。一辆黑色轿车在道路右侧车道内完全静止，未开启双闪灯，且无明显故障迹象或驾驶员在车旁活动，车辆长时间停靠在行车道内，属于非紧急情况下的违规停车行为。该行为导致后方车辆被迫减速绕行，影响了道路通行效率，存在安全隐患。
35,4888,二轮车辆闯入_20230718135047_突发事件_1961042.mp4,多车事故,二轮车辆闯入,2023年7月18日13时50分43秒，在外环高速莘庄立交北段，一辆二轮摩托车从画面左侧驶入主车道，沿最左侧车道由南向北行驶，驾驶员身穿深色衣物并佩戴头盔，车辆有明显牌照。该路段为高速公路，禁止二轮车辆通行，且无专用二轮车道或允许通行标志，摩托车在车流中穿行，周围多辆轿车和货车正常行驶，存在较大安全隐患，构成二轮车辆闯入交通异常事件。
38,4891,拥堵_20240108171924_突发事件_35302871.mp4,拥堵,抛洒物,2024年01月18日17:21:55至17:22:09，在外环高速富长路西枪机1处，多辆汽车和货车在夜间行驶过程中出现了严重的交通拥堵现象。涉事车辆包括多辆轿车、SUV、货车和大型卡车，它们在狭窄的行车道上缓慢移动或完全停止，形成了一条长长的车队。这种拥堵情况导致车辆排队长度超过正常范围，并且持续了一段时间，严重影响了道路的通行效率。异常特征表现为车辆尾灯亮起，显示出明显的减速和缓行状态，整体交通流呈现出典型的拥堵特征，而非其他交通异常类型如事故、施工或抛洒物等。
47,4900,拥堵_20231208081125_突发事件_35203668.mp4,抛洒物,拥堵,2023年12月8日星期五上午8时11分至8时12分，位于城市高架道路主干道上发生持续性交通拥堵事件。该路段为多车道高架桥，双向车流密集，车辆以低速或停滞状态缓慢行驶，形成明显排队现象，车辆间距极小，部分车辆在车道间频繁变道，但整体通行效率显著下降。涉事车辆包括各类轿车、货车、客车及大型运输车，其中可见多辆货车装载货物在车道间缓慢移动，如红色集装箱货车、白色厢式货车及蓝色大巴车。由于车流密集且持续时间较长，导致后方车辆被迫减速或停顿，形成典型的早高峰拥堵特征，未见明显的事故、抛洒物或施工迹象，也无异常停车或二轮车辆闯入情况，推测为高峰时段车流量过大所致。该拥堵影响了道路通行能力，造成通行延误，属于典型的城市交通拥堵事件。
49,4902,异常停车_20230718221620_突发事件_1963284.mp4,异常停车,拥堵,2023年7月18日22时16分至22时17分，夜间高速公路路段出现交通拥堵事件。该路段为双向车道，路面湿滑，夜间照明条件良好。视频显示，多辆机动车在该路段缓慢行驶或完全停止，车流密集，车辆间距明显缩小，尾灯连成一片，表明通行速度极低。涉事车辆包括多辆轿车、货车及一辆大型消防车，其中消防车在车流中缓慢移动，未见异常停车或事故迹象。由于车流量大且道路湿滑，车辆普遍开启刹车灯，形成明显的缓行状态，影响了整体通行效率。该拥堵现象持续时间较长，未见缓解趋势，且无施工设施、抛洒物或交通事故等其他干扰因素，主要表现为因车流密度过大导致的常态化拥堵，属于典型的城市高速路高峰时段拥堵事件。
58,4911,二轮车辆闯入_20230722141048_突发事件_33394623.mp4,二轮车辆闯入,异常停车,2023年7月22日14时10分45秒至14时11分13秒，外环高速京沪立交（内）路段出现异常停车事件。一辆白色轿车在右侧应急车道内完全静止，未开启双闪灯，且驾驶员未下车处理，车辆位置处于非停车区域，导致后方多辆车辆被迫减速绕行。该车长时间停靠在行车道上，影响了正常交通流，存在较大安全隐患。
59,4912,占道施工_20230816005058_运行安全_34587905.mp4,占道施工,异常停车,2023年8月16日00:50至00:51期间，外环高速老沪闵路东（内）路段出现占道施工交通事件。现场可见道路右侧车道被一排反光锥桶封闭，形成临时隔离带，导致该车道无法通行，车辆需变道行驶。施工区域未见明显施工人员或设备，但车道数量减少，车辆行驶速度减缓，后方车辆排队缓行，形成一定程度的交通压力。该区域为高速公路主线，无其他异常停车或事故迹象，但因施工设施布置，对通行造成一定影响。
60,4913,二轮车辆闯入_20230721130522_突发事件_33393643.mp4,二轮车辆闯入,异常停车,2023年7月21日13时05分23秒，在武宁路地道南线西向东方向，一辆黑色轿车在行车道内完全静止，车辆开启双闪灯，驾驶员下车后站在车旁，且无交通信号灯或标志允许停车，该行为持续数秒后车辆重新启动正常行驶。该车后方未见明显异常，但该行为导致后方车辆被迫减速避让，存在安全隐患。此行为符合异常停车的判断标准，属于非紧急情况下在非停车区域违规停车。
63,4916,拥堵_20240313172531_突发事件_35407751.mp4,拥堵,抛洒物,2024年3月13日17时25分至17时26分，外环高速天山路路段出现交通拥堵事件。该路段为多车道高速公路，双向车流密集，车辆包括轿车、货车、厢式货车及大型运输车等各类机动车。视频显示，从17:25:30开始，道路右侧车道车辆行驶缓慢，车距明显缩短，部分车辆刹车灯持续亮起，表明车速降低或短暂停滞。随后在17:26:15左右，一辆黄色工程车（载有施工设备）从右侧车道驶入，进一步加剧了右侧车道的通行压力。该工程车在行驶过程中未见明显故障迹象，但其存在导致后方车辆被迫减速并排成长队，形成持续性拥堵。此外，右侧车道还可见一辆绿色篷布覆盖的货车和一辆红色集装箱货车，均处于缓慢行驶状态。由于施工车辆和工程车占据部分车道，导致后方车辆无法正常变道，影响了整体通行效率。整个拥堵过程持续约一分钟，未见明显事故或抛洒物等其他异常情况，但存在典型的施工或应急车辆占道影响交通的特征。
64,4917,占道施工_20240525002701_运行安全_35633383.mp4,占道施工,拥堵,2024年5月25日00:26:55至00:27:59，在嘉闵西侧真南路出口处发生了一起占道施工交通事件。现场可见多辆工程车辆和施工人员，他们穿着反光背心，正在进行施工作业。施工区域被锥桶和围栏遮挡，导致车道数量减少，过往车辆需变道或减速行驶。施工人员在车道内操作设备，而施工车辆则停在路边，开启警示灯。此事件影响了该路段的正常通行，车辆被迫减速或变更车道，但未造成严重的交通拥堵。异常特征包括施工设施占据部分车道、施工人员现场作业以及车辆因施工而减速或绕行。
68,4921,占道施工_20230905002157_运行安全_34710543.mp4,占道施工,抛洒物,2023年9月5日00:21:54至00:22:53期间，外环高速吴中路路段夜间发生占道施工交通事件。现场可见多辆工程车辆停靠在右侧车道，包括一辆黄色工程车和一辆蓝色工程车，周围设置有多个红白相间的交通锥桶，形成临时施工区域。施工区域位于道路右侧靠近护栏处，部分车道被封闭，导致车辆需绕行或减速通过。过往车辆包括多辆轿车、货车及大型运输车，均在施工区域附近有序行驶，未见明显拥堵或事故。施工区域未见明显施工人员活动，但存在明显的施工设施布置，符合占道施工特征。该事件对通行车辆造成一定影响，但整体交通秩序可控，未发生异常停车、事故或抛洒物等情况。
69,4922,异常停车_20230716095332_突发事件_1153383.mp4,多车事故,拥堵,2023年7月16日星期日上午9时53分至9时54分，外环高速丰翔路-1路段出现交通拥堵事件。该路段为双向多车道高速公路，路面湿滑，天气阴雨，能见度较低。视频显示，从9:53:29开始，道路右侧车道车辆行驶缓慢，车流密集，多辆货车与轿车依次排队缓行，包括白色厢式货车、红色集装箱货车、白色面包车及黑色轿车等，车辆间距明显缩小，部分车辆刹车灯持续亮起，表明车速降低或短暂停滞。拥堵持续约1分钟，未见明显事故或障碍物，但车辆整体移动速度显著低于正常通行水平，形成持续性排队现象，影响了该路段的通行效率。异常特征表现为车流密度高、车速缓慢、无突发变道或碰撞行为，符合典型早高峰时段因车流量大导致的拥堵特征。
72,4925,二轮车辆闯入_20230717165524_突发事件_1356626.mp4,多车事故,二轮车辆闯入,2023年7月17日星期一16时54分28秒，在外环高速京沪铁路桥南路段，一辆二轮摩托车从左侧车道驶入主路，行驶于多车道高速公路的中间车道，未在专用通道或允许区域通行，且无明显禁止标志下绕行行为，驾驶员佩戴头盔，车辆有牌照特征，该行为属于二轮车辆闯入高速公路的典型异常交通事件。
74,4927,抛洒物_20231104061607_运行安全_35044837.mp4,多车事故,抛洒物,2023年11月4日06时16分，外环高速顾戴路路段出现抛洒物交通事件，路面出现一个红色纸盒状异物，位于行车道中央区域，未被及时清理。该异物疑似来自货车货箱，于06:16:09已出现，持续至视频结束。多辆货车及轿车正常行驶通过该区域，部分车辆在接近该区域时轻微调整车道以避开异物，但未见明显减速或避让行为。该抛洒物导致后续车辆需绕行或减速，存在潜在安全隐患，尤其在夜间或雨天易引发交通事故。异常特征为：异物尺寸较大、位置固定、未见人员处理、持续影响通行安全，且无警示标志提示，符合抛洒物判断标准。
82,4935,占道施工_20230903005103_运行安全_34696362.mp4,拥堵,占道施工,2023年9月3日00:50:58至00:51:57期间，外环真南路入口路段夜间出现占道施工交通事件。施工区域位于道路右侧车道，现场设置有连续的交通锥桶和警示标志，包括“前方施工”提示牌及限速2-3公里/小时的指示牌，表明该路段正在进行道路施工或维护作业。施工区域内有一辆闪烁警示灯的工程车辆缓慢行驶，配合施工人员进行作业。由于施工占用部分车道，导致右侧车道通行能力下降，车辆需减速并变道绕行，影响了正常交通流。整体画面显示施工区域布置规范，但存在一定的交通干扰风险，属于典型的占道施工异常情况。
87,4940,占道施工_20240311001653_运行安全_35399564.mp4,占道施工,拥堵,2024年03月11日星期一00:19:50至00:20:08，在外环高速铁力路西枪机2处，发生了一起占道施工交通事件。现场可见多辆工程车辆和施工人员，他们穿着反光背心，正在进行道路施工操作，车道被锥桶和施工车辆遮挡，导致车道数量减少，车辆需变道或减速通行。施工区域设有警示牌和闪烁警示灯，以提醒过往车辆注意避让。此次施工行为对夜间行车造成一定影响，车辆被迫减速或绕行，但未引发严重拥堵或事故。异常特征包括施工设施占据部分车道、施工人员现场作业以及明显的警示标志。
90,4943,拥堵_20240101190522_突发事件_35284491.mp4,拥堵,异常停车,2024年1月1日19时05分至19时06分，G60市区方向至S20外环线2枪机2路段出现严重交通拥堵事件。该路段位于夜间，道路照明良好，车流密集，多辆小轿车、货车及客车在双向车道上缓慢行驶或完全停滞，车辆尾灯连成一片红色光带，表明通行速度极低。车辆排成长队，持续时间超过一分钟且无缓解趋势，部分车辆在车道间频繁变道，导致后方车辆被迫减速或绕行，整体交通流呈现明显的拥堵特征。现场未见明显事故、施工或异常停车迹象，但因车流量大且夜间能见度较低，造成通行效率显著下降，对过往车辆造成较大影响。
91,4944,二轮车辆闯入_20230718084649_突发事件_1959375.mp4,二轮车辆闯入,占道施工,2023年7月18日08时46分48秒，在外环高速顾戴路路段，一辆黄色工程车停靠在道路右侧车道上，车身周围放置了多个黄色警示牌，车辆开启双闪灯，一名身穿反光背心的工作人员在车旁进行作业，现场还停放着一辆黄色清障车，该区域为临时施工或检查点，施工区域设有警示标志和锥桶，对过往车辆造成一定影响，车辆需减速绕行，符合占道施工的异常特征。
93,4946,占道施工_20240523000157_运行安全_35623957.mp4,占道施工,拥堵,2024年5月23日00:01:28至00:02:27，在S26沪常高速收费广场东侧（K11+608）处，发生了一起占道施工交通事件。现场可见多辆工程车辆和施工人员在进行作业，施工人员穿着反光背心，操作设备，车道被锥桶遮挡，导致车道数量减少，车辆需变道或减速通行。施工区域设有警示牌和闪烁警示灯，以提醒过往车辆注意避让。此次施工行为对道路交通造成了一定影响，但未引发严重拥堵或事故。异常特征包括施工设施占据部分车道、施工人员现场作业以及明显的警示标志。
94,4947,占道施工_20230909002352_运行安全_34746468.mp4,占道施工,拥堵,2023年9月9日星期六00:23:50至00:24:48期间，K14+050路段夜间出现严重交通拥堵事件。该路段为城市高架道路，双向多车道，右侧车道被大量车辆封闭，形成连续的排队缓行状态。涉事车辆包括各类轿车、货车、客车及大型运输车，其中有多辆大型货车（如红色集装箱货车、白色厢式货车）在车流中缓慢移动，部分车辆刹车灯持续亮起，表明车速极低或处于停滞状态。左侧对向车道车流相对正常，但因右侧拥堵导致整体通行效率下降。现场可见多个交通锥桶沿道路边缘排列，用于引导车辆变道绕行，但未见明显施工或事故迹象。拥堵主要集中在高架桥下区域，可能与前方匝道汇流或出口分流有关，导致车辆积压加剧。异常特征表现为长时间、大范围的车辆缓行与排队，且无明显事故或障碍物，符合典型高峰时段瓶颈路段的拥堵特征。
95,4948,占道施工_20230902222328_运行安全_34695991.mp4,拥堵,占道施工,2023年9月2日22时23分至22时24分，外环高速龙吴路路段夜间出现占道施工交通事件。现场可见多辆工程车辆停靠在道路右侧车道，包括一辆黄色工程车和一辆装载设备的平板运输车，周围设置大量红白相间的交通锥桶形成临时隔离带，占据部分行车道。施工区域有警示灯闪烁，提示过往车辆注意避让。多辆小型轿车、货车及大型运输车辆在施工区域前减速并变道行驶，部分车辆因车道变窄而出现排队现象，导致通行速度下降。该施工行为导致右侧车道通行能力下降，影响了正常交通流，存在潜在安全隐患，符合占道施工的典型特征。
100,4953,二轮车辆闯入_20230719084238_突发事件_1965769.mp4,二轮车辆闯入,拥堵,2023年7月19日08时42分，S20LSTV03监控点位显示，某城市快速路双向车道出现持续性交通拥堵，车辆行驶缓慢，车流密集且无明显移动规律，部分车辆在多个车道内排队缓行，部分大型货车和集装箱运输车在车流中占据较大空间，导致通行效率下降。现场未见施工设施、异常停车或事故迹象，也无二轮车辆闯入情况，但因车流量大且车辆间距缩小，形成典型拥堵现象，影响了整体道路通行能力，属于典型早高峰时段因车流集中引发的交通拥堵事件。
102,4955,抛洒物_20240530074153_运行安全_35652730.mp4,抛洒物,拥堵,2024年5月30日07:41至07:42期间，外环高速丰翔路南段出现交通拥堵事件。该路段为多车道高速公路，两侧绿树成荫，道路标线清晰，可见“内环线外”及“外环线内”指示牌。视频显示，大量机动车包括轿车、货车、客车及特种车辆（如工程车）在多个车道内缓慢行驶或完全停止，车流密集且持续时间较长，车辆间距明显缩小，部分车辆刹车灯持续亮起，表明车速极低或处于停滞状态。拥堵主要集中在左侧车道，右侧车道虽有车辆通行但速度也明显降低，整体通行效率显著下降。未见异常停车、施工设施、二轮车辆闯入、事故碰撞或抛洒物等其他异常情况，也无明显占道施工迹象。拥堵可能由前方交通流量大或瓶颈路段导致，影响范围覆盖多个车道，持续时间超过一分钟，符合典型拥堵特征。
103,4956,多车事故_20240530085706_突发事件_35653363.mp4,拥堵,多车事故,2024年5月30日08:56至08:57，在外环高速顾戴路北（内）路段，发生了一起多车事故。涉事车辆包括一辆白色面包车和一辆黑色轿车，这些车辆在行驶过程中发生了碰撞，导致车辆位置异常，其中白色面包车斜停在车道上，黑色轿车在其前方。事故现场有人员下车交涉，其他车辆被迫紧急避让或停滞，造成了交通拥堵。此次事故的异常特征在于多辆车同时发生碰撞，且事故地点位于高速公路的繁忙区域，进一步加剧了交通影响。
104,4957,拥堵_20240316155937_突发事件_35416515.mp4,多车事故,拥堵,2024年3月16日15时59分至16时00分，G60市区方向至S20外环高速路段出现交通拥堵事件。该路段位于高速公路弯道区域，道路两侧有绿化带和护栏，上方有指示牌显示“G60 至S20 1/2 限速80”。视频显示，多辆轿车、货车及厢式货车在双向车道上缓慢行驶或停滞，车辆间距明显缩小，车流密度较高，形成连续排队现象，持续时间超过一分钟且无缓解趋势。涉事车辆包括白色厢式货车、红色集装箱货车、白色面包车、黑色轿车及多辆小型客车，均处于低速行驶状态，部分车辆刹车灯持续亮起，表明驾驶员正在减速或等待通行。由于车流密集，导致后方车辆被迫减速并排成队列，影响了整体通行效率。现场未见明显事故、施工或抛洒物等直接诱因，但拥堵特征符合高峰时段或瓶颈路段的交通压力特征，属于典型的交通拥堵事件。
105,4958,占道施工_20230818024706_运行安全_34600742.mp4,拥堵,占道施工,2023年8月18日02:46至02:47期间，外环高速沪太立交东段发生占道施工交通事件。现场可见多辆工程车辆停靠在道路右侧车道，包括一辆黄色工程车和数辆货车，车辆周围设置有多个红白相间的交通锥桶，形成临时隔离区域。多名身穿反光背心的施工人员在车道内活动，部分人员在移动交通锥桶或进行作业。该施工区域导致右侧车道被占用，车辆需绕行至左侧车道通行，造成局部车流减速。施工区域设有警示灯和指示牌，提示前方施工，但未见明显施工围挡或封闭措施，存在一定的交通安全隐患。整体表现为夜间夜间施工，对交通流造成一定影响。
110,4963,异常停车_20240606120515_突发事件_35679057.mp4,异常停车,抛洒物,2024年6月6日14时05分至14时06分，外环高速吴中路路段发生抛洒物事件。视频显示，多块白色板状物散落在行车道上，部分异物随车辆移动持续掉落。涉事车辆不明，但根据抛洒物位置判断，可能为前方货车或集装箱车掉落。抛洒物对道路交通影响较大，多辆车辆在经过该区域时出现紧急避让或减速行为，存在安全隐患。异常特征表现为：抛洒物尺寸较大、持续存在于行车道中、无明显警示标志，且无人员下车处理，持续约一分钟，对道路通行安全构成潜在威胁。
112,4965,拥堵_20231113071958_突发事件_35091185.mp4,拥堵,抛洒物,2023年11月13日07时19分至07时20分，外环高速漕宝路北向南方向出现严重交通拥堵事件。该路段为多车道高速公路，车流密集，车辆以缓慢速度行驶，部分车辆处于停滞状态，排队长度持续延伸，影响通行效率。涉事车辆包括各类轿车、货车、客车及大型运输车，其中绿色集装箱货车、白色厢式货车和黄色出租车等在画面中较为显眼。车辆在多个车道内缓慢移动或完全停止，未见明显事故或障碍物，但整体车流密度极高，导致后方车辆被迫减速并频繁变道，存在潜在追尾风险。异常特征表现为长时间、大范围的车辆积压，且无明显施工或抛洒物迹象，推测为高峰时段车流量过大所致。
113,4966,占道施工_20231116003349_运行安全_35106756.mp4,占道施工,异常停车,2023年11月16日00:33:45至00:34:44期间，嘉闵西桃浦公路南路段夜间监控画面显示，一辆白色轿车在右侧车道内长时间静止不动，车辆未开启双闪灯，且无明显故障迹象或驾驶员下车行为，周围其他车辆正常行驶，部分车辆在经过该车时有轻微变道避让行为，表明该车存在异常停车情况，影响了道路通行安全。该行为符合异常停车判断标准，存在安全隐患。
115,4968,拥堵_20240208073929_突发事件_35357603.mp4,拥堵,抛洒物,2024年02月08日星期四07:39:22至07:40:20期间，在城市高架桥路段，多辆汽车在正常行驶过程中，由于前方一块蓝色包裹状物体导致驾驶员减速并绕行，车辆依次通过该区域时出现避让动作，未见明显追尾或碰撞，但已发生相对秩序紊乱，该事件符合抛洒物判断标准，属于典型抛洒物交通异常。
120,4973,多车事故_20240622062856_突发事件_35717902.mp4,多车事故,异常停车,2024年6月22日06:28:31至06:29:38期间，S20外至S4金山方向的高架道路上发生了一起异常停车事件。一辆红色货车在右侧车道上完全静止，且无驾驶员下车或明显故障迹象，车辆后方有几名人员下车在车旁活动，疑似车辆维修或检查。该车长时间占用行车道，导致后方多辆货车和轿车被迫减速绕行，影响了道路的正常通行秩序。此行为违反了高速公路禁止随意停车的规定，存在安全隐患，且未采取任何警示措施，属于典型的异常停车行为。
122,4975,占道施工_20240530012527_运行安全_35651647.mp4,拥堵,占道施工,2024年05月30日星期四凌晨01:25至01:26期间，在某高速公路路段，发生了占道施工交通事件。现场可见车道被多个锥桶遮挡，施工人员穿着反光背心在进行操作，导致该区域的车道数量减少，车辆需变道或减速通行。涉事车辆包括施工车辆和过往的轿车、货车等，它们被迫绕行或减速通过施工区域。异常特征包括明显的施工设施、施工人员的活动以及车辆被迫改变行驶路线，这些都符合占道施工的判断标准。
124,4977,二轮车辆闯入_20230719084953_突发事件_1965724.mp4,二轮车辆闯入,多车事故,2024年3月1日18时03分（约18:03:03），在G60市区方向入口附近的路段上，发生了一起多车事故。涉事车辆包括一辆红色货车、一辆白色SUV。红色货车停在行车道上，银色金属框架车身明显占据车道，导致后方车辆无法正常通行，部分车辆紧急刹车并存在明显碰撞痕迹。白色SUV则与前方红色货车发生追尾碰撞。事故造成该路段交通拥堵，后方车辆被迫减速或绕行，影响了道路的正常通行秩序。异常特征表现为货车位置异常且存在明显的碰撞痕迹，符合多车事故的判断标准。
128,4981,异常停车_20240624005704_突发事件_35720496.mp4,异常停车,多车事故,2024年06月24日00:57:00至00:57:59，在上海市漕宝路出口附近的高架道路上，发生了一起多车事故。涉事车辆包括一辆白色轿车和一辆灰色SUV，它们在行驶过程中发生了碰撞，导致车辆位置异常，两辆轿车停在车道中央。事故现场有人员下车交涉，且有交警到场处理，其他车辆被迫紧急避让或停滞，交通秩序受到明显影响，显示出典型的多车事故特征。
130,4983,异常停车_20240530151012_突发事件_35654713.mp4,异常停车,拥堵,2024年5月30日15:06至15:07，在外环高速吴淞江桥南路段，发生了一起多车事故。涉事车辆包括一辆白色面包车和一辆黑色轿车，两车在行驶过程中发生碰撞，导致面包车停在车道上，车门打开，驾驶员和乘客站在车旁查看情况。黑色轿车则斜停在面包车前方，影响了后方车辆的正常通行。事故现场可见其他车辆紧急避让或减速绕行，交通秩序受到一定程度的影响，且未见明显施工或抛洒物等其他干扰因素，但事故本身的发生就导致了该路段的拥堵现象。
140,4993,抛洒物_20240216203149_运行安全_35364108.mp4,抛洒物,多车事故,2024年2月16日20时31分至20时32分，外环高速曹安路北段发生一起多车事故。事故发生在夜间，监控画面显示一辆红色轿车停靠在最右侧车道边缘，车门打开，两名人员站在车旁，疑似车辆故障或发生碰撞后停车。该车所在车道未设置警示标志，且影响后方车辆正常通行。周围多辆汽车正常行驶，但因前方停车导致该车道通行受阻，部分车辆在接近时出现减速绕行行为。涉事车辆为两辆小轿车，其中红色轿车与前方车辆发生碰撞，形成局部交通阻塞。事故区域无施工设施或抛洒物，也无人员下车交涉或交警到场处理，但存在明显的车辆位置异常特征，表明为一起临时停车引发的多车事故。该事件造成局部交通流缓行，影响了右侧车道的正常通行效率，属于典型的夜间突发停车事故。
144,4997,二轮车辆闯入_20230715105641_突发事件_1149385.mp4,二轮车辆闯入,拥堵,2023年7月15日10时56分至10时57分，外环高速吴中入口匝道（外）路段出现交通拥堵事件。该路段为多车道高速公路，车流密集，主要由轿车、货车及厢式运输车组成，其中红色集装箱货车、白色厢式货车和蓝色集装箱货车等大型车辆在车道内缓慢行驶或短暂停滞，车辆间距较小，通行速度明显下降，形成持续性排队现象。道路右侧设有“禁止货车通行”及“前方500米紧急停车”等警示标志，表明该区域存在临时限速或禁行限制，进一步加剧了通行压力。车辆在接近匝道汇入点时出现缓行状态，后方车辆持续汇入，导致车流密度持续上升，未见明显事故或抛洒物迹象，但整体车速低于正常通行水平，符合拥堵判断标准。该拥堵影响范围覆盖多个车道，持续时间约一分钟，未见缓解趋势，属于典型的城市快速路瓶颈区域拥堵事件。
146,4999,多车事故_20240623031336_突发事件_35719212.mp4,多车事故,异常停车,2024年6月23日03时13分至03时14分，外环高速京沪立交南2枪机1监控画面显示，夜间雨天路面湿滑，多辆机动车在双向车道上正常行驶。在右侧车道中，一辆白色轿车在右侧应急车道内长时间静止不动，且无驾驶员下车或明显故障迹象，周围其他车辆正常行驶，部分车辆在经过该车时有轻微变道避让行为，表明该车存在异常停车情况，影响了应急车道的正常使用，构成交通安全隐患。
148,5001,异常停车_20240510075910_突发事件_35576724.mp4,拥堵,多车事故,2024年5月10日07时59分，外环高速龙吴路路段发生一起多车事故。事故发生在双向车道中的南向车道，涉事车辆包括俩辆SUV。视频显示，一辆白色面包车停靠在应急车道边缘疑似与前车发生追尾事故，驾驶员下车站立于车旁。事故造成该方向交通流明显受阻，后方车辆被迫缓慢通行，形成持续拥堵。现场无明显施工或抛洒物迹象，但存在多车碰撞痕迹和异常停车行为，符合多车事故的典型特征。
149,5002,二轮车辆闯入_20230719213652_突发事件_6964615.mp4,二轮车辆闯入,异常停车,2023年7月19日21时36分至21时37分，外环高速沪太立交东1-1路段夜间监控画面显示，一辆白色轿车在最外侧车道内长时间静止不动，车辆开启双闪灯，驾驶员下车查看情况，后方多辆车辆被迫减速绕行，导致该车道通行效率下降，存在异常停车行为。
165,5018,异常停车_20240622104255_突发事件_35718551.mp4,异常停车,拥堵,2024年06月22日10:43:03至10:43:47，在上行中春路出口匝道处，视频显示交通拥堵事件正在发生。涉事车辆包括多辆轿车、货车和公交车，它们在道路上缓慢移动或完全停止，形成了一条长长的车队。这些车辆的行为表现为低速行驶或停滞，导致后方车辆被迫减速或停车等待，严重影响了道路的通行效率。异常特征表现为车道上车辆密集，车流速度极低，且持续时间较长，未见明显缓解趋势。此拥堵情况可能由多种因素引起，包括早高峰时段车流量大、道路瓶颈位置或突发性交通状况等。
167,5020,异常停车_20240606202640_突发事件_35681177.mp4,异常停车,抛洒物,2024年6月6日20时26分37秒至20时27分36秒，外环高速吴淞江桥南路段发生一起多车事故。事故发生在夜间，监控画面显示一辆白色轿车与前方货车停靠在右侧车道上，疑似发生追尾。货车驾驶员及乘车人下车查看情况，白色轿车紧随其后，两车均开启双闪灯。事故导致该车道交通流受阻，后方车辆被迫减速绕行，形成短暂拥堵。涉事车辆包括白色轿车、红色货车，均处于静止状态，未见明显移动，且无明显施工或抛洒物迹象。事故区域位于高速公路中央护栏旁，属于非正常停车行为，存在安全隐患，影响了正常交通秩序。
169,5022,拥堵_20240302170008_突发事件_35384775.mp4,多车事故,拥堵,2024年3月2日17:00:05至17:00:08，嘉闵高架路东侧西虹江南路段发生拥堵事件。该路段为多车道高架道路，车流密集，车辆以缓慢速度行驶，部分车辆处于停滞状态，排队长度持续延伸，影响通行效率。涉事车辆包括各类轿车、SUV、面包车及一辆大型客车，均在正常行驶过程中因前方车流缓慢而被迫减速或停止。未见明显事故或障碍物，但整体车流密度较高，导致通行不畅。异常特征表现为车辆间距缩小，行驶速度显著降低，且持续时间超过一分钟，符合拥堵判断标准。
171,5024,拥堵_20231213164305_突发事件_35220430.mp4,拥堵,抛洒物,2023年12月13日16时43分至16时44分，S4市区方向至S20内环高架路段出现严重交通拥堵事件。该路段为多车道高速公路，双向车流密集，其中南向车道车辆排成长队，行驶缓慢，尾灯持续亮起，形成明显的红色光带，表明车辆处于低速或停滞状态。涉事车辆包括各类轿车、货车、厢式货车及大型集装箱运输车，如红色集装箱货车、蓝色集装箱货车、绿色集装箱货车等，均在正常车道内行驶但受阻于前方车流。部分车辆因避让或变道导致间距缩小，存在轻微穿插行为，但未见明显碰撞或事故迹象。由于车流量大且持续时间较长，导致通行效率显著下降，后方车辆被迫减速或停车等待，形成典型的拥堵现象，影响了整体道路通行能力。异常特征表现为车辆排队长度超过正常范围，且无施工或抛洒物等外部干扰因素，推测为高峰时段车流集中所致。
172,5025,抛洒物_20240519134159_运行安全_35607164.mp4,抛洒物,异常停车,2024年5月19日13时41分54秒，在城市高架桥路段，一辆白色轿车在最左侧车道内完全静止，车辆未开启双闪灯，驾驶员不在车内，车辆明显处于异常停车状态。该车停于行车道内，导致后方多辆车辆被迫减速绕行，影响了正常交通流。此行为违反了高速公路禁止随意停车的规定，构成交通异常事件。
173,5026,异常停车_20240518155642_突发事件_35604920.mp4,异常停车,抛洒物,2024年5月18日15时17分至15时18分，外环高速吴淞江桥南路段，多辆货车和轿车在正常行驶过程中，未发现有车辆抛洒物品或路面存在明显异物，车道内车辆通行顺畅，无急刹、绕行等异常行为，未观察到抛洒物相关特征，现场交通秩序正常。
174,5027,拥堵_20240301140843_突发事件_35382342.mp4,拥堵,异常停车,2024年3月1日14时08分43秒，在嘉闵西侧定焦03监控点位的隧道内，一辆白色轿车在最右侧车道完全静止，驾驶员下车后在车旁停留并多次开关车门，车辆开启双闪灯，后方车辆被迫减速绕行，导致该车道通行受阻，形成局部拥堵。该行为符合异常停车判断标准，存在安全隐患，影响正常交通秩序。
178,5031,占道施工_20230804014203_运行安全_34424962.mp4,拥堵,占道施工,2023年8月4日凌晨1点41分至1点42分，S20LSTV06路段夜间出现占道施工交通事件。施工现场位于道路右侧车道，一辆红色货车停靠在路边，车后装载有蓝色警示灯和反光标识的警示牌，旁边有身穿反光背心的施工人员在作业。施工区域用多个红白相间的交通锥桶进行隔离，形成临时封闭区，引导车辆绕行。多辆机动车（包括轿车、货车）在该区域减速通过，部分车辆因避让施工区域而变道行驶。整个施工区域设有警示灯和反光设施，夜间照明良好，但未见明显施工机械或围挡。该事件导致右侧车道通行能力下降，车辆需调整行驶路线，存在一定的交通影响，符合占道施工的典型特征。
179,5032,二轮车辆闯入_20230720193743_突发事件_33391730.mp4,二轮车辆闯入,拥堵,2023年7月20日19时37分至19时38分，S20外至G60出省方向1枪机2监控路段出现交通拥堵事件。该路段为夜间弯道道路，路面湿滑，车辆行驶缓慢。视频显示，多辆小汽车、货车及一辆摩托车在道路上依次排队缓行，车距较近，刹车灯持续亮起，表明车速明显降低，通行效率下降。车辆依次通过弯道，未见明显碰撞或异常停车行为，但整体车流密度较高，形成连续的缓行队列，影响了正常通行速度。该拥堵发生在弯道区域，可能与车速限制、车流量大或前方存在未被捕捉到的瓶颈点有关，属于典型的城市道路拥堵现象。
180,5033,拥堵_20231113071558_突发事件_35091162.mp4,拥堵,异常停车,2023年11月7日13时15分至13时16分，G60市区方向至S20内2枪机2监控路段出现交通拥堵事件。该路段为高架道路，两侧设有隔音屏，车流密集，多辆轿车、货车及厢式运输车在双向车道上缓慢行驶或停滞，车辆间距明显缩小，通行速度显著下降。涉事车辆包括红色、白色、黑色等多种颜色的私家车及白色厢式货车、白色厢式货车、白色厢式货车、红色集装箱货车、白色厢式货车、白色轿车等，均处于低速行驶状态，部分车辆频繁变道或刹车，导致后方车辆被迫跟随减速。拥堵区域持续时间约一分钟，未见明显事故或障碍物，但车流密度极高，形成典型早高峰拥堵特征，影响了正常通行效率，且无施工迹象或异常停车情况。
182,5035,占道施工_20240314205553_运行安全_35410880.mp4,拥堵,占道施工,2024年3月14日星期四凌晨20:55至20:56，在某高速公路路段，发生了一起占道施工交通事件。视频显示，该路段的右侧车道被多个交通锥桶遮挡，施工人员穿着反光背心在车道内进行作业，导致车道数量减少，车辆需变道或减速行驶。涉事车辆包括多辆货车和轿车，它们被迫绕行或减速通过施工区域。此次施工行为造成了车道通行空间的减少，影响了车辆的正常行驶，特别是大型货车和轿车在接近施工区域时明显减速，显示出明显的交通干扰特征。异常特征包括明显的施工设施、施工人员的操作设备和交通锥桶的有序摆放，以及车辆被迫改变行驶路线的情况。
188,5041,占道施工_20231224003234_运行安全_35255801.mp4,拥堵,占道施工,2023年12月24日星期日凌晨00:34:45至00:35:44期间，外环高速江杨北路路段夜间出现占道施工交通事件。现场可见道路左侧车道被一排橙白相间的交通锥桶封闭，形成临时隔离带，占用部分行车道，导致车辆需绕行或减速通过。施工区域未见明显施工人员或工程车辆作业，但存在明显的施工警示标志和照明设施，表明正在进行道路维护或施工。该区域车道数量减少，车辆通行速度降低，影响了正常交通流，属于典型的占道施工异常情况。
193,5046,占道施工_20240621001032_运行安全_35715839.mp4,占道施工,拥堵,2024年6月21日00:10:03至00:10:58，在S26沪常高速地面联友路下匝道（K14+795金丰路下匝道口）处，发生了一起占道施工交通事件。现场可见车道被多个锥桶遮挡，施工车辆停在右侧车道并进行了施工操作，施工人员穿着反光背心并操作设备。由于施工设施的遮挡，车道数量减少，导致过往车辆需变道或减速行驶，影响了道路的正常通行。此外，施工区域设有警示牌和闪烁警示灯，提醒驾驶员注意避让，确保行车安全。整个事件中，施工行为明显，对交通流产生了一定的影响，但未造成严重拥堵。
196,5049,占道施工_20240114031807_运行安全_35316842.mp4,占道施工,拥堵,2024年1月14日03时18分至03时19分，在外环高速虹梅南路路段，发生了一起占道施工交通事件。现场可见多辆工程车辆和施工人员，他们穿着反光背心，正在进行道路施工操作。施工区域被多个锥桶围挡，部分车道被封闭，导致车辆需变道或减速通行。施工人员在施工现场进行作业，而过往车辆则被迫减速或绕行，影响了该路段的正常交通秩序。异常特征包括施工区域设有明显的警示标志和灯光，确保过往车辆能够及时注意到施工情况并采取相应措施。整体来看，此次占道施工对夜间高速公路的交通流量产生了一定影响，但未造成严重拥堵或事故。
197,5050,异常停车_20240515172009_突发事件_35594101.mp4,拥堵,抛洒物,2024年5月15日17时20分05秒至17时21分03秒，G60市区方向至S4金山方向路段，监控画面显示多辆机动车在正常行驶过程中，右侧车道出现散落物，数量不多的车辆经过该区域时出现减速避让或变道绕行行为，未见明显碰撞或停车情况，但存在潜在安全隐患，因散落物导致交通秩序可能出现波动，属于典型的抛洒物交通事件，其中有多辆货车和轿车依次经过该区域时均表现出避让动作。现场无人员下车处理，也未见警示标志设置，散落物形状不规则，颜色较深，影响行车视线，存在引发后方车辆急刹或侧闪风险。
209,5062,异常停车_20230715182223_突发事件_1150795.mp4,异常停车,二轮车辆闯入,2023年7月15日18时22分28秒，在外环高速沪渝立交附近路段，一辆二轮车驶入主路行车道，与正常行驶的多辆汽车发生近距离交错，存在严重安全隐患。该二轮车未在专用非机动车道或允许通行区域行驶，驾驶员佩戴头盔，车辆无明显牌照，其闯入行为导致后方车辆紧急避让，引发短暂交通混乱，属于典型的二轮车辆闯入高速公路的异常事件。
210,5063,异常停车_20231228223224_突发事件_35273744.mp4,异常停车,多车事故,2023年12月28日22时32分至22时33分，外环高速漕宝入口匝道（内）路段出现异常停车事件。一辆白色厢式货车在右侧车道内长时间静止不动，车辆开启双闪灯，且无明显故障迹象或驾驶员在车旁活动，导致后方车辆被迫减速绕行，影响了该车道的正常通行秩序。该车停靠位置位于匝道汇入主路的车道，属于非停车区域，且无交通信号或标志允许停车，存在安全隐患。周围其他车辆正常行驶，但因该车停放造成局部交通流受阻，存在引发追尾或侧翻等事故的风险。
217,5070,拥堵_20231027074806_突发事件_35006048.mp4,拥堵,异常停车,2023年10月27日02时48分至02时49分，外环高速莘庄立交东（外）路段出现交通异常停车事件。在该时间段内，一辆红色货车在右侧应急车道内完全静止，车辆未开启双闪灯，且无明显故障迹象或驾驶员在车旁活动，导致后方多辆车辆被迫减速绕行。该车停靠位置位于行车道与应急车道之间，占据部分应急车道空间，影响了应急车道的正常使用。周围其他车辆均正常行驶，未见碰撞或人员下车情况，但该车长时间静止状态已构成交通安全隐患，符合异常停车判断标准。
218,5071,异常停车_20230720141316_突发事件_33390267.mp4,异常停车,拥堵,2023年7月20日14时13分15秒至14时14分12秒，外环高速莘庄立交东（外）路段出现严重交通拥堵事件。该路段为双向多车道高速公路，路面湿滑，天气阴雨，能见度较低。视频显示，右侧车道车辆排成长队，车流缓慢移动或完全停滞，车辆间距极小，部分车辆处于静止状态，持续时间约一分钟且无缓解趋势。涉事车辆包括大量轿车、货车、客车及大型运输车，其中红色、蓝色、黄色等颜色的货车较为显眼，部分车辆在缓慢前行中频繁刹车灯亮起，表明车速极低或处于静止状态。左侧对向车道车流相对正常，但受右侧拥堵影响，整体通行效率显著下降。现场未见明显事故、施工或抛洒物迹象，也无异常停车或二轮车辆闯入情况，推测拥堵可能由前方交通流量突增或突发性车流集中导致。该事件符合拥堵判断标准：多辆车缓慢移动或完全停止，排队车辆长度超过正常范围，持续一段时间且无缓解趋势，发生在高速公路瓶颈区域，影响范围覆盖多个车道，造成通行能力下降。
220,5073,异常停车_20240529084732_突发事件_35649482.mp4,多车事故,异常停车,2024年5月29日08:57至08:58，在外环高速丰翔路南段，一辆红色货车在行车道上异常停车，车辆完全静止且未开启双闪灯，驾驶员不在车内，疑似车辆故障。该行为导致后方车辆被迫减速避让，影响了道路的正常通行秩序，存在一定的安全隐患。异常特征包括：车辆在非停车区域静止、未开启双闪灯、驾驶员不在车内以及后方车辆被迫绕行或减速。
221,5074,二轮车辆闯入_20230721115756_突发事件_33393564.mp4,多车事故,二轮车辆闯入,2023年7月20日10时57分至10时58分，S20内至虹桥枢纽方向高架路段，一辆二轮车（疑似电动车或摩托车）在机动车道内行驶，驾驶员佩戴头盔，车辆未见明显牌照。该二轮车在车流中穿行，与多辆小汽车并行，存在逆行和横穿车道等危险行为，且该路段无专用二轮车道或允许通行标志，属于禁止二轮车通行区域，其闯入行为导致后方车辆紧急避让，影响了正常交通秩序，构成典型的二轮车辆闯入交通异常事件。
224,5077,拥堵_20240321110224_突发事件_35430273.mp4,拥堵,抛洒物,2023年12月21日11时05分，外环高速沪太立交西段出现严重交通拥堵，多辆轿车、货车及大型运输车辆在道路上缓慢行驶或完全停滞，车辆排成长队，车距极短，通行速度明显下降，持续时间超过10秒且无缓解趋势，符合拥堵判断标准。现场未见异常停车、施工设施、事故痕迹或抛洒物，但因车流量大导致道路通行能力下降，影响整体交通流畅性。
225,5078,占道施工_20231028034248_运行安全_35008869.mp4,占道施工,拥堵,2023年10月28日03时42分至03时43分，外环高速吴中入口匝道（内）路段出现占道施工交通事件。现场可见多排红白相间的交通锥桶沿道路右侧车道有序摆放，形成临时隔离带，占用部分行车道，导致车辆需绕行或减速通过。施工区域未见明显施工人员或工程车辆作业，但交通锥桶的布置方式符合占道施工特征，提示该区域正在进行或准备进行道路施工。该施工行为对通行车辆造成一定影响，部分车辆在接近施工区时出现变道或减速行为，存在潜在安全隐患。整体交通流保持有序，未出现拥堵或事故现象，但存在因施工引发的车道减少和行车效率下降情况。
228,5081,异常停车_20230720131040_突发事件_33389877.mp4,抛洒物,异常停车,2023年7月20日13时10分至13时11分，外环高速沪渝立交段出现异常停车事件。一辆白色轿车在右侧车道内完全静止，车辆未开启双闪灯，驾驶员未下车，车辆后方多辆汽车因避让而减速或变道，造成局部交通流紊乱。该车长时间停靠在行车道上，无交通信号灯或标志允许停车，且周围无施工或事故迹象，属于非正常停车行为，存在较大安全隐患。
229,5082,异常停车_20230718122756_突发事件_1960711.mp4,异常停车,二轮车辆闯入,2023年7月18日12时28分04秒至12时28分13秒，外环高速丰翔路路段出现二轮车辆闯入交通事件。一辆摩托车从右侧第三车道驶入主车道，随后在多车道高速公路上行驶，未见其佩戴头盔，且无专用二轮车道标识，其行驶路径与正常行驶车辆存在明显重叠，存在较大安全隐患。该行为违反了高速公路禁止二轮车辆通行的规定，属于典型的二轮车辆闯入异常事件。
231,5084,拥堵_20240227081853_突发事件_35376549.mp4,拥堵,异常停车,2024年2月27日08:18至08:19期间，在外环高速仙霞路枪机1监控范围内，一辆白色面包车在最右侧车道上异常停车，车辆开启双闪灯，导致后方车辆被迫减速绕行，造成该车道通行受阻。该车辆长时间静止于行车道内，无交通信号灯或标志允许停车，且周围无施工或其他异常情况，符合异常停车特征。
233,5086,二轮车辆闯入_20230718173743_突发事件_1962266.mp4,二轮车辆闯入,拥堵,2023年7月18日17时37分至17时38分，外环高速莘朱路路段出现交通拥堵事件。该路段为多车道高速公路，双向车流密集，车辆包括轿车、货车、客车及公交车等各类机动车。视频显示，从17:37:39开始，道路车流逐渐形成缓慢行驶状态，车辆间距明显缩小，车速降低，部分车辆在车道内频繁变道或减速，形成持续性拥堵。拥堵区域位于画面右侧车道，车辆排队长度超过百米，且无明显缓解趋势。未见异常停车、施工设施、二轮车辆闯入、事故碰撞或抛洒物等其他异常情况，主要表现为车流密度高、通行效率下降，符合拥堵判断标准中“多辆车缓慢移动或完全停止”“排队车辆长度超过正常范围”“持续一段时间且无缓解趋势”的特征。
235,5088,二轮车辆闯入_20230719091351_突发事件_1966474.mp4,二轮车辆闯入,抛洒物,2023年7月19日星期三上午9时13分至9时14分，外环高速同济路立交北侧路段出现交通拥堵事件。该路段为多车道高架道路，车流密集，主要由轿车、货车及厢式运输车组成，其中包含一辆黄色平板货车和一辆绿色出租车等大型车辆。视频显示，车辆在多个车道上持续缓慢行驶，部分车道出现排队现象，车距明显缩短，通行速度显著降低。未见明显的事故或障碍物导致拥堵，但整体车流密度较高，且持续时间较长，符合拥堵判断标准。该拥堵发生在立交桥附近区域，可能与前方交通流量增加或匝道汇入车辆有关，但未直接反映出异常停车、施工或抛洒物等直接诱因。
236,5089,抛洒物_20230728105300_运行安全_33409350.mp4,抛洒物,拥堵,2023年7月28日星期五10时52分至10时53分，位于城市高架桥路段的交通监控画面显示，该区域出现持续性交通拥堵。视频显示，多辆货车、轿车及厢式货车在双向车道中缓慢行驶或完全停止，车流密集且通行速度明显下降，车辆间距极小，部分车辆处于静止状态，后方车辆被迫减速或绕行。涉事车辆包括红色、白色、黑色等多种颜色的货车及各类小型轿车，其中部分大型货车（如黄色吊车）在车流中占据较大空间，加剧了通行压力。整个拥堵区域位于高架桥中间车道，延伸至远处城市天际线，影响了该路段的正常通行效率。未见明显的事故、施工或抛洒物等异常情况，但车流密度极高，形成典型的早高峰拥堵特征，且持续时间较长，无缓解趋势，符合交通拥堵的判断标准。
241,5094,拥堵_20240113182656_突发事件_35316755.mp4,拥堵,抛洒物,2024年1月13日18时26分至18时27分，嘉闵东柴塘北路入口处发生拥堵交通事件。视频显示，该路段为夜间高架道路，双向多车道，车流密集，车辆以缓慢速度行驶，尾灯连成一片红色光带，表明车辆处于低速或停滞状态。涉事车辆包括多辆轿车、SUV及一辆白色大巴车，均在正常车道内行驶，未见异常停车或事故迹象。由于车流量大且通行缓慢，导致后方车辆被迫减速并排队前行，形成持续性拥堵。此拥堵现象持续约一分钟，影响了多个车道的正常通行，存在潜在安全隐患。异常特征表现为车辆间距缩小，车速显著降低，且无明显施工或抛洒物等外部干扰因素，推测为高峰时段车流集中所致。
243,5096,占道施工_20240522004641_运行安全_35618472.mp4,拥堵,占道施工,2024年05月22日09:50至09:51期间，外环高速京沪路南线03路段发生占道施工交通事件。现场可见多辆工程车辆（包括一辆黄色工程车和一辆大型货车）停靠在右侧车道，车辆顶部闪烁着警示灯，周围设置了一排红白相间的交通锥桶，形成临时隔离带，占用部分行车道。施工区域前方有施工人员穿着反光背心在作业，车辆行驶缓慢并需绕行或减速通过。该施工行为导致右侧车道通行能力下降，过往车辆需变道行驶，造成一定程度的交通拥堵和通行效率下降，属于典型的占道施工异常情况。
244,5097,异常停车_20240515215245_突发事件_35594521.mp4,抛洒物,二轮车辆闯入,2024年5月21日15时52分39秒至15时53分38秒，S20外至S4金山方向高架路段发生一起多车事故。事故发生在夜间，道路环境湿滑，右侧车道设有护栏，左侧无护栏。涉事车辆包括一辆白色轿车和一辆白色SUV，其中白色SUV停在右侧车道中央，驾驶员下车查看情况，随后下车靠近警示灯。白色轿车停靠在应急车道，开启双闪灯，驾驶员下车站在车旁，疑似与白色SUV发生碰撞。后方车辆因避让该行为出现明显减速和绕行现象，形成局部拥堵。事故未见明显碰撞痕迹，但车辆位置异常且有人员下车交涉，符合多车事故特征。现场未见施工设施或抛洒物，也无二轮车辆闯入，但事故车辆临时占用行车道，影响通行安全，存在安全隐患。
245,5098,拥堵_20231207064925_突发事件_35198145.mp4,抛洒物,拥堵,2023年12月7日早上6点07分至6点08分，外环高速沪嘉地道2（外）路段出现交通拥堵事件。该路段位于曹安公路出口3公里处，监控画面显示多车道内车辆行驶缓慢，车流密集，排队长度持续增加，车辆间距明显缩小，部分车辆处于低速移动或短暂停滞状态。涉事车辆包括各类轿车、货车、厢式货车及大型运输车，如黄色吊车、红色集装箱卡车、白色厢式货车等，均在正常车道内行驶但受前方拥堵影响无法提速。未见异常停车、施工设施、二轮车辆闯入、事故碰撞或抛洒物等情况，也无明显碰撞痕迹或人员下车交涉行为。拥堵主要集中在道路中段及前方区域，导致通行效率显著下降，影响范围覆盖多个车道，持续时间约一分钟且无缓解趋势，符合典型早高峰时段的交通拥堵特征。
247,5100,占道施工_20240116233955_运行安全_35322847.mp4,占道施工,拥堵,2024年1月16日23时39分至23时40分，在S4市区方向至G60出省方向的路段上，发生了一起占道施工交通事件。现场可见多辆车辆在夜间行驶过程中需要绕行，车道数量减少，施工区域设有闪烁警示灯的锥桶和围挡，施工人员穿着反光背心在车道内进行作业，导致车道通行空间受限。此次施工行为导致车辆需变道或减速行驶，对交通流产生了一定影响，但未见明显拥堵或事故情况。异常特征包括施工设施遮挡部分车道、施工人员现场操作以及车辆因施工而调整行驶路线。
249,5102,二轮车辆闯入_20230722141634_突发事件_33394639.mp4,二轮车辆闯入,异常停车,2023年7月22日14时15分35秒左右，在外环高速曹安路北向南方向，一辆白色轿车在右侧应急车道内长时间静止不动，车辆未开启双闪灯，驾驶员下车活动，后方车辆正常行驶未见明显绕行或减速行为，该车辆处于非停车区域且无交通信号灯或标志允许停车，存在明显异常停车特征。
253,5106,拥堵_20230725075100_突发事件_33398639.mp4,拥堵,异常停车,2023年7月25日07:50:05，在外环高速曹安路北枪机2监控区域，一辆白色面包车在最右侧车道停靠，驾驶员下车在车旁活动，车辆未开启双闪灯，符合异常停车行为。
255,5108,抛洒物_20240307155754_运行安全_35393847.mp4,抛洒物,异常停车,2024年3月15日15时57分至15时58分，外环高速北翟路立交北侧路段，一辆红色货车在右侧车道内完全静止，车辆明显故障。现场无施工设施、无人员下车处理，也未见明显事故痕迹，但该车长时间占据车道，导致后方多辆货车和轿车被迫减速绕行，影响了正常交通流，形成短暂拥堵。该行为符合异常停车特征，存在安全隐患。
259,5112,异常停车_20240622182042_突发事件_35719182.mp4,异常停车,多车事故,2024年6月22日18时20分37秒至18时21分35秒，嘉闵西京沪立交南入匝道处，一辆红色轿车在匝道入口处完全静止，未开启双闪灯，车辆处于非停车区域，且无交通信号灯或标志允许停车。该车长时间停靠在行车道上，导致后方多辆车辆被迫减速绕行，影响了正常交通流。该行为符合异常停车特征，存在安全隐患，可能引发追尾或剐蹭事故。
263,5116,占道施工_20240618001753_运行安全_35710703.mp4,占道施工,拥堵,2024年6月18日00:17:53至00:18:51，在嘉闵西侧定焦13路段，发生了一起占道施工交通事件。视频中可以看到，一辆工程车辆停在右侧车道上，多名施工人员穿着反光背心在车辆周围进行作业，路面上摆放了多个橙色交通锥桶以隔离施工区域。由于施工占用了一部分车道，导致车道数量减少，过往车辆需减速并变道行驶，对交通流产生了一定影响。此外，施工区域设有警示牌和闪烁警示灯，提醒驾驶员注意避让。整个过程中，施工人员有序地进行作业，未造成严重的交通拥堵，但确实对道路通行造成了一定的影响。
265,5118,异常停车_20240515004132_突发事件_35590526.mp4,异常停车,多车事故,2024年5月15日00:11:30至00:12:30期间，外环高速莘朱路路段出现异常停车事件。一辆白色轿车在右侧车道内完全静止，车辆开启双闪灯，驾驶员未下车，车辆后方多辆汽车被迫紧急刹车或变道绕行，导致该车道通行受阻。该车停靠位置位于行车道内，非停车区域，且无交通信号灯或标志允许停车，存在明显交通安全隐患。周围车辆行驶速度明显降低，部分车辆因避让该车而改变行驶轨迹，影响了整体道路通行效率。该异常停车行为持续约一分钟，期间未见其他车辆碰撞或事故痕迹，但已构成典型异常停车特征，存在潜在追尾风险。
268,5121,异常停车_20240517231721_突发事件_35602488.mp4,拥堵,异常停车,2024年5月23日17时17分23秒至17时18分21秒，外环高速仙霞路（内）路段发生一起异常停车事件。一辆白色货车在右侧车道内长时间静止不动，车辆开启双闪灯，且无明显故障迹象或驾驶员在车旁活动，导致后方车辆被迫减速绕行，造成该车道通行效率下降。该车停靠位置位于行车道内，非允许停车区域，且周围无施工或事故迹象，符合异常停车特征。
269,5122,拥堵_20240116134401_突发事件_35322368.mp4,拥堵,多车事故,2024年01月16日星期二13:43至13:44，在外环高速吴中路-1枪机1处，发生了一起多车事故。涉事车辆包括一辆白色SUV和一辆白色轿车。白色SUV在行驶过程中突然停车，驾驶员不在车内，导致车辆无法正常行驶，影响了道路的正常通行。事故现场可见车辆位置异常，白车停于行车道上，其他车辆被迫紧急避让或减速，造成了交通拥堵。此外，事故区域可见其他车辆紧急避让，确保安全通过，进一步加剧了交通压力。整个事件中，车辆的碰撞痕迹明显，且持续时间较长，对道路交通产生了显著影响。
272,5125,占道施工_20240304011053_运行安全_35386404.mp4,占道施工,拥堵,2024年3月4日01:13:35至01:13:52期间，外环高速蕴藻浜桥北2（外）路段夜间出现占道施工交通事件。现场可见一辆工程作业车停靠在右侧车道，车顶警示灯闪烁，车身周围设置有反光锥桶和警示标志，表明正在进行道路施工或维护作业。该车辆后方车道被部分遮挡，导致车辆需减速并变道通行，影响了正常交通流。施工区域设有明显的警示设施，符合占道施工标准，且无其他异常行为或事故迹象。整体交通秩序受施工影响出现轻微拥堵，但未引发严重交通事故。
281,5134,异常停车_20240529084945_突发事件_35649483.mp4,异常停车,二轮车辆闯入,2024年5月29日08时42分至08时43分，外环高速吴淞江桥南路段，一辆红色货车在右侧应急车道内长时间静止不动，车辆未开启双闪灯，驾驶员下车查看，车辆明显处于异常停车状态。该车停靠位置位于道路右侧护栏旁，未见任何施工或故障迹象，且周围无其他施工或事故车辆停留或散落，也无二轮车辆闯入情况。后方车辆正常行驶未出现绕行或减速现象，但该车长时间静止导致该车道通行效率下降，存在潜在交通安全隐患。
285,5138,占道施工_20230918000708_运行安全_34814090.mp4,占道施工,拥堵,2023年9月18日00:07:00至00:07:59期间，嘉闵西金沙江西路入口处的高架道路出现占道施工交通事件。现场可见多排红白相间的交通锥桶沿道路右侧车道有序摆放，形成临时隔离带，将部分车道封闭，导致车辆需绕行或减速通过。施工区域位于道路右侧靠近匝道入口处，设有“交替通行”提示牌，提示车辆注意避让。视频中有多辆汽车、货车及一辆红色轿车依次通过该区域，其中一辆红色轿车在通过时明显减速并调整车道，其他车辆均保持正常行驶速度，未见异常停车或事故迹象。该施工区域未见施工人员或工程车辆作业，但交通锥桶的布置方式符合占道施工特征，可能为夜间或雨天临时封闭车道所致。整体影响为车道数量减少，车辆通行速度有所降低，但未造成严重拥堵或事故。异常特征主要表现为车道被锥桶围挡、车辆需变道或减速以及警示牌提示通行方式。
286,5139,异常停车_20240621201008_突发事件_35717757.mp4,异常停车,多车事故,2024年6月21日20时10分至20时11分，外环高速吴淞江桥南路段发生一起多车事故。事发时段为夜间，路面湿滑，能见度较低。事故发生在由南向北方向的行车道上，涉事车辆包括俩辆轿车，其中一辆银色轿车在行驶过程中与前方白色车辆发生追尾，导致后方车辆紧急刹车并引发连锁碰撞。事故现场有车辆驾驶员下车查看情况，后方车辆被迫减速绕行，交通流明显受阻，车速下降，形成短时拥堵。异常特征表现为多车连续碰撞痕迹、车辆位置异常、刹车灯密集亮起以及后方车辆避让行为，符合多车事故判断标准。
287,5140,二轮车辆闯入_20230722140741_突发事件_33394617.mp4,二轮车辆闯入,拥堵,2023年7月22日14时07分至14时08分，外环高速龙吴路路段出现交通拥堵事件。该路段为多车道高速公路，双向车流密集，左侧车道车辆行驶缓慢，形成明显排队现象，车辆间距缩小，车速降低，部分车辆处于低速蠕动状态，持续时间约1分钟且无缓解趋势。涉事车辆包括多辆轿车、货车、厢式货车及大型客车，其中红色集装箱货车、白色厢式货车和蓝色大巴车在车流中较为突出。右侧车道车流相对顺畅，未受影响。拥堵区域位于道路中央隔离带附近，道路两侧绿树成荫，天气阴沉，能见度较低，可能加剧了通行压力。未发现异常停车、施工、事故或抛洒物等直接诱因，推测为早高峰时段车流量过大所致，属于典型的城市快速路拥堵事件。
288,5141,二轮车辆闯入_20230718111452_突发事件_1960431.mp4,二轮车辆闯入,异常停车,2023年7月18日11时14分48秒至11时15分47秒，外环高速曹安路北段出现异常停车事件。一辆红色货车在右侧车道内完全静止，未开启双闪灯，车辆位置位于应急车道内，非停车区域，且无交通信号灯或标志允许停车。该车长时间停靠导致后方多辆车辆被迫减速绕行，影响了右侧车道的正常通行秩序。周围其他车辆正常行驶，未见明显碰撞或事故痕迹，但该车异常停放行为已构成交通安全隐患，符合异常停车判断标准。
290,5143,占道施工_20231118231235_运行安全_35120671.mp4,占道施工,拥堵,2023年11月18日23时12分至23时13分，外环高速顾戴路路段夜间发生占道施工交通事件。现场可见多辆工程车辆停靠在道路右侧车道，包括一辆黄色工程车和一辆红色货车，周围设置有多个橙白相间的交通锥桶，形成临时施工区域。多名身穿反光背心的施工人员在车道内活动，部分人员在移动交通锥桶或调整车道。施工区域占用了一条行车道，导致该车道车辆需减速绕行，后方车辆排队缓慢通行，影响了正常交通流。整体车流密集且车速明显降低，存在轻微拥堵现象。异常特征表现为车道被施工设施遮挡、施工人员穿戴反光装备、交通锥桶有序摆放及车辆变道避让行为。
291,5144,占道施工_20240510000455_运行安全_35575681.mp4,拥堵,占道施工,2024年5月10日00:04:25至00:05:23，在S26沪常高速CCTV16（K14+780上海地道出口门架）上，发生了一起占道施工交通事件。现场可见一辆工程车辆缓慢行驶在右侧车道上，车顶闪烁着警示灯，周围放置了多个红白相间的交通锥桶，用于隔离施工区域。施工人员穿着反光背心，正在进行相关操作。由于施工占用了一部分车道，导致车辆需减速并变道行驶，对正常交通流产生了一定影响。整个过程中，施工区域设有明显的警示标志，确保过往车辆能够及时注意到并采取相应措施，确保行车安全。
296,5149,拥堵_20240221071925_突发事件_35367921.mp4,二轮车辆闯入,拥堵,2024年3月1日14时24分至14时25分，S20内至G60出省方向的高架路段出现交通拥堵事件。该路段位于通往杭州方向（G60）与浦东机场方向（S20）的交汇处，路面湿滑，天气阴雨。视频显示，多辆小汽车、货车及一辆红色集装箱货车在车道内缓慢行驶或完全停止，车辆间距明显缩小，车流密度高，形成连续排队现象。涉事车辆包括红色集装箱货车、白色厢式货车、黑色轿车、黄色出租车等，均处于低速移动状态，未见异常停车或事故迹象。由于车流量大且通行速度极低，导致后方车辆被迫减速并排成队列，影响了整体通行效率。此拥堵情况持续约一分钟，未见缓解趋势，符合交通拥堵的典型特征，可能由前方道路瓶颈或高峰时段车流集中引起。
303,5156,异常停车_20240509150751_突发事件_35574422.mp4,异常停车,抛洒物,2024年5月9日15时07分46秒至15时08分47秒，外环高速莘庄立交东（外）路段出现抛洒物交通事件。在视频画面中，右侧车道上有白色不明物体，随后被后方车辆发现并紧急避让，导致多辆汽车减速绕行。该事件发生在高速公路主干道上，涉事车辆为多辆货车和轿车，它们在经过抛洒区域时紧急避让，影响了正常通行秩序。未见明显碰撞或事故，但抛洒物对道路安全构成潜在威胁，且未见人员下车处理，此为典型抛洒物事件。
305,5158,二轮车辆闯入_20230718132546_突发事件_1960926.mp4,二轮车辆闯入,异常停车,2023年7月18日13时25分42秒至13时26分09秒，嘉闵西侧真南路出口路段出现异常停车事件。一辆白色轿车在右侧应急车道内完全静止，车辆未开启双闪灯，且无明显故障迹象。该车停靠位置位于道路右侧护栏旁，占用应急车道，导致后方车辆需绕行或减速避让，影响了正常通行秩序。周围其他车辆正常行驶，但受其影响出现短暂拥堵风险，存在安全隐患。该行为符合异常停车判断标准中的多项特征：车辆在非停车区域静止、未开启警示灯、未采取必要措施绕行其他车辆等。
312,5165,异常停车_20230715131342_突发事件_1149825.mp4,异常停车,拥堵,2023年7月15日13时13分39秒，在外环高速金山方向至G60沪昆高速的监控画面中，一辆白色面包车在右侧车道上突然减速并完全停止，驾驶员未下车，后方车辆被迫减速绕行。该行为持续约30秒后车辆重新启动继续行驶，无任何交通信号灯或标志允许其停车，且周围无施工或其他异常情况，属于非紧急情况下违规停车，影响了正常交通秩序。
313,5166,异常停车_20240607122524_突发事件_35683599.mp4,拥堵,异常停车,2024年6月7日12时25分至12时26分，外环高速莘朱路路段，一辆红色货车在左侧应急车道内长时间静止不动，车辆未开启双闪灯，驾驶员下车活动，后方车辆被迫减速绕行，造成短时交通影响，该行为符合异常停车特征。
315,5168,二轮车辆闯入_20230719082253_突发事件_1966685.mp4,二轮车辆闯入,拥堵,2023年7月19日星期三上午8时08分至8时09分，北环高速同济路立交南段出现交通拥堵事件。该路段为多车道高速公路，双向车流密集，其中南向车道车辆行驶缓慢，部分车辆处于低速蠕动状态，排队长度持续增加，形成明显拥堵现象。涉事车辆包括多辆轿车、货车及一辆大型客车，均在正常行驶过程中因前方车流缓慢而被迫减速或变道。车辆未见异常停车、事故或抛洒物，也无施工设施或二轮车辆闯入迹象，但整体通行效率显著下降，车辆间距缩小，后方车辆被迫减速并频繁变道以避开拥堵区域。该拥堵影响范围覆盖多个车道，持续时间约一分钟，且无缓解趋势，符合拥堵判断标准中的多辆车缓慢移动、排队长度超常、发生在瓶颈区域等特征。
317,5170,二轮车辆闯入_20230717162532_突发事件_1356500.mp4,二轮车辆闯入,拥堵,2023年7月17日星期一16时25分至16时26分，位于城市高架桥路段的交通监控画面显示，该区域出现拥堵现象。视频显示，多辆机动车在该路段缓慢行驶或完全停止，车辆排成长队，车距明显缩短，部分车辆处于静止状态，持续时间超过一分钟且无缓解趋势。涉事车辆包括轿车、货车、面包车及一辆摩托车，其中摩托车驾驶员身穿深色衣物，在车流中穿行，未对其他车辆造成明显影响。该路段为多车道高架道路，两侧设有隔音屏障和交通标志，无施工设施或障碍物，也未见异常停车或事故迹象，但因车流量大且通行速度显著降低，导致整体交通流受阻，形成典型的拥堵事件。
319,5172,多车事故_20240405093600_突发事件_35467883.mp4,异常停车,多车事故,2024年4月5日09:36至09:37期间，在武宁路地道南线西向东方向，发生一起多车事故。事故发生在隧道内靠近出口区域，涉事车辆包括一辆红色轿车、一辆白色SUV及多辆后方跟随车辆。视频显示，红色轿车与前方白色SUV发生追尾碰撞，导致车辆位置异常，横跨车道并斜停，引发后方车辆紧急避让、减速及刹车灯亮起。事故现场有人员下车交涉或交警到场，车辆人员采取安全措施以避免进一步碰撞，导致该路段交通受阻，后方车辆被迫绕行或缓慢通行，形成短暂拥堵。异常特征表现为多车连续碰撞痕迹、车辆位置异常及人员下车交涉，符合多车事故判断标准。
321,5174,二轮车辆闯入_20230721140318_突发事件_33393694.mp4,二轮车辆闯入,异常停车,2023年7月21日14时03分28秒，在嘉闵西桃浦公路南路段，一辆白色轿车在右侧车道内完全静止，车辆未开启双闪灯，且无交通信号灯或标志允许其停车，驾驶员不在车内，车辆明显处于异常停车状态。该车停靠位置位于行车道内，非停车区域，且周围无施工或事故迹象，符合异常停车特征。
323,5176,占道施工_20230819230756_运行安全_34614829.mp4,占道施工,拥堵,2023年8月19日23时07分至23时08分，外环高速沪太立交东段发生占道施工交通事件。现场可见一辆黄色工程车停靠在右侧车道，车身带有反光标识，周围设置多个橙白相间的交通锥桶，形成临时隔离区域。一名身穿反光背心的工作人员在工程车旁进行作业，疑似进行道路维护或施工准备。该施工区域位于高速公路右侧车道，导致该车道被部分封闭，过往车辆需减速绕行，影响了正常通行效率。施工区域未见明显警示牌或闪烁警示灯，但通过锥桶和工程车的布置已形成有效隔离，符合占道施工特征。整体交通流保持有序，未出现拥堵或事故，但存在潜在安全隐患。
324,5177,占道施工_20240523011217_运行安全_35623963.mp4,占道施工,拥堵,2024年05月23日01:12至01:14，在沪宁上行出省机场路段，发生了一起占道施工交通事件。视频显示，该路段被多个橙色锥桶和施工车辆遮挡，施工人员穿着反光背心在进行作业，导致车道数量减少，车辆需变道或减速通行。涉事车辆包括多辆工程车和施工人员操作设备，他们将锥桶放置在车道上，引导车辆绕行。此次施工影响了道路的正常通行，但未造成严重的交通拥堵。异常特征包括施工区域设有明显的警示标志和闪烁的警示灯，确保过往车辆能够及时注意到施工情况并采取相应措施。
325,5178,多车事故_20240615170147_突发事件_35706881.mp4,多车事故,拥堵,2024年6月15日17时01分至17时02分，嘉闵西侧定焦05监控点位拍摄到隧道内发生交通拥堵事件。事发地点位于城市高架桥路段，道路两侧设有隔音屏障，车流密集且持续缓慢移动。涉事车辆包括多辆小轿车、SUV、出租车及一辆白色大巴车，车辆在多个车道内排队缓行，部分车辆刹车灯亮起，表明车速明显降低。由于车距缩短、车辆间距缩小，后方车辆被迫减速或停顿，形成较长的排队现象，影响了整体通行效率。该拥堵发生在隧道内，属于典型瓶颈区域交通压力增加，无明显事故或施工迹象，但车流密度高，存在潜在安全隐患。
326,5179,拥堵_20240116105943_突发事件_35321896.mp4,拥堵,异常停车,2024年1月16日10:59至11:00，在外环高速莘朱路路段，一辆红色货车在最右侧车道上异常停车，车辆完全静止且未开启双闪灯，导致后方车辆被迫减速绕行，影响了道路的正常通行秩序，存在明显的交通安全隐患。
327,5180,异常停车_20240624123347_突发事件_35721832.mp4,异常停车,拥堵,2024年6月24日12时37分，外环高速沪太立交东2枪机监控画面显示，双向车道车流正常行驶，一辆红色货车停靠在最右侧应急车道内，车辆开启双闪灯，未见驾驶员。
330,5183,占道施工_20231211231122_运行安全_35212069.mp4,异常停车,占道施工,2023年12月11日23时11分至23时12分，外环高速顾戴路北（内）路段夜间出现占道施工交通事件。现场可见一辆工程车辆缓慢行驶在左侧车道，车顶闪烁着警示灯，周围设置了一排橙白相间的交通锥桶，形成临时隔离带，占用部分行车道。该施工区域导致左侧车道通行能力下降，车辆需减速绕行，后方车辆排队缓行，车流密度明显增加，影响了正常交通秩序。施工区域未见明显施工人员活动，但存在明显的施工设施布置，符合占道施工特征。
332,5185,异常停车_20230720055000_突发事件_6966735.mp4,拥堵,异常停车,2023年7月20日05:49:56至05:50:56期间，外环高速莘庄立交东（外）路段出现异常停车事件。一辆红色货车在右侧车道内完全静止，未开启双闪灯，且无交通信号灯或标志允许其在此处停车，车辆明显处于非正常行驶状态。该车停靠位置位于行车道内，导致后方多辆汽车被迫减速绕行，影响了正常交通流。现场无施工设施、无人员交涉、无抛洒物或其他事故迹象，符合异常停车特征。
333,5186,异常停车_20240517235647_突发事件_35602489.mp4,异常停车,占道施工,2024年5月17日23时56分至23时57分，嘉闵高架东侧隧道内发生占道施工交通事件。现场可见多辆施工车辆及工程作业人员在隧道左侧车道进行作业，其中一辆黄色工程车停靠在车道上，周围设置有警示标志和反光锥桶，施工人员身穿反光背心在作业区域活动。施工区域占用了一条行车道，导致该车道通行能力下降，后方车辆需减速并变道绕行，影响了正常交通流。施工区域设有明显的警示设施，且无其他异常停车或事故迹象，整体表现为典型的占道施工行为。
336,5189,二轮车辆闯入_20230721133655_突发事件_33393668.mp4,二轮车辆闯入,异常停车,2023年7月21日13时36分52秒至13时37分51秒，位于S4市区方向至S20的高架道路路段，一辆白色轿车在道路右侧车道内长时间静止不动，且无驾驶员下车或明显故障迹象，周围其他车辆正常行驶，部分车辆在经过该车时有轻微变道避让行为，表明该车存在异常停车情况，影响了车道的正常使用，构成交通安全隐患。
339,5192,异常停车_20230723142300_突发事件_33396284.mp4,异常停车,占道施工,2023年7月23日14时20分45秒左右，在南线2CAM06监控点位看到一个位于高架道路的隧道内占道施工事件。现场可见一辆橙色工程车停靠在隧道右侧车道，车后方放置了一个橙色交通锥桶，表明正在进行道路施工或维护作业。施工区域占用部分车道，导致车辆需绕行或减速通过，影响了该路段的正常通行秩序。施工车辆未见明显作业人员活动，但存在明显的施工警示标志和设施，符合占道施工特征。整体交通流保持有序，但受施工影响的车道通行效率有所下降，属于典型的占道施工异常情况。
342,5195,拥堵_20240226180514_突发事件_35375560.mp4,抛洒物,拥堵,2024年2月26日18:05至18:06期间，在嘉闵东柴塘北路入口处发生拥堵交通事件。该路段为多车道高架道路，夜间车流量较大，车辆以缓慢速度行驶，刹车灯持续亮起，形成明显的排队现象。涉事车辆包括多辆轿车、SUV及少量货车，均在正常车道内行驶，未见异常停车或事故迹象。车辆在多个车道内缓慢移动，后方车辆被迫减速并保持安全距离，导致通行效率显著下降。此拥堵现象持续约一分钟，影响了多个车道的正常通行，且无明显施工或障碍物干扰，推测可能由高峰时段车流集中所致。整体表现为典型的城市高峰期交通拥堵特征，无其他异常行为或事故发生。
348,5201,异常停车_20240624184732_突发事件_35722520.mp4,抛洒物,拥堵,2024年6月24日18时47分至18时48分，外环高速曹安路北段出现严重交通拥堵事件。该路段为多车道高架道路，路面湿滑，天气阴雨，能见度较低。视频显示，从18:47:23开始，车辆行驶缓慢，车流密集，多辆轿车、货车及厢式运输车在多个车道内持续低速行驶或短暂停滞，尾灯连成一片红色光带，表明车辆处于缓行状态。其中可见红色厢式货车、白色厢式货车、黑色轿车、蓝色出租车及白色面包车等各类车辆在车道内依次排队前行，未见明显事故或障碍物导致停车，但整体车流密度极高，通行效率显著下降。拥堵区域绵延数公里，影响范围覆盖多个车道，导致后方车辆被迫减速并频繁变道，存在潜在追尾风险。现场无施工设施、无抛洒物、无异常停车或二轮车辆闯入，也未发现二轮车辆闯入行为，推测拥堵可能由上游交通压力或前方瓶颈路段所致。整体表现为典型的城市快速路高峰时段拥堵特征，持续时间较长且无缓解趋势，符合交通拥堵判断标准。
350,5203,二轮车辆闯入_20230718094910_突发事件_1959761.mp4,二轮车辆闯入,拥堵,2023年7月18日星期一上午9时47分，外环高速仙霞路南（外）路段出现交通拥堵事件。该路段为多车道高速公路，双向车流密集，左侧车道车辆行驶缓慢，形成明显排队现象，车辆间距缩小，车速降低，部分车辆处于低速蠕行状态，持续时间超过10秒且无缓解趋势。涉事车辆包括多辆轿车、货车及厢式货车，其中白色厢式货车、蓝色集装箱货车、红色厢式货车等在车流中穿行，未见明显事故或障碍物。右侧车道车流相对顺畅，但受左侧拥堵影响，整体通行效率下降。拥堵区域位于道路中央隔离带附近，靠近匝道入口处，可能因前方匝道汇入流量增加导致车流集中。现场未发现异常停车、施工设施、抛洒物或二轮车辆闯入等直接诱因，但拥堵特征符合高峰时段交通压力叠加的典型表现，属于典型交通拥堵事件。
351,5204,异常停车_20240517114812_突发事件_35600635.mp4,异常停车,拥堵,"2024年05月17日星期五11:48:09至11:48:59，在某高速公路路段，发生了一起多车事故。涉事车辆包括一辆红色轿车和一辆黑色SUV，其中红色轿车和黑色SUV出现了明显的碰撞痕迹，车辆位置异常，斜停在左侧道路。事故现场有人员下车查看情况，其他车辆被迫紧急避让或停滞，造成了交通拥堵。事故区域的交通流量较大，其他车辆 extensively slowed down and clustered together, indicating a potential chain effect of the incident. Additionally, there were a few orange traffic cones placed near the site, suggesting that the area might be undergoing recovery or safety measures related to the incident."
352,5205,异常停车_20240110053300_突发事件_35306113.mp4,异常停车,抛洒物,2024年1月1日5时32分至5时33分，在武宁路地道北线东向西方向，一辆车辆在道路右侧车道上出现抛洒物事件。该区域为地道驾驶室与上行车道分界处，路面标有“施工 绕行”字样，表明该区域正在进行占道施工。从视频中可见，一名身穿深色衣物的人员于2024年1月2日05:32:36左右从右侧通道进入画面，沿车道行走并逐渐靠近抛洒物，随后在05:33:03左右继续沿车道行走，期间未见明显触碰或处理动作。随后，该人员于05:33:05左右离开车道，期间未对抛洒物造成影响。抛洒物为红色，尺寸较小，可能为施工过程中掉落的木板或类似物品，未引发车辆紧急避让或事故，但存在潜在安全隐患，可能导致后方车辆减速或变道时不慎刮蹭，构成交通安全隐患。整个事件过程中，隧道内其他车辆正常行驶，未见其他车辆碰撞或拥堵现象，但该抛洒物需及时清理，以保障道路安全。
353,5206,多车事故_20240621121139_突发事件_35716923.mp4,多车事故,异常停车,2024年6月21日12时10分43秒至12时11分42秒，外环高速北翟路立交北方向路段出现异常停车事件。该路段为多车道高速公路，车流密集，主要由货车和轿车组成，其中包含大量集装箱货车、平板运输车及罐车。视频显示，一辆白色厢式货车在右侧车道完全静止，车辆未开启双闪灯，且无明显故障迹象或驾驶员下车行为，疑似发生故障或突发情况。该车停于行车道旁，导致后方部分车辆被迫减速绕行，造成局部交通流受阻。周围车辆包括多辆轿车、厢式货车及大型集装箱运输车，均正常行驶，未见碰撞痕迹或其他事故迹象。由于该车长时间静止且无警示措施，构成典型异常停车行为，影响了道路通行效率，存在安全隐患。
355,5208,拥堵_20240315065016_突发事件_35411243.mp4,拥堵,抛洒物,2024年3月15日06:50:00至06:51:00期间，外环高速龙吴路路段出现抛洒物交通事件。在视频画面中，一条白色长条状物体（疑似货物包装或布料）位于道路中间车道，位置相对固定，未见明显移动。该抛洒物出现在车流密集区域，车辆行驶速度较慢，部分车辆在经过该区域时出现轻微避让或减速行为，但未发生碰撞或紧急刹车。该抛洒物对通行造成一定影响，尤其在高峰时段易引发安全隐患，且未见有人员下车处理或清理。异常特征表现为：异物尺寸较大、持续存在于行车道中、无警示标志提示，构成潜在交通事故风险。
364,5217,占道施工_20230910234753_运行安全_34759441.mp4,拥堵,占道施工,2023年9月10日23时47分至23时48分，外环真南路入口路段夜间出现占道施工交通事件。现场可见一辆黄色工程车缓慢行驶在右侧车道，车后方设置了一排橙白相间的交通锥桶，形成临时隔离带，占用部分行车道。一名身穿反光背心的施工人员在锥桶旁进行作业，手持工具进行路面处理。该施工行为导致右侧车道通行空间受限，车辆需减速绕行，影响了正常交通流。施工区域设有警示标志和闪烁警示灯，符合规范要求，但未见明显施工机械或围挡设施，推测为临时性道路维护或应急处置作业。整体交通秩序尚可维持，但存在潜在安全隐患。
365,5218,异常停车_20240510182519_突发事件_35579441.mp4,多车事故,抛洒物,2024年5月10日18时25分至18时26分，外环高速京沪立交南侧路段出现交通拥堵事件。该路段为多车道高速公路，双向车流密集，左侧方向车辆行驶缓慢，形成明显排队现象，车辆间距缩小，车速降低，部分车辆处于低速蠕动状态，持续时间超过1分钟且无缓解趋势。涉事车辆包括多辆轿车、货车及大型运输车，如红色厢式货车、白色厢式货车、黄色平板拖车等，均在正常车道内行驶，未见异常停车或事故迹象。右侧方向车流相对顺畅，但受左侧拥堵影响，部分车辆在接近出口匝道处出现减速行为。拥堵区域位于立交桥附近，受匝道汇流影响，车流量大，导致通行效率下降。整体表现为典型的城市快速路高峰时段拥堵特征，无施工、事故或抛洒物等其他异常情况，主要表现为因车流集中引发的通行不畅。
372,5225,二轮车辆闯入_20230718104135_突发事件_1960293.mp4,二轮车辆闯入,异常停车,2023年7月18日星期二10时41分，外环高速吴中路路段出现交通拥堵事件，现场多辆机动车在道路上缓慢行驶或停滞，车辆排成长队，车流密度明显增大，通行速度显著下降。涉事车辆包括多辆轿车、货车及厢式运输车，其中一辆红色集装箱货车和一辆白色厢式货车在画面中较为突出，均处于低速行驶状态。道路两侧设有绿化带和护栏，右侧车道有黄色警示标志提示“前方施工”，但未见施工设施或人员。该拥堵现象持续约10秒，影响了多个车道的正常通行，造成后方车辆排队缓行，整体交通流呈现持续性拥堵特征，无明显事故或异常停车情况，推测为早高峰时段车流量过大所致。
375,5228,拥堵_20230926190149_突发事件_34866662.mp4,拥堵,异常停车,2023年9月26日19时1分48秒左右，在嘉闵西侧汇聚机箱监控区域，一辆白色轿车在最右侧车道靠近护栏处完全停止，驾驶员未下车或采取任何警示措施。该车停靠位置位于非停车区域，且无交通信号或标志允许临时停车，导致后方车辆被迫减速绕行，形成局部拥堵。随后多辆车辆从左侧车道通过，车流因该车停驶而减缓，影响了通行效率。此行为符合异常停车特征，存在安全隐患，且持续时间较长，对夜间道路交通造成一定影响。
376,5229,异常停车_20240613191019_突发事件_35702759.mp4,异常停车,拥堵,2024年6月13日19时10分至19时11分，G2进外环外圈匝道03路段出现交通拥堵事件。该路段为城市快速路，双向多车道，夜间雨天路面湿滑，车辆行驶缓慢。画面显示，从19:10:15开始，主车道车流密集，车辆以低速缓慢行驶，车距明显缩短，部分车辆刹车灯持续亮起，表明车速极低或处于短暂停滞状态。车辆包括多辆轿车、货车及厢式货车，其中红色货车、白色面包车和黑色轿车等在车流中穿行，未见明显事故或异常停车情况。右侧应急车道虽有车辆通行，但整体车流仍受阻，后方车辆因前方缓行而减速，形成连续排队现象。拥堵持续时间约一分钟，未见明显缓解趋势，影响范围覆盖多个车道，导致通行效率下降。异常特征表现为车流密度高、车速低、刹车灯持续亮起，符合典型拥堵判断标准。
379,5232,异常停车_20230830014300_突发事件_34665557.mp4,异常停车,多车事故,2023年8月30日01时42分42秒，在南线C2CAM37监控点位，隧道内右侧车道发生一起多车事故。视频显示，一辆白色面包车与前方黑色轿车停靠在右侧车道，车辆开启双闪灯，驾驶员及乘客下车站在车旁，疑似发生追尾事故。事故造成车辆位置异常，后方车辆被迫减速避让，交通流出现短暂拥堵。现场无明显人员伤亡，但存在明显的碰撞痕迹和异常停车行为，符合多车事故的典型特征。
383,5236,二轮车辆闯入_20230721000717_突发事件_33392877.mp4,二轮车辆闯入,多车事故,2023年7月21日00:07:15至00:08:14期间，外环高速莘庄立交北段发生一起多车事故。事故发生在夜间，路面湿滑，车辆行驶缓慢。涉事车辆包括一辆红色轿车、一辆白色SUV及多辆其他车辆，其中红色轿车与前方白色SUV发生追尾碰撞，导致后方车辆紧急刹车并绕行。事故现场有人员下车交涉。事故造成该路段通行效率下降，后方车辆排队缓慢，部分车辆出现灯光闪烁现象，整体交通流受阻。未见明显施工设施或抛洒物，也无明显异常停车或事故迹象，初步判断为多车追尾事故。
384,5237,占道施工_20240602013348_运行安全_35662957.mp4,拥堵,占道施工,2024年6月2日01时34分，外环高速顾戴路北（内）路段夜间出现占道施工交通事件。现场可见多辆工程车辆停靠在道路右侧车道，包括一辆黄色工程车和一辆闪烁警示灯的作业车，周围设置了一排红白相间的交通锥桶，形成临时隔离带，占用部分行车道。施工区域未见明显施工人员活动，但已设置警示标志，导致该车道通行能力下降，过往车辆需减速绕行。该施工行为符合占道施工标准，存在车道缩减、车辆变道等异常特征，对正常交通流造成一定影响。
386,5239,多车事故_20240528170718_突发事件_35647151.mp4,多车事故,拥堵,2024年5月28日17:07至17:08，在外环高速莘庄立交北段，发生了一起拥堵交通事件。视频显示，多辆轿车、货车和客车在多个车道上缓慢移动或完全停止，排队车辆长度超过正常范围且持续一段时间无缓解趋势，明显发生在匝道这一瓶颈区域。涉事车辆包括红色、绿色和白色轿车，以及多辆大型货车和集装箱卡车，它们紧密排列，导致后方车辆被迫减速或停滞。此次拥堵影响了多个车道的正常通行，造成了交通流量的严重下降，异常特征表现为车辆行驶速度极低，部分车辆甚至处于静止状态，严重影响了该路段的通行效率。
396,5249,异常停车_20240509075438_突发事件_35572731.mp4,异常停车,拥堵,2024年5月9日星期四早上7点54分至7点55分，外环高速沪渝立交段出现严重交通拥堵，现场多车道车辆行驶缓慢，车流密集且持续无明显缓解趋势，主要涉及各类轿车、货车及客车，其中红色罐车、白色厢式货车、蓝色集装箱货车等车辆在车流中穿行，部分车辆在车道间频繁变道，导致通行效率下降，影响整体道路通行能力，该区域为高速公路主干道瓶颈路段，拥堵主要由车流量过大引发，未见明显事故或施工迹象，但车辆排队长度较长，符合典型拥堵特征。
398,5251,异常停车_20240623053706_突发事件_35719260.mp4,异常停车,拥堵,2024年6月23日05时32分，外环高速吴淞江桥南路段右侧车道上有一辆红色货车长时间静止不动，车辆未开启双闪灯，且无驾驶员在车内活动迹象，周围车辆正常行驶未受影响，但该车辆占据应急车道，存在安全隐患。
403,5256,拥堵_20231008173228_突发事件_34907696.mp4,抛洒物,拥堵,2023年10月8日17时32分至17时33分，外环高速仙霞路南段出现严重交通拥堵事件。该路段为多车道高速公路，双向车流密集，其中南向车道车辆行驶缓慢，车距明显缩短，多数车辆刹车灯持续亮起，表明车速极低或处于停滞状态。涉事车辆包括大量轿车、货车及厢式运输车，其中红色货车和白色厢式货车较为显著，车辆在多个车道内缓慢移动或完全停止，导致后方车辆被迫减速或绕行。拥堵区域呈连续性延伸，影响范围覆盖多个车道，且无明显缓解趋势。现场未见施工设施、事故痕迹或抛洒物，也无异常停车或二轮车辆闯入情况，初步判断为因车流量过大引发的常态化拥堵，可能与早高峰时段车流集中有关。整体表现为典型的城市快速路瓶颈区域拥堵特征，无其他异常行为或事故发生。
405,5258,拥堵_20231105092324_突发事件_35049289.mp4,拥堵,多车事故,2023年11月5日09时23分至09时24分，位于城市高架道路南向车道发生一起多车事故。涉事车辆包括一辆白色轿车、一辆蓝色SUV及多辆相邻车辆，其中白色轿车与蓝色SUV在行驶过程中发生追尾碰撞，导致车辆斜停于行车道内。事故发生后，部分车辆停靠在行车道内，驾驶员下车查看情况，现场未见明显人员受伤情况，但事故造成该车道通行受阻，后方车辆被迫减速绕行，形成短时拥堵。异常特征表现为车辆位置异常（横跨车道、斜停）、紧急避让行为（车辆停滞、减速绕行）以及有人员下车交涉，符合多车事故判断标准。
411,5264,异常停车_20240621085612_突发事件_35716683.mp4,异常停车,拥堵,2024年6月21日星期五上午8时56分至8时57分，外环高速沪渝立交段出现交通拥堵事件。该路段为多车道高速公路，天气阴雨，路面湿滑，能见度较低。视频显示，从8:56:09开始，道路左侧车道车辆行驶缓慢，车流密集，多辆轿车、货车及厢式运输车在车道内依次排队缓行，尾灯持续亮起，表明车辆处于低速或停滞状态。右侧车道虽有车辆通行，但整体车流密度较高，部分车辆间距离较近，存在轻微变道和跟车行为。拥堵区域持续约1分钟，未见明显事故或障碍物导致阻塞，推测为早高峰时段车流量大所致。异常特征表现为车辆行驶速度显著降低，车距缩短，后方车辆被迫减速或变道，整体通行效率下降，符合典型拥堵判断标准。
413,5266,异常停车_20240605221604_突发事件_35677377.mp4,多车事故,异常停车,2024年6月5日22时15分至22时56分，外环高速莘庄立交东（外）路段发生一起异常停车事件。一辆红色货车在右侧车道内长时间静止不动，车辆开启双闪灯，且驾驶员不在车内，导致后方车辆被迫减速绕行，交通流出现明显滞缓。该车停靠位置位于道路右侧护栏旁，周围无施工设施或警示标志，存在明显违规停车行为，影响了正常通行秩序。
415,5268,占道施工_20240611232123_运行安全_35695533.mp4,拥堵,占道施工,2024年6月11日23时25分至23时26分，在G60市区方向至S4有ota（外）路段，发生了一起占道施工交通事件。现场可见一辆工程车辆停在道路中央，周围设置了一排红白相间的交通锥桶，形成临时隔离带，占用部分车道。施工区域设有警示牌和闪烁警示灯，提示车辆减速慢行。多辆机动车在该区域减速通过，未见明显拥堵或事故现象。此次占道施工导致车道数量减少，影响了车辆的正常通行，但整体交通秩序仍保持有序，未出现严重异常情况。
416,5269,异常停车_20240625041931_突发事件_35722542.mp4,拥堵,异常停车,2024年6月25日04时19分，外环高速吴淞江桥南路段监控画面显示，一辆白色货车在道路右侧应急车道内长时间静止不动，车辆开启双闪灯，且无明显故障迹象。该车停靠位置位于道路最右侧，处于非停车区域，周围无施工设施或警示标志，后方车辆被迫绕行或减速避让，导致通行效率下降。此行为符合异常停车特征，存在安全隐患，影响正常交通秩序。
418,5271,二轮车辆闯入_20230718132528_突发事件_1961033.mp4,拥堵,异常停车,2023年7月18日13时25分至13时26分，北环高速同济路立交南段出现交通拥堵事件。该路段为多车道高速公路，双向车流密集，其中南向车道出现车辆缓慢行驶或短暂停滞现象，车辆间距明显缩小，车流密度逐渐上升，形成持续性缓行状态。涉事车辆包括多辆轿车、货车及大型运输车，如绿色集装箱卡车、红色厢式货车等，均在正常行驶中未见异常停车或事故迹象。车辆整体保持有序排队通行，无逆行、变道等违规行为，但部分车辆在接近路口或匝道汇入时出现减速行为，导致后方车辆被迫减速跟随。该拥堵影响范围覆盖多个车道，持续时间约一分钟且无缓解趋势，符合典型拥堵特征，可能由前方道路瓶颈或流量高峰引发。现场未见施工设施、抛洒物或事故痕迹，也无二轮车辆闯入或异常停车情况，初步判断为常态性交通压力所致。
424,5277,多车事故_20240622082700_突发事件_35718483.mp4,拥堵,异常停车,2024年8月22日06:27至06:28，在武宁路申园路立交北段处，右侧车道内有一辆白色轿车停在行车道中，车辆未开启双闪灯，且驾驶员不在车内，导致后方车辆被迫减速绕行，造成局部交通拥堵。该车辆长时间静止于非停车区域，影响了正常交通流，存在明显异常停车行为，且无交通信号或标志允许停车，符合异常停车特征。
425,5278,二轮车辆闯入_20230718183706_突发事件_1965703.mp4,二轮车辆闯入,异常停车,2024年3月10日10时05分至10时06分，位于城市高架桥路段的右侧车道上，一辆红色货车停靠在道路右侧护栏旁，车辆未开启双闪灯，驾驶员下车后在车旁停留，疑似进行检查或故障处理。该车停放在非停车区域，影响了正常交通流，导致后方车辆需绕行或减速避让，存在异常停车行为。
429,5282,拥堵_20231027080543_突发事件_35006222.mp4,拥堵,抛洒物,2023年10月27日08:05:14至08:05:30期间，外环高速六灶路路段出现严重交通拥堵，多辆轿车、货车及大型运输车辆在行车道上缓慢移动或完全停止，车流密集且持续时间较长，车辆排成长队，部分车辆处于停滞状态，影响通行效率，异常特征表现为典型拥堵现象，未见明显事故、施工或抛洒物等其他异常情况。
431,5284,拥堵_20231218084910_突发事件_35238532.mp4,拥堵,异常停车,2023年12月12日星期一上午9时51分，位于城市高架道路的某路段（具体位置未标注），一辆白色轿车在右侧应急车道内长时间静止不动，车辆开启双闪灯，车辆处于异常停车状态。该车停靠位置位于道路右侧护栏旁，未见驾驶员下车或明显故障迹象，且周围无施工或事故相关标识。此行为违反了非停车区域禁止停车的规定，构成交通异常停车事件，对正常交通流造成干扰。
433,5286,异常停车_20230716131755_突发事件_1154007.mp4,异常停车,拥堵,2023年7月16日13时17分至13时18分，外环高速漕宝入口匝道（内）路段出现交通拥堵事件。该路段为多车道高速公路，车流密集，主要由轿车、货车及少量客车组成，车辆在多个车道上缓慢行驶或处于停滞状态，排队长度持续延伸，未见明显事故或障碍物。车辆整体移动速度明显低于正常通行速度，部分车辆在变道过程中存在轻微穿插行为，但未发生碰撞或停车。拥堵主要集中在靠近匝道入口的右侧车道，影响范围覆盖多个车道，导致后方车辆被迫减速并保持安全距离。异常特征表现为车流密度显著增加、车辆间距缩小、行驶速度下降，且持续时间超过一分钟，符合拥堵判断标准。
437,5290,二轮车辆闯入_20230719090700_突发事件_1965767.mp4,二轮车辆闯入,拥堵,2023年7月19日09时08分，S20LSTV01监控点位显示，某城市高架道路双向车道出现严重拥堵，车辆行驶缓慢，车流密集且持续无明显缓解趋势。涉事车辆包括多辆小轿车、货车及一辆摩托车，其中摩托车在车流中穿行，存在安全隐患。车辆在多个车道内依次排队，部分车辆刹车灯长时间亮起，表明车速极低或处于缓行状态。右侧车道有大型货车通行，但受前方车流影响，整体通行效率下降。该路段为城市快速路，无施工迹象，也无事故或抛洒物等异常情况，主要表现为因车流量大导致的常态化拥堵，影响了正常交通秩序。
440,5293,占道施工_20231027232444_运行安全_35008388.mp4,拥堵,占道施工,2023年10月27日23时24分至23时25分，外环高速虹梅南路路段夜间发生占道施工交通事件。现场可见多辆工程车辆停靠在道路左侧车道，包括一辆黄色工程车、一辆装载设备的平板运输车以及一辆白色货车，均开启警示灯，周围设置多个红白相间的交通锥桶，形成临时施工区域。多名身穿反光背心的施工人员在车道内活动，部分人员在移动锥桶或调整设施。施工区域占用了一条行车道，导致过往车辆需减速绕行，车流出现轻微缓行现象，但整体通行未完全中断。该施工行为符合占道施工标准，存在明显的施工设施、警示灯及工作人员，对交通流造成一定影响。
442,5295,二轮车辆闯入_20230717173154_突发事件_1356672.mp4,二轮车辆闯入,拥堵,2023年7月17日17时31分，外环高速松滨路西段出现交通拥堵事件，现场多车道车辆行驶缓慢，车流密集且持续排队，车辆间距明显缩小，部分车辆处于低速移动或短暂停滞状态，未见明显事故或障碍物。涉事车辆包括各类轿车、货车及厢式货车，其中红色和白色货车较为集中，车辆在多个车道内缓慢前行，未发生碰撞或停车行为，也无施工设施或人员出现。该路段为城市快速路，双向通行，右侧车道有大型货车通行，左侧车道为常规小客车通行，整体车流密度较高，但未出现异常停车、占道施工、二轮闯入或抛洒物等情况，也无明显变道或急刹行为，推测拥堵可能由高峰时段车流量过大所致，影响范围覆盖多个车道，持续时间约1分钟，符合典型拥堵特征。
447,5300,二轮车辆闯入_20230722161335_突发事件_33394734.mp4,二轮车辆闯入,异常停车,2023年7月22日16时13分35秒至16时13分48秒，外环高速仙霞路（内）路段出现异常停车事件。一辆白色轿车在右侧应急车道内完全静止，未开启双闪灯，符合异常停车行为。
449,5302,占道施工_20230901001258_运行安全_34682323.mp4,占道施工,拥堵,2023年9月1日00:12至00:13期间，外环高速曹安路路段夜间发生占道施工交通事件。现场可见一辆工程车停靠在右侧车道，车顶闪烁警示灯，周围设置多个红白相间的交通锥桶，形成临时隔离区域。一名身穿反光背心的工作人员在锥桶附近活动，进行道路作业。该施工区域占据部分车道，导致车辆需减速并变道通行，影响了正常交通流。施工区域设有明显的警示标志和灯光提示，符合占道施工标准，但未见施工围挡、大型施工机械等其他施工设施，仅依靠锥桶和工程车进行作业，存在一定的安全隐患。整体交通秩序虽未完全中断，但车辆行驶速度有所降低，存在潜在拥堵风险。
451,5304,占道施工_20240213201516_运行安全_35362123.mp4,拥堵,占道施工,2024年02月13日星期二20:18至20:19期间，在某高速公路路段，发生了占道施工交通事件。现场可见一辆黄色工程车停在道路右侧，车顶警示灯闪烁，周围摆放了多个交通锥桶和警示标志，表明正在进行施工活动。施工人员穿着反光背心，在工程车附近进行作业。由于施工占用了一部分车道，导致车辆需要变道或减速通过，对正常交通流产生了一定影响。异常特征包括车道被施工设施遮挡、施工人员在场操作设备以及设置的警示标志和锥桶，符合占道施工的判断标准。
452,5305,占道施工_20231010041250_运行安全_34913792.mp4,占道施工,多车事故,2023年10月10日星期二凌晨4时12分至4时13分，在城市高架道路夜间行驶区域，一辆白色工程车停靠在右侧车道上，车灯开启，车身带有警示灯，且车辆处于静止状态，未见驾驶员进行作业。该车位于道路右侧护栏旁，占据了部分车道空间，导致后方车辆需减速绕行，影响了正常交通流。此行为符合异常停车的判断标准，存在安全隐患，可能引发追尾或剐蹭事故。
455,5308,异常停车_20240623143435_突发事件_35720057.mp4,异常停车,多车事故,2024年06月23日14:34至14:35，在某高速公路路段，一辆白色轿车在匝道上行驶，该行为属于非停车区域，且未开启双闪灯，驾驶员也未佩戴头盔。此事件符合异常停车的判断标准，存在安全隐患，可能引发追尾或二次事故。
456,5309,二轮车辆闯入_20230718172107_突发事件_1962220.mp4,二轮车辆闯入,拥堵,2023年7月16日13时17分至13时18分，外环高速老沪闵路东（内）路段出现严重交通拥堵，该路段为双向多车道高架道路，右侧方向车流密集，车辆行驶缓慢，部分车辆处于低速移动或短暂停滞状态，排队长度持续延伸，影响通行效率。涉事车辆包括多辆轿车、货车、客车及大型运输车辆，其中红色货车、白色厢式货车和黄色工程车较为显著，均在正常车道内行驶但速度明显低于正常水平。左侧对向车道车流相对顺畅，未见异常停车或事故迹象。拥堵主要集中在右侧车道，可能与前方出口分流或匝道汇流有关，导致车辆积压加剧。现场无施工设施、抛洒物或交通事故发生，也未发现二轮车辆闯入或异常停车行为，整体表现为典型的高峰时段交通拥堵现象，持续时间较长且无缓解趋势。
460,5313,拥堵_20240316151836_突发事件_35416434.mp4,拥堵,多车事故,2024年3月16日15:18至15:19，在嘉闵西侧定焦03路段，发生了一起多车事故。涉事车辆包括一辆白色轿车和一辆蓝色SUV，其中白色轿车的前部与前方车辆发生碰撞，其引擎盖和车门打开，车辆停在行车道上。事故现场有多名人员下车查看情况，部分人员站在进行交涉或等待救援。此次事故导致后方车辆被迫减速或绕行，交通出现明显拥堵，影响了该路段的正常通行秩序。异常特征表现为事故车辆位置异常，横跨车道，且未见明显施工或抛洒物等其他干扰因素，主要表现为典型的多车追尾事故。
464,5317,拥堵_20240226165537_突发事件_35375371.mp4,拥堵,二轮车辆闯入,2024年2月26日16时55分至16时56分，S4市区方向至S20内环高架路段出现严重交通拥堵事件。该路段为多车道高速公路，双向车流密集，其中南向车道车辆排成长队，行驶缓慢，部分车辆处于停滞状态，后方车辆被迫减速或变道绕行。涉事车辆包括多辆轿车、SUV、货车及大型客车，如白色厢式货车、红色集装箱货车、蓝色集装箱货车等，均在正常行驶过程中因前方车流缓慢而被迫减速或停顿。车辆整体呈现低速蠕动状态，未见明显事故或障碍物导致的突发阻塞，但车流密度极高，导致通行效率显著下降。拥堵影响范围覆盖多个车道，持续时间约一分钟且无缓解趋势，符合典型高峰时段或瓶颈路段的拥堵特征，未发现占道施工、异常停车、抛洒物或二轮车辆闯入等其他异常情况。
465,5318,占道施工_20230924234803_运行安全_34857801.mp4,占道施工,异常停车,2023年9月24日23时48分至23时49分，外环真南路入口路段夜间发生占道施工交通事件。现场可见一辆黄色工程车停靠在右侧车道，车顶闪烁警示灯，周围设置多个橙白相间的交通锥桶，形成临时隔离区域。一名身穿反光背心的工作人员在车辆附近活动，疑似进行道路维护或检查作业。该施工区域导致右侧车道被部分占用，车辆需绕行至左侧车道通行，造成局部车流减速和变道，但整体交通秩序未出现严重拥堵。施工区域设有明显的警示标志和灯光提示，符合规范的占道施工行为，对交通流产生一定影响但未引发异常停车或事故。
467,5320,占道施工_20240325003353_运行安全_35437138.mp4,占道施工,拥堵,2024年03月25日星期一00:33至00:34期间，外环高速沪太立交东1-1 03路段出现交通拥堵事件。监控画面显示，该路段为夜间高架道路，路面湿滑，车辆行驶缓慢。画面中可见多辆机动车包括一辆黄色工程车、一辆红色货车及多辆轿车和面包车，车辆在车道内依次排队前行，车距较近，刹车灯持续亮起，表明车速明显降低。其中一辆黄色工程车在车流中缓慢移动，后方车辆持续减速并保持低速行驶状态，未见明显变道或超车行为。由于车流量较大且通行速度受限，导致整体交通流呈现持续性缓行状态，未发生碰撞或事故，但存在明显的拥堵特征，影响了该路段的正常通行效率。异常特征表现为车辆间距缩小、车速下降、刹车灯密集亮起，符合典型拥堵判断标准。
472,5325,异常停车_20240525133449_突发事件_35635907.mp4,拥堵,多车事故,2024年5月25日13时34分至13时35分，位于城市高架道路南向车道上发生一起多车事故。事故发生在高架桥中间区域，涉事车辆包括一辆红色货车、一辆银色轿车，其中红色货车停靠在最左侧车道，驾驶员下车站在车旁，银色轿车紧随其后停靠在路边。两车发生轻微碰撞，导致驾驶员下车查看情况，车辆位置异常，且有明显碰撞痕迹，所幸未引发更严重事故。现场未见抛洒物或人员受伤情况，但车辆间存在相互作用，导致通行受阻，后方车辆出现紧急刹车、变道避让现象，造成短时拥堵。事故区域无施工设施或交通标志限制，也未见其他车辆直接参与碰撞。整体异常特征表现为多车事故，涉及两辆以上轿车，且发生在高架桥复杂路况下，对通行安全构成潜在威胁。
478,5331,拥堵_20231102092239_突发事件_35035508.mp4,拥堵,多车事故,2023年11月2日星期四上午9时22分至9时23分，外环高速铁山路路段出现交通拥堵事件。该路段为多车道高架道路，车流密集，主要由轿车、货车及一辆黄色工程车组成。视频显示，车辆在多个车道上缓慢行驶，车距明显缩短，部分车辆处于低速移动或短暂停滞状态，尤其在左侧车道形成连续排队现象，持续时间超过一分钟且无缓解趋势。涉事车辆包括多辆黑色轿车、白色厢式货车、红色集装箱货车以及一辆黄色工程车，均在正常行驶过程中因前方车流缓慢而被迫减速。由于车流量大，车道通行能力下降，导致后方车辆被迫跟随减速，形成典型的拥堵态势。现场未见事故、施工或异常停车等直接诱因，但整体车流密度高，存在潜在追尾风险，影响了该路段的正常通行效率。
479,5332,二轮车辆闯入_20230715121919_突发事件_1149622.mp4,二轮车辆闯入,多车事故,2023年7月15日16时19分，外环高速蕴川立交东段，一辆二轮摩托车沿最左侧车道由南向北行驶，驾驶员身穿深色衣物并佩戴头盔，车辆在车流中穿行，未见专用二轮车道或明显禁止标志，该行为属于闯入高速公路禁止通行区域，存在逆行、横穿车道等危险驾驶特征，对周边正常行驶的轿车和货车构成潜在碰撞风险，导致部分车辆紧急避让，影响了道路通行秩序。
480,5333,拥堵_20231218100016_突发事件_35238909.mp4,拥堵,二轮车辆闯入,2023年12月18日星期一上午10:08至10:09，外环高速同济路立交南段，一辆红色摩托车在靠近左侧隔离带的行车道上行驶，驾驶员佩戴头盔，车辆无明显牌照标识，该路段为城市快速路，禁止二轮车辆通行，且无专用二轮车道或允许通行标志，摩托车在车流中穿行，存在逆行风险，导致后方车辆需紧急避让，影响正常交通秩序，构成二轮车辆闯入交通异常事件。
481,5334,二轮车辆闯入_20230718185422_突发事件_1962524.mp4,拥堵,异常停车,2023年7月18日18时54分22秒，在S20内至沪闵高架路段，一辆白色轿车在道路右侧车道内完全静止，驾驶员下车后站在护栏边，车辆明显处于异常停车状态。该行为导致后方车辆被迫减速绕行，影响了正常交通流，存在安全隐患。整个过程中，该车持续静止于弯道内，未见任何警示标志或施工设施，且无其他车辆发生碰撞或停车事故，符合异常停车的典型特征。
483,5336,拥堵_20230905113949_突发事件_34715007.mp4,抛洒物,拥堵,2023年9月5日14时39分至14时40分，S4市区方向至S20内环高架路段出现交通拥堵事件。该路段为多车道高速公路，双向车流密集，其中右侧车道车辆行驶缓慢，形成明显排队现象，车辆间距缩小，车速降低，部分车辆处于低速蠕动状态，持续时间约一分钟且无缓解趋势。涉事车辆包括多辆轿车、货车、厢式货车及一辆辆大型运输车，如红色集装箱货车、白色厢式货车、蓝色集装箱货车、白色厢式货车等，均在正常车道内行驶，未见异常停车或事故迹象。左侧对向车道车流相对顺畅，未受影响。拥堵区域位于高架桥弯道处，道路两侧设有隔音屏和护栏，无施工设施或障碍物，也未发现抛洒物或二轮车辆闯入情况。整体表现为典型的高峰时段交通拥堵，可能由前方道路瓶颈或流量饱和导致，对通行效率造成一定影响。
487,5340,异常停车_20230720134044_突发事件_33389965.mp4,异常停车,二轮车辆闯入,2023年7月20日14时40分43秒，在外环高速沪渝立交段，一辆二轮车驶入主路，其行驶路线未在专用非机动车道或辅路，且无明显禁止标志区域，驾驶员佩戴头盔，车辆在湿滑路面条件下快速通过，对周围正常行驶的车辆造成潜在干扰，存在较大安全隐患。
489,5342,异常停车_20230719212756_突发事件_6964569.mp4,异常停车,二轮车辆闯入,2023年7月19日21时28分02秒，在外环高速丰翔路南段，一辆二轮车驶入主路，该车辆未在专用非机动车道或辅道行驶，且无明显警示标志，存在逆行风险。驾驶员佩戴头盔，车辆无牌照特征明显，其闯入行为导致后方多辆汽车紧急避让，造成短暂交通干扰，属于典型的二轮车辆闯入高速公路的异常事件。
499,5352,异常停车_20240624182757_突发事件_35722498.mp4,异常停车,多车事故,2024年6月24日18:27至18:28，在某高速公路路段，发生了一起多车事故。涉事车辆包括一辆白色SUV和一辆灰色轿车，这些车辆在行驶过程中发生了碰撞，导致车辆位置异常，其中白色轿车和灰色轿车停在道路中央。事故现场有人员下车交涉，其他车辆被迫紧急避让或停滞，造成了交通拥堵，后续车辆缓慢移动或完全停止，排队车辆长度超过正常范围，且持续一段时间无缓解趋势。异常特征表现为事故车辆的明显碰撞痕迹和不正常的停车姿态，严重影响了该路段的正常通行秩序。
501,5354,占道施工_20231009001029_运行安全_34908653.mp4,拥堵,占道施工,2023年10月9日00:10:26至00:11:23期间，嘉闵西侧德华路夜间高架道路出现占道施工交通事件。现场可见一名身穿荧光黄色上衣、头戴黄色安全帽的施工人员在道路右侧车道内缓慢行走，周围设置有多个橙白相间的交通锥桶，形成临时隔离带，占用部分行车道。施工区域前方有一辆黄色工程车停靠在路边，车顶装有警示灯，疑似正在进行道路维护或施工作业。该施工区域导致右侧车道通行空间受限，车辆需减速绕行，影响了正常交通流。同时，施工区域内未见明显施工机械或人员作业，但存在明显的施工警示标志和照明设施，符合占道施工特征。整体交通秩序虽未完全中断，但存在潜在安全隐患。
502,5355,占道施工_20231012004626_运行安全_34924737.mp4,拥堵,占道施工,2023年10月12日00:46至00:47期间，外环高速吴淞江桥南路段夜间出现占道施工交通事件。现场可见多辆工程车辆（包括一辆大型货车、一辆黄色工程车及数名身穿橙色反光背心的施工人员在道路右侧车道作业，车道被一排红白相间的交通锥桶封闭，形成临时施工区域。施工人员在锥桶旁进行作业，车辆通行受阻，部分车辆需变道绕行，导致该车道车流缓慢通行。该施工区域未见明显警示牌或闪烁警示灯，但施工设施布置规范，符合占道施工标准，对正常交通造成一定影响。
503,5356,占道施工_20240618234009_运行安全_35712338.mp4,拥堵,占道施工,2024年6月23日18时40分至18时41分，外环高速吴中入口匝道（外）路段发生占道施工交通事件。现场可见右侧车道被施工锥桶封闭，施工人员穿着反光背心在作业，旁边停放有工程车辆，车道内设置警示标志牌，提示前方施工。该施工区域导致右侧车道通行能力下降，车辆需变道行驶，影响了正常交通流，但未造成严重拥堵。异常特征包括施工区域设有明显的警示标志和闪烁警示灯，符合占道施工标准。
505,5358,占道施工_20231012001702_运行安全_34924664.mp4,拥堵,异常停车,2023年10月12日00时17分至00时17分51秒，外环高速武威路南（内）路段发生一起异常停车事件。一辆白色货车在右侧车道内长时间静止不动，车辆开启双闪灯，且无明显故障迹象或驾驶员在车旁活动，车辆处于非停车区域，导致后方多辆汽车被迫减速绕行，形成局部拥堵。该车停靠位置位于道路右侧，占据行车道空间，影响了正常交通流，存在安全隐患。现场无施工设施、无二轮车辆闯入、无抛洒物或事故痕迹，也未见其他车辆碰撞或异常停车行为，整体表现为典型异常停车事件。
507,5360,异常停车_20240524124249_突发事件_35631582.mp4,异常停车,多车事故,2024年5月24日12时02分至12时03分，外环高速丰翔路南段监控画面显示，一辆红色集装箱货车在右侧应急车道内长时间静止不动，车辆未开启双闪灯，且驾驶员不在车内，车辆处于异常停车状态。该车停靠位置位于道路右侧护栏旁，周围无施工设施或警示标志，导致后方多辆小型客车和货车被迫减速绕行，影响了正常交通流。该行为符合异常停车特征，存在安全隐患，可能引发追尾或剐蹭事故。
509,5362,拥堵_20231105092245_突发事件_35049299.mp4,拥堵,多车事故,2023年11月5日星期日上午9时22分至9时23分，位于城市高架道路的市区方向入口附近路段发生一起多车事故。事故发生在高架桥上由南向北行驶的车道中，涉事车辆包括多辆轿车和货车。视频显示，事故导致该车道车辆停滞或减速，部分车辆位置异常，疑似发生追尾或侧碰，形成明显拥堵。事故区域无明显施工设施或抛洒物，也未见人员下车交涉或交警到场处理，但车辆密集且行驶缓慢，影响了整体通行效率。该事件属于典型的多车连环事故，具有较高安全隐患。
510,5363,拥堵_20240110152409_突发事件_35308543.mp4,拥堵,异常停车,2024年1月10日15时24分，在外环高速曹安路北段，一辆白色轿车和一辆蓝色SUV在最右侧车道完全静止，车辆未开启双闪灯，疑似发生故障或违规停车。该行为导致后方车辆被迫减速绕行，影响了正常交通流，形成短暂拥堵。异常特征包括：车辆在非停车区域静止、未开启双闪灯、驾驶员不在车内以及后方车辆被迫绕行或减速，符合异常停车的判断标准。
513,5366,异常停车_20230718070839_突发事件_1959122.mp4,异常停车,拥堵,2023年7月18日星期一早上7点08分至7点09分，位于城市快速路某路段（道路两侧有绿化带，道路标线清晰）出现交通拥堵事件。该路段为多车道高速公路，车流密集，车辆以缓慢速度行驶，部分车辆处于停滞状态，形成持续性拥堵。涉事车辆包括多辆轿车、货车、厢式货车及一辆蓝色大型平板运输车，其中蓝色平板运输车在车流中缓慢前行，未见明显异常行为。车辆排队长度较长，且无缓解趋势，影响范围覆盖多个车道，导致后方车辆被迫减速或变道。现场未见施工设施、抛洒物或事故痕迹，也无二轮车辆闯入或异常停车现象，初步判断为早高峰时段常规性交通拥堵，可能由车流量过大或前方道路瓶颈所致。整体表现为典型拥堵特征，无其他重大异常事件发生。
520,5373,异常停车_20240509200653_突发事件_35575652.mp4,异常停车,抛洒物,2024年5月9日20时06分50秒至20时07分48秒，外环高速仙霞路（内）路段发生一起异常停车事件。一辆白色轿车在道路右侧应急车道内长时间静止不动，且无明显故障迹象或驾驶员下车行为，车辆持续停驻超过10秒，影响后方车辆正常通行，导致后方多辆货车和轿车被迫减速绕行，形成局部拥堵。该行为违反了高速公路非紧急情况下不得随意停车的规定，存在较大安全隐患。现场无施工设施、抛洒物或其他事故迹象，交通整体保持缓慢流动状态。
527,5380,异常停车_20240616161312_突发事件_35708172.mp4,异常停车,多车事故,2024年6月16日16时13分至16时14分，外环高速虹梅南路路段发生一起多车事故。事故发生在双向车道中的南向车道，涉事车辆包括货车及一辆白色面包车，视频中最左侧车道已经发生事故，车俩双闪停靠。事故现场可见多辆车位置异常，部分车辆斜停或横跨车道，造成交通流明显受阻。事故发生后，后续车辆被迫减速绕行，形成拥堵态势，影响范围持续扩大。事故未见明显人员下车交涉或交警到场处理，但已引发较大程度的通行延误。异常特征表现为车辆密集排列、行驶速度显著下降以及车道内存在多点碰撞痕迹。
533,5386,二轮车辆闯入_20230719092936_突发事件_1966682.mp4,多车事故,二轮车辆闯入,2023年7月19日星期三上午9时20分33秒至9时20分36秒，北环高速同济路立交南段，一辆二轮摩托车沿机动车道行驶，驾驶员佩戴头盔，车辆无明显牌照标识，行驶过程中未见专用二轮车道或禁止标志，该车在车流中穿行，存在逆行和横穿车道等危险行为，对周边正常行驶的车辆造成潜在安全隐患，后方车辆需主动避让，影响了道路通行安全与秩序。
535,5388,异常停车_20240511180600_突发事件_35582216.mp4,异常停车,多车事故,2024年5月11日18时05分至18时06分，外环高速龙吴路路段在雨雾天气条件下发生一起多车事故。事故发生在道路右侧车道，涉事车辆包括一辆白色轿车、一辆白色外卖箱车，其中白色轿车与白色外卖箱车发生追尾，导致后方多辆车辆紧急避让或减速。事故现场有人员下车交涉，交通秩序受到严重影响，后方车辆形成明显拥堵，通行速度明显下降。异常特征表现为多车连续碰撞、车辆位置异常、刹车灯密集亮起以及后方车辆被迫减速或绕行，符合多车事故判断标准。
539,5392,异常停车_20240616224220_突发事件_35708495.mp4,异常停车,拥堵,2024年6月16日22时42分至22时43分，外环高速曹安路北段发生交通拥堵事件。该路段位于曹安路立交附近，监控画面显示该路段为夜间多车道高速公路，车流密集，车辆以较慢速度行驶，尾灯连成一片，形成红色光带，表明车辆处于缓行或停滞状态。涉事车辆包括多辆轿车、货车及一辆大型平板拖车，其中拖车载有白色篷布和红色货物，后方车辆包括一辆红色货车、一辆白色厢式货车以及多辆小型轿车，均在正常车道内行驶，未见异常停车或事故迹象。车辆整体移动速度明显低于正常通行水平，且持续时间超过一分钟，形成持续性拥堵。现场未发现施工设施、抛洒物或二轮车辆闯入等情况，也无明显碰撞痕迹或人员下车交涉行为，推测拥堵可能由前方交通流量饱和或瓶颈路段引发。该事件对道路通行效率造成显著影响，导致后方车辆被迫减速并排队缓行，存在潜在安全隐患。
543,5396,多车事故_20240405161100_突发事件_35468341.mp4,多车事故,异常停车,2024年4月5日16时19分23秒，在武宁路地道南线西向东方向，一辆白色SUV在行车道内异常停车，车辆后方有人员下车并站在车旁，后方多辆车辆被迫减速避让，造成该车道短暂拥堵。该车辆未开启双闪灯，驾驶员也未下车，且处于非停车区域，导致后方车辆出现绕行和减速行为，存在明显交通安全隐患。现场可见多辆车辆依次通过该区域，交通流受到明显影响，符合异常停车的判断标准。
552,5405,占道施工_20240328073239_运行安全_35446735.mp4,拥堵,占道施工,2024年03月28日星期四03:32至03:33，在外环高速铁山路段，视频显示该路段正在进行占道施工，施工区域由锥桶和临时围栏进行隔离，车道被部分遮挡，导致车辆需变道或减速行驶。虽然未见明显施工人员操作设备，但施工设施的存在使得道路通行能力下降，影响了正常交通流。异常特征包括：车道被锥桶和围栏围挡，车辆需绕行或减速通过，且施工区域设有警示标志，符合占道施工的判断标准。
554,5407,抛洒物_20240113021704_运行安全_35315222.mp4,抛洒物,异常停车,2024年01月13日星期六凌晨02:16:02至02:17:02期间，在外环高速沪渝立交-1枪机1监控范围内，一辆白色货车在右侧车道内长时间静止不动，车辆未开启双闪灯，且无明显故障迹象或驾驶员在车旁活动，符合异常停车行为。
556,5409,占道施工_20240302004443_运行安全_35383233.mp4,拥堵,占道施工,2024年3月2日00:44至00:45期间，在嘉闵东侧定焦08监控点位，发生占道施工交通事件。现场可见一辆工程车辆缓慢行驶在右侧车道，车顶闪烁着警示灯，周围摆放了多排橙白相间的交通锥桶，形成临时隔离带，占用部分行车道。该施工区域导致右侧车道通行空间受限，过往车辆需减速并变道绕行，影响了正常交通流。施工人员身穿反光背心，在车辆后方进行作业，确保施工安全。整体画面显示施工区域布置规范，但存在一定的交通干扰风险。
557,5410,占道施工_20240327083444_运行安全_35444413.mp4,占道施工,拥堵,2024年03月27日星期三08:34:33至08:34:52，在外环高速淞滨路西枪机2处，视频显示该路段正在进行占道施工。现场有多名身穿反光背心、头戴安全帽的施工人员在车道内进行作业，旁边停放着一辆黄色工程车，车顶装有警示灯，旁边还放置了多个交通锥桶以隔离施工区域。施工导致该车道被部分遮挡，车辆需变道行驶，导致通行效率下降。施工区域设有明显的警示标志和闪烁警示灯，符合占道施工的标准特征。整体来看，此次占道施工对正常交通流产生了一定影响，但未造成严重拥堵或事故。
561,5414,多车事故_20240209221400_突发事件_35359491.mp4,拥堵,多车事故,2024年2月9日22时14分，武宁路地道南线西向东（武00_2GAM）路段发生一起多车事故。事故发生在隧道内行车道上，涉事车辆包括多辆轿车和SUV，其中黑色轿车与前方车辆发生追尾碰撞，导致车辆位置异常，部分车辆横跨车道或斜停，引发后方车辆紧急避让、减速及刹车灯亮起。事故现场有人员下车交涉或交警到场，车辆出现紧急避让和缓慢通行行为，影响了隧道内正常通行秩序。异常特征表现为车辆密集、刹车灯持续亮起、车辆位置异常以及有人员下车处理，符合多车事故判断标准。
567,5420,占道施工_20230716001130_运行安全_1151789.mp4,占道施工,多车事故,2023年7月16日星期日凌晨1点11分至1点12分，外环高速沪渝立交-1枪机1监控画面显示，该路段为多车道高速公路，右侧车道设有连续的交通锥桶，形成临时隔离带，车辆在该区域缓慢通行。现场可见一辆工程作业车停靠在道路右侧护栏旁，车顶闪烁着红蓝警示灯，车身带有反光标识，疑似正在进行道路维护或施工作业。该工程车持续静止不动，未见人员下车或移动作业，但存在明显的施工特征，包括警示灯、锥桶和临时隔离设施。由于施工区域占用部分车道，导致后方车辆需减速并变道绕行，影响了正常交通流。整个过程中，施工车辆未发生碰撞或移动异常，但其静止状态构成施工异常，对过往车辆造成一定通行压力。
568,5421,占道施工_20231025233458_运行安全_34997684.mp4,占道施工,拥堵,2023年10月25日23时34分至23时35分，外环高速吴中路路段夜间发生占道施工交通事件。现场可见一辆黄色工程车停靠在右侧车道，车后方设置多排红白相间的交通锥桶，形成临时隔离带，一名身穿反光背心、头戴安全帽的施工人员在锥桶旁作业。该施工区域占用了一条行车道，导致过往车辆需减速绕行，部分车辆在通过时明显变道避让。施工区域未见明显警示牌或闪烁警示灯，但锥桶排列有序，对通行造成一定影响。整体交通流保持缓慢通行状态，未出现严重拥堵或事故。
569,5422,异常停车_20240510232403_突发事件_35579518.mp4,多车事故,异常停车,2024年5月10日23时24分，在外环高速莘庄立交东（外）路段，一辆红色货车在行车道上异常停车，车辆完全静止且开启双闪灯，驾驶员不在车内，导致后方多辆车辆被迫减速绕行，交通流出现明显滞缓，存在安全隐患。该行为违反了非停车区域禁止停车的规定，且无交通信号灯或标志允许停车，属于典型的异常停车事件。
575,5428,二轮车辆闯入_20230715120358_突发事件_1149570.mp4,二轮车辆闯入,多车事故,2023年7月15日12时03分至12时04分，位于城市高架道路南向车道（靠近右侧匝道入口处）发生一起多车事故。涉事车辆包括一辆红色货车、一辆白色厢式货车及多辆周边正常行驶车辆。视频显示，一辆黄色工程车停靠在最右侧应急车道边缘，疑似参与事故救援。该事故导致右侧车道通行受阻，后方车辆被迫减速绕行，形成明显拥堵态势。现场未见明显碰撞痕迹或人员下车交涉，但车辆停驶或停滞时间较长，影响了整体交通流的顺畅运行，符合多车事故的典型特征。
580,5433,异常停车_20230716171405_突发事件_1154789.mp4,拥堵,异常停车,2023年7月17日16时14分59秒至16时14分58秒，外环高速丰翔路路段监控画面显示，一辆红色货车在右侧应急车道内长时间静止不动，车辆未开启双闪灯，且无明显故障迹象或驾驶员在车旁活动，符合异常停车行为。
582,5435,异常停车_20240525010240_突发事件_35633385.mp4,异常停车,多车事故,2024年05月25日星期六01:02:38至01:03:35，在某高速公路路段，发生了一起多车事故。涉事车辆包括一辆白色SUV和一辆褐色货车，白色SUV在行驶过程中与前方货车发生碰撞，导致两车位置异常，白色SUV停在右侧车道上，而货车则在前方。事故现场有人员下车交涉，且有交警到场处理，其他车辆被迫紧急避让或停滞，交通秩序受到明显影响，显示出典型的多车事故特征，如车辆碰撞、人员下车处理等行为。
584,5437,多车事故_20240604063143_突发事件_35669650.mp4,多车事故,抛洒物,2023年7月20日13时57分至13时58分，位于城市高架道路南向车道（靠近深圳方向），一辆红色货车停靠在最左侧车道，车辆开启双闪灯，驾驶员下车后在车旁停留，随后再次返回车内。该车停放位置位于正常行车道，未对其他车辆通行造成明显影响，但存在潜在安全隐患。现场无施工设施、无二轮车辆闯入、无抛洒物、无事故迹象，也未发现其他异常车辆行为。该事件属于非紧急情况下违规停车，影响了道路通行秩序。
585,5438,拥堵_20231211122006_突发事件_35211296.mp4,拥堵,异常停车,2023年12月11日12时20分至12时21分，外环高速吴中路-1枪机1监控区域出现交通拥堵事件。该路段为双向多车道高速公路，车流密集，车辆以缓慢速度行驶，部分车辆处于停滞状态，持续时间约一分钟且无缓解趋势。涉事车辆包括多辆轿车、货车及厢式货车，其中红色集装箱货车、白色厢式货车和黄色工程车在画面中较为显著，均在正常车道内行驶但速度明显低于正常通行水平。未见异常停车、施工设施、二轮车辆闯入、事故碰撞或抛洒物等情况，也无明显碰撞痕迹或人员下车交涉行为。整体车流密度高，车辆间距较小，形成连续排队现象，符合拥堵判断标准。该拥堵可能由前方交通流量大或瓶颈区域引发，但未直接表现为典型异常停车、施工或事故特征，属于典型高峰时段交通压力导致的通行不畅。
586,5439,占道施工_20240529020445_运行安全_35647730.mp4,占道施工,拥堵,2024年5月29日02时04分至02时05分，外环高速天山路路段夜间发生占道施工交通事件。现场可见一辆黄色工程车缓慢行驶在右侧车道，车顶警示灯闪烁，车身周围设置了一排红白相间的交通锥桶，形成临时隔离带，占用部分行车道。一名身穿反光背心的工作人员在工程车旁进行作业，车辆通行受阻。该施工区域未见明显施工机械或围挡，但存在明显的施工警示标志和人员值守，导致右侧车道车辆需减速绕行，影响了正常通行秩序。整体交通流保持有序，未出现拥堵或事故，但存在因施工引发的局部通行效率下降风险。
589,5442,二轮车辆闯入_20230719213343_突发事件_6964598.mp4,二轮车辆闯入,多车事故,2023年7月19日21时33分至21时34分，外环高速丰翔路南段监控画面显示，夜间道路照明良好，路面湿滑。一辆二轮车在主车道内行驶，期间未见明显专用非机动车道或禁止标志，且该路段无专用二轮车道设置。该二轮车驾驶员佩戴头盔，车辆无牌照特征，其行为属于闯入机动车道的危险驾驶行为。该事件持续约1分钟，期间未引发碰撞事故，但其进入机动车道的行为违反了高速公路交通管理规定，对正常行驶的车辆构成潜在安全隐患。
592,5445,占道施工_20230923001746_运行安全_34849181.mp4,拥堵,占道施工,2023年9月23日00:17至00:18期间，嘉闵西侧真南路出口路段夜间出现占道施工交通事件。现场可见多辆工程车辆停靠在道路右侧车道，包括一辆黄色工程车和一辆红色警用车辆，车辆周围设置有多个红白相间的交通锥桶，形成临时隔离带，占用部分行车道。施工区域前方设有警示灯和指示牌，提示前方施工。施工区域导致右侧车道通行空间受限，车辆需减速绕行，影响了正常交通流。施工人员未在画面中明确显现，但现场布置符合占道施工特征，存在明显的车道缩减和交通引导措施。
593,5446,异常停车_20240623062456_突发事件_35719299.mp4,异常停车,拥堵,2024年6月23日06:21:06至06:22:09期间，外环高速丰翔路南段监控画面显示，一辆白色厢式货车在左侧应急车道内长时间静止不动，车辆未开启双闪灯，驾驶员下车活动，后方多辆小型汽车和货车因避让该车而紧急刹车或变道，导致该车道通行秩序短暂受阻。该车在视频中持续停驻于行车道与应急车道之间，未见任何施工或故障迹象，且周围无施工设施或警示标志，属于非正常停车行为，影响了应急车道的正常使用，存在安全隐患。
599,5452,拥堵_20230912164234_突发事件_34775878.mp4,拥堵,二轮车辆闯入,2023年9月12日16时42分至16时43分，嘉闵高架东侧汇聚机箱路段出现交通拥堵事件。该路段为多车道高架道路，车流密集，车辆以缓慢速度行驶，部分车辆刹车灯持续亮起，表明车速明显降低。涉事车辆包括各类轿车、SUV、面包车及少量货车，均在正常车道内行驶，未见异常停车或事故迹象。车辆排队长度持续延伸，影响通行效率，且无明显施工或障碍物导致阻塞。整体表现为典型早高峰时段因车流量过大导致的拥堵现象，未发现占道施工、抛洒物或二轮车辆闯入等其他异常情况。
600,5453,二轮车辆闯入_20230718131337_突发事件_1960871.mp4,二轮车辆闯入,拥堵,2023年7月18日13时13分至13时14分，外环高速仙霞路（内）路段出现拥堵交通事件。该路段为多车道高速公路，双向车流密集，车辆包括轿车、货车、客车及大型运输车辆等。从视频画面可见，右侧车道车辆行驶缓慢，部分车辆处于低速移动或短暂停滞状态，形成连续排队现象，排队长度持续延伸，且无明显缓解趋势。左侧车道虽有车辆正常通行，但整体车流密度较高，存在轻微拥堵迹象。拥堵区域位于高架桥下，道路两侧绿树成荫，未见施工设施或障碍物，也无异常停车或事故迹象。由于车流量大且通行效率降低，导致后方车辆被迫减速并排成队列，符合拥堵判断标准中的多辆车缓慢移动、排队长度超常、持续无缓解等特征。
601,5454,异常停车_20240509123203_突发事件_35573824.mp4,异常停车,多车事故,2024年5月9日12时32分，外环高速吴淞江桥南路段出现交通拥堵事件，现场多辆机动车在道路上缓慢行驶或处于停滞状态，车辆排成长队，持续时间超过10秒且无缓解趋势，主要集中在左侧车道，部分车辆在尝试变道或减速，导致通行效率下降。涉事车辆包括轿车、货车、厢式货车及集装箱运输车等，其中一辆红色集装箱货车和一辆白色厢式货车在画面中较为显眼，均处于低速行驶状态。右侧车道车流相对顺畅，但受左侧拥堵影响，整体通行能力下降，存在潜在追尾风险。异常特征表现为车辆间距缩小、行驶速度明显降低，且无明显事故或施工迹象，推测为早高峰时段车流量过大所致。
609,5462,二轮车辆闯入_20230721183411_突发事件_33393915.mp4,二轮车辆闯入,拥堵,2023年7月21日18时34分，外环高速仙霞路（内）路段出现严重交通拥堵，现场多车道车辆行驶缓慢，车流密集且持续无缓解趋势，大量轿车、货车及客车在湿滑路面上缓慢移动或短暂停滞，部分车辆因避让湿滑路面而频繁刹车，尾灯亮起，形成明显的红色光带，影响通行效率，整体交通秩序虽未完全中断，但已出现典型拥堵特征，持续时间较长，符合拥堵判断标准。
610,5463,异常停车_20230727134354_突发事件_33408196.mp4,异常停车,拥堵,2023年7月27日13时44分，外环高速吴中入口匝道（内）路段出现交通拥堵事件。该路段为多车道高速公路，车流密集，主要由轿车、货车及少量客车组成，车辆在多个车道内缓慢行驶或处于停滞状态，部分车辆在车道间频繁变道，导致通行效率下降。涉事车辆包括白色轿车、黑色轿车、蓝色货车、红色货车、白色厢式货车以及多辆小型客车，均在正常行驶过程中因前方车流缓慢而被迫减速或停止。现场未见明显事故、施工或抛洒物迹象，也无异常停车或二轮车辆闯入情况。拥堵主要表现为车辆排队长度较长且持续无缓解趋势，影响了整体通行秩序，符合拥堵判断标准中的多辆车缓慢移动、排队长度超常、发生在瓶颈区域等特征。
619,5472,占道施工_20240326010838_运行安全_35439821.mp4,拥堵,占道施工,2024年3月26日01:08:35至01:09:33期间，外环高速顾戴路路段夜间发生占道施工事件。现场可见一辆黄色工程车停靠在道路右侧车道，车后方设置多排红白相间的交通锥桶，形成临时隔离带，占用部分行车道。多名身穿反光背心的施工人员在锥桶附近作业，其中一人手持工具在锥桶间移动，另一人站在车旁。施工区域前方有大型警示灯闪烁，提示过往车辆注意避让。施工导致该车道通行受阻，车辆需绕行至左侧车道行驶，车流速度有所减缓，但整体交通未出现拥堵。该施工行为符合占道施工标准，存在明显的施工设施、人员及警示标志，对正常交通秩序造成一定影响。
621,5474,二轮车辆闯入_20230717165422_突发事件_1356617.mp4,二轮车辆闯入,多车事故,2023年7月17日16时17分40秒左右，在外环高速漕宝路南段，一辆二轮摩托车从画面左侧驶入主车道，行驶于多车道高速公路的中间区域，未在专用非机动车道或辅道行驶，且无明显禁止标志区域，该车辆在车流中穿行，驾驶员佩戴头盔，车辆有牌照，其行为属于闯入禁止通行区域的危险驾驶行为，对周围正常行驶的车辆造成潜在安全隐患，引发后方车辆紧急避让，影响交通秩序。
622,5475,异常停车_20240621123754_突发事件_35716942.mp4,异常停车,拥堵,2024年6月21日12时37分至12时38分，位于城市快速路某路段（具体位置未标注）出现交通拥堵事件。该路段为多车道高速公路，两侧有绿化带和护栏，路面湿滑，天气阴沉。视频显示，从12:37:53开始，该路段车流密集，车辆行驶缓慢，部分车辆处于低速移动或短暂停滞状态，尤其在左侧车道中，多辆轿车、货车及大型运输车辆（如红色集装箱货车、蓝色厢式货车、黄色平板货车等）排成长队，车距明显缩短，刹车灯频繁亮起，表明车辆处于低速蠕行或短暂停止状态。右侧车道虽有车辆通行，但整体车流密度高，且无明显事故或施工迹象，也无异常停车或抛洒物情况。拥堵主要集中在画面中段及前方区域，持续时间约一分钟，且无缓解趋势，符合拥堵判断标准中的“多辆车缓慢移动或完全停止”、“排队车辆长度超过正常范围”以及“持续一段时间且无缓解趋势”。该拥堵可能由前方交通流量大或前方道路瓶颈导致，对通行效率造成一定影响，但未发现其他异常行为或事故。
623,5476,多车事故_20240614081549_突发事件_35703757.mp4,多车事故,异常停车,2024年6月14日08时15分至08时16分，外环高速吴淞江桥南路段，一辆白色轿车在右侧应急车道上长时间静止不动，车辆未开启双闪灯，驾驶员下车查看情况，后方多辆车辆被迫减速绕行，造成短时交通拥堵。该车辆停靠位置位于行车道，非停车区域，且无任何交通标志允许临时停车，存在明显异常停车行为，影响了正常交通秩序。
624,5477,异常停车_20240509190024_突发事件_35575641.mp4,异常停车,拥堵,2024年5月9日19时00分至19时01分，外环高速曹安路北方向路段出现严重交通拥堵事件。该路段为多车道高速公路，车流密集，车辆以缓慢速度行驶，刹车灯持续亮起，形成红色光带，表明车辆处于低速或停滞状态。涉事车辆包括各类轿车、货车、厢式货车及大型运输车，其中可见多辆大型货车和集装箱卡车在车流中穿行，部分车辆在车道间频繁变道，加剧了通行压力。由于车流量大且通行效率低，导致后方车辆被迫减速或停车等待，形成典型的拥堵现象。现场未见明显事故、施工或异常停车迹象，也无二轮车辆闯入或抛洒物情况，推测拥堵可能由高峰时段车流集中或前方道路瓶颈引发。整体影响为该路段通行能力显著下降，车辆排队长度持续增加，存在潜在安全隐患。
637,5490,二轮车辆闯入_20230720182619_突发事件_33391531.mp4,二轮车辆闯入,拥堵,2023年7月20日18时26分，外环高速龙吴路路段出现严重交通拥堵，车辆在多车道上缓慢行驶或完全停止，车流密集且持续时间较长，未见明显事故或障碍物。涉事车辆包括大量轿车、货车、客车及出租车，其中红色货车、白色厢式货车和黄色出租车较为显眼，均在正常车道内行驶，未发生碰撞或停车。道路两侧绿化带清晰，右侧有护栏和隔音墙，远处可见高压塔及电线，但无施工迹象或异常停车情况。整体车流呈现低速蠕动状态，后方车辆被迫减速并排队等候，影响通行效率，符合典型拥堵特征，发生在高速公路瓶颈区域，可能与早高峰车流量大有关。
642,5495,拥堵_20240206132119_突发事件_35355258.mp4,拥堵,二轮车辆闯入,2023年7月18日08时15分至08时16分，S20内至G60出省方向的高架路段出现交通拥堵事件。该路段位于通往杭州方向（G60）与浦东机场方向（S20）的交汇处，道路两侧设有绿化带和指示牌，车辆在多车道上缓慢行驶，车流密集且持续排队，车辆间距明显缩小，部分车辆处于低速移动或短暂停滞状态，未见明显事故或障碍物。涉事车辆包括多辆轿车、SUV、货车及面包车，均在正常行驶过程中因前方车流积压而减速。拥堵主要集中在靠近杭州方向入口的匝道区域，导致通行效率显著下降，影响范围覆盖多个车道，持续时间约一分钟且无缓解趋势，符合典型拥堵特征。现场未发现异常停车、施工、抛洒物或二轮车辆闯入等情况，推测为高峰时段车流量过大所致。
645,5498,占道施工_20240524002533_运行安全_35628720.mp4,占道施工,异常停车,2024年5月24日00:25至00:26期间，在K14+050路段的高速公路夜间监控画面中，一辆白色轿车在右侧车道完全停止，车辆未开启双闪灯，驾驶员未下车或采取其他应急措施。该车停靠位置位于行车道，非停车区域，且周围无施工或事故迹象，其异常停车行为持续了一段时间，影响了正常交通秩序，存在潜在安全隐患。
646,5499,拥堵_20240301080429_突发事件_35381314.mp4,多车事故,拥堵,2024年3月1日08:07至08:08期间，S20LSTV04监控点位显示某城市快速路双向多车道拥堵事件，现场车辆密集，车流缓慢移动。涉事车辆包括大量轿车、货车及一辆大型客车，其中白色大巴车和蓝色出租车较为显眼。车辆均处于低速行驶状态，尾灯普遍亮起，表明车辆处于缓行或停顿状态。道路两侧绿化带清晰可见，无施工设施或障碍物，也未见异常停车或事故迹象。整体交通流呈现持续性拥堵特征，车辆排队长度较长，且无缓解趋势，符合典型早高峰时段交通拥堵特征。
650,5503,占道施工_20230930014551_运行安全_34882479.mp4,拥堵,占道施工,2023年9月30日星期六凌晨1点45分至1点46分，K14+050路段夜间出现占道施工交通事件。施工区域位于道路右侧车道，现场设置有多个橙白相间的交通锥桶，形成临时隔离带，占用部分行车道。施工区域内可见一辆黄色工程车缓慢行驶，车顶闪烁警示灯，多名身穿反光背心的施工人员在路边作业，部分人员在移动交通锥桶。施工导致该侧车道通行空间受限，车辆需减速绕行，但整体交通流未出现严重拥堵。该施工行为符合占道施工标准，存在明显的施工设施、人员及警示标志，对正常交通造成一定影响。
651,5504,异常停车_20240613151852_突发事件_35701795.mp4,异常停车,抛洒物,2024年6月13日15时18分至15时19分，外环高速莘朱路路段出现异常停车事件。一辆红色集装箱货车在右侧车道内完全静止，开启双闪灯，车辆处于非停车区域，且无交通信号灯或标志允许其停车。该车停靠位置导致后方多辆货车及轿车被迫减速绕行，形成局部拥堵，影响了道路通行效率。现场未见驾驶员下车或明显故障迹象，也无施工设施或抛洒物等其他干扰因素，初步判断为驾驶员违规临时停车行为，存在安全隐患。
656,5509,二轮车辆闯入_20230722033829_突发事件_33394125.mp4,二轮车辆闯入,多车事故,2023年7月22日03时38分29秒，在外环高速北翟路路段，一辆二轮车驶入主路，进入高速公路行车道。该二轮车为摩托车，驾驶员佩戴头盔，且在车流密集的高速公路上行驶，存在横穿车道等危险行为。该路段为高速公路，禁止非机动车通行，且无专用二轮车道或明显禁止标志，但根据交通规则，二轮车辆不应进入高速公路。该行为导致后方多辆汽车紧急避让，存在较大安全隐患，影响了道路通行安全。整个过程中，二轮车持续在主车道中穿行，未与其他车辆发生碰撞，但其闯入行为已构成交通异常事件。
658,5511,占道施工_20240218000250_运行安全_35365007.mp4,拥堵,占道施工,2024年02月18日00:02:45至00:03:42，在某高速公路的夜间路段，发生了一起占道施工交通事件。视频显示，左侧车道被大量红白相间的交通锥桶遮挡，形成明显的施工区域，车辆被迫在右侧车道缓慢行驶或停滞。涉事车辆包括多辆小型轿车和一辆工程车辆，工程车辆停在锥桶旁，疑似正在进行施工作业。由于施工区域的设置，车道数量减少，导致过往车辆需变道或减速，影响了道路的正常通行效率。异常特征包括施工区域内的警示灯闪烁，但未见明显的施工人员穿戴反光背心或操作设备，整体情况符合占道施工的判断标准。
659,5512,占道施工_20240129003451_运行安全_35343549.mp4,占道施工,拥堵,2024年1月29日00:34至00:35期间，在G60市区方向至S20外的高速公路上，发生了一起占道施工交通事件。现场可见多辆工程车辆和施工人员在进行作业，施工区域被锥桶和围栏遮挡，导致车道数量减少，车辆需变道或减速通行。施工人员穿着反光背心，操作设备，施工区域设有警示牌和闪烁警示灯，以提醒过往车辆注意避让。此次施工影响了道路的正常通行，车辆被迫减速或绕行，但未造成严重的交通拥堵。异常特征包括施工设施占据部分车道、施工人员现场作业以及明显的警示标志和灯光提示。
660,5513,异常停车_20240605184502_突发事件_35677335.mp4,多车事故,抛洒物,2024年6月4日10时44分至10时45分，外环高速虹梅南路路段出现抛洒物交通事件。视频显示，该路段为多车道高速公路，路面湿滑，天气阴雨，能见度较低。在视频过程中，路面上陆续出现白色纸张状异物，这些异物散落在行车道上，部分异物随车辆行驶被带入车道内段。涉事车辆包括多辆轿车和货车，它们在行驶过程中未见明显减速或避让行为，但部分车辆因避让这些异物而出现轻微变道或急刹现象。这些异物位于道路右侧车道附近，长度约数十厘米，足以对后续车辆造成潜在安全隐患。尽管未造成直接碰撞或事故，但存在引发追尾或侧滑风险的潜在风险。异常特征表现为：异物分布广泛，且持续时间较长，且无明显警示标志或防护措施，符合抛洒物判断标准中的“车道上有足够尺寸的异物”“可见车辆急刹或绕行行为”以及“异物可能来自货车货箱或事故残留”等条件。
661,5514,异常停车_20230717102944_突发事件_1156236.mp4,拥堵,二轮车辆闯入,2023年7月17日10时29分45秒，在外环高速吴中路路段，一辆二轮车驶入主路，进入机动车道行驶，该车辆为蓝色车身、车牌号为沪A7HJJYM，驾驶员佩戴头盔，且在车流中穿行，存在横穿车道等危险行为，该行为导致后方多辆汽车紧急避让，造成短时交通干扰，属于典型的二轮车辆闯入高速公路的异常事件。
662,5515,拥堵_20231115064848_突发事件_35102189.mp4,拥堵,二轮车辆闯入,2023年11月15日06:10至06:20期间，外环高速沪嘉地道2（外）路段出现严重交通拥堵，车辆行驶缓慢，多辆轿车、货车及大型运输车在车道内排成长队，车流密度高，部分车辆处于低速移动或短暂停滞状态。涉事车辆包括白色厢式货车、红色集装箱货车、蓝色大巴车、黄色出租车等，均在正常行驶过程中受阻，未见异常停车、事故或施工迹象。拥堵区域位于高架桥下弯道处，道路两侧有绿化带和隔音墙，上方有“外环高速沪嘉地道2（内）”指示牌，显示该路段为高速公路瓶颈路段。整体影响为通行效率显著下降，车辆排队长度持续增加，存在潜在追尾风险，但未观察到抛洒物、占道施工或二轮车辆闯入等情况。
663,5516,多车事故_20240625161301_突发事件_35724773.mp4,多车事故,异常停车,2024年6月25日15时12分30秒左右，在外环高速北翟路立交北侧路段，监控画面显示该区域路面湿滑，一辆红色货车停靠在最右侧车道边缘，车辆开启双闪灯，驾驶员下车后在车旁停留，后方车辆减速绕行。该车停放位置导致后方车辆部分变道避让，影响了右侧行车道的通行效率。从视频中可见，该车长时间静止不动，未见任何施工或故障迹象，属于非紧急情况下违规停车，存在安全隐患。同时，周围车辆因避让该静止车辆而出现变道和减速行为，进一步加剧了交通压力。此事件符合异常停车判断标准中的“车辆在非停车区域完全静止”、“未开启双闪灯”及“后方车辆被迫绕行或减速”等特征，构成典型交通异常事件。
665,5518,占道施工_20240416223259_运行安全_35495641.mp4,拥堵,占道施工,2024年04月16日22:32至22:33期间，在某高速公路路段，发生了一起占道施工交通事件。现场可见多辆工程车辆和施工人员在车道上进行作业，施工区域被多个锥桶围挡，部分车道被遮挡，导致车辆需变道或减速通行。涉事车辆包括一辆黄色工程车，其警示灯持续闪烁，提醒过往车辆注意避让。施工人员穿着反光背心，正在操作相关设备。由于施工占用了部分车道，导致该路段的交通流量受到影响，车辆行驶速度减缓，但未出现严重拥堵现象。异常特征包括施工设施明显、警示灯闪烁以及车道数量减少，符合占道施工的判断标准。
669,5522,占道施工_20240421231656_运行安全_35505730.mp4,占道施工,异常停车,2024年04月21日23:16至23:48，在外环高速沪太立交东1-2路段，发生了一起占道施工交通事件。现场可见多辆工程车辆和施工人员，他们穿着反光背心，正在进行道路施工操作。施工区域被多个锥桶和围栏遮挡，导致车道数量减少，车辆需变道或减速通行。施工人员在施工现场进行作业，而过往车辆则被迫减速或变更车道以避开施工区域。此事件影响了该路段的正常交通秩序，造成了一定的交通拥堵风险，但未见明显的事故或异常停车情况。
670,5523,占道施工_20240126003046_运行安全_35337929.mp4,占道施工,拥堵,2024年1月26日00:30至00:31期间，在北环高速水产路路段，发生了一起占道施工交通事件。现场可见多辆工程车辆和施工人员在车道上进行作业，施工区域被多个锥桶遮挡，导致车道数量减少，车辆需变道或减速通行。施工人员穿着反光背心，操作设备，施工区域设有警示牌和闪烁警示灯，以提醒过往车辆注意避让。此次施工对道路交通造成了一定影响，但未引发严重拥堵，整体秩序较为有序。异常特征包括施工设施占据部分车道、施工人员现场作业以及明显的警示标志。
671,5524,占道施工_20230717002541_运行安全_1156039.mp4,拥堵,占道施工,2023年9月3日17时25分至17时26分，外环高速蕴藻浜桥北2（外）路段夜间出现占道施工交通事件。现场可见道路左侧车道被一排红白相间的交通锥桶封闭，形成临时隔离带，锥桶沿车道边缘排列，部分锥桶倒伏，表明施工区域已设置并正在进行。施工区域内未见明显施工人员或工程车辆，但存在警示标志和锥桶布置，表明正在进行道路施工或维护作业。受施工影响，右侧车道车辆通行速度减缓，部分车辆需变道绕行，导致车流出现轻微拥堵现象。整体交通秩序尚可维持，但存在因施工导致的车道减少和车辆变道行为，符合占道施工的典型特征。
675,5528,二轮车辆闯入_20230719192622_突发事件_5963995.mp4,二轮车辆闯入,拥堵,2023年7月19日19时26分，外环高速莘庄立交北段发生交通拥堵事件，现场多辆小客车、货车及厢式货车在多个车道内缓慢行驶或停滞，车辆间距明显缩小，刹车灯连成一片，持续时间超过10秒且无缓解趋势，主要集中在立交桥下匝道区域，部分车辆因前方车流积压而减速绕行，影响通行效率，异常特征表现为车流密度显著增加、车辆行驶速度显著降低，整体呈现典型拥堵状态。
677,5530,拥堵_20230821144719_突发事件_34616939.mp4,拥堵,异常停车,2023年8月21日14时47分至14时48分，位于嘉闵高架西侧路段的监控画面显示，多辆机动车在隧道内行驶，其中一辆白色轿车在右侧车道行驶过程中突然减速并完全停止，且持续静止不动，后方车辆被迫减速绕行，造成短时交通拥堵。该车停车位置位于行车道内，非允许停车区域，且无交通信号灯或标志允许停车，驾驶员未见下车或采取警示措施，车辆状态疑似故障或突发情况，导致后方车辆被迫绕行，影响了正常通行秩序。该行为符合异常停车特征，存在安全隐患。
679,5532,占道施工_20231011024603_运行安全_34919184.mp4,异常停车,占道施工,2023年10月11日02时45分至02时46分，外环高速北翟路路段夜间出现占道施工交通事件。现场可见一辆黄色工程车停靠在最左侧车道，车顶警示灯闪烁，周围设置多排红白相间的交通锥桶，形成临时隔离带，占用部分行车道。该工程车后方有多辆小型轿车和货车正常行驶，部分车辆因施工区域而减速绕行。施工区域位于高速公路主路左侧车道，未见明显施工人员活动，但存在明显的施工设施布置，且施工区域设有警示标志牌，提示前方施工。该施工行为导致该车道通行能力下降，影响了车辆正常通行速度，存在潜在安全隐患，符合占道施工异常特征。
680,5533,二轮车辆闯入_20230719204751_突发事件_6964387.mp4,二轮车辆闯入,异常停车,2023年7月19日20时17分，外环高速沪太立交西2枪机2监控画面显示，夜间高速公路行车过程中，一辆装载大量木板的大型货车在行车道内完全静止，车辆未开启双闪灯，且无驾驶员在车内活动迹象，疑似发生异常停车情况。该货车停靠位置位于道路右侧车道，导致后方多辆小型轿车和货车被迫减速绕行，影响了正常交通流。现场无施工设施、无事故车辆碰撞痕迹，也未见二轮车辆闯入或抛洒物情况，初步判断为非紧急情况下违规停车所致。该行为违反了高速公路禁止随意停车的规定，存在安全隐患，属于典型异常停车事件。
681,5534,占道施工_20230801005009_运行安全_33411651.mp4,占道施工,拥堵,2023年8月1日00:50:07至00:51:05期间，东侧元江路入口3处隧道内发生占道施工交通事件。现场可见一辆工程车辆停靠在右侧车道，车顶闪烁警示灯，周围设置了一排红白相间的交通锥桶，形成临时隔离带，占用部分行车道。一名身穿反光背心的工作人员在锥桶旁进行作业，车辆通行需绕行或减速通过。该施工区域未见明显施工设备或围挡，但存在明显的施工警示标志和人员值守，符合占道施工特征。施工区域导致车道数量减少，对过往车辆造成一定影响，车辆需变道或减速通过，整体交通流未出现拥堵，但存在潜在安全隐患。
682,5535,异常停车_20240604074559_突发事件_35670346.mp4,异常停车,拥堵,2024年6月4日早上7时45分至7时46分，嘉闵西桃浦公路南路段出现交通拥堵事件。该路段为多车道高速公路，车流密集，车辆以缓慢速度行驶，部分车辆处于停滞状态，形成连续排队现象，持续时间约一分钟且无缓解趋势。涉事车辆包括多辆轿车、SUV及一辆大型货车，均在正常行驶过程中因前方车流缓慢而被迫减速。未见明显事故或障碍物导致阻塞，但车流密度显著高于正常水平，导致通行效率下降。异常特征表现为车辆间距缩小、行驶速度显著降低，符合典型早高峰时段因车流量大引发的拥堵特征。
685,5538,占道施工_20230803023237_运行安全_33418349.mp4,占道施工,拥堵,2023年8月3日02时32分至02时33分，外环高速丰翔路南段夜间出现占道施工交通事件。现场可见一辆工程作业车停靠在道路左侧车道，车顶警示灯闪烁，周围设置多排红白相间的交通锥桶，形成临时隔离带，占用部分行车道。该施工区域位于道路左侧，占用了一条行车道，导致车辆需绕行或减速通过。施工区域未见明显施工人员活动，但存在明显的施工设施布置，符合占道施工特征。受此影响，过往车辆包括轿车、货车等在通过该区域时需谨慎驾驶，注意避让施工区域，整体交通流未出现严重拥堵，但存在一定的通行效率下降和潜在安全隐患。
687,5540,异常停车_20240623072623_突发事件_35719435.mp4,异常停车,二轮车辆闯入,2023年7月25日07:25:23，在外环高速吴中入口匝道（外）路段，一辆二轮车从右侧辅路驶入主车道，该车辆未在专用非机动车道或允许通行区域行驶，存在明显的闯入行为。涉事二轮车驾驶员佩戴头盔，车辆无明显牌照，其行为违反了高速公路禁止二轮车辆通行的规定，对主车道正常行驶的车辆构成潜在安全隐患，影响了交通秩序与安全。此事件符合二轮车辆闯入的异常特征，属于典型违规行为。
688,5541,二轮车辆闯入_20230718184215_突发事件_1962541.mp4,多车事故,拥堵,2023年7月18日18时42分，外环高速龙吴路路段出现严重交通拥堵，多辆轿车、货车及客车在湿滑路面上缓慢行驶或停滞，车辆间距明显缩小，车流密度显著增加，部分车辆处于低速蠕动状态，持续时间超过10秒且无缓解趋势，影响范围覆盖多个车道，导致通行效率显著下降，符合拥堵判断标准。
693,5546,二轮车辆闯入_20230718131645_突发事件_1960885.mp4,二轮车辆闯入,异常停车,2023年7月18日13时17分38秒，在外环高速吴淞江桥南路段，一辆红色货车在最右侧车道内完全静止，车辆未开启双闪灯，驾驶员下车在车旁活动，后方多辆车辆被迫减速绕行，导致该车道通行效率下降，存在异常停车行为。
696,5549,抛洒物_20240518054200_运行安全_35602636.mp4,抛洒物,异常停车,2024年5月18日星期六05:42:09，在外环高速北翟路立交北枪机03处，一辆红色平板货车在行车道上停车数秒，导致后方车辆被迫减速避让，存在异常停车行为。抛洒物为白色塑料包裹，落在右侧车道，未造成后方车辆碰撞或通行受阻，但存在安全隐患。现场无施工设施或事故迹象，且该停车行为在非停车区域静止超过30秒，符合异常停车判断标准。
697,5550,占道施工_20231207002302_运行安全_35196906.mp4,拥堵,占道施工,2023年12月7日00:22:58至00:23:58期间，嘉闵东京沪立交北入口处发生占道施工交通事件。现场有两名身穿反光背心、头戴安全帽的施工人员在道路中央作业，其中一人手持锥桶进行引导，另一人站在前方警示牌旁。施工车辆停于车道中央，车顶闪烁警示灯，周围设置多个橙白相间的交通锥桶，形成临时隔离带。施工区域占用部分行车道，导致该车道通行能力下降，过往车辆需减速绕行。施工区域设有“交替通行”提示牌，提示驾驶员注意避让。该事件符合占道施工判断标准，包括施工设施遮挡车道、施工人员穿戴反光装备、车道被部分封闭及设有警示标志等特征。
700,5553,占道施工_20240519214642_运行安全_35609013.mp4,拥堵,占道施工,2024年5月19日21时46分至21时47分，在S6转外环内圈下匝道处发生占道施工交通事件。现场可见一辆工程车辆停在右侧车道上，多名施工人员穿着反光背心在车辆周围进行作业，路面上摆放了多个交通锥桶以隔离施工区域。施工导致该路段车道数量减少，车辆需变道或减速通过，对正常交通流产生了一定影响。施工区域设有警示牌和闪烁警示灯，符合规范要求，但未完全封闭车道，存在一定的交通安全隐患。
702,5555,占道施工_20231010223653_运行安全_34918540.mp4,占道施工,异常停车,2023年10月10日22时36分至22时37分，沪闵高架至S4金山方向1枪机1监控画面显示，一辆白色轿车在道路右侧车道内长时间静止不动，车辆开启双闪灯，且无明显故障迹象或驾驶员下车行为，周围其他车辆正常行驶，但部分车辆因避让该车而出现轻微变道或减速现象。该车位于弯道处，后方有车辆减速通过，存在安全隐患。该行为符合异常停车判断标准，属于非紧急情况下在行车道内停车。
703,5556,占道施工_20240517173528_运行安全_35602048.mp4,拥堵,异常停车,2024年05月12日17时35分，外环高速蕴川立交东段，一辆白色轿车在最左侧车道内长时间静止不动，车辆未开启双闪灯，驾驶员未见下车或采取警示措施，后方车辆被迫减速绕行，造成短时通行受阻，符合异常停车特征。
707,5560,异常停车_20240530203723_突发事件_35655743.mp4,异常停车,抛洒物,2024年5月30日星期四凌晨4时37分至4时38分，外环高速沪渝立交路段出现严重交通拥堵。该路段为夜间湿滑路面，双向车道中右侧车道车辆行驶缓慢，车流密集，多辆轿车、货车及厢式运输车在湿滑路面上缓慢前行，刹车灯持续亮起，形成明显的红色光带。其中一辆白色厢式货车和一辆红色货车在拥堵中占据较大空间，导致后方车辆被迫减速并排缓行。现场未见明显事故或障碍物，但车流密度极高，车辆间距极小，通行效率显著下降。整体表现为典型的城市高速路夜间高峰期拥堵现象，无异常停车、施工或抛洒物等其他异常情况，主要影响为通行延误。
711,5564,占道施工_20231207030438_运行安全_35197239.mp4,异常停车,占道施工,2023年12月7日星期四凌晨3时04分至3时05分，外环高速吴中路路段发生占道施工交通事件。现场可见一辆黄色工程车停靠在右侧车道，车顶警示灯持续闪烁，周围设置多排红白相间的交通锥桶，形成临时隔离带，占用部分行车道。一名身穿反光背心的工作人员在锥桶旁进行作业，车辆缓慢通过施工区域。该施工区域导致右侧车道通行空间受限，过往车辆需减速并变道绕行，影响了正常交通流。异常特征包括：施工设施（交通锥桶、工程车）、人员（工作人员）、警示设备（警示灯）以及车辆通行受阻的迹象。
716,5569,占道施工_20240112011703_运行安全_35312035.mp4,拥堵,异常停车,2024年1月1日21时17分02秒至21时17分59秒，外环高速武威路南（内）路段夜间监控画面显示，位于道路右侧应急车道区域（标线为黄色隔离带围挡），一辆红色货车停靠在路边，车辆未开启双闪灯，车身周围设置有警示标志，该车长时间静止不动，未见明显移动或人员下车处置行为，符合异常停车特征。
717,5570,二轮车辆闯入_20230719200345_突发事件_6964170.mp4,二轮车辆闯入,异常停车,2023年7月19日20时03分43秒至20时04分08秒，嘉闵高架东侧民生路北方向路段出现异常停车事件。一辆白色轿车在右侧应急车道内完全静止，车辆未开启双闪灯，驾驶员下车活动，符合异常停车行为。
718,5571,异常停车_20230717232211_突发事件_1957086.mp4,异常停车,二轮车辆闯入,2023年7月17日23时22分至23时23分，外环高速丰翔路路段夜间监控画面显示，一辆二轮车辆（疑似摩托车或电动车）从右侧辅路驶入主车道，进入高速公路行车区域。该二轮车辆在车流中穿行，未见明显佩戴头盔，且无专用二轮车道或明显禁止标志，其行为属于闯入禁止通行区域。该行为导致后方多辆汽车紧急避让，部分车辆减速绕行，存在较大安全隐患。该事件符合二轮车辆闯入交通异常特征，主要异常行为表现为二轮车辆在高速公路主车道上行驶，且无专用通道或合法通行权限，对正常交通秩序构成干扰。
721,5574,二轮车辆闯入_20230717161734_突发事件_1356387.mp4,二轮车辆闯入,异常停车,2023年7月17日16时17分30秒左右，在外环高速莘庄立交东（外）路段，一辆白色轿车在最右侧车道上异常停车，车辆完全静止且未开启双闪灯，驾驶员不在车内，导致后方车辆被迫减速避让，影响了道路的正常通行秩序，存在明显的交通安全隐患。该行为符合异常停车的判断标准，属于非紧急情况下的违规停车行为。
722,5575,异常停车_20240624215416_突发事件_35722534.mp4,拥堵,异常停车,2024年6月24日21时54分12秒至21时55分09秒，外环高速莘庄立交东（外）路段出现异常停车事件。一辆黑色轿车在右侧车道内完全静止，车辆未开启双闪灯，符合异常停车行为。
723,5576,占道施工_20231012003701_运行安全_34924719.mp4,占道施工,异常停车,2023年10月12日星期四凌晨00:36至00:37期间，在某城市高架桥路段，发生了一起占道施工交通事件。现场可见一辆工程车辆停在道路左侧，车顶闪烁着警示灯，周围放置了多个交通锥桶，形成临时施工区域。施工人员穿着反光背心，正在进行作业。由于施工占用了一部分车道，导致车道数量减少，过往车辆需减速并变道行驶，对交通流产生了一定影响。此外，施工区域设有明显的警示标志，提醒驾驶员注意避让，确保行车安全。整体来看，此次占道施工事件符合异常停车的判断标准，存在施工车辆停驻、施工设施遮挡车道以及施工人员现场作业等特征。
724,5577,占道施工_20240105232721_运行安全_35296316.mp4,占道施工,拥堵,2024年1月5日23时27分，外环高速蕴藻浜桥北2（外）路段夜间出现占道施工交通事件。现场可见一辆工程作业车停靠在右侧车道，车顶警示灯闪烁，车身带有反光标识，周围设置有红白相间的交通锥桶，形成临时隔离带，占用部分行车道。该车辆后方有工作人员穿着反光背心在车旁作业，疑似进行道路维护或施工作业。由于施工区域设置规范，未对主线车辆通行造成明显影响，但存在车道被部分封闭的风险。整体交通流保持缓慢通行状态，未出现拥堵或事故现象，但存在潜在安全隐患。
734,5587,拥堵_20231009073719_突发事件_34910520.mp4,拥堵,抛洒物,2023年10月9日星期一早上7点37分至7点38分，位于城市高架道路的某路段发生拥堵事件。该路段为多车道双向高架桥，两侧设有隔音屏障和城市天际线背景。视频显示，从7:37:15开始，该路段车辆行驶缓慢，车流密集，多辆轿车、SUV及一辆大型客车（白色大巴）在车道内排成长队，车距明显缩短，部分车辆几乎处于静止状态，持续时间约一分钟且无缓解趋势。涉事车辆包括白色轿车、黑色SUV、银色面包车、红色厢式货车以及白色大巴，均在正常行驶过程中因前方车流缓慢而被迫减速或停止。由于车流量大且通行效率降低，导致后方车辆被迫排队等候，形成典型的早高峰拥堵现象。未见明显事故、施工或抛洒物等直接诱因，推测为常规性交通压力所致，但整体通行能力受限，影响了该路段的正常交通秩序。
737,5590,多车事故_20240516171701_突发事件_35597769.mp4,多车事故,异常停车,2024年5月16日17时16分55秒，在嘉闵西侧定焦13路段，一辆白色轿车在最右侧车道完全静止，驾驶员下车后在车尾处长时间停留并弯腰查看，车辆开启双闪灯，后方多辆车辆被迫减速绕行，导致该车道通行受阻，形成局部拥堵。该行为持续至视频结束，期间未见任何紧急情况或事故迹象，但存在异常停车特征，影响正常交通秩序。
738,5591,占道施工_20231206231306_运行安全_35196730.mp4,占道施工,拥堵,2023年12月6日23时13分至23时14分，外环高速老沪闵路东（内）路段夜间发生占道施工交通事件。现场可见一辆黄色工程车缓慢行驶在右侧车道，车后方设置多个红白相间的交通锥桶，形成临时隔离带，占用部分行车道。一名身穿反光背心的工作人员在锥桶旁进行作业，手持工具进行路面处理。该施工区域导致右侧车道通行空间受限，车辆需减速绕行，后方车辆排队缓行，车流密度增加，通行效率下降。施工区域未见明显警示牌或闪烁警示灯，但锥桶布置规范，符合占道施工标准。整体交通秩序虽未完全中断，但存在潜在拥堵风险。
740,5593,占道施工_20240324230632_运行安全_35437131.mp4,占道施工,拥堵,2024年3月24日23时06分至23时07分，外环高速老沪闵路东（内）路段夜间发生占道施工交通事件。现场可见多辆工程车辆停靠在道路右侧车道，包括一辆黄色清障车和一辆红色工程车，周围设置有反光锥桶和警示标志，多名身穿反光背心的施工人员在作业区域活动。施工区域占用了一条行车道，导致该车道车辆需减速绕行，后方车辆排队缓慢通行，部分车辆变道行驶。施工区域设有明显的警示灯和反光设施，确保夜间安全作业。整体交通流受影响，但未出现严重拥堵或事故。异常特征为连续的施工设施布置、施工人员作业行为以及车道封闭和交通引导措施。
743,5596,占道施工_20240312231703_运行安全_35404903.mp4,占道施工,拥堵,2024年03月12日23:17至23:17:50，在外环高速沪太立交东1-2路段，发生了一起占道施工交通事件。现场可见车道被多个锥桶和施工车辆遮挡，施工人员穿着反光背心在操作设备，导致该区域的车道数量减少，车辆需变道或减速行驶。涉事车辆包括多辆工程车和施工人员操作设备，施工区域设有警示牌和闪烁警示灯，以提醒过往车辆注意避让。此次施工对道路交通造成了一定影响，但未引发严重拥堵或事故，整体交通秩序较为有序。异常特征包括明显的施工设施、施工人员活动以及车道数量减少的情况。
745,5598,拥堵_20231009162722_突发事件_34911991.mp4,抛洒物,拥堵,2023年10月9日星期四16时27分至16时28分，位于城市快速路某路段（道路两侧有绿化带，限速30公里/小时）出现持续性交通拥堵。该路段为多车道高速公路，车流密集，车辆以缓慢速度行驶，部分车辆几乎处于停滞状态，排队长度超过正常范围且无缓解趋势。涉事车辆包括多辆轿车、货车及厢式货车，其中一辆白色厢式货车和一辆蓝色集装箱货车尤为显眼，均处于缓慢移动状态。由于车流密度高，导致后方车辆被迫减速或变道，通行效率显著下降。现场未见明显事故、施工或抛洒物迹象，也无异常停车或二轮车辆闯入情况，推测拥堵可能由前方交通流量饱和或突发性车流汇聚引起。整体影响为该路段通行能力下降，存在潜在安全隐患，但未引发严重交通异常。
746,5599,二轮车辆闯入_20230721110024_突发事件_33393508.mp4,二轮车辆闯入,拥堵,2023年7月21日13时00分至13时01分，外环高速武威路南（内）路段出现交通拥堵事件。该路段为多车道高速公路，双向车流密集，车辆包括轿车、货车、客车及大型运输车辆等。视频显示，从13:00:00开始，道路右侧车道车辆行驶缓慢，车距明显缩短，部分车辆处于低速蠕动状态，尤其在右侧车道中段位置形成连续排队现象，车辆持续缓慢移动，未见明显加速或变道行为。左侧车道虽有车辆正常通行，但整体车流密度较高，存在轻微拥堵趋势。拥堵区域位于曹安公路出口3公里处附近，影响范围覆盖多个车道，持续时间约1分钟且无缓解趋势。异常特征表现为车辆密度高、车速降低、排队长度较长，符合典型拥堵判断标准。
749,5602,拥堵_20231216093549_突发事件_35232204.mp4,拥堵,二轮车辆闯入,2023年12月16日星期一上午9时36分，外环高速京沪铁路桥南路段，一辆二轮车（疑似摩托车或电动车）驶入主路，进入机动车道行驶，该车辆未在专用非机动车道或辅道行驶，且无明显警示标志或防护措施。该二轮车在车流中穿行，与多辆轿车和货车并行，存在较大安全隐患。由于该路段为高速公路，禁止非机动车通行，此行为属于典型的二轮车辆闯入交通异常事件，对周边车辆造成潜在干扰和碰撞风险，影响道路通行安全与秩序。
750,5603,二轮车辆闯入_20230715120549_突发事件_1149575.mp4,二轮车辆闯入,异常停车,2023年7月15日12时05分43秒至12时06分09秒，外环高速吴淞江桥南段监控画面显示，一辆红色货车在右侧车道内长时间静止不动，车辆未开启双闪灯，驾驶员不在车内，且无明显故障迹象。该车停靠位置位于道路右侧护栏旁，占用行车道，导致后方多辆小型轿车和货车被迫减速绕行，形成局部拥堵。此行为符合异常停车特征，存在安全隐患，影响了正常交通流。
752,5605,二轮车辆闯入_20230718105501_突发事件_1960352.mp4,二轮车辆闯入,多车事故,2023年7月18日10时58分45秒左右，在外环高速吴中入口匝道（内）路段，一辆二轮摩托车从右侧车道驶入主路，行驶于多车道高速公路的行车道内，未在专用非机动车道或辅路通行，且无明显禁止标志区域，驾驶员佩戴头盔，车辆无牌照特征，该行为属于闯入禁止通行区域的危险驾驶行为，对周围正常行驶的机动车构成潜在安全隐患，导致部分车辆紧急避让，影响了道路通行秩序。
753,5606,拥堵_20240313172446_突发事件_35407752.mp4,拥堵,多车事故,2024年6月19日17时28分至17时29分，外环高速北翟路立交北方向发生一起多车事故。事故发生在高速公路主车道上，涉事车辆包括多辆轿车和货车。视频显示，一辆白色轿车与前方车辆发生追尾，导致后方车辆紧急刹车并形成拥堵。事故车辆未移动，导致后方车辆被迫减速或绕行，影响通行效率。现场未见明显人员下车交涉或交警到场，但事故造成短时交通拥堵，符合多车事故的异常特征。
759,5612,拥堵_20240226162548_突发事件_35375253.mp4,拥堵,多车事故,2024年2月26日16:25至16:26，在嘉闵西侧定焦03路段，发生了一起多车事故。涉事车辆包括一辆白色轿车和一辆蓝色SUV，其中白色轿车的前部与前方车辆发生碰撞，其引擎盖和车门打开，车辆停在行车道上。事故现场有多名人员下车查看情况，部分人员站在进行交涉或等待救援。此次事故导致后方车辆被迫减速或绕行，交通出现明显拥堵，影响了该路段的正常通行秩序。异常特征表现为事故车辆位置异常，横跨车道，且未见施工设施或抛洒物等其他干扰因素，符合多车事故的典型特征。
761,5614,占道施工_20231017225637_运行安全_34952771.mp4,拥堵,占道施工,2023年10月17日22时56分至22时57分，位于高速公路左侧车道区域发生占道施工交通事件。现场有多名施工人员穿着反光背心在车道内进行作业，使用红色锥桶对车道进行隔离，并摆放多个交通锥桶以引导车辆通行。一辆黄色工程车停靠在施工区域前方，车顶装有警示灯，车辆处于静止状态。施工区域旁有另一辆黄色工程车缓慢行驶，负责现场指挥或维持秩序。由于施工占用部分车道，导致该车道车辆需减速并变道行驶，对正常交通流造成一定影响。整个过程中，施工人员持续在车道内活动，未见明显事故或异常停车情况，但车道数量减少，车辆通行速度有所降低，符合占道施工的典型特征。
767,5620,占道施工_20240510232715_运行安全_35579520.mp4,占道施工,拥堵,2024年5月10日23时27分至23时28分，在S4市区方向至S20内侧路段，发生了一起占道施工交通事件。现场可见多辆工程车辆和施工人员在进行作业，施工人员穿着反光背心，操作设备，车道被多个锥桶遮挡，导致车道数量减少，车辆需变道或减速通行。施工区域设有警示牌和闪烁警示灯，以提醒过往车辆注意避让。此次施工行为对道路交通造成了一定影响，但未引发严重拥堵或事故，整体秩序可控。异常特征包括施工设施占据部分车道、施工人员现场作业以及明显的警示标志。
769,5622,抛洒物_20240616081031_运行安全_35707402.mp4,抛洒物,异常停车,2024年6月16日星期日08:10:23至08:11:22期间，在城市高架桥路段，一辆白色轿车在道路右侧车道内长时间静止不动，车辆未开启双闪灯，驾驶员不在车内，车辆处于非停车区域且无交通信号灯或标志允许停车，后方车辆被迫绕行或减速避让，存在明显异常停车行为，影响正常交通秩序。
773,5626,抛洒物_20240315101211_运行安全_35412640.mp4,多车事故,抛洒物,2024年3月5日15时12分，在外环高速北翟路立交北方向路段，道路右侧护栏旁发现一白色抛洒物静止于路面，未见明显车辆碰撞或人员下车交涉行为，但该物体持续存在于道路边缘，可能对过往车辆造成潜在安全隐患。涉事车辆未在画面中明确显示，但多辆货车及轿车正常行驶经过该区域，部分车辆在接近时出现轻微避让动作，表明该物体对交通流产生一定影响。抛洒物尺寸较小，为不规则形状，颜色为白色，可能为塑料袋或包装材料等轻质物品，未引发严重交通事故或堵塞现象，但存在潜在风险。异常特征为：白色抛洒物在路肩处保持静止状态，未被替代，且未见驾驶员下车处理，推测其来源为前方车辆掉落。
776,5629,占道施工_20240117000318_运行安全_35322849.mp4,占道施工,拥堵,2024年01月17日星期三凌晨03:00:14至03:01:13期间，在外环高速铁山路段，发生了一起占道施工交通事件。现场可见多辆工程车辆和施工人员在车道上进行作业，施工区域用锥桶进行了隔离，部分车道被遮挡，导致车辆需变道或减速通行。施工人员穿着反光背心，操作设备，施工区域设有警示牌和闪烁警示灯，以提醒过往车辆注意避让。此次施工行为对道路交通造成一定影响，但未引发严重拥堵或事故，整体交通秩序仍在可控范围内。异常特征包括施工设施占据部分车道、施工人员现场作业以及明显的警示标志。
780,5633,抛洒物_20240607111619_运行安全_35683421.mp4,抛洒物,异常停车,2024年06月07日11时16分30秒至11时17分28秒，外环高速沪太立交东1-2路段，一辆白色轿车在最右侧车道完全静止，驾驶员下车查看，车辆未开启双闪灯，且无交通信号灯或标志允许停车，后方多辆车辆被迫减速绕行，造成短时交通干扰，符合异常停车特征。
785,5638,拥堵_20231127110712_突发事件_35159933.mp4,拥堵,异常停车,2023年11月27日10时02分至10时08分，外环高速莘庄立交东（外）路段出现严重交通拥堵，现场车辆密集，多辆货车与轿车在多个车道上缓慢行驶或完全停滞，包括红色集装箱货车、蓝色厢式货车、白色面包车及黄色出租车等，车辆间距极小，部分车辆刹车灯持续亮起，表明通行速度极低。该区域为高速公路主干道，双向车道均出现拥堵现象，且持续时间约一分钟，未见明显缓解趋势，影响范围覆盖多个车道，导致后方车辆被迫减速或绕行，整体交通流呈现典型拥堵特征，无施工迹象、异常停车或事故车辆，推测为高峰时段车流量过大所致。
787,5640,二轮车辆闯入_20230721232215_突发事件_33394047.mp4,二轮车辆闯入,多车事故,2023年7月21日23时22分14秒左右，在外环高速曹安路路段，一辆二轮车驶入主路，进入高速公路行车道，该车辆未在专用通道或匝道口合法汇入，驾驶员佩戴头盔，且无明显牌照标识，其行为属于闯入禁止通行区域的危险驾驶行为，对正常行驶的车辆构成潜在碰撞风险，导致部分车辆紧急避让，影响了道路通行安全。
793,5646,二轮车辆闯入_20230721125208_突发事件_33393621.mp4,二轮车辆闯入,拥堵,2023年12月23日13时10分至13时11分，外环高速戚溪路段出现严重交通拥堵，多车道车辆行驶缓慢或完全停滞，车流密集且持续时间较长，影响范围覆盖多个车道，车辆排成长队，部分车辆在车道间频繁变道，整体通行效率显著下降。现场可见大量轿车、货车、客车及大型集装箱运输车在双向车道中缓慢移动或停滞，车距极短，存在明显排队现象，未见施工设施、异常停车或事故迹象，但因车流量大导致道路通行能力下降，形成典型拥堵事件。
795,5648,占道施工_20240117001713_运行安全_35322853.mp4,异常停车,拥堵,2024年1月17日00:17至00:18期间，在外环高速老沪闵路东（内）路段，发生了一起占道施工交通事件。现场可见一辆工程车辆停在右侧车道上，周围放置了多个交通锥桶以隔离施工区域。施工人员穿着反光背心，正在进行相关操作。由于施工占用了一部分车道，导致该区域的车道数量减少，过往车辆需减速并变道行驶，对交通流产生了一定影响。此外，施工区域设有警示牌和闪烁警示灯，提醒驾驶员注意避让。整个过程中，车辆有序通过，未出现严重拥堵现象，但明显可以看出施工对道路通行效率产生了一定影响。
796,5649,二轮车辆闯入_20230719191546_突发事件_5963967.mp4,二轮车辆闯入,拥堵,2023年7月19日19时15分至19时16分，外环高速沪太立交东2枪机监控画面显示，该路段出现严重交通拥堵，车辆行驶缓慢，多车道内车辆排成长队，车流密度高，部分车辆处于停滞状态。涉事车辆包括大量轿车、货车及厢式运输车，其中一辆红色平板货车和一辆装载货物的平板货车在车流中较为显眼，但未见明显事故或异常停车情况。由于车流量大且持续时间较长，导致通行效率显著下降，后方车辆被迫减速并频繁变道，整体交通秩序受到较大影响，符合拥堵判断标准中的多辆车缓慢移动或完全停止、排队长度超常、发生在瓶颈区域等特征。
797,5650,异常停车_20240530103359_突发事件_35653736.mp4,异常停车,多车事故,2024年5月30日星期四上午10:33至10:34，在某高速公路路段，发生了一起多车事故。涉事车辆包括一辆红色轿车和一辆白色SUV，两车在行驶过程中发生碰撞，导致车辆位置异常，其中红色轿车斜停在车道上，白色SUV则紧随其后。事故现场有人员下车交涉，且有交警到场处理，其他车辆被迫紧急避让或停滞，交通秩序受到严重影响，后续车辆出现缓慢移动的情况，形成了明显的交通拥堵。此次事故的异常特征在于多辆车同时发生碰撞，且事故地点位于高速公路的繁忙路段，进一步加剧了交通压力。
798,5651,异常停车_20230716092657_突发事件_1153304.mp4,异常停车,二轮车辆闯入,2023年7月16日星期日上午9时26分55秒，在一条多车道城市快速路上，一辆白色电动车在最左侧车道上行驶，随后在车流中穿行，其行为属于非机动车在机动车道行驶，且无专用非机动车道或明显禁止标志，驾驶员未佩戴头盔，车辆无牌照，导致后方车辆需紧急避让或减速，影响了正常交通秩序，构成交通异常事件。
800,5653,拥堵_20231226073659_突发事件_35262655.mp4,拥堵,占道施工,2023年12月26日星期二早上7点36分至7点37分，外环高速吴中路路段出现严重交通拥堵。该路段为多车道高速公路，双向车流密集，车辆以缓慢速度行驶，部分车辆几乎处于停滞状态，持续时间约一分钟且无缓解趋势。涉事车辆包括大量私家车、货车、厢式货车及一辆黄色大巴车，其中红色集装箱货车、白色厢式货车和黄色大巴车在画面中较为显眼。车辆均在正常车道内行驶，未见异常停车、事故碰撞或施工迹象，也无二轮车辆闯入或抛洒物情况。拥堵主要集中在道路中段，导致后方车辆排队长度显著增加，影响通行效率。整体表现为典型早高峰时段的交通拥堵现象，无明显异常停车、占道施工或交通事故特征。
801,5654,占道施工_20230718002125_运行安全_1957253.mp4,拥堵,占道施工,2023年7月18日00:21:22至00:22:20期间，外环高速仙霞路（内）路段夜间出现占道施工交通事件。施工区域位于道路右侧车道，现场设置有多个红白相间的交通锥桶和警示标志，形成临时隔离带，占用部分行车道。施工区域内可见一辆工程车辆缓慢行驶，疑似进行道路维护或施工作业。施工区域导致右侧车道通行能力下降，车辆需减速并变道绕行，影响了正常交通流。此外，施工区域内未见明显施工人员活动，但存在明显的施工设施布置，符合占道施工特征。整体交通未出现拥堵，但存在潜在安全隐患和车道占用情况，属于典型的占道施工异常事件。
802,5655,拥堵_20231123065055_突发事件_35141719.mp4,拥堵,抛洒物,2023年11月23日06:50:53至06:51:52期间，在S4市区方向至S20内枪机1监控路段，右侧车道靠近护栏处出现一个白色塑料袋，随后在车辆持续行驶过程中，该白色塑料袋逐渐被多辆过往车辆碾压并拖行，影响范围约延伸数个车道，多辆车辆被迫减速避让，造成短暂交通干扰。该抛洒物未见明显掉落，但已构成潜在安全隐患，尤其在夜间或雨天易引发交通事故。现场无施工人员或车辆清理作业，也未见车辆因避让而出现急刹或变道行为，但该抛洒物持续存在于路面，对通行安全构成威胁。
805,5658,异常停车_20240511102825_突发事件_35581105.mp4,异常停车,拥堵,2024年5月11日10时38分至10时39分，外环高速京沪立交南（外）路段出现交通拥堵事件。该路段为双向多车道高速公路，天气阴雨，路面湿滑，能见度较低。左侧车道车辆排成长队，行驶缓慢，车距明显缩短，多辆轿车、货车及厢式运输车在缓慢移动中，其中红色货车、白色厢式货车和黑色轿车较为密集，车辆间距极小，部分车辆处于低速蠕行状态。右侧车道虽有车辆正常通行，但整体车流密度高，且无明显缓行或事故迹象。拥堵主要集中在靠近立交桥区域，可能与匝道汇入流量增加或前方道路施工相关。由于车流持续积压，后方车辆被迫减速并频繁变道，存在潜在追尾风险。现场未见异常停车、占道施工、二轮闯入或多车事故等情况，但拥堵持续时间较长且无缓解趋势，符合典型早高峰时段因车流量大引发的交通拥堵特征。
814,5667,占道施工_20240211001511_运行安全_35360037.mp4,占道施工,拥堵,2024年02月11日09:15:09至09:16:05，在某高速公路的夜间路段，发生了一起占道施工交通事件。视频显示，该路段右侧车道被多个红白相间的交通锥桶封闭，形成明显的施工隔离带，车道数量减少，导致车辆需变道行驶。现场可见一辆黄色工程车停在施工区域内，疑似正在进行施工作业。此外，有施工人员在场，进一步证实了占道施工的情况。受此影响，过往车辆被迫减速并变更车道，交通流量受到一定程度的干扰，但未出现严重拥堵或事故。异常特征包括施工设施遮挡部分车道、施工人员穿戴反光背心操作设备以及车道数量减少导致的车辆变道行为。
815,5668,异常停车_20240508201851_突发事件_35571611.mp4,异常停车,拥堵,2024年5月8日20时18分至20时19分，外环高速莘庄立交东（外）路段出现异常停车事件。一辆红色货车在左侧车道内完全静止，开启双闪灯，驾驶员下车处理，车辆位置位于行车道中央，非停车区域，且无交通信号灯或标志允许停车，导致后方多辆车辆被迫减速绕行，形成局部拥堵。该车长时间停靠影响后方车辆正常通行，存在安全隐患。
818,5671,二轮车辆闯入_20230718104044_突发事件_1960289.mp4,二轮车辆闯入,异常停车,2023年7月18日10时40分43秒至10时41分09秒，位于城市快速路某路段（道路两侧绿树成荫，无施工迹象），一辆黑色轿车在最右侧车道完全静止，驾驶员下车查看手机，车辆未开启双闪灯，且长时间停靠在行车道上，影响后方车辆正常通行，后方多辆汽车被迫减速绕行，形成局部拥堵，符合异常停车特征。
819,5672,异常停车_20230721033029_突发事件_33393073.mp4,二轮车辆闯入,异常停车,2023年7月21日03时30分至03时31分，外环高速虹梅南路路段夜间监控画面显示，一辆白色货车在道路右侧车道内长时间静止不动，车辆开启双闪灯，无驾驶员下车或明显故障迹象，周围其他车辆正常行驶但需绕行避让，该行为违反了高速公路禁止随意停车的规定，构成异常停车事件。
822,5675,抛洒物_20240116064632_运行安全_35320458.mp4,抛洒物,异常停车,2024年3月5日08时46分36秒至08时47分33秒，G60市区方向至S20外1枪机1监控路段，未发现异常停车现象。
826,5679,拥堵_20230926155918_突发事件_34866011.mp4,多车事故,拥堵,2023年9月26日15时59分至16时00分，G2进外环外圈匝道03路段出现交通拥堵事件。该路段为多车道高速公路，车流密集，主要由货车和轿车组成，其中红色集装箱货车、白色厢式货车及黑色轿车等车辆在道路上缓慢行驶或停滞，部分车辆间距离极短，存在频繁变道和减速行为。从视频中可见，车辆排队长度持续增加，通行效率显著下降，且无明显事故或施工迹象，但整体车速明显低于正常水平，符合拥堵判断标准。该拥堵发生在早高峰时段，对周边区域交通造成较大影响，可能与车流量大、道路瓶颈或前方突发状况有关。
828,5681,二轮车辆闯入_20230717144712_突发事件_1158101.mp4,二轮车辆闯入,拥堵,2023年7月17日14时47分至14时48分，外环高速莘朱路路段出现交通拥堵事件。该路段为多车道高速公路，双向车流密集，车辆包括轿车、货车、客车及大型运输车等各类机动车。视频显示，从14:47:09开始，道路右侧车道车辆行驶缓慢，车距明显缩短，部分车辆处于低速移动或短暂停滞状态，持续时间约1分钟且无缓解趋势。涉事车辆包括蓝色、绿色、黄色、白色等多种颜色的大型货车及多辆私家车，其中可见一辆黄色大巴车和一辆绿色集装箱货车在拥堵区域。由于车流密集，后方车辆被迫减速并排成队列，形成典型的拥堵现象。未见明显事故、施工或抛洒物迹象，也无异常停车或二轮车辆闯入情况，推测拥堵可能由前方交通瓶颈或流量高峰引发。整体影响为通行效率下降，车辆通行速度显著降低，存在潜在安全隐患。
829,5682,占道施工_20231029000756_运行安全_35012804.mp4,拥堵,占道施工,2023年10月29日00:07至00:08期间，外环高速沪太立交东1-1 03路段夜间出现占道施工交通事件。现场位于高速公路右侧车道，一辆黄色工程车停靠在应急车道旁，车后方设置多排红白相间的交通锥桶，形成临时隔离带，占用部分行车道。一名身穿反光背心的工作人员在工程车旁作业，车辆处于静止状态。该施工区域未见明显施工机械或作业设备，但交通锥桶已布置完毕，表明正在进行道路维护或应急处置工作。过往车辆包括轿车、货车及厢式货车等，均按正常行驶速度通过，未发生拥堵或事故。由于施工区域占用车道，导致右侧车道通行能力下降，存在潜在安全隐患，属于典型的占道施工异常事件。
830,5683,拥堵_20231101092102_突发事件_35029708.mp4,抛洒物,拥堵,2023年11月1日星期三上午9时18分至9时19分，北环高速同济路立交南段出现交通拥堵事件。该路段为多车道高速公路，双向车流密集，其中南向车道车辆行驶缓慢，车距明显缩短，车辆呈连续排队状态，部分车辆在车道内低速移动或短暂停滞，未见完全停止。涉事车辆包括多辆轿车、货车、客车及公交车，均在正常行驶过程中受阻，未发现异常停车、事故或施工迹象。拥堵主要集中在靠近立交桥的右侧车道，影响范围较长，持续时间约一分钟且无缓解趋势，符合典型拥堵特征。现场未发现抛洒物、占道施工或二轮车辆闯入等情况，也无明显异常停车行为，推测拥堵可能由上游交通压力或前方瓶颈路段导致。整体表现为典型早高峰时段因车流量大引发的常态化拥堵现象。
831,5684,拥堵_20240311175236_突发事件_35401800.mp4,拥堵,多车事故,2024年3月11日17时52分，外环高速北翟路立交北方向路段发生一起多车事故。事故发生在道路右侧车道，涉事车辆包括一辆白色货车、一辆白色厢式车，其中白色厢式车与前方车辆发生追尾碰撞，导致车辆位置异常，横跨车道并斜停，引发后方车辆紧急避让和减速。事故现场有人员下车交涉。事故造成该路段交通拥堵，车辆排成长队缓慢行驶，影响了整体通行效率。异常特征表现为车辆密集、刹车灯频繁亮起、车道被占用且后续车辆被迫绕行，符合多车事故的典型特征。
833,5686,拥堵_20231214105941_突发事件_35223641.mp4,拥堵,抛洒物,2023年11月4日10时59分40秒左右，在外环高速沪太立交西段，监控画面显示多车道正常行驶的车辆中，右侧应急车道与主车道之间出现明显异物，疑似为抛洒物。该异物位于道路右侧边缘，呈不规则形状，尺寸较大，足以影响车辆正常通行。未见涉事车辆。现场无人员下车处理，也未见施工或事故迹象，整体交通流保持缓慢状态，但右侧车流受阻，通行效率下降。该事件属于典型的抛洒物交通异常，可能由货车装载不规范导致，对道路安全构成潜在威胁。
835,5688,二轮车辆闯入_20230717162737_突发事件_1356437.mp4,二轮车辆闯入,异常停车,2023年7月17日22时26分至22时27分，外环高速仙霞路（内）路段出现异常停车事件。一辆红色货车在右侧应急车道完全静止，未开启双闪灯，车辆位置位于道路中央偏右位置，影响了后方车辆正常通行。该车停靠期间，未见驾驶员下车或车辆故障迹象，也无施工设施或警示标志，属于非紧急情况下的违规停车行为，存在较大安全隐患。
836,5689,占道施工_20231020230244_运行安全_34970425.mp4,二轮车辆闯入,占道施工,2023年10月20日23时02分至23时03分，G60市区方向至S20内1路段发生占道施工交通事件。现场可见一辆工程作业车停靠在道路左侧，车顶闪烁蓝红警示灯，周围设置多排红白相间的交通锥桶，形成临时隔离带，占用部分车道。一名身穿反光背心的工作人员在锥桶旁进行作业，车辆缓慢通过施工区域。该施工区域导致车辆需绕行或减速通过，影响了正常通行效率。异常特征包括：车道被锥桶遮挡、警示灯闪烁、施工人员在场、车辆需变道或减速通过，符合占道施工判断标准。
837,5690,异常停车_20240604101555_突发事件_35671162.mp4,多车事故,异常停车,2024年5月4日10时19分47秒至10时20分15秒，外环高速沪太立交西3枪机1监控画面显示，在道路右侧应急车道上有一辆白色厢式货车长时间静止不动，车辆未开启双闪灯，且无驾驶员在车内活动迹象，周围车辆正常行驶但绕行避让，该车停放位置位于道路最右侧边缘，无明显施工或障碍标识，符合异常停车特征。
844,5697,占道施工_20240329172733_运行安全_35452280.mp4,占道施工,拥堵,2024年03月29日17:27至17:28期间，在外环高速淞滨路西枪机2处，视频显示该路段正在进行占道施工。施工区域由多个锥桶和围栏进行隔离，部分车道被遮挡，导致车辆需变道或减速行驶。现场可见施工车辆和施工人员，施工区域设有警示牌和闪烁警示灯，提示驾驶员注意避让。受此影响，左侧车道车辆排队缓慢通行，右侧车道车辆则需调整行驶路线，整体交通流出现轻微拥堵现象。异常特征包括施工设施遮挡车道、施工人员操作设备以及车道数量减少导致的车辆变道和减速行为。
845,5698,异常停车_20230718180009_突发事件_1962352.mp4,多车事故,二轮车辆闯入,2023年7月18日18时00分04秒，在嘉闵西侧德华路高架桥路段，一辆二轮摩托车从右侧车道驶入主路，行驶于机动车道内，未在专用非机动车道或辅路行驶，且无明显禁止标志区域，该车辆在车流中穿行，存在逆行和横穿车道的危险行为，驾驶员佩戴头盔，车辆有牌照，其闯入行为导致后方车辆紧急避让，影响了正常交通秩序，构成典型的二轮车辆闯入交通异常事件。
848,5701,异常停车_20240617212222_突发事件_35710689.mp4,异常停车,多车事故,2024年6月17日21时22分至21时23分，在外环高速吴淞江桥南枪机1处，一辆红色货车在右侧应急车道内长时间静止不动，车辆开启双闪灯，且驾驶员不在车内，车辆处于异常停车状态。该车停靠位置位于道路右侧护栏旁，周围无施工设施或警示标志，导致后方多辆车辆被迫减速绕行，影响了右侧车道的正常通行秩序。此行为符合异常停车的判断标准，存在安全隐患，可能引发后续追尾或交通干扰。
849,5702,异常停车_20240530170931_突发事件_35655454.mp4,异常停车,拥堵,2024年5月30日17:09至17:10，在东侧元江路入口处，发生了一起占道施工交通事件。视频中可以看到，一辆工程车辆停在右侧车道上，多名施工人员穿着反光背心在车辆周围进行作业，旁边放置了多个交通锥桶以警示过往车辆。由于施工占用了一部分车道，导致车辆需要变道或减速通过，对交通流产生了一定影响。此外，施工区域设有明显的警示标志和闪烁警示灯，提醒驾驶员注意避让。整个过程中，施工行为有序进行，未造成严重拥堵或事故。
851,5704,占道施工_20230805000739_运行安全_34429790.mp4,占道施工,拥堵,2023年8月5日星期五凌晨7时07分至7时08分，外环高速沪渝立交-1路段发生占道施工交通事件。现场可见多辆货车和轿车在车道内缓慢行驶，包括一辆绿色集装箱货车、一辆白色厢式货车、一辆红色货车以及一辆黄色出租车等，车辆密集且灯光明显，表明存在施工区域。道路右侧车道被多个锥桶围挡，形成临时隔离带，导致车辆需绕行或减速通过，影响了正常通行效率。施工区域未见明显施工人员或设备，但车道数量减少，车辆排队长度逐渐增加，形成典型的占道施工特征。整体交通流受阻，车辆行驶速度明显降低，存在潜在拥堵风险。
852,5705,异常停车_20240622185328_突发事件_35719193.mp4,异常停车,拥堵,2024年06月22日18:53至18:54，在外环高速沪渝立交处，发生了一起多车事故。涉事车辆包括一辆白色SUV和一辆白色轿车。事故导致该路段交通拥堵，后续车辆被迫减速或变道，现场有人员下车查看情况，其他车辆被迫绕行或停滞，造成了严重的交通拥堵。异常特征表现为车辆位置异常，多辆车斜停在车道，影响了道路的正常通行秩序。
854,5707,异常停车_20240525055237_突发事件_35633578.mp4,异常停车,拥堵,2024年5月25日05时52分34秒至05时53分33秒，外环高速仙霞路（内）路段监控画面显示，一辆红色货车在右侧车道完全停止，车辆未开启双闪灯，驾驶员未下车，后方车辆被迫减速绕行。该车停靠位置位于行车道内，非停车区域，且无交通信号灯或标志允许停车，其行为严重扰乱了正常交通秩序，存在较大安全隐患。
859,5712,异常停车_20240511170748_突发事件_35582116.mp4,异常停车,拥堵,2024年5月11日07:06至07:07期间，在外环高速吴淞江桥南路段，发生了严重的交通拥堵事件。视频显示，多辆轿车、货车和客车在该路段缓慢移动或完全停止，排队车辆长度超过正常范围，且持续一段时间无缓解趋势。涉事车辆包括红色集装箱货车、蓝色大巴车、白色面包车以及各种颜色的私家车，它们在湿滑的路面上缓慢前行或停滞不前。此次拥堵导致后方大量车辆被迫减速或停车，严重影响了道路通行效率，异常特征表现为车辆密集、行驶速度极低以及部分车辆开启双闪灯。整个事件中，天气状况为雨天，路面湿滑，进一步加剧了交通压力。
860,5713,占道施工_20240412133030_运行安全_35519360.mp4,占道施工,拥堵,2024年04月12日13:30至13:31，在外环高速淞滨路西枪机2处，视频显示该路段正在进行占道施工。施工区域由多个红色锥桶和围栏进行隔离，部分车道被遮挡，导致车辆需变道或减速行驶。虽然未见明显施工人员操作设备，但施工设施的存在使得车道数量减少，影响了正常交通流。此外，施工区域设有警示牌和闪烁警示灯，提醒过往车辆注意避让。整体来看，此次占道施工对道路交通造成了一定影响，但未引发严重拥堵或事故。异常特征包括施工设施遮挡车道、车辆被迫变道以及施工区域内的交通标志提示。
862,5715,多车事故_20240531162316_突发事件_35659222.mp4,多车事故,拥堵,2024年5月31日16时23分至16时24分，嘉闵西侧定焦07监控点位拍摄到隧道内发生交通拥堵事件。事发地点位于城市高架桥路段，双向车道中右侧车道出现车辆缓慢行驶或停滞现象，多辆小轿车、出租车及一辆黄色大巴车在车道内排成长队，车流密度显著增加，车辆间距缩小，部分车辆刹车灯持续亮起，表明通行速度极低。涉事车辆包括黑色奥迪、白色轿车、红色轿车、绿色出租车、蓝色出租车、黄色大巴车等，均处于低速行驶或短暂静止状态，未见明显碰撞痕迹或异常停车行为。该拥堵影响范围覆盖多个车道，持续时间约一分钟且无缓解趋势，符合典型拥堵特征，可能由前方交通压力或突发事件引发，对通行效率造成显著影响。
865,5718,异常停车_20240613133535_突发事件_35701376.mp4,异常停车,拥堵,2024年6月13日13时39分52秒至13时40分25秒，外环高速沪太立交东2枪机2监控画面显示，该路段双向车道车流量正常，车辆行驶平稳，无明显拥堵或事故迹象。
868,5721,拥堵_20230818230656_突发事件_34614861.mp4,拥堵,二轮车辆闯入,2023年8月18日23时06分至23时07分，外环高速沪太立交东段发生交通拥堵事件，现场多辆汽车及货车在夜间行驶过程中出现缓慢移动或完全停止现象，车辆排成长队，车流密度显著增加，部分车辆刹车灯持续亮起，显示通行速度极低。涉事车辆包括轿车、货车和厢式货车等，均在正常车道内行驶，未见异常停车、事故或施工迹象，但因车流量大导致道路通行能力下降，形成持续性拥堵。拥堵影响范围覆盖多个车道，持续时间超过一分钟，且无缓解趋势，符合典型高峰时段交通拥堵特征，未发现抛洒物、占道施工或二轮车辆闯入等其他异常情况。
871,5724,拥堵_20240220162845_突发事件_35367799.mp4,拥堵,异常停车,2023年7月20日16时28分至16时29分，S20内至G60出省方向的高架路段，位于监控画面右侧的路标区域，未发现异常停车现象。
881,5734,二轮车辆闯入_20230720063621_突发事件_6967088.mp4,二轮车辆闯入,异常停车,2023年7月20日06时36分13秒，在东侧元江路入口3的隧道内，一辆白色面包车在最右侧车道停靠，车门打开，驾驶员下车并站在车旁，该行为导致后方车辆绕行，影响正常通行秩序，符合异常停车特征。
882,5735,多车事故_20240522170050_突发事件_35623247.mp4,抛洒物,异常停车,2024年5月22日17时00分38秒，在武宁南立交桥B1路段，一辆白色轿车在最右侧车道内完全静止，车辆未开启双闪灯，疑似发生故障或违规停车。该车停在行车道上，导致后方多辆车辆被迫减速绕行，形成短暂拥堵。此行为违反了交通规则，存在安全隐患，属于典型的异常停车事件。
888,5741,抛洒物_20231222064911_运行安全_35250259.mp4,抛洒物,异常停车,2023年12月22日星期六05:49:10至05:50:10期间，北环高速曹妃甸立交桥路段出现异常停车事件。一辆白色厢式货车在道路最左侧车道内完全静止，未开启双闪灯，且无交通信号灯或标志允许其在此处停车，车辆明显处于非正常行驶状态。该车停靠位置位于行车道，周围车辆被迫绕行或减速避让，影响了正常交通流。现场无施工设施、无人员下车、无警示标志，也未见货物抛洒或事故痕迹，初步判断为驾驶员违规停车行为，存在较大安全隐患。
890,5743,二轮车辆闯入_20230722141723_突发事件_33394641.mp4,二轮车辆闯入,异常停车,2023年7月22日14时16分38秒，在外环高速虹梅南路段，监控画面显示右侧应急车道内有一辆红色货车长时间静止不动，车辆未开启双闪灯，且无驾驶员在车内活动迹象，疑似故障或违规停车。该车位于道路右侧护栏旁，占据部分应急车道空间，导致后方车辆需减速绕行，影响了应急车道的正常通行功能。此行为符合异常停车判断标准中的“车辆在非停车区域完全静止”“无车辆允许停车标志或信号灯控制”以及“后方车辆被迫绕行或减速”等特征，构成交通安全隐患。
892,5745,占道施工_20240107232248_运行安全_35300370.mp4,拥堵,占道施工,2024年1月7日23时22分至23时40分，在G60市区方向至S4金山方向的高架道路上，发生了一起占道施工交通事件。现场有多名施工人员穿着反光背心在车道内进行作业，旁边停放着一辆工程车辆，周围放置了多个交通锥桶以隔离施工区域。施工导致该路段的车道数量减少，车辆需变道或减速通行，影响了道路的正常交通秩序。异常特征包括施工人员在夜间进行道路作业，且施工区域设有警示灯和交通锥，符合占道施工的判断标准。
893,5746,拥堵_20231125075233_突发事件_35152139.mp4,二轮车辆闯入,拥堵,2023年11月25日08时52分至08时53分，外环高速京沪立交南2枪机监控画面显示，该路段出现明显交通拥堵现象。多车道车辆行驶缓慢，车流密集且持续排队，车辆间距明显缩小，部分车辆处于低速移动或短暂停滞状态，未见完全停止。涉事车辆包括大量轿车、货车及厢式运输车，其中红色和白色货车较为集中，车辆在多个车道内缓慢前行，未发生碰撞或事故，但整体通行效率显著下降。拥堵区域位于高架桥与地面道路交汇处附近，受前方车流积压影响，后方车辆被迫减速并保持安全距离，形成典型的早高峰拥堵特征。未发现异常停车、施工、抛洒物或交通事故等其他异常情况，推测拥堵可能由前方流量饱和或瓶颈路段引发。
895,5748,多车事故_20231208103800_突发事件_35204601.mp4,多车事故,拥堵,2023年12月8日10时32分至10时33分，武宁路快速化桥北线北向车道发生拥堵事件。视频显示，该路段为隧道内，路面湿滑，车辆行驶缓慢，多辆小轿车、出租车及一辆大型客车在车道内排队缓行，车距明显缩短，部分车辆刹车灯持续亮起，表明车速极低或处于停滞状态。车辆依次通过弯道，未见异常停车、施工或抛洒物等直接诱因，但整体通行效率显著下降，后方车辆被迫减速并频繁变道以维持安全距离，形成持续性拥堵。该区域为城市快速路瓶颈路段，受雨天湿滑路面及车流量大影响，导致交通流不畅，符合典型拥堵特征。
899,5752,占道施工_20240425033618_运行安全_35524816.mp4,占道施工,拥堵,2024年04月25日星期四凌晨03:36至03:37，在外环高速沪太立交东1-1 03路段，发生了一起占道施工交通事件。现场有多辆工程车辆和施工人员进行作业，施工人员穿着反光背心，操作设备，车道被多个锥桶遮挡，导致车道数量减少，车辆需变道或减速通行。施工区域设有警示牌和闪烁警示灯，以提醒过往车辆注意避让。此事件影响了该路段的正常交通秩序，但未造成严重拥堵，其他车辆在施工区域附近有序绕行。异常特征包括施工车辆和锥桶占据部分车道，施工人员在现场操作设备，且设有明显的警示标志。
900,5753,异常停车_20240624173027_突发事件_35722446.mp4,异常停车,多车事故,2024年6月24日17:30至17:31，在外环高速仙霞路南（外）路段，发生了一起多车事故。涉事车辆包括一辆蓝色轿车和一辆白色轿车，这些车辆在行驶过程中发生了碰撞，导致车辆位置异常，其中蓝色轿车斜停在车道上，白色轿车在其前方。事故现场有人员下车交涉，其他车辆被迫紧急避让或停滞，造成了交通拥堵。异常特征表现为车辆明显碰撞痕迹，且有人员下车交涉，进一步加剧了交通压力。
901,5754,占道施工_20240625002246_运行安全_35722536.mp4,拥堵,占道施工,2024年06月25日星期二00:22:40至00:23:38，在某高速公路路段，发生了一起占道施工交通事件。视频显示，该路段的左侧车道被多个橙色锥桶遮挡，一名施工人员穿着反光背心在锥桶旁进行作业，同时一辆工程车停靠在路边并开启警示灯。由于施工设施的遮挡，车道数量减少，导致过往车辆需变道或减速行驶，影响了道路的正常通行秩序。此外，施工区域设有明显的警示标志，提醒驾驶员注意避让，确保行车安全。整个过程中，施工人员和工程车均保持有序作业状态，未见其他异常行为或事故发生。
902,5755,异常停车_20240530182156_突发事件_35655688.mp4,异常停车,拥堵,2024年5月30日18时21分至18时22分，外环高速沪渝立交段出现异常停车事件。一辆白色轿车在右侧车道内完全静止，车辆开启双闪灯，驾驶员下车查看情况，车辆后方多辆汽车被迫减速绕行。该车停靠位置位于行车道内，非停车区域，且无交通信号灯或标志允许停车，导致后方车辆通行受阻，形成局部拥堵。周围车辆包括轿车、货车及厢式车均正常行驶，但因该车异常停放造成影响，存在安全隐患。
904,5757,二轮车辆闯入_20230722020946_突发事件_33394099.mp4,二轮车辆闯入,异常停车,2023年7月22日02:09:15至02:10:13期间，外环高速莘庄立交北段发生一起异常停车事件。一辆红色货车在右侧车道内完全静止，车辆未开启双闪灯，且长时间停靠在行车道上，导致后方多辆车辆被迫减速绕行。该车停靠位置位于主车道，非停车区域，且无交通信号灯或标志允许停车，其行为符合异常停车特征。由于该车长时间静止，对后方车辆通行造成明显影响，存在安全隐患。
906,5759,拥堵_20231216110218_突发事件_35232713.mp4,抛洒物,拥堵,2023年12月16日11时02分至11时03分，S4市区方向至S20内环高架路段出现交通拥堵事件。该路段为多车道高速公路，双向车流密集，右侧车道车辆行驶缓慢，形成连续排队现象，车辆间距明显缩小，车速降低，部分车辆处于低速蠕动状态，持续时间约1分钟且无缓解趋势。涉事车辆包括多辆货车、厢式货车及轿车，其中红色集装箱货车、白色厢式货车及各类私家车均在拥堵车队中，未见异常停车或事故迹象。左侧对向车道车流相对顺畅，未受影响。拥堵主要集中在高架桥中间区域，影响范围覆盖多个车道，导致通行效率下降，存在潜在追尾风险。异常特征表现为车辆密集、行驶速度显著降低、排队长度较长，符合典型拥堵判断标准。
908,5761,占道施工_20240121001004_运行安全_35329940.mp4,拥堵,异常停车,2024年1月21日00:12:44至00:12:58，在S20LSTV05路段，夜晚道路因雨雾天气导致能见度下降，一辆白色轿车在最右侧车道内长时间静止不动，车辆开启双闪灯，且无驾驶员下车或明显故障迹象。该车位于行车道与应急车道之间，占据部分行车空间，导致后方车辆被迫减速绕行，影响了正常交通流。此行为符合异常停车的判断标准，存在安全隐患，可能引发追尾或剐蹭事故。现场无施工设施、无二轮车辆闯入、无抛洒物或事故痕迹，也未见其他车辆碰撞痕迹，因此判定为异常停车事件。
910,5763,多车事故_20240510091315_突发事件_35577380.mp4,多车事故,拥堵,2023年11月9日早上7时10分至7时11分，S20内至G60出省方向的高架道路出现交通拥堵事件。该路段位于通往杭州方向（G60）与浦东机场方向（S20）的交汇处附近，道路两侧有绿化带和指示牌，上方为跨线桥。视频显示，多辆小轿车、货车及厢式货车在车道上缓慢行驶或停滞，车流密集且持续时间较长，车辆间距明显缩小，部分车辆处于低速移动状态，后方车辆被迫减速或排队等候。涉事车辆包括白色、黑色、银色等多种颜色的私家车以及白色厢式货车和大型白色集装箱卡车，均在正常行驶过程中因前方拥堵而无法提速。由于车流密度高，导致通行效率显著下降，形成典型的早高峰拥堵现象，未见明显事故、施工或抛洒物等直接诱因，但整体车速极低，存在潜在追尾风险。该拥堵影响了该路段的正常通行秩序，对过往车辆造成较大延误，属于典型的城市交通拥堵事件。
911,5764,多车事故_20230805115000_突发事件_34430541.mp4,多车事故,拥堵,2023年8月5日11时49分至11时50分，S20外2枪机1监控画面显示，在城市高架道路隧道内双向车道中的南向车道发生交通拥堵事件。现场多辆机动车包括轿车、SUV及警车在隧道内缓慢行驶或完全停止，车流密集且持续时间较长，车辆尾灯持续亮起，表明车辆处于低速或停滞状态。涉事车辆包括白色、黑色、银色等颜色的私家车以及一辆亮着警示灯的警车，其中警车在车流中缓慢前行，后方警车开启双闪灯，部分车辆因前方拥堵被迫减速或变道，导致整体通行效率下降。该拥堵发生在夜间，路面湿滑，车辆行驶速度明显低于正常水平，且无明显事故或施工迹象，推测为高峰时段车流量过大所致，属于典型的拥堵异常事件，影响了该路段的正常通行秩序。
914,5767,二轮车辆闯入_20230715122955_突发事件_1149658.mp4,二轮车辆闯入,异常停车,2023年7月15日12时29分53秒至12时30分52秒，外环高速丰翔路南段监控画面显示，一辆红色货车在道路右侧应急车道内长时间静止不动，车辆未开启双闪灯，且驾驶员不在车内，周围无施工或事故迹象。该车停靠位置位于前方500米紧急停车带指示牌附近，该区域为高速公路应急停车带，禁止非紧急情况占用。车辆长时间静止导致后方多辆小型客车和货车被迫减速绕行，影响了正常交通流，存在安全隐患。该行为符合异常停车特征，属于非紧急情况下违规停车。
915,5768,占道施工_20231224232830_运行安全_35258643.mp4,抛洒物,占道施工,2023年12月24日23时28分至23时29分，外环高速淞滨路西路段夜间发生占道施工交通事件。现场可见一辆黄色工程车停靠在右侧车道，车后方设置有多个红白相间的交通锥桶，形成临时施工区域，多名身穿反光背心的施工人员在车辆旁进行作业。施工区域占用了一条行车道，导致后方车辆需减速绕行，部分车辆在通过时出现变道行为。施工区域设有警示灯，闪烁灯光，提醒过往车辆注意避让。该施工行为造成局部交通流受阻，影响了道路通行效率，属于典型的占道施工异常事件。
918,5771,异常停车_20230720152542_突发事件_33390529.mp4,异常停车,拥堵,2023年7月20日15时25分至15时26分，嘉闵高架西侧定焦04监控点位显示，隧道内双向车道出现持续性交通拥堵。涉事车辆包括多辆轿车、SUV及面包车，车辆在隧道内缓慢行驶或处于停滞状态，车距明显缩短，刹车灯频繁亮起，部分车辆尾灯亮起，表明车速极低或处于停滞状态。拥堵区域位于隧道中段，车道数量未减少，但车辆排队长度超过正常范围，且无明显事故或施工迹象，推测为早高峰时段车流量过大所致。现场未见异常停车、占道施工、二轮车辆闯入、抛洒物或交通事故等情况，整体交通流呈现缓行趋势，影响范围覆盖多个车道，持续时间约一分钟，符合典型拥堵特征。
920,5773,占道施工_20230918000802_运行安全_34814089.mp4,占道施工,拥堵,2023年9月18日00:07:59至00:08:58期间，外环高速沪嘉地道2（外）路段夜间出现占道施工交通事件。现场可见两名身穿反光背心的施工人员在道路左侧车道内作业，周围设置多个红白相间的交通锥桶，形成临时隔离区域，占用部分行车道。一辆工程车停靠在施工区域前方，车顶警示灯持续闪烁，表明正在进行夜间施工作业。施工区域位于道路左侧，导致该车道通行空间受限，过往车辆需减速并变道绕行，影响了正常交通流。施工区域设有明显的警示标志和灯光提示，符合占道施工标准，但未见其他异常停车、拥堵或事故情况，整体交通秩序尚可维持。
928,5781,拥堵_20240227071557_突发事件_35376187.mp4,拥堵,二轮车辆闯入,2024年2月27日早上7点15分至7点16分，S4市区方向至G60出省方向的高架桥路段出现交通拥堵事件。该路段为双向两车道，两侧有绿化带和护栏，路面标线清晰。视频显示，多辆机动车在该路段缓慢行驶或完全停止，车辆排成长队，包括白色面包车、黄色出租车、红色轿车、黑色SUV、白色厢式货车及一辆蓝色警车等，车辆依次缓慢通过画面，未见明显事故或障碍物。车辆持续排队，车距较近，后方车辆被迫减速并保持低速行驶，形成典型的早高峰拥堵现象。整个过程中无异常停车、施工、抛洒物或二轮车辆闯入等其他异常情况，主要表现为因车流量大导致的通行效率下降，影响范围覆盖整个监控画面，持续时间约一分钟，且无缓解趋势。
930,5783,占道施工_20240603222932_运行安全_35669286.mp4,拥堵,占道施工,2024年6月3日22时29分至22时30分，外环高速龙吴路路段夜间发生占道施工交通事件。现场可见一辆黄色工程车停靠在右侧车道，车顶警示灯闪烁，车身周围设置有反光锥桶，形成临时隔离带，表明正在进行道路施工或维护作业。一名身穿反光背心的工作人员在工程车旁进行作业，车辆通行受阻，车流需绕行至左侧车道，导致右侧车道车流缓慢，出现短时拥堵现象。该施工区域未见明显施工机械或围挡，但存在明显的施工警示标志和人员值守，符合占道施工特征。整体交通秩序受一定影响，但未发生交通事故或严重拥堵，属于常规占道施工行为。
932,5785,拥堵_20231125083640_突发事件_35152143.mp4,拥堵,异常停车,2023年11月7日12时09分至12时10分，S20内至G60出省方向高架路段出现交通拥堵事件。该路段位于通往杭州方向（G60）与浦东机场方向（S20）交汇处附近，道路两侧绿树成荫，上方有跨线桥通行其他车辆。视频显示，多辆小轿车、货车及大型客车在车道内缓慢行驶或完全停滞，车流密集且持续时间较长，车辆间距极小，部分车辆尾灯亮起，表明车速极低或处于停滞状态。涉事车辆包括白色轿车、黑色SUV、红色厢式货车、蓝色大巴、白色厢式货车及多辆小型客车，均处于排队状态，未见明显事故或障碍物。由于车流量大且通行效率降低，导致后方车辆被迫减速并排长队，形成典型拥堵现象，影响了该路段的正常通行秩序。异常特征表现为车辆排队长度超过正常范围，且无施工或异常停车迹象，推测为高峰时段车流集中所致。
940,5793,异常停车_20230718193808_突发事件_1962668.mp4,异常停车,拥堵,2023年7月18日19时38分，外环高速吴淞江桥南路段出现交通拥堵事件，现场多辆机动车在夜间行驶过程中出现缓慢移动或完全停止状态，车流密集且持续时间较长，车辆排成长队，部分车辆尾灯亮起，表明处于低速或停滞状态。涉事车辆包括轿车、货车、厢式货车及大型集装箱运输车等，其中可见多辆大型货车如ZGL、集装箱车和厢式货车在车流中缓慢前行或停滞。该路段为双向多车道高速公路，右侧车道有施工设施（锥桶）及警示标志，但未见明显施工人员或施工行为。由于车流量大且通行速度显著下降，导致车辆排队长度超过正常范围，影响了整体道路通行效率，符合拥堵判断标准中的多辆车缓慢移动、排队长度超常、发生在瓶颈区域等特征。
941,5794,异常停车_20230720194452_突发事件_33391753.mp4,异常停车,二轮车辆闯入,2023年7月20日19时44分50秒左右，在外环高速吴淞江桥南路段，一辆二轮车驶入主路，行驶过程中未在专用通道或非机动车道内通行，直接进入高速公路行车道，且驾驶员佩戴头盔，车辆有明显牌照标识。该行为属于典型的二轮车辆闯入高速公路的异常交通事件，具有以下特征：非机动车闯入高速公路、无专用通道或允许通行标志、存在逆行和横穿车道等危险行为，对周围正常行驶的机动车构成潜在安全隐患，导致部分车辆紧急避让，影响了道路通行安全。
943,5796,二轮车辆闯入_20230722133457_突发事件_33394578.mp4,二轮车辆闯入,拥堵,2023年7月22日13时34分54秒至13时35分23秒，外环高速莘庄立交北段发生一起异常停车事件。一辆红色货车在右侧车道内完全静止，车辆开启双闪灯，驾驶员下车在车旁活动，随后返回车内。该车停靠位置位于行车道，非停车区域，且无交通信号灯或标志允许停车，导致后方多辆汽车被迫减速绕行，形成局部拥堵。该行为违反了高速公路禁止随意停车的规定，存在较大安全隐患，影响了正常交通秩序。
945,5798,占道施工_20240311230951_运行安全_35401911.mp4,占道施工,拥堵,2024年03月11日23:09至23:10，在北环高速同济路立交南枪机2处，发生了一起占道施工交通事件。视频中可以看到，车道被多个锥桶和施工设施遮挡，施工人员穿着反光背心在进行作业，导致车道数量减少，车辆需变道或减速行驶。涉事车辆包括施工车辆和途经的各类社会车辆，施工区域设有警示牌和闪烁警示灯，提醒过往车辆注意避让。此次占道施工对交通流产生了一定影响，车辆被迫减速或绕行，但未造成严重的交通拥堵。异常特征包括明显的施工标志、施工人员的操作以及车辆被迫改变行驶路线。
948,5801,占道施工_20240514233521_运行安全_35590520.mp4,占道施工,拥堵,2024年5月14日23时35分至23时36分，在G60市区方向至S4金山方向的高架道路上，发生了一起占道施工交通事件。现场有多辆工程车辆和施工人员进行作业，施工人员穿着反光背心，操作设备，车道被多个锥桶遮挡，导致车道数量减少，车辆需变道或减速通行。施工区域设有警示牌和闪烁警示灯，以提醒过往车辆注意避让。此次施工对道路交通造成了一定影响，但未引发严重拥堵或事故，整体秩序较为有序。异常特征包括施工设施占据部分车道、施工人员现场作业以及车辆被迫绕行或减速。
949,5802,异常停车_20240516174603_突发事件_35597932.mp4,异常停车,多车事故,2024年5月16日17时46分，在嘉闵西侧定焦14路段，发生了一起多车事故。涉事车辆包括一辆白色SUV和一辆灰色轿车，这些车辆在行驶过程中发生了碰撞，导致车辆位置异常，其中白色SUV斜停在车道上，灰色轿车紧随其后。事故现场有人员下车交涉，其他车辆被迫紧急避让或停滞，交通秩序受到严重影响，后续车辆出现缓慢移动的情况，形成了短暂的拥堵现象。此事件的异常特征在于多辆车同时发生碰撞，且事故地点位于高速公路的弯道区域，增加了事故的复杂性和安全隐患。
952,5805,拥堵_20230906175121_突发事件_34726731.mp4,拥堵,抛洒物,2023年9月12日12时51分至12时52分，外环高速沪太立交东2枪机监控区域出现交通拥堵事件。该路段为多车道高速公路，双向车流密集，左侧车道车辆行驶缓慢，形成明显排队现象，车辆间距缩小，车速降低，部分车辆处于低速蠕动状态，持续时间超过一分钟且无缓解趋势。涉事车辆包括多辆轿车、货车及厢式货车，其中红色集装箱货车、白色厢式货车和黄色厢式货车等大型车辆在车流中较为突出。右侧车道车流相对顺畅，但受左侧拥堵影响，整体通行效率下降。拥堵区域位于外环高速沪太立交立交桥东侧，靠近曹安公路出口匝道。异常特征表现为车辆密集、行驶速度显著降低、排队长度较长，符合典型拥堵判断标准，未发现占道施工、事故或抛洒物等其他异常情况。
953,5806,占道施工_20240301001849_运行安全_35380581.mp4,拥堵,占道施工,2024年3月1日00:18:45至00:19:43，在嘉闵西侧隧道内，发生了一起占道施工交通事件。现场有多名施工人员穿着反光背心在车道内进行作业，旁边停放着一辆工程车辆，周围放置了多个橙色交通锥桶以隔离施工区域。涉事车辆包括施工车辆和途经的各类社会车辆。施工人员在车道内操作，导致车道数量减少，车辆需变道或减速通过，对正常交通流产生了一定影响。异常特征包括车道被锥桶遮挡、施工人员在车道内活动以及施工区域设有警示标志，符合占道施工的判断标准。
954,5807,拥堵_20240131071122_突发事件_35347340.mp4,拥堵,多车事故,2024年1月31日7时11分至7时12分，在嘉闵西侧定焦04路段，发生了一起多车事故。涉事车辆包括一辆白色轿车和一辆黑色SUV，它们在行驶过程中发生了碰撞，导致车辆位置异常，两辆轿车停在车道中央。事故现场有人员下车交涉，且有交警到场处理，其他车辆被迫紧急避让或停滞，交通秩序受到明显影响，形成了短暂的拥堵现象。此次事故的异常特征在于多辆车同时发生碰撞，且事故地点位于城市高架道路，增加了救援和疏导的难度。
955,5808,二轮车辆闯入_20230715114611_突发事件_1149523.mp4,二轮车辆闯入,拥堵,2023年7月11日15时46分至15时47分，外环高速武威路南（内）路段出现交通拥堵事件。该路段为多车道高速公路，车流密集，主要由轿车、货车及厢式运输车组成，其中包含红色、白色、蓝色等多种颜色的货车和各类小型客车。视频显示，车辆在多个车道上缓慢行驶，部分车辆间距极小，整体车速明显降低，排队长度持续增加，未见明显缓解趋势。拥堵区域集中在画面中段，车辆排成长队，且无明显事故或障碍物导致阻塞，推测为高峰时段车流量过大所致。右侧应急车道及最右侧车道通行相对顺畅，但主路通行受阻。异常特征表现为车辆行驶速度显著下降，车距缩短，部分车辆频繁变道，但未见异常停车、施工或抛洒物等情况，整体表现为典型的交通拥堵现象。
965,5818,二轮车辆闯入_20230715122113_突发事件_1149630.mp4,二轮车辆闯入,异常停车,2023年7月15日12时21分04秒，在外环高速北翟路路段，一辆蓝色货车在行车道内完全静止，车辆未开启双闪灯，驾驶员下车在车旁停留并进行操作，该行为属于非紧急情况下的异常停车，影响了道路的正常通行秩序，且无交通信号灯或标志允许停车，存在安全隐患。
967,5820,二轮车辆闯入_20230717163609_突发事件_1356493.mp4,二轮车辆闯入,异常停车,2023年7月17日16时36分至16时37分，外环高速曹安路路段出现异常停车事件。一辆红色货车在右侧车道内完全静止，未开启双闪灯，且无交通信号灯或标志允许其在此处停车，车辆明显处于非正常行驶状态。该车停靠位置位于道路右侧护栏旁，周围无施工设施或警示标志，驾驶员不在车内，车辆状态不符合临时停车规则，存在安全隐患。
974,5827,拥堵_20240316145007_突发事件_35416351.mp4,拥堵,异常停车,2024年3月16日14时50分至14时51分，在G60市区方向至S20内2枪机2监控范围内，一辆白色轿车在右侧应急车道上长时间静止不动，车辆位置处于道路边缘且无明显故障迹象，后方车辆被迫减速绕行，导致该区域交通流出现短暂拥堵。该异常特征符合“异常停车”判断标准，表明该车存在安全隐患，影响了正常通行秩序。
978,5831,异常停车_20240516183339_突发事件_35598193.mp4,异常停车,拥堵,2024年5月16日18时33分至18时34分，嘉闵西侧定焦04监控点位拍摄到隧道内交通拥堵事件。事发地点位于元江路入口附近，道路为双向多车道设计，右侧为隔音墙，左侧为隔离护栏。视频显示，自18:33:30起，隧道内车辆行驶缓慢，车流密集，多辆轿车、SUV及小型客车在车道内持续低速通行，未见明显加速或变道行为，车辆间距缩小，后方车辆被迫减速以维持安全距离。涉事车辆包括白色、黑色、红色等各类私家车及一辆白色面包车，均处于正常行驶状态但速度显著低于正常交通流。由于车流量大且通行效率降低，导致后方车辆形成排队现象，影响整体通行效率。此拥堵现象持续约一分钟，未见异常停车、事故或施工迹象，但因车流集中，存在潜在追尾风险，属于典型早高峰时段因车流量过大引发的交通拥堵事件。
980,5833,异常停车_20240508133827_突发事件_35570359.mp4,异常停车,抛洒物,2021年5月13日13时33分，在外环高速京沪立交南2枪机2处，一辆蓝色货车在最右侧车道内完全静止，车辆开启双闪灯，驾驶员下车查看，且无交通信号灯或标志允许其停车，车辆明显处于异常状态。该车长时间停靠导致后方多辆车辆被迫减速绕行，影响了正常交通流，形成局部拥堵。现场未见施工设施或抛洒物，也无人员下车交涉或交警到场处理，初步判断为非紧急情况下的违规停车行为，存在安全隐患。
983,5836,占道施工_20231008230751_运行安全_34908468.mp4,抛洒物,占道施工,2023年10月8日23时07分至23时08分，嘉闵西侧S6立交南路段夜间出现占道施工交通事件。现场可见一辆黄色工程车停靠在左侧车道，车后方设置有多个红白相间的交通锥桶，形成临时隔离带，占用部分行车道。施工区域设有警示灯和反光标识，多名身穿反光背心的施工人员在车辆旁进行作业，部分人员在移动交通锥桶或调整设备。该施工行为导致左侧车道通行空间受限，车辆需减速绕行，影响了正常交通流，尤其在23:07:56至23:08:30期间，车流出现明显缓行，右侧车道车流相对顺畅。整体表现为典型的占道施工异常情况，存在施工设施遮挡车道、施工人员现场作业及警示设施设置等特征。
989,5842,二轮车辆闯入_20230720190132_突发事件_33391626.mp4,二轮车辆闯入,异常停车,2023年7月20日18时01分35秒至18时01分44秒，位于S4市区方向至S20外枪机2监控区域的高速公路右侧车道上，多辆车辆在行驶过程中突然减速并停止，其中一辆白色轿车于18:01:58左右停止，随后重新启动。该事件符合异常停车判断标准，表现为非紧急情况下在行车道内完全静止，且后方车辆被迫减速绕行，影响了正常交通流。
1001,5854,占道施工_20240425060228_运行安全_35524993.mp4,占道施工,抛洒物,2024年04月25日星期四06:02:28，在外环高速铁山路段，出现红色抛洒物事件。该区域为多车道高速公路，路面标有交通锥桶进行占道施工，车道被明显引导至左侧行驶。从视频中可见，一辆红色轿车在右侧车道行驶过程中，前方有明显掉落物，导致后方车辆出现紧急避让或减速行为。随后，其他车辆陆续绕行或减速通过该区域，造成局部通行效率下降。涉事车辆为红色轿车，其后方遗落的抛洒物可能为事故残留，对后方车辆安全构成潜在威胁。异常特征表现为：抛洒物尺寸较大、持续影响后方车辆正常行驶、无施工人员或设备在附近作业，初步判断为单方事故导致的抛洒物事件。
1003,5856,二轮车辆闯入_20230718110519_突发事件_1960391.mp4,二轮车辆闯入,多车事故,2023年7月18日11时05分15秒，在外环高速武威路南（内）路段，一辆白色面包车与前方轿车发生追尾碰撞，导致两车停在行车道上，驾驶员下车查看情况，后方车辆被迫减速绕行，造成短时拥堵。该事件持续约1分钟，期间有其他车辆从两侧车道缓慢通过，未见明显抛洒物或人员受伤情况，但事故车辆占用车道影响通行秩序，符合多车事故的判定特征。
1004,5857,异常停车_20240530110227_突发事件_35653821.mp4,拥堵,异常停车,2024年5月30日11时07分04秒至11时08分02秒，外环高速吴淞江桥南路段，一辆白色货车在右侧应急车道内长时间静止不动，车辆未开启双闪灯，驾驶员下车查看，车辆后方无明显警示标志，导致后方多辆车辆被迫减速绕行，影响了该车道的正常通行秩序，存在异常停车行为。
1006,5859,抛洒物_20240521121451_运行安全_35616339.mp4,抛洒物,多车事故,2024年5月21日12时14分50秒至12时15分48秒，外环高速吴中路路段出现抛洒物交通事件，道路上有白色塑料袋等物品。该行为对后方车辆造成潜在安全隐患，部分车辆在接近抛洒物时出现减速或避让行为，影响了道路通行安全。异常特征表现为抛洒物位于行车道上，未造成车辆碰撞或事故，但存在引发追尾或侧滑事故的风险。
1007,5860,多车事故_20240613090315_突发事件_35700753.mp4,抛洒物,多车事故,2024年06月13日09:03:10至09:04:08，在某高速公路路段，发生了一起多车事故。涉事车辆包括一辆白色轿车和一辆蓝色SUV，两车在行驶过程中发生碰撞，导致车辆位置异常，其中白色轿车斜停在车道上，蓝色SUV紧随其后。事故现场有多名人员下车交涉，其中一名人员站在事故车辆旁与另一名人员交流，另一名人员从白色轿车车里取出物品。此次事故导致后方车辆被迫减速或绕行，交通流量明显受到影响，形成了短暂的拥堵现象。异常特征表现为车辆碰撞痕迹明显，且事故车辆占用行车道，影响了正常交通秩序。
1009,5862,拥堵_20231224182723_突发事件_35258518.mp4,抛洒物,拥堵,2023年12月24日18时27分至18时28分，嘉闵西侧定焦04监控点位拍摄到隧道内发生交通拥堵事件。事发地点位于元江路方向的隧道内，现场多辆机动车在正常行驶过程中出现缓慢减速或停滞现象，车辆排成长队，车距明显缩短，尾灯持续亮起，表明车辆处于低速或停滞状态。涉事车辆包括多辆轿车、SUV及一辆白色面包车，均在车道内有序前行，未见异常停车、事故或施工迹象。该拥堵发生在隧道内段，受隧道封闭影响，导致通行效率下降，车辆排队长度逐渐增加，影响了整体交通流畅性。异常特征表现为车辆持续低速移动，无突发变道或碰撞行为，但车流密度显著增加，存在典型拥堵特征。
1022,5875,占道施工_20230909232947_运行安全_34753377.mp4,拥堵,占道施工,2023年9月9日23时29分至23时30分，嘉闵东柴塘北路入口处夜间高速公路右侧车道正在进行占道施工，施工区域由锥桶和临时围挡围挡，形成明显的施工隔离带。现场可见一辆工程车辆停靠在施工区域内，车灯开启，疑似为施工设备或照明设备。施工区域占用部分车道，导致车辆需减速并变道行驶，影响了该路段的正常通行效率。施工区域设有“交替通行”提示牌，提示驾驶员注意避让，但未见施工人员在场作业。整体交通流保持缓慢通行状态，未出现严重拥堵或事故，但存在因施工导致的车道减少和车辆变道行为，符合占道施工的典型特征。
1025,5878,占道施工_20230826003919_运行安全_34643710.mp4,拥堵,占道施工,2023年8月26日00:39至00:40期间，外环高速沪太立交东1-2路段夜间出现占道施工交通事件。现场可见道路左侧车道被一排红白相间的交通锥桶封闭，形成临时隔离带，部分车道被占用，车辆需绕行或减速通过。施工区域未见明显施工人员或工程车辆，但存在警示标志和锥桶布置，表明正在进行道路施工或维护作业。该区域车道数量减少，导致后方车辆行驶速度降低，存在一定的交通干扰风险，属于典型的占道施工异常情况。
1028,5881,二轮车辆闯入_20230718094247_突发事件_1959789.mp4,二轮车辆闯入,拥堵,2023年7月18日星期二上午9时42分至9时43分，北环高速同济路立交南段出现交通拥堵事件。该路段为多车道高速公路，车流密集，主要由轿车、货车及客车组成，其中包含一辆白色厢式货车、一辆黄色厢式货车、一辆红色货车和一辆蓝色货车。视频显示，从9:42:43开始，右侧车道车辆行驶缓慢，部分车辆出现排队现象，车距明显缩短，形成持续性缓行状态，未见完全停止但通行效率显著下降。左侧车道虽有车辆正常行驶，但整体车速也较低，部分车辆因前方拥堵而减速或变道。拥堵区域位于立交桥附近，可能与匝道汇入车流或前方道路施工相关，导致车辆通行受阻。整个过程中无明显事故、抛洒物或异常停车情况，也未发现占道施工迹象，主要异常特征为长时间低速行驶和车辆密集排队现象，符合典型拥堵特征。
1032,5885,占道施工_20240512074512_运行安全_35582526.mp4,占道施工,拥堵,2024年5月12日星期日07:45:09至07:46:05，在某高速公路路段，发生了一起占道施工交通事件。现场可见多辆工程车辆和施工人员在车道内进行作业，施工人员穿着反光背心，操作相关设备，车道被多个锥桶遮挡，导致车道数量减少，车辆需变道或减速通行。涉事车辆包括一辆黄色工程车和一辆白色货车，它们停在施工区域内，对过往车辆造成一定影响，车辆被迫减速或变更车道以避开施工区域。异常特征包括施工区域设有明显的警示牌和闪烁警示灯，确保过往车辆能够及时注意到施工情况并采取相应措施。整体来看，此次占道施工对道路交通造成了一定影响，但未引发严重拥堵或事故。
1034,5887,异常停车_20240621171132_突发事件_35717590.mp4,拥堵,异常停车,2024年6月21日17时11分30秒左右，在外环高速莘朱路路段，一辆白色轿车在最左侧车道内完全静止，车辆未开启双闪灯，驾驶员下车查看情况，后方多辆车辆被迫减速绕行，导致该车道通行受阻，形成局部拥堵。该行为符合异常停车特征，存在安全隐患。
1035,5888,占道施工_20240215072822_运行安全_35363048.mp4,占道施工,拥堵,2024年02月15日星期四07:28:13至07:29:13期间，在一条城市高架道路的左侧车道上，出现占道施工交通事件。现场可见一辆红色工程车缓慢行驶在左侧车道，车后方摆放了多排红白相间的交通锥桶，形成临时隔离带，占用部分行车道。该区域车道被锥桶遮挡，导致车辆需变道行驶，影响了正常通行效率。尽管未见明显施工人员操作设备，但工程车的存在及锥桶布置表明正在进行道路维护或施工活动，符合占道施工的典型特征。整体交通流未出现严重拥堵，但车辆需调整行驶路线，存在一定的通行风险。
1037,5890,占道施工_20240427230507_运行安全_35538437.mp4,拥堵,占道施工,2024年04月27日星期六23:03:09至23:03:38，在外环高速蕴川立交西枪机2处，发生了一起占道施工交通事件。视频中可以看到，左侧车道被锥桶和工程车辆遮挡，施工人员穿着反光背心在进行作业，导致该区域车道数量减少，车辆需变道或减速行驶。虽然未见明显事故，但施工设施的存在使得车道通行变得困难，影响了车辆的正常行驶，且施工区域设有警示牌和闪烁警示灯，提醒过往车辆注意避让。整个过程中，车辆有序绕行或减速通过施工区域，整体交通秩序受到一定影响。
1039,5892,占道施工_20230816231146_运行安全_34592023.mp4,占道施工,拥堵,2023年8月16日23时11分至23时12分，S20外环线至S4金山方向的高架路段发生占道施工交通事件。现场可见一辆工程车停靠在道路右侧，车顶警示灯闪烁，周围设置了一排红白相间的交通锥桶，形成临时隔离带，占用部分车道。该施工区域位于道路右侧，车辆需绕行或减速通过。期间有多辆轿车、货车及大型运输车辆依次通过，部分车辆因车道变窄而出现轻微减速行为。施工区域未见明显施工人员活动，但存在明显的施工设施布置，符合占道施工特征。整体交通流受影响但未出现严重拥堵，车辆通行秩序基本正常。
1042,5895,二轮车辆闯入_20230720082412_突发事件_6967466.mp4,多车事故,二轮车辆闯入,2023年7月20日08时24分10秒至08时24分32秒，北环高速同济路立交南段，一辆二轮车沿最右侧机动车道行驶，该车辆未在专用非机动车道或辅道内通行，且无明显牌照标识，驾驶员未佩戴头盔，存在逆行风险，导致后方车辆需紧急避让或减速，影响了正常交通流的顺畅性，构成二轮车辆闯入交通异常事件。
1044,5897,占道施工_20240215081320_运行安全_35363043.mp4,异常停车,占道施工,2024年02月15日星期四08:13至08:14期间，在某高速公路路段，发生了占道施工交通事件。现场可见车道被多个红色锥桶遮挡，施工车辆停在锥桶前方，施工人员穿着反光背心进行操作。由于施工设施的遮挡，车道数量减少，导致过往车辆需变道或减速行驶，影响了道路的正常通行秩序。异常特征包括施工区域设有明显的警示标志和锥桶，施工车辆处于静止状态，且施工人员在场进行作业，符合占道施工的判断标准。
1045,5898,二轮车辆闯入_20230721194857_突发事件_33393954.mp4,二轮车辆闯入,拥堵,2023年7月21日19时48分至19时49分，嘉闵高架路东柴塘北路入口处发生交通拥堵事件。视频显示，该路段为夜间湿滑路面，多车道车辆密集行驶，车流缓慢移动，部分车辆刹车灯持续亮起，表明车速极低或处于停滞状态。涉事车辆包括多辆轿车、SUV及一辆白色面包车，均在正常车道内行驶，未见异常停车或事故迹象。由于车流量大且通行速度显著下降，导致后方车辆被迫减速并排成长队，形成持续性拥堵。此拥堵影响了多个车道的正常通行，且无明显施工或障碍物阻碍，推测为高峰时段车流集中所致。整体异常特征表现为长时间、大范围的车辆缓行，符合典型拥堵判断标准。
1046,5899,占道施工_20240617221424_运行安全_35710693.mp4,占道施工,拥堵,2024年06月17日星期一22:14至22:15期间，在某高速公路路段，发生了一起占道施工交通事件。现场可见多辆工程车辆和施工人员在车道上进行作业，施工区域被多个橙色锥桶围挡，导致车道数量减少，车辆需变道或减速通行。涉事车辆包括一辆黄色工程车和一辆小型货车，它们停在施工区域内，施工人员穿着反光背心在现场操作。由于施工占用了部分车道，导致过往车辆被迫减速或变更车道，影响了道路的正常通行效率。异常特征包括施工区域设有明显的警示牌和闪烁警示灯，确保过往车辆能够及时注意到施工情况并采取相应措施。整体来看，此次占道施工对夜间行车安全产生了一定影响，但未引发严重交通拥堵或事故。
1047,5900,拥堵_20231205101205_突发事件_35188827.mp4,拥堵,二轮车辆闯入,2023年12月5日10时12分至10时13分，嘉闵西侧定焦06监控点位拍摄到隧道内发生拥堵事件。事发地点位于城市高架桥隧道内，双向车道中右侧车道出现车辆缓慢行驶现象，多辆小客车、出租车及一辆大型货车在车道内排成长队，车流密度显著增加，车辆间距明显缩小，部分车辆刹车灯持续亮起，表明通行速度极低。涉事车辆包括白色轿车、黑色SUV、红色轿车、绿色出租车、白色面包车等，均处于低速行驶状态，未见异常停车或事故迹象。由于车流持续积压，后方车辆被迫减速并排队等候，形成典型的交通拥堵状态，影响了整体道路通行效率，且无施工设施、抛洒物或二轮车辆闯入等其他干扰因素，主要表现为因车流量过大导致的通行不畅。
1053,5906,异常停车_20240530155945_突发事件_35655010.mp4,异常停车,拥堵,2024年5月30日15时59分至16时00分，嘉闵西侧定焦03隧道内发生交通拥堵事件。监控画面显示，该路段为单向多车道隧道，两侧设有隔音墙，上方可见隧道牌匾显示“2024年5月30日15:59:00至16:00:00”。隧道内车辆正常行驶，包括轿车、SUV、货车及一辆黄色工程车，车辆均沿车道有序通行，未见异常停车或事故迹象。然而，从视频中段开始，右侧车道车流出现缓慢减速现象，尤其靠近隧道出口处形成明显排队现象，车辆间距缩小，车速降低，部分车辆间歇性刹车，形成持续性拥堵。拥堵影响范围覆盖约500米左右，持续时间约1分钟，且无缓解趋势。未发现占道施工、抛洒物、异常停车或二轮闯入等其他异常情况，推测为早高峰时段车流量大导致的常态化拥堵。
1056,5909,占道施工_20231009011715_运行安全_34908818.mp4,占道施工,抛洒物,2023年10月9日星期一凌晨1点17分至1点18分，在一条夜间城市高架道路的右侧车道上，一辆白色货车和一辆白色轿车在行车道上短暂停靠，两车均开启双闪灯，且车辆均未开启前照灯或刹车灯，符合异常停车行为。该停车位置位于主行车道，非停车区域，且无交通信号灯或标志允许临时停车，导致后方车辆被迫减速避让，影响了正常通行秩序。期间，多辆其他车辆从其左侧车道正常通过，包括轿车、货车及大型客车，均未出现紧急避让或减速情况，但部分车辆因避让而变道，存在潜在安全隐患。整个事件持续约1分钟，期间无人员下车或车辆故障迹象，也未见施工设施或抛洒物等其他干扰因素，主要异常特征为非紧急情况下在行车道内违规停车。
1062,5915,二轮车辆闯入_20230718103433_突发事件_1960155.mp4,二轮车辆闯入,多车事故,2023年7月18日10时34分30秒左右，在外环高速莘朱路路段，一辆二轮摩托车从画面左侧驶入主车道，驾驶员身穿浅色上衣并佩戴头盔，车辆在车流中穿行，未见专用二轮车道或明显禁止标志，该行为属于闯入禁止通行区域的危险驾驶行为，对周边车辆造成潜在干扰，存在引发追尾或侧碰的风险，影响正常交通秩序。
1065,5918,多车事故_20240530145601_突发事件_35654638.mp4,多车事故,异常停车,2024年5月30日14时59分35秒至15时00分34秒，外环高速蕴川立交西枪机2监控画面显示，该路段为多车道高速公路，车流密集，一辆红色货车在最右侧车道停靠，车辆开启双闪灯，驾驶员未下车查看情况，后方车辆被迫减速绕行，造成短暂通行受阻。该车辆长时间静止于行车道内，属于异常停车行为，影响了正常交通秩序。
1069,5922,占道施工_20240419021307_运行安全_35498642.mp4,拥堵,占道施工,2024年4月2日19时13分，外环高速吴中入口匝道（内）路段发生占道施工交通事件。现场可见多辆工程车辆停靠在道路右侧，包括一辆黄色工程车和一辆白色货车，周围设置有多个红白相间的交通锥桶，形成临时隔离区域。施工人员身穿反光背心，在车道旁作业，部分车辆因施工区域影响而减速或变道绕行。该施工区域未见明显警示牌或闪烁警示灯，但通过交通锥桶和工程车辆引导，已对通行造成一定影响。整体表现为典型的占道施工行为，存在潜在交通安全隐患。
1072,5925,异常停车_20230715014517_突发事件_1147473.mp4,抛洒物,异常停车,2023年7月15日01:45:15至01:46:11期间，外环高速北翟路立交北侧路段出现异常停车事件。一辆白色厢式货车在右侧车道内长时间静止不动，车辆开启双闪灯，且无明显故障迹象或驾驶员在车旁活动，导致后方多辆小型客车被迫减速绕行，影响了该路段的正常通行秩序。该车停靠位置位于行车道内，属于非允许停车区域，且无交通信号灯或标志允许停车，存在安全隐患。
1073,5926,拥堵_20231218083201_突发事件_35238383.mp4,拥堵,多车事故,2023年12月10日08时34分，外环高速锦秋路北段发生一起多车事故。事故发生在道路右侧车道，涉事车辆包括一辆白色面包车、一辆白色轿车，其中白色面包车与前方白色轿车发生追尾碰撞，导致车辆位置异常，部分车辆横跨车道并斜停，引发后方车辆紧急避让和减速。事故现场有人员下车交涉，但后方车辆出现持续拥堵和绕行现象。该事件符合多车事故判断标准，表现为两辆及以上车辆碰撞痕迹、车辆位置异常、车辆间有明显碰撞痕迹、导致后方车辆紧急反应及通行受阻。
1074,5927,占道施工_20231102225532_运行安全_35038387.mp4,多车事故,占道施工,2023年11月2日22时55分至22时56分，外环高速仙霞路（内）路段发生占道施工交通事件。现场可见一辆黄色工程车停靠在右侧车道，车后方设置多个橙白相间的交通锥桶，形成临时隔离带，占用部分行车道。一名身穿反光背心的工作人员在工程车旁进行作业，车辆处于静止状态。该施工区域导致右侧车道通行能力下降，后方车辆需减速并变道绕行，造成局部交通流不畅。施工区域设有警示灯和指示牌，提示前方施工，但未见明显施工机械或围挡设施。整体交通秩序虽未完全中断，但存在明显的拥堵趋势，属于典型的占道施工异常情况。
1084,5937,占道施工_20240509231421_运行安全_35575677.mp4,拥堵,占道施工,2024年5月23日09时14分至09时15分，外环高速吴中路路段夜间发生占道施工交通事件。现场可见多辆工程车辆停靠在道路右侧车道，包括一辆黄色工程车和一辆红色货车，周围设置有红白相间的交通锥桶，形成临时隔离带，占用部分行车道。施工区域有警示灯闪烁，提示过往车辆注意避让。多辆小型轿车、货车及厢式货车正常行驶通过，但因施工区域影响，车速有所降低，部分车辆出现变道绕行行为。整体交通流未出现严重拥堵，但存在因施工导致的车道减少和车速降低现象，符合占道施工的典型特征。
1095,5948,异常停车_20240617205704_突发事件_35710685.mp4,拥堵,多车事故,2024年6月17日20时57分，外环高速吴淞江桥南路段发生一起多车事故。事故发生在夜间，监控画面显示一辆白色轿车与前方货车发生追尾。涉事车辆包括一辆白色货车、一辆白色轿车，因均出现不同程度的停顿或移动受阻，导致后方车辆紧急刹车或变道。事故现场未见明显人员下车交涉或交警到场，但车辆位置异常且存在追尾痕迹，表明事故已对通行造成影响。其他车辆随后被迫减速避让，形成短暂拥堵，符合多车事故的典型特征。
1097,5950,异常停车_20230722172928_突发事件_33394850.mp4,拥堵,多车事故,2023年7月22日17时29分24秒，在嘉闵西侧定焦05监控点位的隧道内，发生一起多车事故。事故发生在隧道右侧车道，涉事车辆为一辆黑色轿车和一辆黑色轿车，两车疑似发生碰撞，驾驶人打开车门下车查看情况，其他车辆紧急避让或停滞。随后，另一名人员从黑色轿车中下车并靠近事故车辆，疑似参与交涉或寻求帮助。事故造成该车道拥堵，后方车辆排队缓慢通行，影响正常交通秩序。异常特征表现为车辆位置异常、车辆人员下车交涉、其他车辆紧急避让或减速，符合多车事故判断标准。
1098,5951,拥堵_20231008183856_突发事件_34907693.mp4,拥堵,多车事故,2023年10月8日星期日18时38分至18时39分，外环高速沪太立交东1-1 03路段发生一起多车事故。事故发生在夜间，路面照明良好，能见度较高。事故发生在交通流量高峰时段，车流密集，包含多辆轿车和货车。视频显示，一辆白色轿车与前方货车发生追尾，导致后方车辆紧急刹车并形成局部拥堵。涉事车辆包括白色轿车、白色货车，均处于异常停车状态，未见人员下车交涉或交警到场处理。事故造成该路段通行效率下降，后方车辆被迫减速绕行，影响了整体交通流畅性。异常特征表现为多车连续碰撞、车辆位置异常、刹车灯密集亮起以及后方车辆紧急避让行为，符合多车事故判断标准。
1102,5955,拥堵_20231123072351_突发事件_35141996.mp4,拥堵,多车事故,2023年11月23日07时23分48秒，在嘉闵西侧定焦06监控点位的隧道内，右侧车道靠近护栏处发生多车事故。涉事车辆包括一辆白色轿车和一辆黑色轿车，两车在行驶过程中发生追尾，导致车辆位置异常，车辆刹车灯持续亮起，车辆处于缓慢移动状态。事故发生后，驾驶员下车在路边查看受损情况，其他车辆被迫减速避让，造成该路段短时拥堵。现场未见明显抛洒物或施工设施，但事故特征符合多车追尾事故，涉事车辆灯光闪烁，影响了正常通行秩序。
1105,5958,占道施工_20240121002156_运行安全_35329945.mp4,占道施工,拥堵,2024年01月31日00:21:50至00:22:09，在外环高速富长路路段，发生了一起占道施工交通事件。现场可见多辆工程车辆和施工人员，他们穿着反光背心，正在进行道路施工操作。施工区域被多个锥桶和围栏遮挡，导致车道数量减少，车辆需变道或减速通行。施工人员摆放了多个锥桶以引导车辆绕行，确保安全通过施工区域。此事件影响了该路段的正常交通秩序，但未造成严重拥堵，其他车辆在施工区域附近有序行驶。异常特征包括施工设施遮挡车道、施工人员现场作业以及车辆因施工而变道或减速。
1106,5959,占道施工_20231201002334_运行安全_35175521.mp4,占道施工,拥堵,2023年12月1日00:23:30至00:24:28期间，嘉闵西金沙江西路入口处发生占道施工交通事件。现场可见一辆工程作业车停靠在道路右侧车道，车顶警示灯闪烁，周围设置多排红白相间的交通锥桶，形成临时隔离带，占用部分行车道。两名身穿反光背心的施工人员在作业区域内活动，其中一人手持警示牌，另一人靠近锥桶进行布置。该施工区域导致右侧车道通行空间受限，过往车辆需减速绕行，影响了正常交通流。施工区域设有“交替通行”提示牌，表明为临时交通管制措施。整体画面显示施工秩序井然，未见明显拥堵或事故现象，但存在潜在安全隐患，需加强现场管理。
1111,5964,拥堵_20240227073701_突发事件_35376357.mp4,二轮车辆闯入,异常停车,2024年6月7日13时36分59秒至13时37分59秒，位于城市高架道路南向车道，一辆白色轿车在最右侧车道完全静止，驾驶员下车后站在车旁，开启双闪灯，车辆长时间停靠在行车道内，导致后方车辆被迫减速绕行，影响正常交通秩序，符合异常停车特征。
1113,5966,异常停车_20240509105812_突发事件_35573597.mp4,异常停车,抛洒物,2024年5月9日10时58分05秒至10时59分03秒，G60市区方向至S4金山方向路段，监控画面显示多辆机动车在正常行驶过程中，最右侧车道出现一块浅色板状物，随后其他车辆经过该区域时均未发生避让或减速，整体车流保持有序通行。该抛洒物位于道路右侧车道，尺寸较大，对行车安全构成潜在威胁，且未见有车辆因避让而发生事故或造成交通事故，但存在一定的安全隐患。该事件属于典型抛洒物交通异常，可能由货车装载不规范或固定不当导致，当前正由现场工作人员进行清理处理。
1114,5967,拥堵_20240301090114_突发事件_35381618.mp4,占道施工,多车事故,2024年3月1日星期五上午9时01分至9时02分，位于城市高架桥路段的交通监控画面显示，该路段出现明显交通拥堵现象。该路段为双向多车道高架桥，右侧车道被一排红白相间的交通锥桶封闭，形成临时隔离带，引导车辆绕行。左侧车道车辆排成长队，车流缓慢移动，部分车辆处于停滞状态，持续时间超过一分钟且无缓解趋势。涉事车辆包括多辆轿车、SUV、货车及一辆黄色工程车，其中工程车在封闭车道内缓慢行驶，未见异常停车或事故迹象。右侧匝道区域有大型货车通行，但受主路拥堵影响，部分车辆需减速绕行。整体交通流呈现低速缓行状态，符合拥堵判断标准，主要异常特征为多车道连续排队、车距缩短、通行效率显著下降，且无明显施工或事故迹象，推测为高峰时段流量集中所致。
1115,5968,异常停车_20230717170422_突发事件_1356661.mp4,二轮车辆闯入,拥堵,2023年7月17日12时54分至12时55分，外环高速龙吴路入口处发生拥堵事件，现场多车道车辆行驶缓慢，车流密集且持续无明显缓解趋势，主要涉及各类轿车、货车及厢式运输车，部分车辆在多个车道内排队缓行，未见明显事故或障碍物，但整体通行效率显著下降，车辆间距缩小，后方车辆被迫减速或变道绕行，符合典型拥堵特征，影响范围覆盖多个路段，且持续时间较长，未发现其他异常行为。
1116,5969,异常停车_20240511101336_突发事件_35581084.mp4,异常停车,拥堵,2024年5月11日星期六10时13分至10时14分，位于城市高架道路的某路段发生拥堵事件。该路段为双向多车道高速公路，路面湿滑，天气阴雨。视频显示，右侧车道车辆行驶缓慢，车流密集，多辆轿车、货车及厢式运输车排成长队，车距明显缩短，部分车辆处于低速蠕动状态，持续时间超过一分钟且无缓解趋势。涉事车辆包括红色集装箱货车、白色厢式货车、黄色出租车及多辆私家车，均在正常车道内行驶，未见异常停车或碰撞迹象。左侧对向车道车流相对顺畅，但受右侧影响，整体通行效率下降。异常特征表现为车辆行驶速度显著降低，排队长度较长，且持续时间较长，符合典型拥堵判断标准。
1117,5970,多车事故_20240625090006_突发事件_35723177.mp4,异常停车,拥堵,2024年06月25日星期二09:00:04至09:00:05期间，在上行水产路入口匝道03路段，监控画面显示该车道出现车辆缓行现象。涉事车辆包括多辆轿车、货车及一辆大型客车，其中白色轿车、红色轿车、蓝色集装箱货车等在湿滑路面上依次缓慢行驶。由于车流量较大且通行速度明显降低，导致车辆间距缩小，部分车辆出现变道或减速行为，后方车辆被迫跟随减速，形成排队缓行状态。该区域为城市高架道路，两侧有隔音墙和城市建筑，天气阴沉，路面湿滑，能见度较低，进一步加剧了交通压力。整个过程中未见明显事故或障碍物，但车辆密集程度较高，影响了正常通行效率，符合拥堵判断标准中的“多辆车缓慢移动或完全停止”、“排队车辆长度超过正常范围”以及“发生在路口、匝道等瓶颈区域”的特征。
1118,5971,拥堵_20240110161041_突发事件_35308749.mp4,拥堵,抛洒物,2024年1月10日16时10分36秒至16时11分33秒，嘉闵高架西侧定焦04监控点位显示，元江路方向500米处发生交通拥堵事件。现场道路为城市高架桥，双向多车道，右侧车道车辆行驶缓慢，车流密集，车辆间距明显缩小，部分车辆刹车灯持续亮起，形成缓行状态。涉事车辆包括多辆轿车、SUV及一辆白色面包车，其中一辆黑色轿车在中间车道行驶，后方车辆持续排队，未见明显事故或障碍物，但整体车速显著降低，通行效率下降。左侧对向车道车流相对顺畅，未受影响。该拥堵发生在隧道入口附近，可能与车流量集中或前方路段瓶颈有关，影响范围覆盖约100米长度，持续时间超过一分钟，符合拥堵判断标准。异常特征表现为车辆排队长度超过正常范围，车速低于通行能力，且无施工或抛洒物等其他干扰因素。
1119,5972,拥堵_20231216120613_突发事件_35233029.mp4,拥堵,多车事故,2023年12月16日星期六上午12时06分至12时07分，外环高速吴中路-1枪机2监控区域出现交通拥堵事件。该路段为多车道高速公路，双向车流密集，车辆以轿车、货车、厢式货车及大型运输车为主，其中包含红色、白色、绿色等多种颜色的货车和私家车。视频显示，从12:06:09开始，车辆行驶速度明显减缓，排队长度持续增加，车辆间距缩小，部分车辆在车道内缓慢移动或短暂停滞，未见完全停止。拥堵主要集中在道路中段及左侧车道，右侧车道通行相对顺畅，但整体车流密度较高，导致通行效率下降。未发现异常停车、施工、事故或抛洒物等直接诱因，也无二轮车辆闯入或紧急避让行为，推测拥堵可能由前方交通流量饱和或突发性车流集中引发。该事件持续约一分钟，影响了该路段的正常通行秩序，存在潜在追尾风险。
1120,5973,二轮车辆闯入_20230715130251_突发事件_1149774.mp4,二轮车辆闯入,拥堵,2023年7月15日13时02分至13时03分，外环高速潭宝路北段出现交通拥堵事件。该路段为多车道高速公路，双向车流密集，其中南向北方向车辆行驶缓慢，车距明显缩短，多辆轿车、货车及大型运输车辆在车道内排队缓行，部分车辆处于低速移动或短暂停滞状态，未见明显事故或障碍物。涉事车辆包括红色集装箱货车、蓝色集装箱货车、白色厢式货车、黄色出租车及多辆小型轿车，均在正常行驶过程中因前方车流积压而减速。道路两侧设有绿化带和交通标志，右侧车道设有“客”“客”“客”等字样指示牌，提示车辆分流。整体车流呈现持续性缓行趋势，无突发停车或碰撞迹象，但车辆通行效率显著下降，符合拥堵判断标准中“多辆车缓慢移动或完全停止”“排队车辆长度超过正常范围”“持续一段时间且无缓解趋势”的特征，属于典型交通拥堵事件。
1127,5980,异常停车_20230719071109_突发事件_1966981.mp4,拥堵,二轮车辆闯入,2023年7月19日07时11分07秒，在外环高速丰翔路路段，一辆二轮车驶入主路，该车辆未在专用非机动车道或辅道行驶，且无明显警示标志，存在逆行风险。涉事车辆为一辆普通摩托车，驾驶员佩戴头盔，车身有牌照标识，其闯入行为导致周边车辆紧急避让，影响了正常交通秩序，构成典型的二轮车辆闯入异常事件。
1128,5981,拥堵_20240226181148_突发事件_35375566.mp4,多车事故,拥堵,2024年2月26日18时11分至18时12分，外环高速武威路南（内）路段出现严重交通拥堵，现场多车道车辆行驶缓慢，车流密集且持续无明显缓解趋势，主要涉及各类小客车、货车及厢式运输车等，车辆在多个车道内排成长队，部分车辆在应急车道或分流区域停滞，导致通行效率显著下降，影响范围覆盖多个车道，持续时间超过一分钟，符合拥堵判断标准，表现为多车缓行、排队长度异常的典型拥堵事件。
1129,5982,拥堵_20240311170546_突发事件_35401625.mp4,拥堵,多车事故,2024年6月17日11时05分至11时06分，在外环高速曹安路北枪机2处，发生了一起多车事故。涉事车辆包括一辆红色货车、一辆白色轿车和一辆黑色SUV，它们在行驶过程中发生了碰撞，导致车辆位置异常，其中红色货车斜停在车道上，白色轿车和黑色SUV则紧随其后。事故现场可见车辆有明显的碰撞痕迹，且有人员下车交涉，其他车辆被迫紧急避让或停滞，交通秩序受到严重影响，后续车辆出现缓慢移动的情况，形成了短暂的拥堵现象。此事件的异常特征在于多辆车同时发生碰撞，且事故地点位于高速公路上，增加了救援和疏导的难度。
1130,5983,异常停车_20240529180217_突发事件_35651431.mp4,拥堵,异常停车,2024年5月29日18时03分至18时04分，外环高速吴淞江桥南路段出现异常停车事件。一辆白色厢式货车在右侧车道内完全静止，未开启双闪灯，车辆明显处于非正常行驶状态。该车停靠位置位于行车道内，非停车区域，且周围无交通信号灯或标志允许临时停车。由于该车停放导致后方多辆汽车被迫减速绕行，形成局部拥堵，影响了正常交通流。此行为违反了高速公路禁止随意停车的规定，构成异常停车。
1138,5991,占道施工_20240615011240_运行安全_35705457.mp4,占道施工,拥堵,2024年6月15日01:12至01:13，在东侧元江路入口3处，发生了一起占道施工交通事件。视频中可以看到，车道被多个锥桶遮挡，施工车辆停在施工区域内，其警示灯闪烁，但未见明显施工人员操作设备。由于施工设施的遮挡，车道数量减少，导致过往车辆需要变道或减速行驶，对交通流产生了一定影响。异常特征包括施工区域设有锥桶和闪烁警示灯，但未见明显的施工人员穿戴反光背心或操作设备，这可能表明施工处于临时状态或尚未完全展开。整体来看，此次占道施工对道路通行效率产生了一定影响，但未造成严重的交通拥堵或事故。
1139,5992,异常停车_20240624062942_突发事件_35720712.mp4,异常停车,拥堵,2024年6月24日星期一早上7点29分至7点30分，外环高速吴中路路段出现交通拥堵事件。该路段为双向多车道高速公路，路面湿滑，天气阴雨。视频显示，右侧车道车辆行驶缓慢，车流密集，多辆货车与轿车排成长队，包括红色集装箱货车、白色厢式货车、蓝色货车及多辆私家车，其中部分车辆刹车灯持续亮起，表明车速极低或处于缓行状态。左侧车道虽有车辆正常通行，但整体车流量较大，存在轻微变道和跟车行为。拥堵区域位于画面中段，持续时间约一分钟，未见明显事故或障碍物导致阻塞，推测为早高峰时段车流集中所致。异常特征表现为车辆间距缩小、行驶速度显著降低，后方车辆被迫减速并频繁变道，整体通行效率下降，符合典型拥堵判断标准。
1140,5993,多车事故_20240612172420_突发事件_35699282.mp4,多车事故,二轮车辆闯入,2024年6月12日17时24分至17时25分，位于城市高架桥路段的右侧车道发生多车事故。涉事车辆包括一辆黑色轿车、一辆白色SUV及多辆前后行驶的车辆，其中黑色轿车停靠在最右侧车道边缘，车旁有两名人员站立，疑似驾驶员与乘客下车查看情况，另一名人员靠近车旁；白色SUV紧随其后，也已停靠在应急车道。事故导致该车道交通流受阻，后方车辆出现缓慢行驶和排队现象，影响了正常通行秩序。事故未见明显碰撞痕迹，但车辆位置异常且存在紧急避让行为，符合多车事故特征。现场无明显施工或抛洒物迹象，也未发现二轮车辆闯入行为。
1144,5997,异常停车_20240516034534_突发事件_35594548.mp4,异常停车,占道施工,2024年5月16日03:45至03:46期间，外环高速京沪立交（内）路段夜间出现占道施工交通事件。现场可见道路左侧车道被施工围挡封闭，施工区域设有警示牌和闪烁警示灯，施工人员身穿反光背心在作业区域内活动，现场有工程车辆停靠并开启警示灯。施工导致该侧车道通行能力下降，车辆需变道行驶，造成一定程度的交通流扰动。右侧车道车辆正常通行，但因左侧车道受限，部分车辆出现减速或变道行为，整体车流速度有所减缓。异常特征表现为施工设施明显遮挡车道、施工人员在场操作以及警示标志设置完善。
1146,5999,异常停车_20240526150047_突发事件_35639238.mp4,异常停车,多车事故,2024年5月25日15时00分42秒至15时01分40秒，外环高速丰翔路南段监控画面显示，一辆绿色货车在道路右侧应急车道内长时间静止不动，车辆开启双闪灯，且无明显故障迹象或驾驶员在车旁处理情况。该车停靠位置位于前方500米紧急停车带指示牌附近，该区域为高速公路应急停车带，禁止非紧急情况占用。该行为符合异常停车特征，存在安全隐患，可能引发后续追尾或交通事故。
1149,6002,拥堵_20240313203004_突发事件_35408011.mp4,拥堵,异常停车,2024年3月13日20时30分57秒，在嘉闵西侧定焦04监控点位的隧道内，一辆白色轿车在最右侧车道完全静止，驾驶员下车后在车旁停留并多次开关车门，车辆长时间保持开启双闪灯状态，导致后方车辆被迫减速绕行，影响正常通行秩序，该行为符合异常停车特征。
1152,6005,占道施工_20230804020234_运行安全_34423395.mp4,占道施工,拥堵,2023年8月4日星期五凌晨2点02分至2点03分，G2进外环外圈匝道03路段出现占道施工交通事件。现场可见道路右侧车道被一排橙白相间的交通锥桶封闭，形成临时隔离带，部分车道被占用，车辆需绕行或减速通过。施工区域未见明显施工人员或设备，但车道数量减少导致车流缓慢通行，车辆在接近施工区时出现排队现象，车距缩短，灯光反射明显。该区域为夜间照明良好路段，路面湿滑，可能因天气原因导致施工区域存在安全隐患。整体交通流受影响，存在潜在拥堵风险。
1153,6006,多车事故_20240518114604_突发事件_35604270.mp4,多车事故,拥堵,2024年5月18日星期六11时45分至11时46分，位于城市高架道路主干道上，多车道出现持续性交通拥堵。涉事车辆包括大量轿车、SUV及部分货车，均在车道内缓慢行驶或停滞，车流密度显著增加，部分车辆间距离极小，形成较长的排队现象。拥堵主要集中在高架桥中部及右侧匝道区域，车辆通行速度明显下降，后方车辆被迫减速或停顿，未见明显事故或障碍物导致的突发阻塞，但整体车流呈现缓慢蠕动状态，符合典型高峰时段或瓶颈路段的拥堵特征。该事件对通行效率造成较大影响，导致后方车辆积压，影响正常交通秩序。
1155,6008,异常停车_20240518083621_突发事件_35603509.mp4,异常停车,抛洒物,2024年5月18日08:36至08:37期间，外环高速莘庄立交东（外）路段出现抛洒物交通事件。在视频画面中，一条白色长条状物体（疑似货物包装或布料）位于道路中间车道，位置相对固定，未见明显移动。该抛洒物出现在车流密集区域，车辆行驶速度较慢，部分车辆在经过该区域时出现轻微避让或减速行为，但未发生碰撞或紧急刹车。该抛洒物对通行造成一定影响，尤其在高峰时段易引发安全隐患，且未见有人员下车处理或清理。异常特征表现为：异物尺寸较大、持续存在于行车道中、无警示标志提示，构成潜在交通事故风险。
1166,6019,占道施工_20231213005823_运行安全_35218223.mp4,抛洒物,占道施工,2023年12月13日00:58至00:59期间，外环高速顾戴路北（内）路段夜间出现占道施工交通事件。现场可见多辆工程车辆停靠在道路右侧车道，包括一辆黄色工程车和一辆蓝色警用车辆，周围设置有多个红白相间的交通锥桶，形成临时隔离带，占用部分行车道。施工区域有身穿反光背心的工作人员在路边作业，部分锥桶被移动并重新摆放，表明正在进行道路维护或施工。车辆在经过该区域时需减速并变道绕行，车流速度明显减缓，但未出现拥堵或事故。整体交通秩序受施工影响但保持通行，符合占道施工的典型特征，包括施工设施、人员及车道缩减等。
1169,6022,多车事故_20240624164123_突发事件_35722317.mp4,多车事故,拥堵,2024年3月24日18时41分至18时42分，嘉闵西侧定焦09监控点位显示，隧道内双向车道出现持续性交通拥堵。现场多辆小客车、货车及一辆黄色校车在车道内缓慢行驶或完全停止，车流密集且通行速度明显下降，部分车辆刹车灯持续亮起，表明驾驶员处于减速或停车状态。右侧车道车流相对顺畅，但整体车流密度高，导致车辆间距缩小，形成排队缓行现象。拥堵区域位于隧道内中段，未见明显事故或施工迹象，也无异常停车或抛洒物情况，推测为高峰时段车流量过大所致，属于典型拥堵事件，影响了该路段的通行效率。
1175,6028,异常停车_20240624123038_突发事件_35721820.mp4,异常停车,拥堵,2024年6月24日12时34分，外环高速沪太立交东2枪机监控画面显示，双向车道车流正常行驶，一辆红色货车停靠在最右侧应急车道内，车辆开启双闪灯，未见驾驶员。
1178,6031,拥堵_20240307140538_突发事件_35393646.mp4,拥堵,占道施工,2024年3月7日14时05分至14时06分，G60市区方向至S20外环高速路段发生占道施工交通事件。现场可见道路左侧车道被多个黄色交通锥桶封闭，形成临时隔离带，部分车道被占用，导致车辆需绕行或减速通过。施工区域未见明显施工人员或工程车辆作业，但存在明显的车道缩减和引导标志，表明正在进行道路施工或维护作业。该施工导致车流缓慢通行，车辆行驶速度降低，影响了正常交通秩序，属于典型的占道施工异常情况。
1181,6034,异常停车_20240625093030_突发事件_35723311.mp4,异常停车,多车事故,2024年6月25日09时30分23秒至09时31分21秒，外环高速曹安路北枪机2监控画面显示，在高速公路右侧车道上发生一起多车事故。事故发生在道路右侧靠近中央护栏处，涉事车辆包括一辆白色面包车和一辆白色轿车，两车发生追尾，导致车辆斜停于车道内。事故发生后，后方车辆紧急避让或减速，造成该路段交通流短暂拥堵。事故现场未见明显人员下车交涉或交警到场，但事故车辆closed for traffic，其异常特征为车辆类型不符、位置异常及刹车灯持续亮起，符合多车事故判断标准。
1182,6035,异常停车_20240516184200_突发事件_35598210.mp4,异常停车,拥堵,2024年5月16日18时41分至18时42分，外环高速漕宝入口匝道（内）路段出现严重交通拥堵，该区域为多车道高速公路，车流密集且持续缓慢移动。涉事车辆包括大量轿车、货车及厢式运输车，其中红色集装箱货车、白色厢式货车和蓝色篷布覆盖的货车等在画面中较为显眼。车辆在多个车道内缓慢行驶，部分车辆刹车灯亮起，显示车速极低，整体通行效率显著下降。拥堵主要集中在靠近入口匝道处，车辆排队长度较长，且无明显事故或施工迹象，推测为高峰时段车流量过大所致。由于车流密集，后方车辆被迫减速并保持安全距离，影响了整体道路通行能力。异常特征表现为长时间、大范围的车辆缓行状态，符合拥堵判断标准。
1185,6038,占道施工_20240413010300_运行安全_35487719.mp4,占道施工,拥堵,2024年4月13日01:02至01:53，在外环高速顾戴路段，发生了一起占道施工交通事件。现场有多名施工人员穿着反光背心在车道内进行作业，旁边停放着一辆工程车辆，周围放置了多个交通锥桶以隔离施工区域。涉事车辆包括工程车和施工车辆，它们缓慢移动或静止于车道中，导致该区域的车道数量减少，其他车辆被迫减速或变道绕行，影响了道路的正常通行秩序。异常特征包括施工人员在夜间进行道路作业，且施工区域设有明显的警示标志和照明设备，确保了施工安全。整体来看，此次占道施工对夜间高速公路的交通流量造成了一定影响，但未引发严重的交通拥堵或事故。
1186,6039,抛洒物_20240310083721_运行安全_35398334.mp4,异常停车,抛洒物,2024年6月10日00:37:25至00:38:23期间，外环高速曹安路北方向路段出现抛洒物交通事件。在视频画面中，右侧车道靠近中央隔离带处可见一白色异物遗落在路面，疑似为货车运输过程中掉落的货物或杂物。该异物位于行车道上，尺寸较大，足以影响车辆正常通行。多辆过往车辆在接近该区域时出现明显减速、避让行为，其中一辆白色轿车在发现异物后紧急向右变道绕行，导致后方车辆随之减速。未见涉事车辆停靠或人员下车处理，也无施工或事故迹象。该抛洒物未被及时清理，持续存在约一分钟以上，对道路安全构成潜在威胁，符合抛洒物判断标准中的“车道上有足够尺寸的异物”、“可见车辆急刹或绕行行为”及“异物可能来自货车货箱或事故残留”。
1189,6042,占道施工_20240111010900_运行安全_35309217.mp4,异常停车,占道施工,2024年1月11日01:08:55至01:09:57，在外环高速莘庄立交北枪机1处，发生了一起占道施工交通事件。现场可见多辆工程车辆和施工人员，其中包含一辆黄色工程车和一辆带有警示灯的作业车，车道被多个锥桶遮挡，导致车道数量减少，车辆需变道或减速通行。施工区域设有明显的警示牌和闪烁警示灯，对过往车辆的正常行驶造成一定影响，车辆被迫减速或绕行，但整体交通秩序仍在可控范围内。此事件符合占道施工的判断标准，包括车道被施工设施遮挡、可见施工人员操作设备以及车辆需变道或减速等特征。
1190,6043,拥堵_20230920095332_突发事件_34829870.mp4,异常停车,拥堵,2023年9月20日09时53分至09时54分，G60市区方向至S20外环线高架路段出现交通拥堵事件。该路段位于城市高架道路，两侧有绿化带和护栏，上方有指示牌显示“G60 至S20”及“G60市区方向至S20外环线”。视频显示，多辆机动车在该路段缓慢行驶或处于停滞状态，包括轿车、货车、厢式货车及大型运输车等，车辆间距明显缩小，车流密度较高，部分车辆在车道内频繁变道或减速，导致通行效率下降。涉事车辆包括红色集装箱货车、白色厢式货车、黑色SUV、白色面包车以及多辆小型轿车，均在正常行驶过程中受阻。由于车流密集且持续时间较长，未见明显事故或障碍物，但整体车速显著低于正常水平，形成持续性拥堵，影响了该路段的通行能力。异常特征表现为车辆排队长度较长，无突发性碰撞或障碍物，但存在因车流量过大引发的缓行现象，符合典型拥堵判断标准。
1195,6048,二轮车辆闯入_20230722224740_突发事件_33395055.mp4,二轮车辆闯入,异常停车,2023年7月22日23时47分至23时48分，外环高速顾戴路北（内）路段夜间监控画面显示，该路段车流密集，多辆货车与轿车在行车道上正常行驶，其中一辆白色货车在右侧车道中段位置突然减速并完全停止，车辆未开启双闪灯，驾驶员未下车，后方车辆被迫减速绕行。该车长时间静止于行车道，无任何允许停车的交通标志或信号灯，符合异常停车特征，对通行秩序造成一定影响。
1201,6054,异常停车_20240623173311_突发事件_35720363.mp4,异常停车,拥堵,2024年6月23日17时36分至17时37分，外环高速沪太立交东2枪机2监控画面显示，该路段双向车道车流量正常，车辆行驶平稳，无明显拥堵或事故迹象。
1210,6063,异常停车_20240510163351_突发事件_35578843.mp4,异常停车,多车事故,2024年5月10日16时13分至16时14分，外环高速丰翔路南段发生一起多车事故。事故发生在高速公路右侧车道，涉事车辆包括一辆白色轿车、一辆黑色轿车，其中白色轿车与前方车辆发生追尾，黑色轿车随后减速避让，导致白色轿车斜停于行车道内，影响其他车辆通行。事故发生后，白色轿车驾驶员下车查看情况，其他车辆紧急避让或减速，造成短时交通流受阻。事故未见明显抛洒物或人员伤亡，但事故车辆位置异常，影响正常行车安全，符合多车事故判断标准，且存在明显的碰撞痕迹和车辆位置异常特征。
1212,6065,占道施工_20230802230147_运行安全_33417700.mp4,占道施工,异常停车,2023年8月2日23时01分至23时02分，外环高速丰翔路-1 02路段夜间发生占道施工交通事件。现场可见一辆黄色工程车停靠在最右侧车道，车顶闪烁警示灯，车身周围设置多个橙白相间的交通锥桶，形成临时隔离区域。一名身穿反光背心的工作人员在车辆附近活动，进行作业或指挥交通。该施工区域占用了一条行车道，导致后方车辆需减速绕行，通行速度明显降低，部分车辆在通过时出现变道行为。整体交通流受影响，存在轻微拥堵风险。异常特征包括：施工设施、警示标志、工作人员及车辆均处于正常作业状态，未见其他事故或异常停车情况，但施工区域已对正常交通造成干扰。
